model,seed,arm,phase,evaluation_set,family,depth,score_key,method,target_control,tasks,rows,mrr,correct_mass,hit@1,hit@8,hit@16,hit@32,hit@64,hit@100,hit@125,iid_pass@1,iid_pass@8,iid_pass@16,iid_pass@32,iid_pass@64,iid_pass@100,iid_pass@125
Qwen/Qwen3-8B,0,atomic_control,,dev_A,A,3,score,raw,own_target,200,200,0.14407263719231117,0.05554162336765672,0.08,0.21,0.34,0.5,0.745,0.925,1.0,0.05554162336765672,0.12705119478474733,0.14550724608746346,0.16379957635749598,0.18632365172952647,0.2040669245701777,0.21382213964442365
Qwen/Qwen3-8B,0,atomic_control,,dev_A,A,3,score,unigram,own_target,200,200,0.10509933985572402,0.02877353760511105,0.04,0.175,0.35,0.63,0.795,0.885,1.0,0.02877353760511105,0.0996810353285065,0.1277348111501511,0.15765756172679907,0.19208243307785824,0.2177538370044992,0.2315973038757395
Qwen/Qwen3-8B,0,atomic_control,,dev_A,A,3,score,unigram,minus_bias_only,200,200,0.051084403079092656,0.015237529114352031,0.02,0.07,0.13,0.225,0.455,0.715,1.0,0.015237529114352031,0.030246407587319862,0.03761517621207491,0.04806019594581068,0.06200340939951209,0.07297029869664629,0.07891015633736616
Qwen/Qwen3-8B,0,atomic_control,,dev_A,A,3,score,unigram,shuffled_program_bias,200,200,0.1402308963286882,0.07077789374487276,0.08,0.215,0.29,0.49,0.75,0.915,1.0,0.07077789374487276,0.10293279948849303,0.1103007854580115,0.1178217810912283,0.12633371717721587,0.1326239341973266,0.13609786415005337
Qwen/Qwen3-8B,0,atomic_control,,dev_A,A,3,score,positional,own_target,200,200,0.12379578972080223,0.03843480574359777,0.035,0.26,0.43,0.625,0.845,0.94,1.0,0.03843480574359777,0.14553866669015197,0.2032533315569598,0.2680355781297672,0.33641291253291705,0.3814222978967798,0.4039124503974
Qwen/Qwen3-8B,0,atomic_control,,dev_A,A,3,score,positional,minus_bias_only,200,200,0.04790441801165233,0.009879533205677266,0.02,0.035,0.125,0.29,0.51,0.86,1.0,0.009879533205677266,0.030245859943722947,0.03795964287133879,0.0492132553575267,0.06593417696624398,0.08015085481103895,0.08832455173989097
Qwen/Qwen3-8B,0,atomic_control,,dev_A,A,3,score,positional,shuffled_program_bias,200,200,0.11231277925729431,0.041205624294355044,0.035,0.195,0.27,0.55,0.765,0.91,1.0,0.041205624294355044,0.09135202795780695,0.11188909963826969,0.1296559778600709,0.14343498151747938,0.1506599816930931,0.1540600166003804
Qwen/Qwen3-8B,0,atomic_control,,dev_A,A,3,score,bigram,own_target,200,200,0.11389078144395626,0.030566278671463724,0.02,0.245,0.4,0.6,0.8,0.945,1.0,0.030566278671463724,0.13461915389331783,0.19202916118826863,0.25411334148154485,0.31762104506160244,0.35799197638664365,0.3778125126184483
Qwen/Qwen3-8B,0,atomic_control,,dev_A,A,3,score,bigram,minus_bias_only,200,200,0.031302288442979706,0.004048404345922573,0.0,0.04,0.11,0.28,0.51,0.78,1.0,0.004048404345922573,0.025109208637412044,0.040264116352260085,0.05979972002113151,0.08556469316305632,0.10599115020847309,0.11697980626995054
Qwen/Qwen3-8B,0,atomic_control,,dev_A,A,3,score,bigram,shuffled_program_bias,200,200,0.11168709258838469,0.03940049698979841,0.035,0.185,0.275,0.515,0.775,0.91,1.0,0.03940049698979841,0.08480079346500176,0.10798348606586369,0.1320000217520275,0.1523149845041241,0.1625779283862885,0.16689631579241598
Qwen/Qwen3-8B,0,atomic_control,,dev_A,A,3,score,positional_bigram,own_target,200,200,0.11389078144395626,0.030566278671463786,0.02,0.245,0.4,0.6,0.8,0.945,1.0,0.030566278671463786,0.134619153893318,0.19202916118826885,0.2541133414815451,0.3176210450616026,0.3579919763866438,0.37781251261844856
Qwen/Qwen3-8B,0,atomic_control,,dev_A,A,3,score,positional_bigram,minus_bias_only,200,200,0.031302288442979706,0.00404840434592253,0.0,0.04,0.11,0.28,0.51,0.78,1.0,0.00404840434592253,0.025109208637411923,0.04026411635226003,0.0597997200211316,0.08556469316305647,0.10599115020847324,0.11697980626995072
Qwen/Qwen3-8B,0,atomic_control,,dev_A,A,3,score,positional_bigram,shuffled_program_bias,200,200,0.11168709258838469,0.039400496989798334,0.035,0.185,0.275,0.515,0.775,0.91,1.0,0.039400496989798334,0.08480079346500136,0.10798348606586324,0.13200002175202707,0.15231498450412378,0.16257792838628832,0.16689631579241584
Qwen/Qwen3-8B,0,atomic_control,,dev_A,A,3,score,full,own_target,200,200,0.10205511819167,0.02734899760199995,0.03,0.22,0.39,0.57,0.82,0.945,1.0,0.02734899760199995,0.13388707313186715,0.2061474701191186,0.294391212145831,0.3846524915897062,0.43808350683736735,0.4631822392643618
Qwen/Qwen3-8B,0,atomic_control,,dev_A,A,3,score,full,minus_bias_only,200,200,0.03942172305972328,0.0049944931228478266,0.0,0.09,0.115,0.28,0.555,0.835,1.0,0.0049944931228478266,0.03355812140689807,0.056424554723500824,0.08524785165264143,0.11606315038501194,0.13707953752171195,0.1483996066686129
Qwen/Qwen3-8B,0,atomic_control,,dev_A,A,3,score,full,shuffled_program_bias,200,200,0.09966341240272021,0.02614780370259202,0.03,0.2,0.28,0.54,0.78,0.915,1.0,0.02614780370259202,0.05853144820533013,0.0734866191184338,0.09363163168220616,0.11891913971859294,0.13621186706129151,0.14463683446016862
Qwen/Qwen3-8B,0,atomic_control,,dev_A,A,3,score,train_frequency,task_blind,200,200,0.07518410567300605,0.023230476190476194,0.015,0.1275,0.312,0.65,0.8675,1.0,1.0,0.023230476190476194,0.16773864595650576,0.3004712403400752,0.49205271419594004,0.7069391248841798,0.8262803491206725,0.8749736050486825
Qwen/Qwen3-8B,0,atomic_control,,dev_A,A,3,score,train_antifrequency,task_blind,200,200,0.013813597036078255,0.0011901588505375442,0.0,0.0,0.0,0.0,0.30000000000000004,0.8242857142857142,1.0,0.0011901588505375442,0.009471090930378465,0.018828476031408647,0.03720838090782799,0.07267121904816198,0.11059722092639167,0.1357715385323209
Qwen/Qwen3-8B,0,atomic_control,,dev_A,A,3,score,train_unseen_first,task_blind,200,200,0.014007561805081305,0.00909131167900183,0.0,0.0,0.0,0.0,0.3644634479444606,0.8105423057954704,1.0,0.00909131167900183,0.06987116099389462,0.133622115254359,0.24515113930864682,0.41774930146932987,0.5550696537730985,0.6262384492399538
Qwen/Qwen3-8B,0,atomic_control,,dev_B,B,3,score,raw,own_target,200,200,0.018663855263927505,5.462086196030618e-05,0.0,0.0,0.005,0.165,0.465,0.755,1.0,5.462086196030618e-05,0.0004326670579506201,0.0008556757905775392,0.0016737753602576928,0.003205286903861423,0.004776760667140859,0.005783303654817655
Qwen/Qwen3-8B,0,atomic_control,,dev_B,B,3,score,unigram,own_target,200,200,0.06286765702971063,0.017591109554490857,0.01,0.15,0.195,0.265,0.45,0.69,1.0,0.017591109554490857,0.06240423736776763,0.08546780295796257,0.10922835931843433,0.13135206457267176,0.14463343621966251,0.15102618368870385
Qwen/Qwen3-8B,0,atomic_control,,dev_B,B,3,score,unigram,minus_bias_only,200,200,0.04890072022224029,0.00484499764402399,0.0,0.05,0.27,0.365,0.645,0.82,1.0,0.00484499764402399,0.03185748893100791,0.052616182326815523,0.07827924023516575,0.10829558819744908,0.13217370764624556,0.14565711939157905
Qwen/Qwen3-8B,0,atomic_control,,dev_B,B,3,score,unigram,shuffled_program_bias,200,200,0.036673105837359506,0.001771755536356624,0.0,0.085,0.12,0.14,0.395,0.705,1.0,0.001771755536356624,0.010429665083285765,0.015746522172636217,0.021081842409287125,0.02655976758068287,0.030658007591413794,0.032871940553579865
Qwen/Qwen3-8B,0,atomic_control,,dev_B,B,3,score,positional,own_target,200,200,0.057534465749150526,0.014719181142507524,0.02,0.1,0.14,0.25,0.425,0.685,1.0,0.014719181142507524,0.05588002281348541,0.07714143445365053,0.09981275841330056,0.12264634972907967,0.13795661496561748,0.14595209843803283
Qwen/Qwen3-8B,0,atomic_control,,dev_B,B,3,score,positional,minus_bias_only,200,200,0.05164624296765375,0.007049890402885644,0.0,0.125,0.25,0.41,0.585,0.88,1.0,0.007049890402885644,0.0476326842748227,0.08043981722124553,0.12220646726906625,0.16720332095772095,0.19676475142479466,0.2114139633983526
Qwen/Qwen3-8B,0,atomic_control,,dev_B,B,3,score,positional,shuffled_program_bias,200,200,0.03105277769235339,0.00021624418463984263,0.0,0.07,0.12,0.19,0.47,0.735,1.0,0.00021624418463984263,0.0016601643756128453,0.0031721384730066305,0.0058159303192431185,0.009937280313252734,0.013317035295541598,0.01515597389120283
Qwen/Qwen3-8B,0,atomic_control,,dev_B,B,3,score,bigram,own_target,200,200,0.06284914667645328,0.012967240003658302,0.005,0.105,0.21,0.335,0.53,0.81,1.0,0.012967240003658302,0.0680505473714882,0.10161134964340174,0.13993456620150557,0.18010126122744297,0.20522436537308286,0.21724076514307314
Qwen/Qwen3-8B,0,atomic_control,,dev_B,B,3,score,bigram,minus_bias_only,200,200,0.06684620813112713,0.015549563842865792,0.0,0.155,0.3,0.465,0.585,1.0,1.0,0.015549563842865792,0.0815875705201751,0.11996468108476478,0.16757387284742353,0.22762083674446668,0.2702486080778677,0.2909803596560064
Qwen/Qwen3-8B,0,atomic_control,,dev_B,B,3,score,bigram,shuffled_program_bias,200,200,0.028985062734984596,0.0001235451917803017,0.0,0.055,0.13,0.195,0.49,0.76,1.0,0.0001235451917803017,0.0009420846879779711,0.0017873302496740537,0.003237081992446112,0.005436212454020051,0.0072139397334907065,0.00819225841411602
Qwen/Qwen3-8B,0,atomic_control,,dev_B,B,3,score,positional_bigram,own_target,200,200,0.06284914667645328,0.012967240003658325,0.005,0.105,0.21,0.335,0.53,0.81,1.0,0.012967240003658325,0.06805054737148826,0.10161134964340167,0.1399345662015053,0.1801012612274425,0.2052243653730824,0.21724076514307264
Qwen/Qwen3-8B,0,atomic_control,,dev_B,B,3,score,positional_bigram,minus_bias_only,200,200,0.06684620813112713,0.015549563842865797,0.0,0.155,0.3,0.465,0.585,1.0,1.0,0.015549563842865797,0.08158757052017564,0.11996468108476574,0.16757387284742478,0.22762083674446784,0.2702486080778687,0.2909803596560072
Qwen/Qwen3-8B,0,atomic_control,,dev_B,B,3,score,positional_bigram,shuffled_program_bias,200,200,0.028985062734984596,0.00012354519178030293,0.0,0.055,0.13,0.195,0.49,0.76,1.0,0.00012354519178030293,0.0009420846879779786,0.0017873302496740646,0.0032370819924461202,0.005436212454020035,0.007213939733490651,0.008192258414115939
Qwen/Qwen3-8B,0,atomic_control,,dev_B,B,3,score,full,own_target,200,200,0.07229418026097134,0.018388972333217294,0.02,0.16,0.2,0.34,0.545,0.835,1.0,0.01838897233321729,0.09215543294463767,0.1384512634526138,0.1902633460102986,0.23877882355399144,0.26770899020869476,0.28208413460801723
Qwen/Qwen3-8B,0,atomic_control,,dev_B,B,3,score,full,minus_bias_only,200,200,0.041945828771276034,0.004769147117897383,0.0,0.045,0.3,0.52,0.66,0.92,1.0,0.004769147117897383,0.03629527154823185,0.06868020487075208,0.12360250647121744,0.20411527426050824,0.26436534932154293,0.29447672706728695
Qwen/Qwen3-8B,0,atomic_control,,dev_B,B,3,score,full,shuffled_program_bias,200,200,0.026169045607106044,8.950248041002508e-06,0.0,0.035,0.12,0.16,0.46,0.77,1.0,8.950248041002508e-06,7.15116325847129e-05,0.00014281731534506527,0.00028481445181059923,0.0005663768986619542,0.0008793180522845949,0.0010943008066311415
Qwen/Qwen3-8B,0,atomic_control,,dev_B,B,3,score,train_frequency,task_blind,200,200,0.009924886738241658,0.00038095238095238107,0.0,0.0,0.0,0.0,0.0,0.4565217391304347,1.0,0.00038095238095238107,0.003043558650075675,0.0060778540508949,0.012118767791925823,0.02409067105105702,0.03738572844563032,0.046511695822809625
Qwen/Qwen3-8B,0,atomic_control,,dev_B,B,3,score,train_antifrequency,task_blind,200,200,0.09601494013013269,0.02062461850020644,0.021739130434782594,0.17391304347826084,0.3478260869565217,0.6956521739130433,1.0,1.0,1.0,0.02062461850020644,0.15356529081616016,0.2835482830888684,0.4866969373350916,0.7365199658588253,0.8755719490071155,0.9260994155389659
Qwen/Qwen3-8B,0,atomic_control,,dev_B,B,3,score,train_unseen_first,task_blind,200,200,0.09601494013013269,0.013322235759508442,0.021739130434782594,0.17391304347826084,0.3478260869565217,0.6956521739130433,1.0,1.0,1.0,0.013322235759508442,0.1017386189623677,0.19312649133636564,0.348955141016836,0.5761405915915921,0.738462417123654,0.812967261787282
Qwen/Qwen3-8B,0,atomic_control,,dev_C,C,3,score,raw,own_target,200,200,0.0808158397091072,0.02621154242944915,0.035,0.12,0.225,0.4,0.7,0.865,1.0,0.02621154242944915,0.05603488071472482,0.06453374362366125,0.07660485702954473,0.09365833969631421,0.10713049481586967,0.11442435822387143
Qwen/Qwen3-8B,0,atomic_control,,dev_C,C,3,score,unigram,own_target,200,200,0.07346852875904887,0.019721223604009686,0.015,0.13,0.255,0.52,0.775,0.895,1.0,0.019721223604009686,0.0661663364390674,0.08733603822788165,0.11079520505472586,0.1384812241365392,0.15812440656956192,0.16813422988762117
Qwen/Qwen3-8B,0,atomic_control,,dev_C,C,3,score,unigram,minus_bias_only,200,200,0.05258710220444631,0.01267684845832725,0.015,0.075,0.14,0.275,0.53,0.815,1.0,0.01267684845832725,0.029964801537371227,0.03992527844182047,0.05239783923949819,0.06663316691142761,0.07748918037590175,0.08361184216406364
Qwen/Qwen3-8B,0,atomic_control,,dev_C,C,3,score,unigram,shuffled_program_bias,200,200,0.07550097926395637,0.0275497372223948,0.03,0.125,0.19,0.415,0.72,0.87,1.0,0.0275497372223948,0.03596769921285344,0.03728937605412093,0.03942171490451531,0.04322299262594596,0.04689465628531012,0.049131694358054576
Qwen/Qwen3-8B,0,atomic_control,,dev_C,C,3,score,positional,own_target,200,200,0.08461338806161547,0.01978843236461953,0.02,0.165,0.295,0.52,0.76,0.915,1.0,0.01978843236461953,0.09048309406927185,0.12917403176940428,0.1802686037338172,0.2434937291931409,0.28693967911913204,0.30884390742149476
Qwen/Qwen3-8B,0,atomic_control,,dev_C,C,3,score,positional,minus_bias_only,200,200,0.04795258851430589,0.009673621265718538,0.015,0.05,0.115,0.285,0.58,0.875,1.0,0.009673621265718538,0.03464670231128877,0.04636535572295397,0.060893724318261545,0.07928483570158035,0.09367580600994894,0.10173875737934042
Qwen/Qwen3-8B,0,atomic_control,,dev_C,C,3,score,positional,shuffled_program_bias,200,200,0.052992597822091286,0.0031465357512784364,0.0,0.105,0.18,0.395,0.72,0.915,1.0,0.0031465357512784364,0.018790749831138202,0.029013841392973198,0.04011899719380155,0.051001005083601954,0.057996498568011215,0.061506585690302415
Qwen/Qwen3-8B,0,atomic_control,,dev_C,C,3,score,bigram,own_target,200,200,0.08000282042672978,0.020216934671546144,0.02,0.155,0.25,0.465,0.715,0.925,1.0,0.020216934671546144,0.08226384808028847,0.11881310986963277,0.16469308527931947,0.22031132724735156,0.2606696778122807,0.2818702624838071
Qwen/Qwen3-8B,0,atomic_control,,dev_C,C,3,score,bigram,minus_bias_only,200,200,0.03072217331929985,0.00406184493059558,0.0,0.04,0.1,0.3,0.58,0.83,1.0,0.00406184493059558,0.02501281549363749,0.039594849728782,0.057182658878569256,0.0787576398354435,0.09569226386923643,0.10497791022149176
Qwen/Qwen3-8B,0,atomic_control,,dev_C,C,3,score,bigram,shuffled_program_bias,200,200,0.052222514706781256,0.0026497505439357417,0.0,0.1,0.19,0.405,0.725,0.895,1.0,0.0026497505439357417,0.01745969456096984,0.028839499087205976,0.04238869761354313,0.055125024284018845,0.06192205961227886,0.0648314563043489
Qwen/Qwen3-8B,0,atomic_control,,dev_C,C,3,score,positional_bigram,own_target,200,200,0.08000282042672978,0.02021693467154615,0.02,0.155,0.25,0.465,0.715,0.925,1.0,0.02021693467154615,0.08226384808028842,0.11881310986963277,0.16469308527931947,0.22031132724735145,0.26066967781228045,0.2818702624838069
Qwen/Qwen3-8B,0,atomic_control,,dev_C,C,3,score,positional_bigram,minus_bias_only,200,200,0.03072217331929985,0.004061844930595509,0.0,0.04,0.1,0.3,0.58,0.83,1.0,0.004061844930595509,0.025012815493637257,0.039594849728781856,0.05718265887856926,0.07875763983544362,0.0956922638692366,0.10497791022149197
Qwen/Qwen3-8B,0,atomic_control,,dev_C,C,3,score,positional_bigram,shuffled_program_bias,200,200,0.052222514706781256,0.0026497505439357326,0.0,0.1,0.19,0.405,0.725,0.895,1.0,0.0026497505439357326,0.017459694560969803,0.028839499087205938,0.042388697613543115,0.05512502428401886,0.06192205961227888,0.06483145630434894
Qwen/Qwen3-8B,0,atomic_control,,dev_C,C,3,score,full,own_target,200,200,0.07816402170193451,0.019170927072151067,0.015,0.14,0.255,0.46,0.71,0.91,1.0,0.019170927072151067,0.10465478177927759,0.16039584508344795,0.229941284192594,0.3100065780702498,0.3645405559828887,0.3918303028599926
Qwen/Qwen3-8B,0,atomic_control,,dev_C,C,3,score,full,minus_bias_only,200,200,0.03773768822411846,0.004741458591347184,0.0,0.075,0.1,0.295,0.585,0.86,1.0,0.004741458591347184,0.03169544420032313,0.05306973782147246,0.07995081826091718,0.10967518076992888,0.1312160961393634,0.14316873919242246
Qwen/Qwen3-8B,0,atomic_control,,dev_C,C,3,score,full,shuffled_program_bias,200,200,0.05179430363196019,0.002794849037867982,0.0,0.1,0.19,0.405,0.735,0.905,1.0,0.002794849037867982,0.013593169737454296,0.01922397892190254,0.026127511668838997,0.035269450659324804,0.042448623476888464,0.04635127143361702
Qwen/Qwen3-8B,0,atomic_control,,dev_C,C,3,score,train_frequency,task_blind,200,200,0.07661139764621193,0.022584761904761903,0.015,0.1475,0.273,0.605,0.87125,1.0,1.0,0.022584761904761903,0.1632201000493237,0.2928084959791996,0.48125881257170655,0.6964288627361668,0.8187367236456996,0.8692977157523072
Qwen/Qwen3-8B,0,atomic_control,,dev_C,C,3,score,train_antifrequency,task_blind,200,200,0.014179615320010273,0.0011873236021688425,0.0,0.0,0.0,0.0,0.3766666666666667,0.8457142857142855,1.0,0.0011873236021688425,0.009447212271611634,0.018778073417212424,0.03709755052038183,0.07241363541682257,0.11014106533919668,0.13516137344557785
Qwen/Qwen3-8B,0,atomic_control,,dev_C,C,3,score,train_unseen_first,task_blind,200,200,0.0139427801280884,0.008944282379610966,0.0,0.0,0.0,0.0,0.358549947234824,0.8043575934481997,1.0,0.008944282379610966,0.06872441286090299,0.13140809649694923,0.24108764878545877,0.4111741170609642,0.5472500862783856,0.6182362794937434
Qwen/Qwen3-8B,0,atomic_control,,dev_D,D,3,score,raw,own_target,200,200,0.01978414636416215,0.00010196885227528062,0.0,0.0,0.015,0.2,0.46,0.77,1.0,0.00010196885227528062,0.0007967325597311834,0.001552136488281216,0.0029515667415409698,0.005379321698550527,0.007658592530096808,0.009031756284944101
Qwen/Qwen3-8B,0,atomic_control,,dev_D,D,3,score,unigram,own_target,200,200,0.06320699207125843,0.01586519514577204,0.015,0.125,0.17,0.255,0.43,0.725,1.0,0.01586519514577204,0.06436521650745328,0.08349939910838651,0.10204119953993579,0.12097371605468396,0.13236350582549256,0.13755374225946082
Qwen/Qwen3-8B,0,atomic_control,,dev_D,D,3,score,unigram,minus_bias_only,200,200,0.04303592343398325,0.0035611781799067726,0.0,0.035,0.225,0.365,0.635,0.79,1.0,0.0035611781799067726,0.02362833495282889,0.039422941765201835,0.059735499725039214,0.08482252385228303,0.10531865935804706,0.11698638985999027
Qwen/Qwen3-8B,0,atomic_control,,dev_D,D,3,score,unigram,shuffled_program_bias,200,200,0.03610306417540024,0.002138634432785482,0.0,0.075,0.125,0.16,0.405,0.745,1.0,0.002138634432785482,0.009337562731628812,0.013264607729503308,0.0186167640544334,0.02509307804113364,0.029595630550770923,0.032003684351318056
Qwen/Qwen3-8B,0,atomic_control,,dev_D,D,3,score,positional,own_target,200,200,0.06291581125738178,0.01598866773400162,0.025,0.105,0.14,0.24,0.44,0.745,1.0,0.01598866773400162,0.06551520146861506,0.08595533660734461,0.10567305592463082,0.12517805595872075,0.1383717511758479,0.14533969384089876
Qwen/Qwen3-8B,0,atomic_control,,dev_D,D,3,score,positional,minus_bias_only,200,200,0.050429284111498884,0.007355056617647919,0.0,0.13,0.22,0.375,0.535,0.88,1.0,0.007355056617647919,0.04875325598302235,0.08077110456301682,0.11910825345344493,0.15747158684283102,0.18200089111232345,0.19418995211137177
Qwen/Qwen3-8B,0,atomic_control,,dev_D,D,3,score,positional,shuffled_program_bias,200,200,0.03410323478555164,0.0014453952314432354,0.0,0.075,0.13,0.205,0.51,0.745,1.0,0.001445395231443235,0.0077549813495339836,0.010870626805355811,0.013523489808820613,0.016567386402056034,0.01928591822309783,0.020912682558889718
Qwen/Qwen3-8B,0,atomic_control,,dev_D,D,3,score,bigram,own_target,200,200,0.0729341746116611,0.016601501189975335,0.015,0.125,0.205,0.33,0.545,0.85,1.0,0.016601501189975335,0.0766026904753017,0.108655047676088,0.14331770374715905,0.1797361766988479,0.2054028925601451,0.21936371923316916
Qwen/Qwen3-8B,0,atomic_control,,dev_D,D,3,score,bigram,minus_bias_only,200,200,0.07068665602076198,0.017998000536453295,0.0,0.14,0.295,0.44,0.535,1.0,1.0,0.017998000536453295,0.08788670821837348,0.12261314665922399,0.16379597024076495,0.21784932480137134,0.25747439372939396,0.277050076686117
Qwen/Qwen3-8B,0,atomic_control,,dev_D,D,3,score,bigram,shuffled_program_bias,200,200,0.02991678557991718,0.00028248675421520405,0.0,0.065,0.125,0.225,0.495,0.735,1.0,0.00028248675421520405,0.002106506493499259,0.003902773332928858,0.006777390614952734,0.010663094609980885,0.0134597081175618,0.01491684908014192
Qwen/Qwen3-8B,0,atomic_control,,dev_D,D,3,score,positional_bigram,own_target,200,200,0.0729341746116611,0.01660150118997529,0.015,0.125,0.205,0.33,0.545,0.85,1.0,0.01660150118997529,0.07660269047530148,0.10865504767608762,0.14331770374715852,0.17973617669884734,0.20540289256014455,0.21936371923316855
Qwen/Qwen3-8B,0,atomic_control,,dev_D,D,3,score,positional_bigram,minus_bias_only,200,200,0.07068665602076198,0.0179980005364532,0.0,0.14,0.295,0.44,0.535,1.0,1.0,0.0179980005364532,0.08788670821837366,0.12261314665922458,0.1637959702407658,0.21784932480137215,0.2574743937293946,0.2770500766861175
Qwen/Qwen3-8B,0,atomic_control,,dev_D,D,3,score,positional_bigram,shuffled_program_bias,200,200,0.02991678557991718,0.00028248675421519304,0.0,0.065,0.125,0.225,0.495,0.735,1.0,0.00028248675421519304,0.0021065064934991853,0.003902773332928738,0.006777390614952573,0.01066309460998074,0.013459708117561708,0.014916849080141858
Qwen/Qwen3-8B,0,atomic_control,,dev_D,D,3,score,full,own_target,200,200,0.08552568250968527,0.021265074507097886,0.025,0.15,0.215,0.365,0.56,0.855,1.0,0.021265074507097886,0.10798354405574236,0.15536335674053134,0.20441681021612054,0.2563629182185437,0.2927398154388436,0.311567281186256
Qwen/Qwen3-8B,0,atomic_control,,dev_D,D,3,score,full,minus_bias_only,200,200,0.041043922447542534,0.004649854617195725,0.0,0.065,0.295,0.465,0.64,0.935,1.0,0.004649854617195725,0.0353131969446733,0.06666390708552218,0.11942020696418673,0.19548284318858092,0.25089036894216116,0.2778474788561977
Qwen/Qwen3-8B,0,atomic_control,,dev_D,D,3,score,full,shuffled_program_bias,200,200,0.027297524257549242,3.918124289799243e-05,0.0,0.045,0.12,0.2,0.48,0.73,1.0,3.918124289799243e-05,0.0003112708956541209,0.0006176248170477031,0.0012159808896251604,0.002357960548628406,0.0035614635197280075,0.004350475409091233
Qwen/Qwen3-8B,0,atomic_control,,dev_D,D,3,score,train_frequency,task_blind,200,200,0.009928731380612718,0.00038285714285714296,0.0,0.0,0.0,0.0,0.0,0.45778985507246367,1.0,0.00038285714285714296,0.0030587359011821046,0.00610807009760975,0.012178649986015855,0.024208266866993178,0.03756573591336095,0.046733520136476
Qwen/Qwen3-8B,0,atomic_control,,dev_D,D,3,score,train_antifrequency,task_blind,200,200,0.09629412926192338,0.020727741592707474,0.021847826086956505,0.17464734299516904,0.3489855072463767,0.696734299516908,1.0,1.0,1.0,0.020727741592707474,0.1542278953319737,0.2845821770612862,0.4879646202091368,0.7374999728884662,0.8761200363293937,0.9264430848377105
Qwen/Qwen3-8B,0,atomic_control,,dev_D,D,3,score,train_unseen_first,task_blind,200,200,0.09629412926192338,0.013388846938305984,0.021847826086956505,0.17464734299516904,0.3489855072463767,0.696734299516908,1.0,1.0,1.0,0.013388846938305984,0.10220143852151051,0.19391511682023427,0.35010339700845594,0.5773720255474154,0.739434274644957,0.8137314603659405
Qwen/Qwen3-8B,0,composition,,dev_A,A,3,score,raw,own_target,200,200,0.39368614035063815,0.1679176649806719,0.26,0.645,0.785,0.9,0.995,1.0,1.0,0.1679176649806719,0.4889786717956789,0.629270557820988,0.7616953722418607,0.8687894049274564,0.9175924440559085,0.935814427734828
Qwen/Qwen3-8B,0,composition,,dev_A,A,3,score,unigram,own_target,200,200,0.3257666894960345,0.15791154215532438,0.225,0.48,0.685,0.83,0.98,1.0,1.0,0.15791154215532438,0.4255260992133378,0.5500009707536089,0.6777345428617393,0.7894279177370911,0.845123643400241,0.8678697149325286
Qwen/Qwen3-8B,0,composition,,dev_A,A,3,score,unigram,minus_bias_only,200,200,0.02913947998833109,0.008372746044741784,0.0,0.03,0.08,0.175,0.405,0.73,1.0,0.008372746044741784,0.06276524853438109,0.11717454027366317,0.2071804550901434,0.3381409488687257,0.44007481386256786,0.49392545557143797
Qwen/Qwen3-8B,0,composition,,dev_A,A,3,score,unigram,shuffled_program_bias,200,200,0.29691615259441895,0.16223201000513657,0.19,0.515,0.63,0.79,0.995,1.0,1.0,0.16223201000513657,0.3953800071327055,0.49383033115907154,0.5951396965797192,0.6908901155208237,0.7498517799902347,0.77858394669396
Qwen/Qwen3-8B,0,composition,,dev_A,A,3,score,positional,own_target,200,200,0.35752084846292265,0.16415831668785913,0.255,0.54,0.685,0.885,0.975,0.995,1.0,0.16415831668785913,0.43006728442013736,0.5501200750537506,0.6710427836835432,0.7765938133979781,0.8325660281835681,0.8568684833335074
Qwen/Qwen3-8B,0,composition,,dev_A,A,3,score,positional,minus_bias_only,200,200,0.023772973272207763,0.005311718724984222,0.0,0.005,0.05,0.215,0.535,0.855,1.0,0.005311718724984222,0.04084418543470591,0.07820279837225098,0.1440483888859837,0.24864309923882444,0.3367792641787226,0.3856012459153205
Qwen/Qwen3-8B,0,composition,,dev_A,A,3,score,positional,shuffled_program_bias,200,200,0.28918652622927976,0.14566598409694237,0.19,0.44,0.58,0.78,0.99,1.0,1.0,0.14566598409694237,0.3599317425255575,0.45039642765786264,0.5499160070731771,0.6523353188690055,0.717671120565776,0.7491549387797646
Qwen/Qwen3-8B,0,composition,,dev_A,A,3,score,bigram,own_target,200,200,0.35123482025019426,0.14148723438051825,0.23,0.595,0.74,0.855,0.98,0.995,1.0,0.14148723438051825,0.4160253753759976,0.546648378537091,0.6776614166504495,0.7956405420560554,0.8585187775898154,0.8848646848423747
Qwen/Qwen3-8B,0,composition,,dev_A,A,3,score,bigram,minus_bias_only,200,200,0.01524113985472752,4.9495567545568545e-05,0.0,0.0,0.0,0.0,0.445,0.785,1.0,4.9495567545568545e-05,0.00039576794029967915,0.0007910870126149218,0.0015803817698532869,0.003153620158080677,0.004915038276596277,0.006133002192604802
Qwen/Qwen3-8B,0,composition,,dev_A,A,3,score,bigram,shuffled_program_bias,200,200,0.18322586297334773,0.07512639034690498,0.07,0.365,0.54,0.775,0.98,0.995,1.0,0.07512639034690498,0.1822825149401889,0.22996724627528423,0.2831478268880028,0.3422503645551791,0.3830598662569827,0.4041173851424793
Qwen/Qwen3-8B,0,composition,,dev_A,A,3,score,positional_bigram,own_target,200,200,0.35123482025019426,0.14148723438051847,0.23,0.595,0.74,0.855,0.98,0.995,1.0,0.14148723438051847,0.4160253753759979,0.5466483785370911,0.6776614166504494,0.7956405420560554,0.8585187775898152,0.8848646848423743
Qwen/Qwen3-8B,0,composition,,dev_A,A,3,score,positional_bigram,minus_bias_only,200,200,0.01524113985472752,4.9495567545568816e-05,0.0,0.0,0.0,0.0,0.445,0.785,1.0,4.9495567545568816e-05,0.0003957679402996812,0.0007910870126149261,0.0015803817698532953,0.0031536201580806937,0.004915038276596304,0.006133002192604835
Qwen/Qwen3-8B,0,composition,,dev_A,A,3,score,positional_bigram,shuffled_program_bias,200,200,0.18322586297334773,0.07512639034690503,0.07,0.365,0.54,0.775,0.98,0.995,1.0,0.07512639034690503,0.18228251494018913,0.22996724627528445,0.28314782688800294,0.3422503645551792,0.38305986625698274,0.4041173851424793
Qwen/Qwen3-8B,0,composition,,dev_A,A,3,score,full,own_target,200,200,0.3177197003494094,0.13537007102845178,0.185,0.54,0.69,0.86,0.96,0.995,1.0,0.13537007102845178,0.4104074871079489,0.5459694511196704,0.6807945066357093,0.8010272301445763,0.8652726062918091,0.8921034958916052
Qwen/Qwen3-8B,0,composition,,dev_A,A,3,score,full,minus_bias_only,200,200,0.01578256192929213,0.00011129863792452458,0.0,0.0,0.0,0.11,0.35,0.81,1.0,0.00011129863792452458,0.0008890022829188753,0.0017748445621993678,0.003537111965567176,0.007024413507542316,0.010889312288432422,0.013537636076418185
Qwen/Qwen3-8B,0,composition,,dev_A,A,3,score,full,shuffled_program_bias,200,200,0.19724860185258655,0.09535755761713872,0.09,0.345,0.5,0.75,0.975,0.995,1.0,0.09535755761713872,0.240029841391424,0.29393154074022637,0.34808734554311094,0.4054858005855682,0.44644944866018477,0.4682439092900874
Qwen/Qwen3-8B,0,composition,,dev_A,A,3,score,train_frequency,task_blind,200,200,0.07518410567300605,0.023230476190476194,0.015,0.1275,0.312,0.65,0.8675,1.0,1.0,0.023230476190476194,0.16773864595650576,0.3004712403400752,0.49205271419594004,0.7069391248841798,0.8262803491206725,0.8749736050486825
Qwen/Qwen3-8B,0,composition,,dev_A,A,3,score,train_antifrequency,task_blind,200,200,0.013813597036078255,0.0011901588505375442,0.0,0.0,0.0,0.0,0.30000000000000004,0.8242857142857142,1.0,0.0011901588505375442,0.009471090930378465,0.018828476031408647,0.03720838090782799,0.07267121904816198,0.11059722092639167,0.1357715385323209
Qwen/Qwen3-8B,0,composition,,dev_A,A,3,score,train_unseen_first,task_blind,200,200,0.014007561805081305,0.00909131167900183,0.0,0.0,0.0,0.0,0.3644634479444606,0.8105423057954704,1.0,0.00909131167900183,0.06987116099389462,0.133622115254359,0.24515113930864682,0.41774930146932987,0.5550696537730985,0.6262384492399538
Qwen/Qwen3-8B,0,composition,,dev_B,B,3,score,raw,own_target,200,200,0.017200250679318563,0.001720817677504668,0.0,0.005,0.025,0.055,0.315,0.815,1.0,0.001720817677504668,0.013489243925302447,0.02637517631619579,0.05051365386086836,0.09326844126030298,0.1344067096731365,0.15956855817764842
Qwen/Qwen3-8B,0,composition,,dev_B,B,3,score,unigram,own_target,200,200,0.01992368641269282,0.0014593356943983415,0.0,0.03,0.04,0.07,0.305,0.815,1.0,0.0014593356943983415,0.011343195777548647,0.021988885416377557,0.04151752396818097,0.07521846140312251,0.10725081819130348,0.12695634994483598
Qwen/Qwen3-8B,0,composition,,dev_B,B,3,score,unigram,minus_bias_only,200,200,0.028378169876416778,0.006707506114606208,0.0,0.04,0.06,0.315,0.65,0.84,1.0,0.006707506114606208,0.0509648255098257,0.09645956979749007,0.17454532588413513,0.2948098316067254,0.39398014705839984,0.44818395307583836
Qwen/Qwen3-8B,0,composition,,dev_B,B,3,score,unigram,shuffled_program_bias,200,200,0.01597043263807616,0.0008689633299386759,0.0,0.0,0.005,0.085,0.28,0.76,1.0,0.0008689633299386759,0.00684467630147897,0.013454566978697317,0.026027854189251017,0.048929383786163336,0.07175904165473114,0.08612354731739102
Qwen/Qwen3-8B,0,composition,,dev_B,B,3,score,positional,own_target,200,200,0.019554945105931625,0.0014983614710702793,0.0,0.015,0.04,0.065,0.36,0.88,1.0,0.0014983614710702793,0.011748480317285809,0.022980255615610012,0.04405665240156896,0.08158799681804395,0.11811010655103656,0.1407456539180722
Qwen/Qwen3-8B,0,composition,,dev_B,B,3,score,positional,minus_bias_only,200,200,0.040185254549445215,0.008016758926228084,0.0,0.1,0.255,0.395,0.485,0.905,1.0,0.008016758926228084,0.05964430154286268,0.1102942598690165,0.19110254786171102,0.2999921366349854,0.3769457356566745,0.41529421738537947
Qwen/Qwen3-8B,0,composition,,dev_B,B,3,score,positional,shuffled_program_bias,200,200,0.023565162518926153,0.002240675791656081,0.0,0.03,0.075,0.125,0.285,0.76,1.0,0.002240675791656081,0.016241495430190905,0.02941770828588657,0.049914768097805796,0.07852420564855517,0.10153787412503577,0.11458941794325557
Qwen/Qwen3-8B,0,composition,,dev_B,B,3,score,bigram,own_target,200,200,0.08618004912935903,0.017676577265760725,0.01,0.175,0.39,0.555,0.845,0.97,1.0,0.017676577265760725,0.12005706346160545,0.2095533018186455,0.34173373707203175,0.508089415592853,0.6187423775865244,0.6709952812783508
Qwen/Qwen3-8B,0,composition,,dev_B,B,3,score,bigram,minus_bias_only,200,200,0.06733515096579612,0.0012043130649058223,0.0,0.155,0.295,0.725,1.0,1.0,1.0,0.0012043130649058223,0.009494409469570702,0.01867709172154967,0.03615921471567337,0.06792197497430746,0.09924730242178365,0.11866472294945002
Qwen/Qwen3-8B,0,composition,,dev_B,B,3,score,bigram,shuffled_program_bias,200,200,0.05134303361991446,0.01772616314938313,0.015,0.055,0.08,0.165,0.39,0.76,1.0,0.01772616314938313,0.05249896019879381,0.0583176293329584,0.06290352167607072,0.06978629754326646,0.07642299300248419,0.08051313101406514
Qwen/Qwen3-8B,0,composition,,dev_B,B,3,score,positional_bigram,own_target,200,200,0.08618004912935903,0.017676577265760714,0.01,0.175,0.39,0.555,0.845,0.97,1.0,0.017676577265760714,0.12005706346160527,0.20955330181864512,0.34173373707203103,0.5080894155928521,0.6187423775865234,0.6709952812783502
Qwen/Qwen3-8B,0,composition,,dev_B,B,3,score,positional_bigram,minus_bias_only,200,200,0.06733515096579612,0.0012043130649058286,0.0,0.155,0.295,0.725,1.0,1.0,1.0,0.0012043130649058286,0.009494409469570753,0.018677091721549764,0.036159214715673536,0.06792197497430774,0.09924730242178398,0.1186647229494504
Qwen/Qwen3-8B,0,composition,,dev_B,B,3,score,positional_bigram,shuffled_program_bias,200,200,0.05134303361991446,0.0177261631493831,0.015,0.055,0.08,0.165,0.39,0.76,1.0,0.0177261631493831,0.052498960198793805,0.05831762933295841,0.06290352167607074,0.06978629754326651,0.07642299300248424,0.08051313101406521
Qwen/Qwen3-8B,0,composition,,dev_B,B,3,score,full,own_target,200,200,0.10276059525139164,0.021038903701779247,0.015,0.255,0.42,0.555,0.84,0.965,1.0,0.021038903701779247,0.14194420378914321,0.2426466062979928,0.38094853828221126,0.5431344854413684,0.6485618624775854,0.698873923475868
Qwen/Qwen3-8B,0,composition,,dev_B,B,3,score,full,minus_bias_only,200,200,0.051568835458849716,0.00175670419696764,0.0,0.08,0.22,0.61,1.0,1.0,1.0,0.00175670419696764,0.013808173671487137,0.02707334464679575,0.05208401879507447,0.09671075982822197,0.13971195098572387,0.16588102948474068
Qwen/Qwen3-8B,0,composition,,dev_B,B,3,score,full,shuffled_program_bias,200,200,0.06701022813561204,0.02021505625574451,0.045,0.055,0.08,0.165,0.425,0.77,1.0,0.02021505625574451,0.05408017522332151,0.06011494667410025,0.0668911113732407,0.0765638317330231,0.08479621043865643,0.08951406676013526
Qwen/Qwen3-8B,0,composition,,dev_B,B,3,score,train_frequency,task_blind,200,200,0.009924886738241658,0.00038095238095238107,0.0,0.0,0.0,0.0,0.0,0.4565217391304347,1.0,0.00038095238095238107,0.003043558650075675,0.0060778540508949,0.012118767791925823,0.02409067105105702,0.03738572844563032,0.046511695822809625
Qwen/Qwen3-8B,0,composition,,dev_B,B,3,score,train_antifrequency,task_blind,200,200,0.09601494013013269,0.02062461850020644,0.021739130434782594,0.17391304347826084,0.3478260869565217,0.6956521739130433,1.0,1.0,1.0,0.02062461850020644,0.15356529081616016,0.2835482830888684,0.4866969373350916,0.7365199658588253,0.8755719490071155,0.9260994155389659
Qwen/Qwen3-8B,0,composition,,dev_B,B,3,score,train_unseen_first,task_blind,200,200,0.09601494013013269,0.013322235759508442,0.021739130434782594,0.17391304347826084,0.3478260869565217,0.6956521739130433,1.0,1.0,1.0,0.013322235759508442,0.1017386189623677,0.19312649133636564,0.348955141016836,0.5761405915915921,0.738462417123654,0.812967261787282
Qwen/Qwen3-8B,0,composition,,dev_C,C,3,score,raw,own_target,200,200,0.3343783123096694,0.13203544891841315,0.215,0.545,0.745,0.87,0.96,1.0,1.0,0.13203544891841315,0.42405761155034827,0.5676395295893335,0.7139372657856302,0.8375439722360014,0.8936060523954626,0.9140172285933437
Qwen/Qwen3-8B,0,composition,,dev_C,C,3,score,unigram,own_target,200,200,0.2764208392075288,0.13115476515469082,0.175,0.405,0.64,0.83,0.96,0.985,1.0,0.13115476515469082,0.3759688228030786,0.49996644523728717,0.6375969759935355,0.7655246779719421,0.8314383630094685,0.8582950526822896
Qwen/Qwen3-8B,0,composition,,dev_C,C,3,score,unigram,minus_bias_only,200,200,0.029104216588724016,0.008872461740192286,0.0,0.04,0.075,0.165,0.47,0.745,1.0,0.008872461740192286,0.06586062350844153,0.1219077380054728,0.21321965301818174,0.34513821635163305,0.44855925513971057,0.5035822053172163
Qwen/Qwen3-8B,0,composition,,dev_C,C,3,score,unigram,shuffled_program_bias,200,200,0.250399772591953,0.12823648957770684,0.145,0.425,0.59,0.795,0.98,1.0,1.0,0.12823648957770684,0.3448070243025258,0.4409968046484788,0.5468752468336925,0.6563036243880078,0.7267002751556666,0.7608540138796598
Qwen/Qwen3-8B,0,composition,,dev_C,C,3,score,positional,own_target,200,200,0.30289808047959177,0.13354158350345127,0.2,0.46,0.67,0.84,0.975,0.98,1.0,0.13354158350345127,0.3784126411204479,0.5042297207761703,0.6389177184224607,0.7568215525418774,0.8171108157289018,0.842856703617696
Qwen/Qwen3-8B,0,composition,,dev_C,C,3,score,positional,minus_bias_only,200,200,0.0233936361740039,0.005411126151408683,0.0,0.0,0.04,0.22,0.56,0.835,1.0,0.005411126151408683,0.0413879803436391,0.07888294023235348,0.1444696759060463,0.24833661858005265,0.3363010004269462,0.38531437092205834
Qwen/Qwen3-8B,0,composition,,dev_C,C,3,score,positional,shuffled_program_bias,200,200,0.23607964451283245,0.11340860829192578,0.14,0.38,0.56,0.765,0.97,1.0,1.0,0.11340860829192578,0.3145044790242996,0.4035252981694829,0.5029391369881911,0.6113776893898107,0.6818935229058909,0.7158340830618434
Qwen/Qwen3-8B,0,composition,,dev_C,C,3,score,bigram,own_target,200,200,0.29721422251730706,0.10776294205006386,0.175,0.52,0.66,0.825,0.92,0.98,1.0,0.10776294205006386,0.35461697094321565,0.4824832532996686,0.6212696106745331,0.7528589659978961,0.8235397058756224,0.8529756682298426
Qwen/Qwen3-8B,0,composition,,dev_C,C,3,score,bigram,minus_bias_only,200,200,0.014737904801796256,4.353954927523027e-05,0.0,0.0,0.0,0.0,0.41,0.78,1.0,4.353954927523027e-05,0.00034815946169504945,0.0006959606075587685,0.0013904904240303506,0.0027752773921004303,0.004326394139079974,0.005399370063841232
Qwen/Qwen3-8B,0,composition,,dev_C,C,3,score,bigram,shuffled_program_bias,200,200,0.15808994238205465,0.043508195191539215,0.05,0.305,0.48,0.72,0.955,0.995,1.0,0.043508195191539215,0.14063092736908622,0.18617792068025793,0.23750179821567144,0.296641879122657,0.3384793753990054,0.3598523444227048
Qwen/Qwen3-8B,0,composition,,dev_C,C,3,score,positional_bigram,own_target,200,200,0.29721422251730706,0.10776294205006401,0.175,0.52,0.66,0.825,0.92,0.98,1.0,0.10776294205006401,0.3546169709432161,0.4824832532996689,0.6212696106745332,0.7528589659978959,0.8235397058756223,0.8529756682298426
Qwen/Qwen3-8B,0,composition,,dev_C,C,3,score,positional_bigram,minus_bias_only,200,200,0.014737904801796256,4.35395492752305e-05,0.0,0.0,0.0,0.0,0.41,0.78,1.0,4.35395492752305e-05,0.00034815946169505134,0.0006959606075587721,0.001390490424030358,0.0027752773921004455,0.004326394139079996,0.00539937006384126
Qwen/Qwen3-8B,0,composition,,dev_C,C,3,score,positional_bigram,shuffled_program_bias,200,200,0.15808994238205465,0.04350819519153923,0.05,0.305,0.48,0.72,0.955,0.995,1.0,0.04350819519153923,0.14063092736908625,0.1861779206802579,0.23750179821567144,0.2966418791226569,0.33847937539900536,0.35985234442270475
Qwen/Qwen3-8B,0,composition,,dev_C,C,3,score,full,own_target,200,200,0.26416959041921556,0.10984809242418972,0.135,0.47,0.635,0.8,0.925,0.975,1.0,0.10984809242418972,0.3478808282696149,0.47741526165449616,0.619858701478313,0.7538071184927206,0.8243983341915799,0.8535072686785958
Qwen/Qwen3-8B,0,composition,,dev_C,C,3,score,full,minus_bias_only,200,200,0.015008326552558692,9.339461206524019e-05,0.0,0.0,0.0,0.1,0.235,0.83,1.0,9.339461206524019e-05,0.0007461067767729753,0.0014898202885626505,0.0029701121572670458,0.00590246466207192,0.009157096833883877,0.011390177658575458
Qwen/Qwen3-8B,0,composition,,dev_C,C,3,score,full,shuffled_program_bias,200,200,0.1641865628880889,0.060346293962414616,0.05,0.305,0.475,0.69,0.96,0.995,1.0,0.060346293962414616,0.20250465456429365,0.25643887641029656,0.3084241803178224,0.3651448422265489,0.4056505532061347,0.42677635406603925
Qwen/Qwen3-8B,0,composition,,dev_C,C,3,score,train_frequency,task_blind,200,200,0.07661139764621193,0.022584761904761903,0.015,0.1475,0.273,0.605,0.87125,1.0,1.0,0.022584761904761903,0.1632201000493237,0.2928084959791996,0.48125881257170655,0.6964288627361668,0.8187367236456996,0.8692977157523072
Qwen/Qwen3-8B,0,composition,,dev_C,C,3,score,train_antifrequency,task_blind,200,200,0.014179615320010273,0.0011873236021688425,0.0,0.0,0.0,0.0,0.3766666666666667,0.8457142857142855,1.0,0.0011873236021688425,0.009447212271611634,0.018778073417212424,0.03709755052038183,0.07241363541682257,0.11014106533919668,0.13516137344557785
Qwen/Qwen3-8B,0,composition,,dev_C,C,3,score,train_unseen_first,task_blind,200,200,0.0139427801280884,0.008944282379610966,0.0,0.0,0.0,0.0,0.358549947234824,0.8043575934481997,1.0,0.008944282379610966,0.06872441286090299,0.13140809649694923,0.24108764878545877,0.4111741170609642,0.5472500862783856,0.6182362794937434
Qwen/Qwen3-8B,0,composition,,dev_D,D,3,score,raw,own_target,200,200,0.0167542859216562,0.0015772441506959867,0.0,0.01,0.02,0.065,0.305,0.775,1.0,0.0015772441506959867,0.01229047719619736,0.023893942225993694,0.045367694324132034,0.08298911457519406,0.11922707955394304,0.14159268284766444
Qwen/Qwen3-8B,0,composition,,dev_D,D,3,score,unigram,own_target,200,200,0.018893134041157444,0.0012344094829271483,0.0,0.015,0.025,0.065,0.3,0.79,1.0,0.001234409482927148,0.009582166700261959,0.018562276341860435,0.03507127390808692,0.06394824924341733,0.09214511095897034,0.10990742456519514
Qwen/Qwen3-8B,0,composition,,dev_D,D,3,score,unigram,minus_bias_only,200,200,0.02976884927028043,0.006984973894190877,0.0,0.04,0.085,0.315,0.665,0.845,1.0,0.006984973894190877,0.05299600578032705,0.10013307289484186,0.18057005350736963,0.3030133582641071,0.40248998689571425,0.45632279141255366
Qwen/Qwen3-8B,0,composition,,dev_D,D,3,score,unigram,shuffled_program_bias,200,200,0.015115861710550054,0.0006659443092094908,0.0,0.005,0.015,0.045,0.25,0.75,1.0,0.0006659443092094908,0.0052349458401884045,0.010269274042269717,0.01979965148621865,0.037066231767009857,0.05426998260353707,0.06514633175139467
Qwen/Qwen3-8B,0,composition,,dev_D,D,3,score,positional,own_target,200,200,0.018906151723284595,0.0013862932290866652,0.0,0.01,0.025,0.075,0.33,0.865,1.0,0.0013862932290866652,0.010824736364175549,0.021086877842990695,0.04016885989764061,0.07384122401687869,0.10660130824166902,0.127042515176096
Qwen/Qwen3-8B,0,composition,,dev_D,D,3,score,positional,minus_bias_only,200,200,0.04369999689100356,0.008835473429621927,0.0,0.115,0.285,0.39,0.49,0.88,1.0,0.008835473429621927,0.06526773017848195,0.11979063556312636,0.2048607026484352,0.3153334751670569,0.39051850410860595,0.4273087403192506
Qwen/Qwen3-8B,0,composition,,dev_D,D,3,score,positional,shuffled_program_bias,200,200,0.018837015476582657,0.0013470068694983828,0.0,0.02,0.04,0.075,0.19,0.725,1.0,0.0013470068694983828,0.009641405322287968,0.017307976410003086,0.02921989894946539,0.04669322569482371,0.06207511362853845,0.071333679541361
Qwen/Qwen3-8B,0,composition,,dev_D,D,3,score,bigram,own_target,200,200,0.06526802179094653,0.014106079644954955,0.0,0.115,0.31,0.51,0.86,0.985,1.0,0.014106079644954955,0.1018802347096575,0.1838296178117144,0.30902542488873586,0.4726763300843846,0.5867926544115667,0.6425396828406172
Qwen/Qwen3-8B,0,composition,,dev_D,D,3,score,bigram,minus_bias_only,200,200,0.06604742957565538,0.0012039388576953148,0.0,0.14,0.325,0.745,1.0,1.0,1.0,0.0012039388576953148,0.009500475302152249,0.018709105558115426,0.03629775297355245,0.068460466611748,0.10046872000167903,0.12046828739009449
Qwen/Qwen3-8B,0,composition,,dev_D,D,3,score,bigram,shuffled_program_bias,200,200,0.03776451202422356,0.009703195504599211,0.015,0.04,0.055,0.105,0.325,0.8,1.0,0.009703195504599211,0.024127911675700636,0.029746139215887094,0.03675758097116468,0.04560775099899199,0.052445497415098144,0.056149673527416406
Qwen/Qwen3-8B,0,composition,,dev_D,D,3,score,positional_bigram,own_target,200,200,0.06526802179094653,0.014106079644954923,0.0,0.115,0.31,0.51,0.86,0.985,1.0,0.014106079644954923,0.10188023470965725,0.18382961781171395,0.30902542488873525,0.4726763300843838,0.5867926544115659,0.6425396828406167
Qwen/Qwen3-8B,0,composition,,dev_D,D,3,score,positional_bigram,minus_bias_only,200,200,0.06604742957565538,0.0012039388576953198,0.0,0.14,0.325,0.745,1.0,1.0,1.0,0.0012039388576953198,0.009500475302152289,0.018709105558115505,0.03629775297355259,0.06846046661174823,0.10046872000167933,0.12046828739009482
Qwen/Qwen3-8B,0,composition,,dev_D,D,3,score,positional_bigram,shuffled_program_bias,200,200,0.03776451202422356,0.0097031955045992,0.015,0.04,0.055,0.105,0.325,0.8,1.0,0.0097031955045992,0.02412791167570063,0.0297461392158871,0.0367575809711647,0.04560775099899202,0.05244549741509818,0.05614967352741645
Qwen/Qwen3-8B,0,composition,,dev_D,D,3,score,full,own_target,200,200,0.10297209654104165,0.019366259900844215,0.03,0.215,0.375,0.54,0.88,0.99,1.0,0.019366259900844215,0.1318780608904962,0.22641576049753415,0.3574102840600545,0.5165654932883935,0.6253424844674057,0.6784820565297438
Qwen/Qwen3-8B,0,composition,,dev_D,D,3,score,full,minus_bias_only,200,200,0.0536210874093815,0.0018689067108449337,0.0,0.07,0.22,0.655,1.0,1.0,1.0,0.0018689067108449337,0.014697610044444344,0.028833433963522448,0.05552877090194947,0.10329875153532735,0.14948367306216664,0.17765357411100538
Qwen/Qwen3-8B,0,composition,,dev_D,D,3,score,full,shuffled_program_bias,200,200,0.036686672736326226,0.010737747055981597,0.015,0.03,0.055,0.115,0.365,0.795,1.0,0.010737747055981597,0.026491481958156326,0.03301516378118689,0.04116133531098248,0.05126302399569371,0.058687142610407673,0.06259201573011777
Qwen/Qwen3-8B,0,composition,,dev_D,D,3,score,train_frequency,task_blind,200,200,0.009928731380612718,0.00038285714285714296,0.0,0.0,0.0,0.0,0.0,0.45778985507246367,1.0,0.00038285714285714296,0.0030587359011821046,0.00610807009760975,0.012178649986015855,0.024208266866993178,0.03756573591336095,0.046733520136476
Qwen/Qwen3-8B,0,composition,,dev_D,D,3,score,train_antifrequency,task_blind,200,200,0.09629412926192338,0.020727741592707474,0.021847826086956505,0.17464734299516904,0.3489855072463767,0.696734299516908,1.0,1.0,1.0,0.020727741592707474,0.1542278953319737,0.2845821770612862,0.4879646202091368,0.7374999728884662,0.8761200363293937,0.9264430848377105
Qwen/Qwen3-8B,0,composition,,dev_D,D,3,score,train_unseen_first,task_blind,200,200,0.09629412926192338,0.013388846938305984,0.021847826086956505,0.17464734299516904,0.3489855072463767,0.696734299516908,1.0,1.0,1.0,0.013388846938305984,0.10220143852151051,0.19391511682023427,0.35010339700845594,0.5773720255474154,0.739434274644957,0.8137314603659405
Qwen/Qwen3-8B,1,atomic_control,,dev_A,A,3,score,raw,own_target,200,200,0.14411020402370853,0.059522636921163954,0.07,0.25,0.36,0.495,0.74,0.91,1.0,0.059522636921163954,0.14661534340967303,0.17410826852010647,0.20222861946050638,0.2316749952093801,0.2517912601701615,0.26225232228672013
Qwen/Qwen3-8B,1,atomic_control,,dev_A,A,3,score,unigram,own_target,200,200,0.1334720561974415,0.04097171535070225,0.06,0.19,0.34,0.64,0.79,0.905,1.0,0.04097171535070225,0.13012832668050564,0.1612203237144035,0.19341862227523904,0.22964137765290274,0.2556945757549145,0.2694730550930423
Qwen/Qwen3-8B,1,atomic_control,,dev_A,A,3,score,unigram,minus_bias_only,200,200,0.050901046782934466,0.014851858617975125,0.02,0.06,0.13,0.255,0.455,0.715,1.0,0.014851858617975125,0.02996819676760308,0.03687257295714883,0.04654582148483774,0.05995589502527809,0.0711288306416499,0.07738593974423219
Qwen/Qwen3-8B,1,atomic_control,,dev_A,A,3,score,unigram,shuffled_program_bias,200,200,0.14007641097841791,0.06517064721479768,0.07,0.195,0.29,0.535,0.785,0.925,1.0,0.06517064721479768,0.11827805762140624,0.13046540352065217,0.13996223852781908,0.14713009756328582,0.15115097643127254,0.1531638602181422
Qwen/Qwen3-8B,1,atomic_control,,dev_A,A,3,score,positional,own_target,200,200,0.14118713375542918,0.04301357831758817,0.045,0.285,0.44,0.64,0.83,0.945,1.0,0.04301357831758817,0.16764307615901175,0.23105370465077615,0.3002720865972956,0.37245823967315134,0.41923934996455514,0.4425624669468246
Qwen/Qwen3-8B,1,atomic_control,,dev_A,A,3,score,positional,minus_bias_only,200,200,0.04951334761588907,0.011028847682893401,0.02,0.035,0.12,0.275,0.51,0.86,1.0,0.011028847682893401,0.032816482362870776,0.04197198224876178,0.05501322070242632,0.07346827400275209,0.08892071171838939,0.09773480107788074
Qwen/Qwen3-8B,1,atomic_control,,dev_A,A,3,score,positional,shuffled_program_bias,200,200,0.11362286699597285,0.04761237303750457,0.04,0.195,0.295,0.54,0.775,0.91,1.0,0.04761237303750457,0.10167469481332318,0.12218146903333318,0.1405253243377689,0.1544888422446207,0.16171596809440053,0.16507448127033938
Qwen/Qwen3-8B,1,atomic_control,,dev_A,A,3,score,bigram,own_target,200,200,0.1278029413636996,0.03360299410362235,0.03,0.27,0.44,0.605,0.815,0.935,1.0,0.03360299410362235,0.1548461390504485,0.21923013691955576,0.28677790468631853,0.354613650315194,0.3985728096975224,0.4206546491096723
Qwen/Qwen3-8B,1,atomic_control,,dev_A,A,3,score,bigram,minus_bias_only,200,200,0.036235938854755956,0.0060994918926862325,0.0,0.025,0.12,0.245,0.5,0.86,1.0,0.0060994918926862325,0.03218106180646588,0.04777274897954815,0.06850119682131656,0.0970908570216817,0.11859184959158682,0.12953454633442082
Qwen/Qwen3-8B,1,atomic_control,,dev_A,A,3,score,bigram,shuffled_program_bias,200,200,0.11587559046079875,0.04598048929732666,0.05,0.205,0.29,0.58,0.79,0.91,1.0,0.04598048929732666,0.0936042826892794,0.1143955279737913,0.13669192595482588,0.15643810309057124,0.166785591492315,0.17134656674794946
Qwen/Qwen3-8B,1,atomic_control,,dev_A,A,3,score,positional_bigram,own_target,200,200,0.1278029413636996,0.033602994103622434,0.03,0.27,0.44,0.605,0.815,0.935,1.0,0.033602994103622434,0.1548461390504487,0.2192301369195559,0.28677790468631875,0.35461365031519404,0.3985728096975225,0.4206546491096725
Qwen/Qwen3-8B,1,atomic_control,,dev_A,A,3,score,positional_bigram,minus_bias_only,200,200,0.036235938854755956,0.006099491892686175,0.0,0.025,0.12,0.245,0.5,0.86,1.0,0.006099491892686175,0.03218106180646583,0.047772748979548245,0.06850119682131676,0.09709085702168202,0.11859184959158715,0.12953454633442119
Qwen/Qwen3-8B,1,atomic_control,,dev_A,A,3,score,positional_bigram,shuffled_program_bias,200,200,0.11587559046079875,0.04598048929732659,0.05,0.205,0.29,0.58,0.79,0.91,1.0,0.04598048929732659,0.09360428268927895,0.1143955279737907,0.13669192595482524,0.1564381030905707,0.16678559149231456,0.17134656674794913
Qwen/Qwen3-8B,1,atomic_control,,dev_A,A,3,score,full,own_target,200,200,0.12414685133212817,0.029042645771019514,0.05,0.25,0.415,0.595,0.82,0.95,1.0,0.029042645771019514,0.15032189969377666,0.22831091456914684,0.32114895786858666,0.4180994685175671,0.4776304756766563,0.5058802677578433
Qwen/Qwen3-8B,1,atomic_control,,dev_A,A,3,score,full,minus_bias_only,200,200,0.038117222311512065,0.005755314315977304,0.0,0.065,0.115,0.28,0.555,0.855,1.0,0.005755314315977304,0.03576415184559327,0.05820265526191516,0.08854651627104707,0.12698613586378474,0.15465651920676565,0.16890986316661052
Qwen/Qwen3-8B,1,atomic_control,,dev_A,A,3,score,full,shuffled_program_bias,200,200,0.10410020718584083,0.03135639748385719,0.035,0.21,0.285,0.545,0.795,0.915,1.0,0.03135639748385719,0.07293787542478954,0.08874819835545876,0.10446639671536481,0.12120974952787293,0.13346586827189366,0.14005082311457898
Qwen/Qwen3-8B,1,atomic_control,,dev_A,A,3,score,train_frequency,task_blind,200,200,0.07518410567300605,0.023230476190476194,0.015,0.1275,0.312,0.65,0.8675,1.0,1.0,0.023230476190476194,0.16773864595650576,0.3004712403400752,0.49205271419594004,0.7069391248841798,0.8262803491206725,0.8749736050486825
Qwen/Qwen3-8B,1,atomic_control,,dev_A,A,3,score,train_antifrequency,task_blind,200,200,0.013813597036078255,0.0011901588505375442,0.0,0.0,0.0,0.0,0.30000000000000004,0.8242857142857142,1.0,0.0011901588505375442,0.009471090930378465,0.018828476031408647,0.03720838090782799,0.07267121904816198,0.11059722092639167,0.1357715385323209
Qwen/Qwen3-8B,1,atomic_control,,dev_A,A,3,score,train_unseen_first,task_blind,200,200,0.014007561805081305,0.00909131167900183,0.0,0.0,0.0,0.0,0.3644634479444606,0.8105423057954704,1.0,0.00909131167900183,0.06987116099389462,0.133622115254359,0.24515113930864682,0.41774930146932987,0.5550696537730985,0.6262384492399538
Qwen/Qwen3-8B,1,atomic_control,,dev_B,B,3,score,raw,own_target,200,200,0.019059399865276452,5.020584761161541e-05,0.0,0.0,0.005,0.18,0.465,0.78,1.0,5.020584761161541e-05,0.0003992087642210665,0.0007929179891452379,0.0015642947323773748,0.003045930630150412,0.00462217317385373,0.005664677830787123
Qwen/Qwen3-8B,1,atomic_control,,dev_B,B,3,score,unigram,own_target,200,200,0.0692457670497788,0.016805891583923174,0.015,0.16,0.2,0.27,0.445,0.69,1.0,0.016805891583923174,0.06455449004917596,0.09050806295837731,0.11632365867290954,0.13910238161026178,0.15271353568132334,0.1591986609435343
Qwen/Qwen3-8B,1,atomic_control,,dev_B,B,3,score,unigram,minus_bias_only,200,200,0.04920354898643271,0.005367956289955082,0.0,0.05,0.27,0.365,0.645,0.82,1.0,0.005367956289955082,0.03481891842332197,0.05692352072798961,0.08390196892182532,0.11556917762636924,0.140243668094807,0.1536887179007934
Qwen/Qwen3-8B,1,atomic_control,,dev_B,B,3,score,unigram,shuffled_program_bias,200,200,0.04214519975076348,0.007257634480209301,0.005,0.095,0.12,0.135,0.39,0.715,1.0,0.007257634480209301,0.01979191549046791,0.024918994820502225,0.03099190973349973,0.03824739164562554,0.04330304486447546,0.04586725663079349
Qwen/Qwen3-8B,1,atomic_control,,dev_B,B,3,score,positional,own_target,200,200,0.05019091627055243,0.012256751504159533,0.01,0.095,0.15,0.275,0.435,0.71,1.0,0.012256751504159533,0.0518460427583939,0.07318198399809438,0.09700940100004252,0.12281243298574455,0.14144166387178017,0.15165713604980594
Qwen/Qwen3-8B,1,atomic_control,,dev_B,B,3,score,positional,minus_bias_only,200,200,0.051560210705581665,0.007080071243044625,0.0,0.13,0.25,0.465,0.585,0.88,1.0,0.007080071243044625,0.04826228534498018,0.08235488305611176,0.12733097217529388,0.1769211452561278,0.20791889162490695,0.22251862067294034
Qwen/Qwen3-8B,1,atomic_control,,dev_B,B,3,score,positional,shuffled_program_bias,200,200,0.036660083793775076,0.00280829762995268,0.0,0.07,0.125,0.18,0.495,0.75,1.0,0.00280829762995268,0.011053394170398308,0.015788790060577176,0.02237660472384227,0.03042924811864166,0.036110221910173664,0.039079227939149266
Qwen/Qwen3-8B,1,atomic_control,,dev_B,B,3,score,bigram,own_target,200,200,0.058909380885596746,0.011793485515801505,0.0,0.115,0.21,0.36,0.54,0.83,1.0,0.011793485515801505,0.06741392562048763,0.10301269187489016,0.14462155172699956,0.19068689669948108,0.22168484680788977,0.23732618517478543
Qwen/Qwen3-8B,1,atomic_control,,dev_B,B,3,score,bigram,minus_bias_only,200,200,0.08789419087809279,0.016027035462202088,0.045,0.155,0.3,0.52,0.605,0.92,1.0,0.016027035462202088,0.08223857106417426,0.12236337846454584,0.17611426332719135,0.24212369811566037,0.28443499752606966,0.30374289619519157
Qwen/Qwen3-8B,1,atomic_control,,dev_B,B,3,score,bigram,shuffled_program_bias,200,200,0.03218788288487407,0.0008036050151669793,0.0,0.07,0.13,0.18,0.49,0.77,1.0,0.0008036050151669793,0.005095167416792128,0.008291195143260764,0.012511962938110403,0.018276016879913655,0.023068467153928865,0.02575515816481093
Qwen/Qwen3-8B,1,atomic_control,,dev_B,B,3,score,positional_bigram,own_target,200,200,0.058909380885596746,0.011793485515801474,0.0,0.115,0.21,0.36,0.54,0.83,1.0,0.011793485515801474,0.06741392562048747,0.10301269187488991,0.14462155172699917,0.1906868966994806,0.22168484680788922,0.23732618517478482
Qwen/Qwen3-8B,1,atomic_control,,dev_B,B,3,score,positional_bigram,minus_bias_only,200,200,0.08789419087809279,0.016027035462202195,0.045,0.155,0.3,0.52,0.605,0.92,1.0,0.0160270354622022,0.08223857106417462,0.1223633784645463,0.17611426332719193,0.24212369811566098,0.28443499752607027,0.3037428961951921
Qwen/Qwen3-8B,1,atomic_control,,dev_B,B,3,score,positional_bigram,shuffled_program_bias,200,200,0.03218788288487407,0.0008036050151669608,0.0,0.07,0.13,0.18,0.49,0.77,1.0,0.0008036050151669608,0.005095167416792042,0.00829119514326066,0.012511962938110285,0.018276016879913485,0.02306846715392865,0.025755158164810686
Qwen/Qwen3-8B,1,atomic_control,,dev_B,B,3,score,full,own_target,200,200,0.06684086890585106,0.017485734124117615,0.015,0.14,0.195,0.35,0.555,0.845,1.0,0.017485734124117615,0.09198210620570102,0.139125573701157,0.19362926544129297,0.2501358754948956,0.2865539402093546,0.30456737736134365
Qwen/Qwen3-8B,1,atomic_control,,dev_B,B,3,score,full,minus_bias_only,200,200,0.04653439052707651,0.0066908027011270636,0.0,0.095,0.265,0.52,0.66,0.92,1.0,0.0066908027011270636,0.049500879506997865,0.090981539381631,0.15589059588227708,0.24019686276798077,0.296896803419557,0.32401277872763073
Qwen/Qwen3-8B,1,atomic_control,,dev_B,B,3,score,full,shuffled_program_bias,200,200,0.029426503475009236,0.00024031412632724992,0.0,0.045,0.125,0.17,0.465,0.77,1.0,0.00024031412632724992,0.0017240114559069835,0.003072984957156979,0.005021732711908661,0.007383675303970606,0.009123816882582849,0.01013645027713064
Qwen/Qwen3-8B,1,atomic_control,,dev_B,B,3,score,train_frequency,task_blind,200,200,0.009924886738241658,0.00038095238095238107,0.0,0.0,0.0,0.0,0.0,0.4565217391304347,1.0,0.00038095238095238107,0.003043558650075675,0.0060778540508949,0.012118767791925823,0.02409067105105702,0.03738572844563032,0.046511695822809625
Qwen/Qwen3-8B,1,atomic_control,,dev_B,B,3,score,train_antifrequency,task_blind,200,200,0.09601494013013269,0.02062461850020644,0.021739130434782594,0.17391304347826084,0.3478260869565217,0.6956521739130433,1.0,1.0,1.0,0.02062461850020644,0.15356529081616016,0.2835482830888684,0.4866969373350916,0.7365199658588253,0.8755719490071155,0.9260994155389659
Qwen/Qwen3-8B,1,atomic_control,,dev_B,B,3,score,train_unseen_first,task_blind,200,200,0.09601494013013269,0.013322235759508442,0.021739130434782594,0.17391304347826084,0.3478260869565217,0.6956521739130433,1.0,1.0,1.0,0.013322235759508442,0.1017386189623677,0.19312649133636564,0.348955141016836,0.5761405915915921,0.738462417123654,0.812967261787282
Qwen/Qwen3-8B,1,atomic_control,,dev_C,C,3,score,raw,own_target,200,200,0.08633893008576272,0.02990722758151238,0.04,0.135,0.23,0.4,0.69,0.865,1.0,0.02990722758151238,0.07231795611289543,0.08965376936459038,0.11018820206406979,0.13241079706707995,0.14721129306475056,0.1547169303237713
Qwen/Qwen3-8B,1,atomic_control,,dev_C,C,3,score,unigram,own_target,200,200,0.07723106141891274,0.02160538506748003,0.02,0.14,0.235,0.545,0.785,0.895,1.0,0.02160538506748003,0.07549847772683337,0.10027623223604636,0.12671873285977436,0.1547859680126657,0.17406269824616913,0.18427891020767437
Qwen/Qwen3-8B,1,atomic_control,,dev_C,C,3,score,unigram,minus_bias_only,200,200,0.052746098949631844,0.012513068420545585,0.015,0.075,0.14,0.31,0.53,0.815,1.0,0.012513068420545585,0.03030421505917011,0.04019558265244284,0.05243198576794511,0.06674242900868667,0.07792349543357723,0.0842284334914482
Qwen/Qwen3-8B,1,atomic_control,,dev_C,C,3,score,unigram,shuffled_program_bias,200,200,0.07754385654824406,0.024591403155970887,0.025,0.115,0.18,0.43,0.715,0.875,1.0,0.024591403155970887,0.04838400324457323,0.05557652402922761,0.06138758082572924,0.06607530872529604,0.06910788986514028,0.07066267726338821
Qwen/Qwen3-8B,1,atomic_control,,dev_C,C,3,score,positional,own_target,200,200,0.08844647722682102,0.021013682085310247,0.02,0.18,0.315,0.535,0.765,0.925,1.0,0.021013682085310247,0.09767162532345619,0.14298945435208116,0.20037252613558695,0.27051036718724025,0.31972663707726534,0.34473563943074126
Qwen/Qwen3-8B,1,atomic_control,,dev_C,C,3,score,positional,minus_bias_only,200,200,0.05139261898473776,0.010883962185096374,0.015,0.05,0.13,0.28,0.58,0.875,1.0,0.010883962185096374,0.03855278360660876,0.05217710280208805,0.06833722928601875,0.08781451856939317,0.10330063831489941,0.11208904201590418
Qwen/Qwen3-8B,1,atomic_control,,dev_C,C,3,score,positional,shuffled_program_bias,200,200,0.0561219669367153,0.006768802255635589,0.0,0.1,0.195,0.405,0.725,0.905,1.0,0.006768802255635589,0.03276597975094368,0.04448255423146732,0.054322161293137904,0.06267966055631212,0.0679883089146939,0.07068928367745046
Qwen/Qwen3-8B,1,atomic_control,,dev_C,C,3,score,bigram,own_target,200,200,0.07789007935884064,0.020539381500583553,0.02,0.135,0.25,0.485,0.725,0.935,1.0,0.020539381500583553,0.08601963289121509,0.12712118920567314,0.18096859881061841,0.24754245594715812,0.2953732558082648,0.3203544192701081
Qwen/Qwen3-8B,1,atomic_control,,dev_C,C,3,score,bigram,minus_bias_only,200,200,0.036177889101261844,0.006073504184059628,0.0,0.05,0.095,0.24,0.555,0.86,1.0,0.006073504184059628,0.03257167800140079,0.04842792034997959,0.06803077612612753,0.09275992295015553,0.11089920706392753,0.12027601571977786
Qwen/Qwen3-8B,1,atomic_control,,dev_C,C,3,score,bigram,shuffled_program_bias,200,200,0.05728470272689085,0.007248170429825045,0.005,0.115,0.185,0.395,0.745,0.91,1.0,0.007248170429825045,0.029883122947625115,0.03971852240057419,0.049706329990400026,0.059486135392062295,0.06558691413340659,0.06867995661884986
Qwen/Qwen3-8B,1,atomic_control,,dev_C,C,3,score,positional_bigram,own_target,200,200,0.07789007935884064,0.020539381500583546,0.02,0.135,0.25,0.485,0.725,0.935,1.0,0.020539381500583546,0.0860196328912151,0.1271211892056732,0.1809685988106185,0.24754245594715815,0.2953732558082648,0.3203544192701081
Qwen/Qwen3-8B,1,atomic_control,,dev_C,C,3,score,positional_bigram,minus_bias_only,200,200,0.036177889101261844,0.00607350418405958,0.0,0.05,0.095,0.24,0.555,0.86,1.0,0.00607350418405958,0.032571678001400726,0.048427920349979614,0.06803077612612767,0.09275992295015581,0.11089920706392789,0.12027601571977825
Qwen/Qwen3-8B,1,atomic_control,,dev_C,C,3,score,positional_bigram,shuffled_program_bias,200,200,0.05728470272689085,0.007248170429825085,0.005,0.115,0.185,0.395,0.745,0.91,1.0,0.007248170429825085,0.029883122947625084,0.039718522400574094,0.0497063299903999,0.05948613539206218,0.06558691413340649,0.06867995661884976
Qwen/Qwen3-8B,1,atomic_control,,dev_C,C,3,score,full,own_target,200,200,0.07634700235317472,0.017950319108086803,0.02,0.115,0.29,0.49,0.71,0.94,1.0,0.017950319108086803,0.1045347420789169,0.16630755206684356,0.24638876761491446,0.33824453637945945,0.398422115906924,0.4276619323365321
Qwen/Qwen3-8B,1,atomic_control,,dev_C,C,3,score,full,minus_bias_only,200,200,0.038778949860144636,0.005670201740959795,0.0,0.06,0.12,0.295,0.585,0.875,1.0,0.005670201740959795,0.03560522999629154,0.05840618138423185,0.08939626657866395,0.127692979558095,0.1544899995359206,0.1682513931255594
Qwen/Qwen3-8B,1,atomic_control,,dev_C,C,3,score,full,shuffled_program_bias,200,200,0.056397925450826614,0.006233459666047203,0.005,0.11,0.19,0.385,0.76,0.895,1.0,0.006233459666047203,0.026181686853078884,0.034144450318779475,0.0408793330682888,0.04784518459501544,0.05338980861700964,0.0565553589231099
Qwen/Qwen3-8B,1,atomic_control,,dev_C,C,3,score,train_frequency,task_blind,200,200,0.07661139764621193,0.022584761904761903,0.015,0.1475,0.273,0.605,0.87125,1.0,1.0,0.022584761904761903,0.1632201000493237,0.2928084959791996,0.48125881257170655,0.6964288627361668,0.8187367236456996,0.8692977157523072
Qwen/Qwen3-8B,1,atomic_control,,dev_C,C,3,score,train_antifrequency,task_blind,200,200,0.014179615320010273,0.0011873236021688425,0.0,0.0,0.0,0.0,0.3766666666666667,0.8457142857142855,1.0,0.0011873236021688425,0.009447212271611634,0.018778073417212424,0.03709755052038183,0.07241363541682257,0.11014106533919668,0.13516137344557785
Qwen/Qwen3-8B,1,atomic_control,,dev_C,C,3,score,train_unseen_first,task_blind,200,200,0.0139427801280884,0.008944282379610966,0.0,0.0,0.0,0.0,0.358549947234824,0.8043575934481997,1.0,0.008944282379610966,0.06872441286090299,0.13140809649694923,0.24108764878545877,0.4111741170609642,0.5472500862783856,0.6182362794937434
Qwen/Qwen3-8B,1,atomic_control,,dev_D,D,3,score,raw,own_target,200,200,0.020649622492760224,0.0001070576663592708,0.0,0.0,0.025,0.205,0.47,0.775,1.0,0.00010705766635927078,0.0008419918433077583,0.0016520212813633665,0.0031829173105172802,0.00593006024389388,0.008604457638860545,0.010250895837175472
Qwen/Qwen3-8B,1,atomic_control,,dev_D,D,3,score,unigram,own_target,200,200,0.06580540758710235,0.01727807376836718,0.01,0.15,0.18,0.265,0.445,0.735,1.0,0.01727807376836718,0.0731991693544028,0.09882694407273811,0.12244867745409234,0.14142682675750898,0.15057829690302207,0.15446402240815021
Qwen/Qwen3-8B,1,atomic_control,,dev_D,D,3,score,unigram,minus_bias_only,200,200,0.04358001323728081,0.003956591432892005,0.0,0.035,0.225,0.365,0.635,0.79,1.0,0.003956591432892005,0.025923281962156704,0.04285463204229594,0.06440624381904693,0.09106592731689528,0.11235556984462322,0.12407244591752732
Qwen/Qwen3-8B,1,atomic_control,,dev_D,D,3,score,unigram,shuffled_program_bias,200,200,0.0466426480983953,0.008854105775709078,0.01,0.1,0.13,0.175,0.405,0.77,1.0,0.008854105775709078,0.01858205746209678,0.023830998589098273,0.030167403813850788,0.037577878685006574,0.043391077732021666,0.0466964827525607
Qwen/Qwen3-8B,1,atomic_control,,dev_D,D,3,score,positional,own_target,200,200,0.0578607074262833,0.01339167047436226,0.015,0.105,0.165,0.26,0.46,0.76,1.0,0.01339167047436226,0.06345590746035314,0.0872505114020786,0.1114617649056644,0.13885763714355664,0.1593520683572912,0.17044764049321628
Qwen/Qwen3-8B,1,atomic_control,,dev_D,D,3,score,positional,minus_bias_only,200,200,0.05064745256580197,0.007615102663698652,0.0,0.12,0.22,0.4,0.535,0.88,1.0,0.007615102663698652,0.050504288008672286,0.0838903184488802,0.1246205774556349,0.16631013590730467,0.19233620338942248,0.2049171857805912
Qwen/Qwen3-8B,1,atomic_control,,dev_D,D,3,score,positional,shuffled_program_bias,200,200,0.04238123412303243,0.008560594044096155,0.01,0.085,0.135,0.21,0.51,0.75,1.0,0.008560594044096155,0.018292329574345824,0.023738042119536795,0.031008592511916087,0.04010502564204267,0.04675719616377211,0.05020425204397863
Qwen/Qwen3-8B,1,atomic_control,,dev_D,D,3,score,bigram,own_target,200,200,0.0695771201995262,0.016213585701112063,0.01,0.12,0.215,0.35,0.575,0.85,1.0,0.016213585701112063,0.07930183925037558,0.11734915145431418,0.16262675623065406,0.21447197232493195,0.2506402686997466,0.26915667893913076
Qwen/Qwen3-8B,1,atomic_control,,dev_D,D,3,score,bigram,minus_bias_only,200,200,0.10217492423304464,0.01927529921073299,0.065,0.14,0.295,0.465,0.58,0.935,1.0,0.01927529921073299,0.09096427311726574,0.12709256786423695,0.1732315236045998,0.23237938859052393,0.2721971818370587,0.2907954157775225
Qwen/Qwen3-8B,1,atomic_control,,dev_D,D,3,score,bigram,shuffled_program_bias,200,200,0.040808637410178275,0.004644092654497929,0.01,0.075,0.13,0.225,0.485,0.73,1.0,0.004644092654497929,0.012020016976019683,0.014559510839253746,0.01836712992447728,0.024371899203842768,0.029672679972091057,0.032812904606049714
Qwen/Qwen3-8B,1,atomic_control,,dev_D,D,3,score,positional_bigram,own_target,200,200,0.0695771201995262,0.016213585701112036,0.01,0.12,0.215,0.35,0.575,0.85,1.0,0.016213585701112036,0.0793018392503754,0.11734915145431386,0.16262675623065362,0.2144719723249314,0.250640268699746,0.2691566789391301
Qwen/Qwen3-8B,1,atomic_control,,dev_D,D,3,score,positional_bigram,minus_bias_only,200,200,0.10217492423304464,0.01927529921073311,0.065,0.14,0.295,0.465,0.58,0.935,1.0,0.01927529921073311,0.09096427311726604,0.12709256786423728,0.17323152360460028,0.23237938859052434,0.27219718183705915,0.29079541577752294
Qwen/Qwen3-8B,1,atomic_control,,dev_D,D,3,score,positional_bigram,shuffled_program_bias,200,200,0.040808637410178275,0.004644092654497877,0.01,0.075,0.13,0.225,0.485,0.73,1.0,0.004644092654497877,0.012020016976019616,0.014559510839253659,0.018367129924477144,0.024371899203842577,0.02967267997209083,0.032812904606049464
Qwen/Qwen3-8B,1,atomic_control,,dev_D,D,3,score,full,own_target,200,200,0.08774168159957306,0.02163315730596696,0.03,0.155,0.215,0.37,0.59,0.85,1.0,0.02163315730596696,0.11343877161715664,0.1645425406895628,0.2182744220146119,0.2758878928313587,0.3161610467417672,0.3368593976241126
Qwen/Qwen3-8B,1,atomic_control,,dev_D,D,3,score,full,minus_bias_only,200,200,0.04739584845501354,0.006881872297267083,0.0,0.1,0.275,0.465,0.64,0.935,1.0,0.006881872297267083,0.050580756679643374,0.09230612694541578,0.1561089476754607,0.23534933200216115,0.2854548199678803,0.3082878623848979
Qwen/Qwen3-8B,1,atomic_control,,dev_D,D,3,score,full,shuffled_program_bias,200,200,0.03126045099739997,0.0009414794031887742,0.0,0.065,0.125,0.2,0.49,0.73,1.0,0.0009414794031887742,0.005288079101897225,0.007832675851607457,0.010598660441954193,0.013796631666841051,0.016106530420606346,0.017337225292641586
Qwen/Qwen3-8B,1,atomic_control,,dev_D,D,3,score,train_frequency,task_blind,200,200,0.009928731380612718,0.00038285714285714296,0.0,0.0,0.0,0.0,0.0,0.45778985507246367,1.0,0.00038285714285714296,0.0030587359011821046,0.00610807009760975,0.012178649986015855,0.024208266866993178,0.03756573591336095,0.046733520136476
Qwen/Qwen3-8B,1,atomic_control,,dev_D,D,3,score,train_antifrequency,task_blind,200,200,0.09629412926192338,0.020727741592707474,0.021847826086956505,0.17464734299516904,0.3489855072463767,0.696734299516908,1.0,1.0,1.0,0.020727741592707474,0.1542278953319737,0.2845821770612862,0.4879646202091368,0.7374999728884662,0.8761200363293937,0.9264430848377105
Qwen/Qwen3-8B,1,atomic_control,,dev_D,D,3,score,train_unseen_first,task_blind,200,200,0.09629412926192338,0.013388846938305984,0.021847826086956505,0.17464734299516904,0.3489855072463767,0.696734299516908,1.0,1.0,1.0,0.013388846938305984,0.10220143852151051,0.19391511682023427,0.35010339700845594,0.5773720255474154,0.739434274644957,0.8137314603659405
Qwen/Qwen3-8B,1,composition,,dev_A,A,3,score,raw,own_target,200,200,0.37764525833607804,0.1617080098191291,0.235,0.63,0.775,0.915,0.995,1.0,1.0,0.1617080098191291,0.48746303517075346,0.6327448282163936,0.7670103846978035,0.8716501443759216,0.9177346578426736,0.9347679597881011
Qwen/Qwen3-8B,1,composition,,dev_A,A,3,score,unigram,own_target,200,200,0.34481192015682083,0.15526459164704653,0.235,0.565,0.695,0.875,0.99,1.0,1.0,0.1552645916470465,0.44422194608387827,0.5789106095183304,0.7112672605764473,0.8224907574669308,0.8768656229931727,0.898725652823122
Qwen/Qwen3-8B,1,composition,,dev_A,A,3,score,unigram,minus_bias_only,200,200,0.02924382441875458,0.009563518281738044,0.0,0.03,0.08,0.195,0.41,0.735,1.0,0.009563518281738044,0.0722376291247036,0.1357370930408037,0.24188250625495772,0.39614527271429295,0.5132611907823293,0.573229588815764
Qwen/Qwen3-8B,1,composition,,dev_A,A,3,score,unigram,shuffled_program_bias,200,200,0.3030704269577503,0.15912066175900205,0.19,0.5,0.64,0.855,0.995,1.0,1.0,0.15912066175900205,0.41469201046062415,0.5236329792147117,0.6361441682294194,0.7419399350689964,0.8034331698971144,0.8315915122441683
Qwen/Qwen3-8B,1,composition,,dev_A,A,3,score,positional,own_target,200,200,0.3631152723124943,0.15528728180166515,0.25,0.555,0.71,0.9,0.99,0.995,1.0,0.15528728180166515,0.4454343174390161,0.5754399499463416,0.7011031910688539,0.80820838303918,0.8632104420273631,0.8862242434012566
Qwen/Qwen3-8B,1,composition,,dev_A,A,3,score,positional,minus_bias_only,200,200,0.023273622417386987,0.006334949747430468,0.0,0.0,0.045,0.235,0.55,0.835,1.0,0.006334949747430468,0.0487478500307877,0.09338863441956115,0.17208694812065933,0.29657746783648004,0.4000146203025497,0.45625557454456966
Qwen/Qwen3-8B,1,composition,,dev_A,A,3,score,positional,shuffled_program_bias,200,200,0.3009005880265566,0.14542954095294142,0.195,0.47,0.62,0.83,0.99,1.0,1.0,0.14542954095294142,0.38052612039218286,0.485484199782787,0.6006620473149682,0.7124432044675493,0.7770683919932097,0.806308109042417
Qwen/Qwen3-8B,1,composition,,dev_A,A,3,score,bigram,own_target,200,200,0.3562786643655915,0.13837348600133947,0.23,0.595,0.74,0.855,0.97,0.995,1.0,0.13837348600133947,0.4280383254239524,0.5625247283137501,0.6908967362808595,0.8022427733402224,0.8612297570787376,0.8862430193611963
Qwen/Qwen3-8B,1,composition,,dev_A,A,3,score,bigram,minus_bias_only,200,200,0.015168096390875616,0.00014870167174735094,0.0,0.0,0.0,0.0,0.43,0.765,1.0,0.00014870167174735094,0.001188118551874746,0.0023728296862153575,0.00473208905057234,0.009410367423502153,0.014610266535181797,0.018182615994314023
Qwen/Qwen3-8B,1,composition,,dev_A,A,3,score,bigram,shuffled_program_bias,200,200,0.19053111279414417,0.08658712422904752,0.06,0.385,0.58,0.805,0.98,0.995,1.0,0.08658712422904752,0.2175453727983996,0.2745526574043092,0.3358766326598607,0.40145357008230986,0.4458876440982155,0.4686160510088298
Qwen/Qwen3-8B,1,composition,,dev_A,A,3,score,positional_bigram,own_target,200,200,0.3562786643655915,0.13837348600133967,0.23,0.595,0.74,0.855,0.97,0.995,1.0,0.13837348600133967,0.42803832542395265,0.5625247283137504,0.6908967362808595,0.8022427733402223,0.8612297570787376,0.8862430193611962
Qwen/Qwen3-8B,1,composition,,dev_A,A,3,score,positional_bigram,minus_bias_only,200,200,0.015168096390875616,0.0001487016717473519,0.0,0.0,0.0,0.0,0.43,0.765,1.0,0.0001487016717473519,0.0011881185518747533,0.0023728296862153726,0.004732089050572369,0.009410367423502214,0.014610266535181889,0.018182615994314134
Qwen/Qwen3-8B,1,composition,,dev_A,A,3,score,positional_bigram,shuffled_program_bias,200,200,0.19053111279414417,0.08658712422904763,0.06,0.385,0.58,0.805,0.98,0.995,1.0,0.08658712422904763,0.21754537279839983,0.27455265740430934,0.33587663265986073,0.40145357008231,0.4458876440982154,0.4686160510088298
Qwen/Qwen3-8B,1,composition,,dev_A,A,3,score,full,own_target,200,200,0.32706129064089606,0.13459356151963806,0.185,0.56,0.72,0.845,0.97,0.995,1.0,0.13459356151963806,0.4173107965013745,0.5535827099131297,0.6872976997611056,0.8048113928657952,0.8664741782323506,0.8920155703395429
Qwen/Qwen3-8B,1,composition,,dev_A,A,3,score,full,minus_bias_only,200,200,0.01545050753638939,0.00032532585530273793,0.0,0.0,0.0,0.075,0.395,0.775,1.0,0.00032532585530273793,0.0025927239132238723,0.0051630394451708285,0.010237589168001415,0.020130148202104917,0.030868292060086,0.038093523190670615
Qwen/Qwen3-8B,1,composition,,dev_A,A,3,score,full,shuffled_program_bias,200,200,0.2132837771598362,0.10630119171004143,0.09,0.355,0.55,0.81,0.975,0.995,1.0,0.10630119171004143,0.27685599818872375,0.3398456552879406,0.4039014815765799,0.47219830281023134,0.5196087909357261,0.544067262443663
Qwen/Qwen3-8B,1,composition,,dev_A,A,3,score,train_frequency,task_blind,200,200,0.07518410567300605,0.023230476190476194,0.015,0.1275,0.312,0.65,0.8675,1.0,1.0,0.023230476190476194,0.16773864595650576,0.3004712403400752,0.49205271419594004,0.7069391248841798,0.8262803491206725,0.8749736050486825
Qwen/Qwen3-8B,1,composition,,dev_A,A,3,score,train_antifrequency,task_blind,200,200,0.013813597036078255,0.0011901588505375442,0.0,0.0,0.0,0.0,0.30000000000000004,0.8242857142857142,1.0,0.0011901588505375442,0.009471090930378465,0.018828476031408647,0.03720838090782799,0.07267121904816198,0.11059722092639167,0.1357715385323209
Qwen/Qwen3-8B,1,composition,,dev_A,A,3,score,train_unseen_first,task_blind,200,200,0.014007561805081305,0.00909131167900183,0.0,0.0,0.0,0.0,0.3644634479444606,0.8105423057954704,1.0,0.00909131167900183,0.06987116099389462,0.133622115254359,0.24515113930864682,0.41774930146932987,0.5550696537730985,0.6262384492399538
Qwen/Qwen3-8B,1,composition,,dev_B,B,3,score,raw,own_target,200,200,0.01887653678371766,0.002460587513795805,0.0,0.005,0.045,0.1,0.415,0.84,1.0,0.002460587513795805,0.01916230436107212,0.03719880058450003,0.0702850503235341,0.126700183137158,0.1784751001703478,0.2090190033073845
Qwen/Qwen3-8B,1,composition,,dev_B,B,3,score,unigram,own_target,200,200,0.020596670575158117,0.0023134217479921556,0.0,0.02,0.045,0.1,0.335,0.855,1.0,0.0023134217479921556,0.017827007207950708,0.03424586945034287,0.06364024030569135,0.11244070292604588,0.15692892144045875,0.18349431367193111
Qwen/Qwen3-8B,1,composition,,dev_B,B,3,score,unigram,minus_bias_only,200,200,0.028271641358610457,0.007388923568191772,0.0,0.04,0.06,0.205,0.65,0.825,1.0,0.007388923568191772,0.05631256195460438,0.1068504718240586,0.1938792991181767,0.32744116069259405,0.4359613812504268,0.49440889939959304
Qwen/Qwen3-8B,1,composition,,dev_B,B,3,score,unigram,shuffled_program_bias,200,200,0.01736094487205238,0.001459435695420974,0.0,0.0,0.015,0.095,0.34,0.805,1.0,0.001459435695420974,0.011398964226773237,0.02221208532445658,0.042328933335986176,0.07776309988716601,0.11189045926316768,0.1328483316548149
Qwen/Qwen3-8B,1,composition,,dev_B,B,3,score,positional,own_target,200,200,0.02156410943619626,0.0025338823767669964,0.0,0.03,0.06,0.09,0.41,0.88,1.0,0.0025338823767669964,0.019522967108545553,0.03748536049912244,0.06954108527759342,0.122288967140631,0.1698091629286193,0.19801744800521312
Qwen/Qwen3-8B,1,composition,,dev_B,B,3,score,positional,minus_bias_only,200,200,0.043223608398801974,0.009233938602305194,0.0,0.1,0.175,0.395,0.44,0.905,1.0,0.009233938602305194,0.06773154942390906,0.12363595890968178,0.210480028622098,0.32574390762066885,0.4088186547198387,0.4513159334370562
Qwen/Qwen3-8B,1,composition,,dev_B,B,3,score,positional,shuffled_program_bias,200,200,0.026306139082679234,0.003113825170394966,0.0,0.045,0.085,0.15,0.33,0.79,1.0,0.003113825170394966,0.022007066700722458,0.039273705404973026,0.06604237266952233,0.10425321336284316,0.13572177363535207,0.15372828988726359
Qwen/Qwen3-8B,1,composition,,dev_B,B,3,score,bigram,own_target,200,200,0.08418205458442837,0.01598288838729822,0.005,0.165,0.36,0.575,0.835,0.97,1.0,0.01598288838729822,0.11421515187424643,0.2040256360413209,0.3375592176928084,0.5050813147602906,0.6172984085697911,0.6708812523162756
Qwen/Qwen3-8B,1,composition,,dev_B,B,3,score,bigram,minus_bias_only,200,200,0.06347118341176587,0.0021866841554398385,0.0,0.1,0.295,0.715,1.0,1.0,1.0,0.0021866841554398385,0.01699234158454862,0.0329062221410537,0.061885795203998235,0.11065528341293658,0.15480337064669636,0.18069369796964904
Qwen/Qwen3-8B,1,composition,,dev_B,B,3,score,bigram,shuffled_program_bias,200,200,0.06650195330952392,0.021843773308531524,0.04,0.055,0.1,0.18,0.435,0.83,1.0,0.021843773308531524,0.05606487227703714,0.06198007925977211,0.06911211446789785,0.08049339165815654,0.09083503385363383,0.09688918802421462
Qwen/Qwen3-8B,1,composition,,dev_B,B,3,score,positional_bigram,own_target,200,200,0.08418205458442837,0.015982888387298194,0.005,0.165,0.36,0.575,0.835,0.97,1.0,0.015982888387298194,0.1142151518742462,0.2040256360413205,0.3375592176928077,0.5050813147602898,0.6172984085697903,0.6708812523162747
Qwen/Qwen3-8B,1,composition,,dev_B,B,3,score,positional_bigram,minus_bias_only,200,200,0.06347118341176587,0.002186684155439847,0.0,0.1,0.295,0.715,1.0,1.0,1.0,0.002186684155439847,0.01699234158454868,0.032906222141053806,0.06188579520399842,0.11065528341293682,0.15480337064669666,0.18069369796964924
Qwen/Qwen3-8B,1,composition,,dev_B,B,3,score,positional_bigram,shuffled_program_bias,200,200,0.06650195330952392,0.021843773308531492,0.04,0.055,0.1,0.18,0.435,0.83,1.0,0.021843773308531492,0.05606487227703714,0.06198007925977212,0.06911211446789789,0.08049339165815661,0.09083503385363391,0.09688918802421474
Qwen/Qwen3-8B,1,composition,,dev_B,B,3,score,full,own_target,200,200,0.09263505073706564,0.019724983171917888,0.005,0.24,0.385,0.56,0.835,0.965,1.0,0.019724983171917888,0.1345864915925903,0.23162359915422243,0.36627724254982846,0.52680987790058,0.6334030552097174,0.6849363849107055
Qwen/Qwen3-8B,1,composition,,dev_B,B,3,score,full,minus_bias_only,200,200,0.053334069491641316,0.004191560563031034,0.0,0.08,0.205,0.715,1.0,1.0,1.0,0.004191560563031034,0.0314881616202814,0.058888548282161286,0.10443380107702602,0.17205546288381168,0.22825193572439506,0.26065503666720763
Qwen/Qwen3-8B,1,composition,,dev_B,B,3,score,full,shuffled_program_bias,200,200,0.06702009348201277,0.016316707024869107,0.045,0.055,0.1,0.165,0.455,0.83,1.0,0.016316707024869107,0.05244297013894695,0.0609129654558416,0.06968301327185968,0.08252912402650868,0.0937306644180844,0.10024603194000328
Qwen/Qwen3-8B,1,composition,,dev_B,B,3,score,train_frequency,task_blind,200,200,0.009924886738241658,0.00038095238095238107,0.0,0.0,0.0,0.0,0.0,0.4565217391304347,1.0,0.00038095238095238107,0.003043558650075675,0.0060778540508949,0.012118767791925823,0.02409067105105702,0.03738572844563032,0.046511695822809625
Qwen/Qwen3-8B,1,composition,,dev_B,B,3,score,train_antifrequency,task_blind,200,200,0.09601494013013269,0.02062461850020644,0.021739130434782594,0.17391304347826084,0.3478260869565217,0.6956521739130433,1.0,1.0,1.0,0.02062461850020644,0.15356529081616016,0.2835482830888684,0.4866969373350916,0.7365199658588253,0.8755719490071155,0.9260994155389659
Qwen/Qwen3-8B,1,composition,,dev_B,B,3,score,train_unseen_first,task_blind,200,200,0.09601494013013269,0.013322235759508442,0.021739130434782594,0.17391304347826084,0.3478260869565217,0.6956521739130433,1.0,1.0,1.0,0.013322235759508442,0.1017386189623677,0.19312649133636564,0.348955141016836,0.5761405915915921,0.738462417123654,0.812967261787282
Qwen/Qwen3-8B,1,composition,,dev_C,C,3,score,raw,own_target,200,200,0.32536691807391,0.12719907900749905,0.21,0.535,0.72,0.865,0.98,0.99,1.0,0.12719907900749905,0.4115936755937612,0.5559896532551701,0.7057188058686432,0.8316603742866809,0.8879349702699288,0.9084189937832765
Qwen/Qwen3-8B,1,composition,,dev_C,C,3,score,unigram,own_target,200,200,0.2810610394404974,0.12645596476431475,0.18,0.46,0.655,0.85,0.955,0.995,1.0,0.12645596476431475,0.38023938463323725,0.5126049363752373,0.6594337006922872,0.7925221465635852,0.8575846339811695,0.882793263952042
Qwen/Qwen3-8B,1,composition,,dev_C,C,3,score,unigram,minus_bias_only,200,200,0.02931087351148327,0.010023784206575046,0.0,0.04,0.075,0.21,0.515,0.76,1.0,0.010023784206575046,0.07517127906516452,0.14035002791850934,0.24798957823663398,0.4031930358219013,0.5213021953143097,0.5820239546979087
Qwen/Qwen3-8B,1,composition,,dev_C,C,3,score,unigram,shuffled_program_bias,200,200,0.2564501594201728,0.12498263043019009,0.14,0.41,0.605,0.83,0.985,0.99,1.0,0.12498263043019009,0.35735111004201575,0.46629911211931657,0.5854397009822234,0.7060382802245962,0.7795692031891054,0.8133664111121136
Qwen/Qwen3-8B,1,composition,,dev_C,C,3,score,positional,own_target,200,200,0.2996803423168355,0.12319856538813603,0.185,0.5,0.675,0.85,0.965,0.995,1.0,0.12319856538813603,0.38102148141958814,0.5145925435808982,0.6540919995365377,0.776508366576208,0.8387046548856476,0.8645229668296668
Qwen/Qwen3-8B,1,composition,,dev_C,C,3,score,positional,minus_bias_only,200,200,0.02289295106219786,0.006375704027581739,0.0,0.0,0.04,0.24,0.55,0.85,1.0,0.006375704027581739,0.048910615997900135,0.09345156433327574,0.17163315628696396,0.29518589096432335,0.3983840375668223,0.45481870979957834
Qwen/Qwen3-8B,1,composition,,dev_C,C,3,score,positional,shuffled_program_bias,200,200,0.25537755499536674,0.11309642590627171,0.16,0.405,0.57,0.81,0.98,0.995,1.0,0.11309642590627171,0.3282728837806765,0.4325889504659463,0.5485276505883284,0.6671658706248812,0.7394002001015306,0.7728552811929348
Qwen/Qwen3-8B,1,composition,,dev_C,C,3,score,bigram,own_target,200,200,0.28951001240403834,0.10396157412135215,0.16,0.495,0.635,0.825,0.93,0.985,1.0,0.10396157412135215,0.3548017671230616,0.48465146371472423,0.6225507113003858,0.751695807963289,0.8214976260145929,0.8508770005481102
Qwen/Qwen3-8B,1,composition,,dev_C,C,3,score,bigram,minus_bias_only,200,200,0.014601880487758115,0.0001303900573777817,0.0,0.0,0.0,0.0,0.42,0.755,1.0,0.0001303900573777817,0.0010419484827018505,0.0020812252274491484,0.004151808498791147,0.008261405976318102,0.01283512463251091,0.015980930933962766
Qwen/Qwen3-8B,1,composition,,dev_C,C,3,score,bigram,shuffled_program_bias,200,200,0.1703483458606182,0.05785872000648697,0.05,0.315,0.5,0.755,0.96,0.99,1.0,0.05785872000648697,0.17298542949381243,0.22128973625659817,0.27787934145083537,0.345072018838797,0.39160575599988623,0.4149953907481832
Qwen/Qwen3-8B,1,composition,,dev_C,C,3,score,positional_bigram,own_target,200,200,0.28951001240403834,0.10396157412135232,0.16,0.495,0.635,0.825,0.93,0.985,1.0,0.10396157412135232,0.35480176712306194,0.4846514637147245,0.6225507113003861,0.7516958079632892,0.821497626014593,0.8508770005481102
Qwen/Qwen3-8B,1,composition,,dev_C,C,3,score,positional_bigram,minus_bias_only,200,200,0.014601880487758115,0.00013039005737778254,0.0,0.0,0.0,0.0,0.42,0.755,1.0,0.00013039005737778254,0.0010419484827018572,0.0020812252274491614,0.004151808498791174,0.008261405976318154,0.01283512463251099,0.015980930933962866
Qwen/Qwen3-8B,1,composition,,dev_C,C,3,score,positional_bigram,shuffled_program_bias,200,200,0.1703483458606182,0.05785872000648707,0.05,0.315,0.5,0.755,0.96,0.99,1.0,0.05785872000648706,0.17298542949381265,0.2212897362565983,0.2778793414508356,0.3450720188387973,0.39160575599988645,0.4149953907481834
Qwen/Qwen3-8B,1,composition,,dev_C,C,3,score,full,own_target,200,200,0.2956602828303042,0.10532022566111227,0.18,0.495,0.645,0.8,0.89,0.985,1.0,0.10532022566111227,0.3470502673051075,0.4795719195542595,0.6233421754694847,0.7556481773310213,0.8239727048558149,0.8517817099305777
Qwen/Qwen3-8B,1,composition,,dev_C,C,3,score,full,minus_bias_only,200,200,0.014562408144492403,0.0002767330258867333,0.0,0.0,0.0,0.07,0.305,0.785,1.0,0.0002767330258867333,0.0022062040186741796,0.004395032095772233,0.008721401172977981,0.017174722900222764,0.026380083171484613,0.032591624204765274
Qwen/Qwen3-8B,1,composition,,dev_C,C,3,score,full,shuffled_program_bias,200,200,0.18731784400728219,0.07448932924127133,0.085,0.315,0.505,0.75,0.96,0.99,1.0,0.07448932924127133,0.22554850443049446,0.2857028615575035,0.3515504219634552,0.42050455706450285,0.4654012281641947,0.4881563807811944
Qwen/Qwen3-8B,1,composition,,dev_C,C,3,score,train_frequency,task_blind,200,200,0.07661139764621193,0.022584761904761903,0.015,0.1475,0.273,0.605,0.87125,1.0,1.0,0.022584761904761903,0.1632201000493237,0.2928084959791996,0.48125881257170655,0.6964288627361668,0.8187367236456996,0.8692977157523072
Qwen/Qwen3-8B,1,composition,,dev_C,C,3,score,train_antifrequency,task_blind,200,200,0.014179615320010273,0.0011873236021688425,0.0,0.0,0.0,0.0,0.3766666666666667,0.8457142857142855,1.0,0.0011873236021688425,0.009447212271611634,0.018778073417212424,0.03709755052038183,0.07241363541682257,0.11014106533919668,0.13516137344557785
Qwen/Qwen3-8B,1,composition,,dev_C,C,3,score,train_unseen_first,task_blind,200,200,0.0139427801280884,0.008944282379610966,0.0,0.0,0.0,0.0,0.358549947234824,0.8043575934481997,1.0,0.008944282379610966,0.06872441286090299,0.13140809649694923,0.24108764878545877,0.4111741170609642,0.5472500862783856,0.6182362794937434
Qwen/Qwen3-8B,1,composition,,dev_D,D,3,score,raw,own_target,200,200,0.01803473063417266,0.0021357949691825197,0.0,0.01,0.025,0.08,0.36,0.805,1.0,0.0021357949691825197,0.01654361371355624,0.03197367332165261,0.060133162420675325,0.10849528173406998,0.1540746636115715,0.18171162520399456
Qwen/Qwen3-8B,1,composition,,dev_D,D,3,score,unigram,own_target,200,200,0.020472014157227304,0.0019787472875280065,0.0,0.02,0.035,0.065,0.31,0.845,1.0,0.0019787472875280065,0.015134517036391211,0.028900453343369308,0.053381351111428194,0.0943604611371802,0.13271471238477126,0.15615180258447642
Qwen/Qwen3-8B,1,composition,,dev_D,D,3,score,unigram,minus_bias_only,200,200,0.029544401192362662,0.0076436043667725126,0.0,0.04,0.085,0.235,0.665,0.83,1.0,0.0076436043667725126,0.05816552984661007,0.11017826363046847,0.19926077366597586,0.33456081131739224,0.44309835549772897,0.5010647362913966
Qwen/Qwen3-8B,1,composition,,dev_D,D,3,score,unigram,shuffled_program_bias,200,200,0.016721336744420293,0.001095912977047611,0.0,0.01,0.015,0.06,0.29,0.76,1.0,0.001095912977047611,0.008603549515029294,0.016850489660547155,0.032377715012394746,0.0601647651338998,0.08732274433716074,0.10418984714218477
Qwen/Qwen3-8B,1,composition,,dev_D,D,3,score,positional,own_target,200,200,0.020069780123303228,0.002167158267387834,0.0,0.02,0.04,0.085,0.345,0.885,1.0,0.002167158267387834,0.016555593411863037,0.03155911666145357,0.058057858185461796,0.10182822282958628,0.14230498234087124,0.16695910757056862
Qwen/Qwen3-8B,1,composition,,dev_D,D,3,score,positional,minus_bias_only,200,200,0.04526353463655299,0.009579216951401905,0.0,0.115,0.22,0.39,0.455,0.88,1.0,0.009579216951401905,0.07025992951022225,0.12817769447429578,0.21770645344428316,0.33464907740652494,0.41685818253259527,0.4582740972596065
Qwen/Qwen3-8B,1,composition,,dev_D,D,3,score,positional,shuffled_program_bias,200,200,0.020301405732367758,0.0016882077723256506,0.0,0.02,0.06,0.095,0.245,0.785,1.0,0.0016882077723256506,0.012467106622986557,0.023049457438001842,0.04061177570331237,0.06783566327136524,0.09182503650245433,0.10594495280881164
Qwen/Qwen3-8B,1,composition,,dev_D,D,3,score,bigram,own_target,200,200,0.06478741144042102,0.012894733021160301,0.005,0.11,0.28,0.515,0.855,0.995,1.0,0.012894733021160301,0.09422128905019381,0.1717544734316889,0.29295987935234663,0.4563346083019313,0.5738297374396398,0.6323218541678535
Qwen/Qwen3-8B,1,composition,,dev_D,D,3,score,bigram,minus_bias_only,200,200,0.06364111151663178,0.002166935951509542,0.0,0.115,0.325,0.73,1.0,1.0,1.0,0.002166935951509542,0.01687131532535199,0.0327417268404702,0.06182744375327881,0.1113616646905767,0.15687444834740952,0.18385552151429846
Qwen/Qwen3-8B,1,composition,,dev_D,D,3,score,bigram,shuffled_program_bias,200,200,0.036147305550375694,0.00930486215543863,0.01,0.035,0.07,0.11,0.365,0.825,1.0,0.00930486215543863,0.027175080516852176,0.03434391308897775,0.04390282393951392,0.05657085481925567,0.06614355078375007,0.07125223416137547
Qwen/Qwen3-8B,1,composition,,dev_D,D,3,score,positional_bigram,own_target,200,200,0.06478741144042102,0.012894733021160277,0.005,0.11,0.28,0.515,0.855,0.995,1.0,0.012894733021160277,0.09422128905019363,0.17175447343168856,0.292959879352346,0.4563346083019305,0.573829737439639,0.6323218541678526
Qwen/Qwen3-8B,1,composition,,dev_D,D,3,score,positional_bigram,minus_bias_only,200,200,0.06364111151663178,0.00216693595150955,0.0,0.115,0.325,0.73,1.0,1.0,1.0,0.00216693595150955,0.01687131532535205,0.0327417268404703,0.061827443753278984,0.11136166469057697,0.15687444834740977,0.18385552151429874
Qwen/Qwen3-8B,1,composition,,dev_D,D,3,score,positional_bigram,shuffled_program_bias,200,200,0.036147305550375694,0.009304862155438619,0.01,0.035,0.07,0.11,0.365,0.825,1.0,0.009304862155438619,0.027175080516852187,0.03434391308897778,0.043902823939513974,0.056570854819255736,0.06614355078375017,0.07125223416137555
Qwen/Qwen3-8B,1,composition,,dev_D,D,3,score,full,own_target,200,200,0.08079153649188528,0.017034910733201875,0.005,0.195,0.305,0.535,0.825,0.985,1.0,0.017034910733201875,0.11768531102043538,0.20494233378620252,0.3301027766520388,0.48701768478176244,0.5966638960818834,0.6512749154705909
Qwen/Qwen3-8B,1,composition,,dev_D,D,3,score,full,minus_bias_only,200,200,0.053713091893181596,0.004138993851984101,0.0,0.07,0.235,0.755,1.0,1.0,1.0,0.004138993851984101,0.031249390177576872,0.05875990274504957,0.10523367169237369,0.17606698491225323,0.23625527146144853,0.2711725582594091
Qwen/Qwen3-8B,1,composition,,dev_D,D,3,score,full,shuffled_program_bias,200,200,0.03399839083924095,0.00738379600871063,0.01,0.035,0.065,0.105,0.395,0.825,1.0,0.00738379600871063,0.02562251318047669,0.033730030750916705,0.04381345733616403,0.056618445788837436,0.06621197006394021,0.0714132391631424
Qwen/Qwen3-8B,1,composition,,dev_D,D,3,score,train_frequency,task_blind,200,200,0.009928731380612718,0.00038285714285714296,0.0,0.0,0.0,0.0,0.0,0.45778985507246367,1.0,0.00038285714285714296,0.0030587359011821046,0.00610807009760975,0.012178649986015855,0.024208266866993178,0.03756573591336095,0.046733520136476
Qwen/Qwen3-8B,1,composition,,dev_D,D,3,score,train_antifrequency,task_blind,200,200,0.09629412926192338,0.020727741592707474,0.021847826086956505,0.17464734299516904,0.3489855072463767,0.696734299516908,1.0,1.0,1.0,0.020727741592707474,0.1542278953319737,0.2845821770612862,0.4879646202091368,0.7374999728884662,0.8761200363293937,0.9264430848377105
Qwen/Qwen3-8B,1,composition,,dev_D,D,3,score,train_unseen_first,task_blind,200,200,0.09629412926192338,0.013388846938305984,0.021847826086956505,0.17464734299516904,0.3489855072463767,0.696734299516908,1.0,1.0,1.0,0.013388846938305984,0.10220143852151051,0.19391511682023427,0.35010339700845594,0.5773720255474154,0.739434274644957,0.8137314603659405
Qwen/Qwen3-8B,2,atomic_control,,dev_A,A,3,score,raw,own_target,200,200,0.11666499606866555,0.03871849069063815,0.035,0.235,0.305,0.525,0.745,0.895,1.0,0.03871849069063815,0.12135897321285231,0.1560667568991584,0.18787049234397785,0.2136426874331014,0.22821351474048301,0.2353514182637943
Qwen/Qwen3-8B,2,atomic_control,,dev_A,A,3,score,unigram,own_target,200,200,0.11021165756253491,0.032085462710464245,0.05,0.175,0.37,0.6,0.795,0.895,1.0,0.032085462710464245,0.09786216468890764,0.1283292815644803,0.16556613173183138,0.2097200750630443,0.24185412518957364,0.2588562755483887
Qwen/Qwen3-8B,2,atomic_control,,dev_A,A,3,score,unigram,minus_bias_only,200,200,0.04886433995236289,0.013791789447885346,0.02,0.04,0.115,0.22,0.455,0.75,1.0,0.013791789447885346,0.030181122829092657,0.03675669791369371,0.045907439290031826,0.059772956383386984,0.07265486359238507,0.08041484978037775
Qwen/Qwen3-8B,2,atomic_control,,dev_A,A,3,score,unigram,shuffled_program_bias,200,200,0.12326531032782101,0.051224549654974715,0.055,0.205,0.28,0.495,0.77,0.91,1.0,0.051224549654974715,0.06968245876652249,0.07452984533808939,0.08280128556084229,0.09627767511028405,0.10780443068897266,0.11415971725814975
Qwen/Qwen3-8B,2,atomic_control,,dev_A,A,3,score,positional,own_target,200,200,0.10680703043200282,0.029475514806071367,0.03,0.205,0.41,0.59,0.83,0.935,1.0,0.029475514806071367,0.1355040204978439,0.19641056198624596,0.27247048331047213,0.3614903420010599,0.4230189487779157,0.4541344479784006
Qwen/Qwen3-8B,2,atomic_control,,dev_A,A,3,score,positional,minus_bias_only,200,200,0.0492856494030919,0.00935104822748034,0.02,0.05,0.1,0.26,0.58,0.855,1.0,0.00935104822748034,0.036636931045988044,0.0498624496959819,0.06768466605404083,0.0913731774404561,0.11024128014220097,0.12073306352238433
Qwen/Qwen3-8B,2,atomic_control,,dev_A,A,3,score,positional,shuffled_program_bias,200,200,0.11836988829518905,0.0517958993086787,0.06,0.21,0.33,0.535,0.775,0.91,1.0,0.0517958993086787,0.07504598892856881,0.08007225199412965,0.08804970480548753,0.10034076989668657,0.11106863343395659,0.11741609770491725
Qwen/Qwen3-8B,2,atomic_control,,dev_A,A,3,score,bigram,own_target,200,200,0.09804946561304266,0.0218194567318387,0.02,0.185,0.37,0.57,0.815,0.93,1.0,0.0218194567318387,0.1243790107521642,0.18919297757423514,0.26461101618859106,0.3498737351588309,0.4085566890531586,0.43817949484076074
Qwen/Qwen3-8B,2,atomic_control,,dev_A,A,3,score,bigram,minus_bias_only,200,200,0.0376294373760988,0.005845484788295167,0.0,0.045,0.105,0.235,0.57,0.865,1.0,0.005845484788295167,0.038013273190192785,0.06254269025678327,0.09333677691562149,0.12881387185970353,0.15359926718858688,0.16613576422282342
Qwen/Qwen3-8B,2,atomic_control,,dev_A,A,3,score,bigram,shuffled_program_bias,200,200,0.12427969820454124,0.06242269926604058,0.07,0.205,0.305,0.52,0.78,0.905,1.0,0.06242269926604058,0.07638853775485209,0.08142850874504273,0.0887232668897861,0.09796706112584964,0.10477524835881613,0.10848443513042624
Qwen/Qwen3-8B,2,atomic_control,,dev_A,A,3,score,positional_bigram,own_target,200,200,0.09804946561304266,0.021819456731838747,0.02,0.185,0.37,0.57,0.815,0.93,1.0,0.021819456731838747,0.12437901075216437,0.18919297757423537,0.26461101618859134,0.3498737351588312,0.4085566890531589,0.43817949484076096
Qwen/Qwen3-8B,2,atomic_control,,dev_A,A,3,score,positional_bigram,minus_bias_only,200,200,0.0376294373760988,0.005845484788295143,0.0,0.045,0.105,0.235,0.57,0.865,1.0,0.005845484788295143,0.03801327319019272,0.06254269025678326,0.09333677691562162,0.12881387185970378,0.15359926718858719,0.16613576422282378
Qwen/Qwen3-8B,2,atomic_control,,dev_A,A,3,score,positional_bigram,shuffled_program_bias,200,200,0.12427969820454124,0.06242269926604061,0.07,0.205,0.305,0.52,0.78,0.905,1.0,0.06242269926604061,0.07638853775485206,0.08142850874504265,0.08872326688978596,0.09796706112584941,0.10477524835881588,0.10848443513042592
Qwen/Qwen3-8B,2,atomic_control,,dev_A,A,3,score,full,own_target,200,200,0.10317525948445258,0.023244942798658776,0.03,0.195,0.34,0.565,0.815,0.94,1.0,0.023244942798658776,0.13519918451028165,0.21391687042375893,0.30966872488685476,0.41304911190873883,0.47862143234989885,0.5100409270197899
Qwen/Qwen3-8B,2,atomic_control,,dev_A,A,3,score,full,minus_bias_only,200,200,0.04057061818294038,0.007673187763721636,0.0,0.08,0.125,0.285,0.615,0.875,1.0,0.007673187763721636,0.05044032701999434,0.08296566758584956,0.12108392071087408,0.15806138701739803,0.1819629297040736,0.1946757890499493
Qwen/Qwen3-8B,2,atomic_control,,dev_A,A,3,score,full,shuffled_program_bias,200,200,0.11560043832454406,0.05948467211442647,0.06,0.165,0.3,0.5,0.795,0.915,1.0,0.05948467211442647,0.07055400020670191,0.07704301182108778,0.08461810243799213,0.09284545768079312,0.09881650118000192,0.10199552226555021
Qwen/Qwen3-8B,2,atomic_control,,dev_A,A,3,score,train_frequency,task_blind,200,200,0.07518410567300605,0.023230476190476194,0.015,0.1275,0.312,0.65,0.8675,1.0,1.0,0.023230476190476194,0.16773864595650576,0.3004712403400752,0.49205271419594004,0.7069391248841798,0.8262803491206725,0.8749736050486825
Qwen/Qwen3-8B,2,atomic_control,,dev_A,A,3,score,train_antifrequency,task_blind,200,200,0.013813597036078255,0.0011901588505375442,0.0,0.0,0.0,0.0,0.30000000000000004,0.8242857142857142,1.0,0.0011901588505375442,0.009471090930378465,0.018828476031408647,0.03720838090782799,0.07267121904816198,0.11059722092639167,0.1357715385323209
Qwen/Qwen3-8B,2,atomic_control,,dev_A,A,3,score,train_unseen_first,task_blind,200,200,0.014007561805081305,0.00909131167900183,0.0,0.0,0.0,0.0,0.3644634479444606,0.8105423057954704,1.0,0.00909131167900183,0.06987116099389462,0.133622115254359,0.24515113930864682,0.41774930146932987,0.5550696537730985,0.6262384492399538
Qwen/Qwen3-8B,2,atomic_control,,dev_B,B,3,score,raw,own_target,200,200,0.02247817533462717,0.00014283193387606863,0.0,0.0,0.05,0.23,0.52,0.735,1.0,0.00014283193387606863,0.0011127989766123866,0.002161013290218935,0.0040850239682038245,0.0073669699743780116,0.010383085780444978,0.012169832479819686
Qwen/Qwen3-8B,2,atomic_control,,dev_B,B,3,score,unigram,own_target,200,200,0.0649469303070726,0.017000743826467827,0.02,0.145,0.18,0.305,0.44,0.73,1.0,0.017000743826467827,0.06443482814334468,0.08890745185994428,0.1156100011855588,0.14166987173939577,0.15716190981494266,0.16435785183217255
Qwen/Qwen3-8B,2,atomic_control,,dev_B,B,3,score,unigram,minus_bias_only,200,200,0.05901480820087112,0.0069697030829036395,0.0,0.17,0.265,0.46,0.725,0.78,1.0,0.0069697030829036395,0.044120079699292436,0.07109317559153633,0.10412070107260395,0.14368891484426685,0.17282870022177504,0.18774820569920653
Qwen/Qwen3-8B,2,atomic_control,,dev_B,B,3,score,unigram,shuffled_program_bias,200,200,0.04628646069485358,0.0064745834213658805,0.005,0.09,0.13,0.235,0.42,0.755,1.0,0.0064745834213658805,0.022078237394879015,0.028649271571484246,0.0348418772648188,0.040588816196759095,0.044117529605302706,0.045866982010368325
Qwen/Qwen3-8B,2,atomic_control,,dev_B,B,3,score,positional,own_target,200,200,0.057992169198253445,0.014094306095481141,0.015,0.11,0.17,0.295,0.5,0.815,1.0,0.014094306095481141,0.06452236382336005,0.09343453528895289,0.1282133126005874,0.16833848533465534,0.19679758877582848,0.21169982208267457
Qwen/Qwen3-8B,2,atomic_control,,dev_B,B,3,score,positional,minus_bias_only,200,200,0.06805177205622875,0.01593921264821357,0.0,0.095,0.345,0.475,0.585,0.92,1.0,0.01593921264821357,0.08384572667049373,0.12653406769072295,0.18526801513859914,0.26241018507254904,0.3179609026151454,0.3458967298502332
Qwen/Qwen3-8B,2,atomic_control,,dev_B,B,3,score,positional,shuffled_program_bias,200,200,0.050719059763839135,0.009616474966433659,0.01,0.07,0.135,0.27,0.555,0.735,1.0,0.009616474966433659,0.029062420890818372,0.036741089562201706,0.043621582537943404,0.05062463203441411,0.05572276313664692,0.058513848644372896
Qwen/Qwen3-8B,2,atomic_control,,dev_B,B,3,score,bigram,own_target,200,200,0.06103309637551387,0.013944958412187214,0.005,0.125,0.195,0.325,0.54,0.84,1.0,0.013944958412187214,0.07694317757671597,0.11642160252442978,0.16214095842742546,0.21116826516698228,0.2439088923960143,0.2606510056005827
Qwen/Qwen3-8B,2,atomic_control,,dev_B,B,3,score,bigram,minus_bias_only,200,200,0.09352483014718199,0.022558547872466618,0.045,0.2,0.365,0.52,0.605,1.0,1.0,0.022558547872466618,0.12225572532041752,0.188654029200273,0.2747576315628863,0.3670840681483208,0.4183492035328304,0.4396148554929532
Qwen/Qwen3-8B,2,atomic_control,,dev_B,B,3,score,bigram,shuffled_program_bias,200,200,0.038012622635708544,0.0017321471560562812,0.0,0.07,0.135,0.24,0.55,0.75,1.0,0.0017321471560562812,0.009016783415754109,0.013411990334739596,0.019265336956022696,0.0271209226446854,0.033309480574571955,0.03671653911931027
Qwen/Qwen3-8B,2,atomic_control,,dev_B,B,3,score,positional_bigram,own_target,200,200,0.06103309637551387,0.01394495841218714,0.005,0.125,0.195,0.325,0.54,0.84,1.0,0.01394495841218714,0.07694317757671568,0.1164216025244293,0.16214095842742482,0.2111682651669814,0.2439088923960132,0.2606510056005816
Qwen/Qwen3-8B,2,atomic_control,,dev_B,B,3,score,positional_bigram,minus_bias_only,200,200,0.09352483014718199,0.022558547872466538,0.045,0.2,0.365,0.52,0.605,1.0,1.0,0.022558547872466538,0.12225572532041772,0.18865402920027358,0.2747576315628874,0.36708406814832223,0.4183492035328317,0.43961485549295426
Qwen/Qwen3-8B,2,atomic_control,,dev_B,B,3,score,positional_bigram,shuffled_program_bias,200,200,0.038012622635708544,0.0017321471560562199,0.0,0.07,0.135,0.24,0.55,0.75,1.0,0.0017321471560562199,0.009016783415753906,0.013411990334739339,0.01926533695602236,0.02712092264468497,0.03330948057457147,0.03671653911930976
Qwen/Qwen3-8B,2,atomic_control,,dev_B,B,3,score,full,own_target,200,200,0.06815753314210099,0.016347469232465738,0.02,0.135,0.19,0.325,0.535,0.845,1.0,0.016347469232465738,0.08937089923615407,0.13716248792996574,0.19394737916941338,0.25282497328532894,0.2898465335917427,0.3080315168772897
Qwen/Qwen3-8B,2,atomic_control,,dev_B,B,3,score,full,minus_bias_only,200,200,0.048435940472857875,0.014057136468936695,0.0,0.1,0.32,0.52,0.585,0.92,1.0,0.014057136468936695,0.09744216584817846,0.16786286756424182,0.2595064920884991,0.351428701823695,0.4018769686376407,0.4238917298199145
Qwen/Qwen3-8B,2,atomic_control,,dev_B,B,3,score,full,shuffled_program_bias,200,200,0.03212431462936073,0.0006840700439653638,0.0,0.05,0.125,0.21,0.535,0.755,1.0,0.0006840700439653638,0.00448669497023771,0.007419562669501223,0.011115129456397999,0.015508018178290941,0.019004853820401374,0.02105828762994784
Qwen/Qwen3-8B,2,atomic_control,,dev_B,B,3,score,train_frequency,task_blind,200,200,0.009924886738241658,0.00038095238095238107,0.0,0.0,0.0,0.0,0.0,0.4565217391304347,1.0,0.00038095238095238107,0.003043558650075675,0.0060778540508949,0.012118767791925823,0.02409067105105702,0.03738572844563032,0.046511695822809625
Qwen/Qwen3-8B,2,atomic_control,,dev_B,B,3,score,train_antifrequency,task_blind,200,200,0.09601494013013269,0.02062461850020644,0.021739130434782594,0.17391304347826084,0.3478260869565217,0.6956521739130433,1.0,1.0,1.0,0.02062461850020644,0.15356529081616016,0.2835482830888684,0.4866969373350916,0.7365199658588253,0.8755719490071155,0.9260994155389659
Qwen/Qwen3-8B,2,atomic_control,,dev_B,B,3,score,train_unseen_first,task_blind,200,200,0.09601494013013269,0.013322235759508442,0.021739130434782594,0.17391304347826084,0.3478260869565217,0.6956521739130433,1.0,1.0,1.0,0.013322235759508442,0.1017386189623677,0.19312649133636564,0.348955141016836,0.5761405915915921,0.738462417123654,0.812967261787282
Qwen/Qwen3-8B,2,atomic_control,,dev_C,C,3,score,raw,own_target,200,200,0.07765695489546272,0.02470722256084055,0.025,0.145,0.215,0.415,0.685,0.865,1.0,0.02470722256084055,0.06736208841141801,0.08797279681215127,0.11170957046646574,0.136150994857447,0.15116891084003548,0.15828182830182785
Qwen/Qwen3-8B,2,atomic_control,,dev_C,C,3,score,unigram,own_target,200,200,0.07821754530813012,0.018584660774124906,0.02,0.135,0.23,0.49,0.78,0.89,1.0,0.018584660774124906,0.07350507689403461,0.09896165337828002,0.1255018241629482,0.1535950267462776,0.17285932429437217,0.1828410537946211
Qwen/Qwen3-8B,2,atomic_control,,dev_C,C,3,score,unigram,minus_bias_only,200,200,0.05208707730383578,0.012022394983694094,0.015,0.07,0.15,0.255,0.53,0.835,1.0,0.012022394983694094,0.032200911475435384,0.042708742862165805,0.055747950339266744,0.07249837345074621,0.08651537159946096,0.0945865733468364
Qwen/Qwen3-8B,2,atomic_control,,dev_C,C,3,score,unigram,shuffled_program_bias,200,200,0.07845870211263105,0.032601303529696216,0.035,0.115,0.215,0.355,0.715,0.87,1.0,0.032601303529696216,0.037551640739648666,0.03992567853614181,0.044205895604519624,0.05126271205914213,0.057451369156360246,0.06096963438123888
Qwen/Qwen3-8B,2,atomic_control,,dev_C,C,3,score,positional,own_target,200,200,0.07798719428247095,0.01945173723688538,0.02,0.145,0.235,0.48,0.76,0.915,1.0,0.01945173723688538,0.08848188359511623,0.13234106190242426,0.19088692561614476,0.26391555692229085,0.31719149275157976,0.3450667423376645
Qwen/Qwen3-8B,2,atomic_control,,dev_C,C,3,score,positional,minus_bias_only,200,200,0.04946194147150677,0.009285835152793211,0.015,0.055,0.13,0.26,0.59,0.855,1.0,0.009285835152793211,0.04127766753667103,0.05891856201742394,0.08025771849790785,0.1058233165546509,0.12575176861260232,0.13666393478936065
Qwen/Qwen3-8B,2,atomic_control,,dev_C,C,3,score,positional,shuffled_program_bias,200,200,0.07257648496435484,0.02569380004941941,0.03,0.11,0.21,0.39,0.71,0.905,1.0,0.02569380004941941,0.03420560972105257,0.03723373156670486,0.04142766540364447,0.047529962007129764,0.053168339828545956,0.056614206518531385
Qwen/Qwen3-8B,2,atomic_control,,dev_C,C,3,score,bigram,own_target,200,200,0.06714060139019297,0.01527249017251718,0.015,0.115,0.21,0.425,0.725,0.925,1.0,0.015272490172517184,0.08117857591629721,0.12302443140188318,0.1779434641766666,0.24834056505013455,0.300969781784635,0.32905070063760034
Qwen/Qwen3-8B,2,atomic_control,,dev_C,C,3,score,bigram,minus_bias_only,200,200,0.03600104677512042,0.005332552731685436,0.0,0.035,0.115,0.26,0.575,0.86,1.0,0.005332552731685436,0.03510093152373729,0.05836453380783715,0.08820579711479005,0.12274511462221646,0.14678558120500657,0.1590701666691152
Qwen/Qwen3-8B,2,atomic_control,,dev_C,C,3,score,bigram,shuffled_program_bias,200,200,0.06917336814098508,0.02593018192295748,0.025,0.105,0.19,0.4,0.73,0.905,1.0,0.02593018192295748,0.031065995670828687,0.0325553827487047,0.034919334060614926,0.03907228237596203,0.04303133766573149,0.045427762366494324
Qwen/Qwen3-8B,2,atomic_control,,dev_C,C,3,score,positional_bigram,own_target,200,200,0.06714060139019297,0.015272490172517226,0.015,0.115,0.21,0.425,0.725,0.925,1.0,0.015272490172517226,0.0811785759162974,0.1230244314018834,0.17794346417666695,0.24834056505013494,0.30096978178463546,0.3290507006376008
Qwen/Qwen3-8B,2,atomic_control,,dev_C,C,3,score,positional_bigram,minus_bias_only,200,200,0.03600104677512042,0.0053325527316854275,0.0,0.035,0.115,0.26,0.575,0.86,1.0,0.0053325527316854275,0.03510093152373732,0.05836453380783731,0.08820579711479044,0.12274511462221716,0.14678558120500737,0.15907016666911614
Qwen/Qwen3-8B,2,atomic_control,,dev_C,C,3,score,positional_bigram,shuffled_program_bias,200,200,0.06917336814098508,0.025930181922957495,0.025,0.105,0.19,0.4,0.73,0.905,1.0,0.025930181922957495,0.03106599567082868,0.03255538274870468,0.034919334060614884,0.039072282375961956,0.043031337665731396,0.04542776236649422
Qwen/Qwen3-8B,2,atomic_control,,dev_C,C,3,score,full,own_target,200,200,0.06404539420262073,0.013916139518235775,0.005,0.125,0.245,0.43,0.75,0.93,1.0,0.013916139518235775,0.09196855227254307,0.15461072063811157,0.23759415771849163,0.3319954511208538,0.3935403678191143,0.4237166233159158
Qwen/Qwen3-8B,2,atomic_control,,dev_C,C,3,score,full,minus_bias_only,200,200,0.0356424072169456,0.006726676275509691,0.0,0.04,0.12,0.285,0.585,0.875,1.0,0.006726676275509691,0.045455851220879084,0.07680332589661497,0.11662935587327895,0.1584573582418142,0.18543660306614296,0.19946496887942203
Qwen/Qwen3-8B,2,atomic_control,,dev_C,C,3,score,full,shuffled_program_bias,200,200,0.06790941852930497,0.0246970518154572,0.025,0.095,0.185,0.37,0.74,0.905,1.0,0.0246970518154572,0.027330094753110445,0.029233883617722327,0.032173470182624404,0.0361714126683172,0.03934841557557252,0.041162966424117944
Qwen/Qwen3-8B,2,atomic_control,,dev_C,C,3,score,train_frequency,task_blind,200,200,0.07661139764621193,0.022584761904761903,0.015,0.1475,0.273,0.605,0.87125,1.0,1.0,0.022584761904761903,0.1632201000493237,0.2928084959791996,0.48125881257170655,0.6964288627361668,0.8187367236456996,0.8692977157523072
Qwen/Qwen3-8B,2,atomic_control,,dev_C,C,3,score,train_antifrequency,task_blind,200,200,0.014179615320010273,0.0011873236021688425,0.0,0.0,0.0,0.0,0.3766666666666667,0.8457142857142855,1.0,0.0011873236021688425,0.009447212271611634,0.018778073417212424,0.03709755052038183,0.07241363541682257,0.11014106533919668,0.13516137344557785
Qwen/Qwen3-8B,2,atomic_control,,dev_C,C,3,score,train_unseen_first,task_blind,200,200,0.0139427801280884,0.008944282379610966,0.0,0.0,0.0,0.0,0.358549947234824,0.8043575934481997,1.0,0.008944282379610966,0.06872441286090299,0.13140809649694923,0.24108764878545877,0.4111741170609642,0.5472500862783856,0.6182362794937434
Qwen/Qwen3-8B,2,atomic_control,,dev_D,D,3,score,raw,own_target,200,200,0.022749179005868855,0.00017696724365199836,0.0,0.0,0.05,0.235,0.54,0.725,1.0,0.00017696724365199836,0.0013581425248589604,0.0025938170474743517,0.004750273742063158,0.008095959996075588,0.010822653006251404,0.012304273807896142
Qwen/Qwen3-8B,2,atomic_control,,dev_D,D,3,score,unigram,own_target,200,200,0.06291141461133973,0.017905391315459717,0.01,0.135,0.18,0.28,0.495,0.77,1.0,0.017905391315459717,0.07502197957526824,0.09939694066920385,0.1212606822495054,0.1414260047163327,0.15318195863321088,0.15837500095789633
Qwen/Qwen3-8B,2,atomic_control,,dev_D,D,3,score,unigram,minus_bias_only,200,200,0.05450598938217681,0.0052833980493645115,0.0,0.135,0.275,0.485,0.725,0.75,1.0,0.0052833980493645115,0.034014546680896825,0.05579976671657061,0.08414286459102543,0.1204771369394977,0.14860475491652567,0.16359332809721835
Qwen/Qwen3-8B,2,atomic_control,,dev_D,D,3,score,unigram,shuffled_program_bias,200,200,0.04300369769709048,0.0020736333354229187,0.0,0.085,0.135,0.245,0.435,0.795,1.0,0.0020736333354229187,0.00976576956890991,0.013683424206651494,0.018581381279638882,0.025562536386107667,0.03155758590830662,0.034939514779420734
Qwen/Qwen3-8B,2,atomic_control,,dev_D,D,3,score,positional,own_target,200,200,0.05824799764349214,0.013814021842212509,0.01,0.115,0.18,0.295,0.55,0.825,1.0,0.013814021842212509,0.07000798653833584,0.10178866418468459,0.13665034637705414,0.17470413324810305,0.20250363140991026,0.21776895495496576
Qwen/Qwen3-8B,2,atomic_control,,dev_D,D,3,score,positional,minus_bias_only,200,200,0.07222933053386899,0.019390937876890176,0.0,0.1,0.31,0.43,0.535,0.935,1.0,0.019390937876890176,0.09462457905217408,0.1346523192876833,0.18604941904948213,0.2525369295984342,0.29949816874248525,0.322744588730086
Qwen/Qwen3-8B,2,atomic_control,,dev_D,D,3,score,positional,shuffled_program_bias,200,200,0.04199722145742285,0.002693824860416484,0.0,0.08,0.205,0.27,0.56,0.755,1.0,0.002693824860416484,0.013498888278488575,0.019131227807624777,0.025481219913153944,0.03363611909256176,0.040463653386676325,0.04442570729018222
Qwen/Qwen3-8B,2,atomic_control,,dev_D,D,3,score,bigram,own_target,200,200,0.06475384334047994,0.015084887316381463,0.005,0.135,0.185,0.35,0.625,0.9,1.0,0.015084887316381461,0.08297495361673926,0.12380956096728585,0.16979724472403668,0.2217807026075972,0.25988094730403816,0.28044500867943806
Qwen/Qwen3-8B,2,atomic_control,,dev_D,D,3,score,bigram,minus_bias_only,200,200,0.10897679833709492,0.026297961419062165,0.065,0.2,0.34,0.465,0.58,1.0,1.0,0.026297961419062165,0.1312250505304556,0.1912693549802762,0.2638998762029903,0.33927533677615246,0.3813285133551458,0.3991036067931729
Qwen/Qwen3-8B,2,atomic_control,,dev_D,D,3,score,bigram,shuffled_program_bias,200,200,0.03893012697283583,0.0003110190577695639,0.0,0.1,0.185,0.25,0.545,0.74,1.0,0.0003110190577695639,0.0024058428368028536,0.004637169189598417,0.00865258420123708,0.01530321943207036,0.021259157023356286,0.024744653923458673
Qwen/Qwen3-8B,2,atomic_control,,dev_D,D,3,score,positional_bigram,own_target,200,200,0.06475384334047994,0.015084887316381346,0.005,0.135,0.185,0.35,0.625,0.9,1.0,0.015084887316381346,0.08297495361673876,0.12380956096728526,0.16979724472403604,0.22178070260759652,0.25988094730403755,0.28044500867943745
Qwen/Qwen3-8B,2,atomic_control,,dev_D,D,3,score,positional_bigram,minus_bias_only,200,200,0.10897679833709492,0.026297961419062,0.065,0.2,0.34,0.465,0.58,1.0,1.0,0.026297961419062,0.13122505053045558,0.19126935498027656,0.26389987620299116,0.33927533677615357,0.38132851335514695,0.3991036067931739
Qwen/Qwen3-8B,2,atomic_control,,dev_D,D,3,score,positional_bigram,shuffled_program_bias,200,200,0.03893012697283583,0.0003110190577695539,0.0,0.1,0.185,0.25,0.545,0.74,1.0,0.0003110190577695539,0.0024058428368027795,0.0046371691895982815,0.008652584201236857,0.015303219432070034,0.021259157023355905,0.024744653923458274
Qwen/Qwen3-8B,2,atomic_control,,dev_D,D,3,score,full,own_target,200,200,0.07548617256629685,0.018100056848679876,0.02,0.125,0.185,0.325,0.59,0.885,1.0,0.018100056848679876,0.10070990097412896,0.15163094477698638,0.2084692929195378,0.27031156284408725,0.3136077200510378,0.3361075964499973
Qwen/Qwen3-8B,2,atomic_control,,dev_D,D,3,score,full,minus_bias_only,200,200,0.047938764730184644,0.013996975941903038,0.0,0.11,0.31,0.465,0.535,0.935,1.0,0.013996975941903038,0.09623211292273737,0.1643752166049493,0.2505002264548171,0.3324855590099952,0.37489352375348434,0.3927376599675903
Qwen/Qwen3-8B,2,atomic_control,,dev_D,D,3,score,full,shuffled_program_bias,200,200,0.03497465050134695,0.00011007424216617098,0.0,0.08,0.185,0.22,0.52,0.735,1.0,0.00011007424216617098,0.000870130337605557,0.0017170459231845864,0.00334548986970382,0.006367512861528788,0.009447492686826596,0.01141835173410818
Qwen/Qwen3-8B,2,atomic_control,,dev_D,D,3,score,train_frequency,task_blind,200,200,0.009928731380612718,0.00038285714285714296,0.0,0.0,0.0,0.0,0.0,0.45778985507246367,1.0,0.00038285714285714296,0.0030587359011821046,0.00610807009760975,0.012178649986015855,0.024208266866993178,0.03756573591336095,0.046733520136476
Qwen/Qwen3-8B,2,atomic_control,,dev_D,D,3,score,train_antifrequency,task_blind,200,200,0.09629412926192338,0.020727741592707474,0.021847826086956505,0.17464734299516904,0.3489855072463767,0.696734299516908,1.0,1.0,1.0,0.020727741592707474,0.1542278953319737,0.2845821770612862,0.4879646202091368,0.7374999728884662,0.8761200363293937,0.9264430848377105
Qwen/Qwen3-8B,2,atomic_control,,dev_D,D,3,score,train_unseen_first,task_blind,200,200,0.09629412926192338,0.013388846938305984,0.021847826086956505,0.17464734299516904,0.3489855072463767,0.696734299516908,1.0,1.0,1.0,0.013388846938305984,0.10220143852151051,0.19391511682023427,0.35010339700845594,0.5773720255474154,0.739434274644957,0.8137314603659405
Qwen/Qwen3-8B,2,composition,,dev_A,A,3,score,raw,own_target,200,200,0.41373384556321285,0.17040197558456888,0.28,0.66,0.78,0.92,0.995,1.0,1.0,0.17040197558456888,0.4974156382329921,0.640142537809452,0.7699410418043322,0.8714994593024487,0.9174670940281524,0.934711737512128
Qwen/Qwen3-8B,2,composition,,dev_A,A,3,score,unigram,own_target,200,200,0.3588662966839928,0.16118095535917326,0.265,0.525,0.69,0.89,0.98,1.0,1.0,0.16118095535917326,0.43635305777586325,0.5664882055612654,0.6999843940603481,0.8151221292735852,0.8712785133505705,0.8936132858134394
Qwen/Qwen3-8B,2,composition,,dev_A,A,3,score,unigram,minus_bias_only,200,200,0.028474539588947013,0.007797917018684382,0.0,0.03,0.075,0.185,0.425,0.72,1.0,0.007797917018684382,0.058701715027588,0.11009761368809558,0.1963443363754991,0.32494172107029173,0.42753601462412405,0.48242546817108933
Qwen/Qwen3-8B,2,composition,,dev_A,A,3,score,unigram,shuffled_program_bias,200,200,0.28473922867577867,0.1590503017767735,0.175,0.505,0.62,0.78,0.995,1.0,1.0,0.1590503017767735,0.37319874385733875,0.4649334931963162,0.5651724673818288,0.6634589228092688,0.7235813706132038,0.7526050302492935
Qwen/Qwen3-8B,2,composition,,dev_A,A,3,score,positional,own_target,200,200,0.37422134267649626,0.16320962269579728,0.275,0.54,0.73,0.9,0.99,0.995,1.0,0.16320962269579728,0.43797783794645057,0.564275389736352,0.691138072891643,0.8018851962081484,0.8585043815429995,0.8819502197348129
Qwen/Qwen3-8B,2,composition,,dev_A,A,3,score,positional,minus_bias_only,200,200,0.02315102437467802,0.004612553014598367,0.0,0.0,0.05,0.22,0.55,0.845,1.0,0.004612553014598367,0.03567690134628162,0.06874090872804497,0.12806998906900532,0.22522246319927341,0.3099317307777769,0.3579420094513715
Qwen/Qwen3-8B,2,composition,,dev_A,A,3,score,positional,shuffled_program_bias,200,200,0.2757377648020355,0.1484210646048182,0.185,0.425,0.595,0.775,0.985,1.0,1.0,0.1484210646048182,0.33756871748359774,0.4204048492822244,0.518226602318004,0.6225703417362226,0.6878740742556013,0.7187523725659263
Qwen/Qwen3-8B,2,composition,,dev_A,A,3,score,bigram,own_target,200,200,0.3799413808009271,0.14171724564928978,0.265,0.6,0.755,0.85,0.965,0.995,1.0,0.14171724564928978,0.4196921375407116,0.5499546952183529,0.6772088793597739,0.7919183297915268,0.8543129959636232,0.8808357461428389
Qwen/Qwen3-8B,2,composition,,dev_A,A,3,score,bigram,minus_bias_only,200,200,0.014776260273760541,5.5282309680926116e-05,0.0,0.0,0.0,0.0,0.375,0.765,1.0,5.5282309680926116e-05,0.00044205727914326974,0.0008836551444871835,0.001765475623575228,0.003523636422569667,0.005492882877457155,0.006855039053716994
Qwen/Qwen3-8B,2,composition,,dev_A,A,3,score,bigram,shuffled_program_bias,200,200,0.18869798313064462,0.07800237681844276,0.075,0.355,0.575,0.775,0.985,1.0,1.0,0.07800237681844276,0.17300074149724157,0.21332305498545623,0.26064594502277205,0.3164277204460772,0.3571763070009172,0.37884336427239157
Qwen/Qwen3-8B,2,composition,,dev_A,A,3,score,positional_bigram,own_target,200,200,0.3799413808009271,0.14171724564928997,0.265,0.6,0.755,0.85,0.965,0.995,1.0,0.14171724564928997,0.4196921375407119,0.5499546952183532,0.6772088793597739,0.7919183297915267,0.8543129959636232,0.8808357461428388
Qwen/Qwen3-8B,2,composition,,dev_A,A,3,score,positional_bigram,minus_bias_only,200,200,0.014776260273760541,5.528230968092648e-05,0.0,0.0,0.0,0.0,0.375,0.765,1.0,5.528230968092648e-05,0.00044205727914327266,0.0008836551444871893,0.00176547562357524,0.0035236364225696903,0.005492882877457192,0.006855039053717038
Qwen/Qwen3-8B,2,composition,,dev_A,A,3,score,positional_bigram,shuffled_program_bias,200,200,0.18869798313064462,0.07800237681844285,0.075,0.355,0.575,0.775,0.985,1.0,1.0,0.07800237681844285,0.1730007414972417,0.21332305498545637,0.2606459450227722,0.3164277204460775,0.35717630700091746,0.37884336427239185
Qwen/Qwen3-8B,2,composition,,dev_A,A,3,score,full,own_target,200,200,0.3248923459993399,0.13098375075468,0.2,0.54,0.675,0.865,0.97,0.995,1.0,0.13098375075468,0.3987356054111782,0.537283337629242,0.6767771055515628,0.8000285825255962,0.8655045877920433,0.8926642696619619
Qwen/Qwen3-8B,2,composition,,dev_A,A,3,score,full,minus_bias_only,200,200,0.014700008238585461,0.00011886078955925906,0.0,0.0,0.0,0.02,0.355,0.785,1.0,0.00011886078955925906,0.0009495498188372064,0.001896053661103962,0.003779979942439341,0.007511898641614108,0.011653960753565151,0.014495917309123458
Qwen/Qwen3-8B,2,composition,,dev_A,A,3,score,full,shuffled_program_bias,200,200,0.2108787429268394,0.09501069330551286,0.095,0.35,0.535,0.74,0.985,0.995,1.0,0.09501069330551286,0.23768350247061026,0.29502392843023684,0.35397094251747824,0.41519587858796997,0.4559945195853687,0.4766983561629081
Qwen/Qwen3-8B,2,composition,,dev_A,A,3,score,train_frequency,task_blind,200,200,0.07518410567300605,0.023230476190476194,0.015,0.1275,0.312,0.65,0.8675,1.0,1.0,0.023230476190476194,0.16773864595650576,0.3004712403400752,0.49205271419594004,0.7069391248841798,0.8262803491206725,0.8749736050486825
Qwen/Qwen3-8B,2,composition,,dev_A,A,3,score,train_antifrequency,task_blind,200,200,0.013813597036078255,0.0011901588505375442,0.0,0.0,0.0,0.0,0.30000000000000004,0.8242857142857142,1.0,0.0011901588505375442,0.009471090930378465,0.018828476031408647,0.03720838090782799,0.07267121904816198,0.11059722092639167,0.1357715385323209
Qwen/Qwen3-8B,2,composition,,dev_A,A,3,score,train_unseen_first,task_blind,200,200,0.014007561805081305,0.00909131167900183,0.0,0.0,0.0,0.0,0.3644634479444606,0.8105423057954704,1.0,0.00909131167900183,0.06987116099389462,0.133622115254359,0.24515113930864682,0.41774930146932987,0.5550696537730985,0.6262384492399538
Qwen/Qwen3-8B,2,composition,,dev_B,B,3,score,raw,own_target,200,200,0.018839117960817525,0.0021580300703560856,0.0,0.0,0.04,0.095,0.375,0.835,1.0,0.0021580300703560856,0.01686451153961313,0.03286194723392092,0.06252405043171036,0.11404298782611803,0.16231083933657808,0.1911679400045346
Qwen/Qwen3-8B,2,composition,,dev_B,B,3,score,unigram,own_target,200,200,0.020068585014704557,0.0017624741636056123,0.0,0.025,0.045,0.07,0.345,0.945,1.0,0.0017624741636056123,0.013685969135254819,0.026503721575137994,0.04995574298025228,0.09024980282263112,0.12830458558848054,0.15155495211227887
Qwen/Qwen3-8B,2,composition,,dev_B,B,3,score,unigram,minus_bias_only,200,200,0.028374381048902955,0.006588345789223316,0.0,0.04,0.04,0.305,0.555,0.825,1.0,0.006588345789223316,0.04990060236348125,0.09417289151428353,0.16973559804804336,0.285697726617679,0.38152351707638,0.4340950625036676
Qwen/Qwen3-8B,2,composition,,dev_B,B,3,score,unigram,shuffled_program_bias,200,200,0.01744507505277931,0.0009295421022213523,0.0,0.0,0.02,0.09,0.315,0.805,1.0,0.0009295421022213523,0.007260937072432936,0.014151479696091469,0.026987090696945656,0.049714978203730505,0.07188994821669097,0.08572417072673984
Qwen/Qwen3-8B,2,composition,,dev_B,B,3,score,positional,own_target,200,200,0.019944828373046147,0.0021279441992659133,0.0,0.005,0.05,0.105,0.385,0.92,1.0,0.0021279441992659133,0.016494289155623357,0.031881134895428036,0.059883278540755126,0.10754766576495323,0.15205085887627154,0.17900264583769357
Qwen/Qwen3-8B,2,composition,,dev_B,B,3,score,positional,minus_bias_only,200,200,0.03967119502518403,0.007914779123221189,0.0,0.1,0.21,0.395,0.44,0.96,1.0,0.007914779123221189,0.058553139792744006,0.10770880445925105,0.18526334565568536,0.28904546800701497,0.3629250828550831,0.4000550956427894
Qwen/Qwen3-8B,2,composition,,dev_B,B,3,score,positional,shuffled_program_bias,200,200,0.024692514782982445,0.0024721385230717795,0.0,0.03,0.09,0.155,0.325,0.805,1.0,0.0024721385230717795,0.016990957316145673,0.029599299257892217,0.04820104087810653,0.0735663664642282,0.09396586247019574,0.10560785250181287
Qwen/Qwen3-8B,2,composition,,dev_B,B,3,score,bigram,own_target,200,200,0.11586206530964559,0.020229747030551602,0.035,0.255,0.45,0.62,0.87,0.965,1.0,0.020229747030551602,0.129638642517296,0.22295243553855978,0.35993823077435216,0.5296406702862018,0.640563229401496,0.6924214049721752
Qwen/Qwen3-8B,2,composition,,dev_B,B,3,score,bigram,minus_bias_only,200,200,0.07138804982667725,0.0013570977395304263,0.0,0.155,0.295,0.725,1.0,1.0,1.0,0.0013570977395304263,0.010669098683352935,0.020923461022049596,0.04027410815759492,0.07487915156231327,0.10836558239532047,0.12884135073158434
Qwen/Qwen3-8B,2,composition,,dev_B,B,3,score,bigram,shuffled_program_bias,200,200,0.04998889035387205,0.014274038773917334,0.01,0.055,0.085,0.19,0.44,0.85,1.0,0.014274038773917334,0.04694522812215411,0.05486069670090104,0.06006019040076636,0.06538043265765897,0.07021047643068078,0.0732445628891886
Qwen/Qwen3-8B,2,composition,,dev_B,B,3,score,positional_bigram,own_target,200,200,0.11586206530964559,0.020229747030551595,0.035,0.255,0.45,0.62,0.87,0.965,1.0,0.020229747030551595,0.12963864251729584,0.22295243553855953,0.35993823077435183,0.5296406702862015,0.6405632294014957,0.6924214049721749
Qwen/Qwen3-8B,2,composition,,dev_B,B,3,score,positional_bigram,minus_bias_only,200,200,0.07138804982667725,0.0013570977395304348,0.0,0.155,0.295,0.725,1.0,1.0,1.0,0.0013570977395304348,0.010669098683353,0.020923461022049724,0.04027410815759514,0.07487915156231366,0.10836558239532096,0.12884135073158487
Qwen/Qwen3-8B,2,composition,,dev_B,B,3,score,positional_bigram,shuffled_program_bias,200,200,0.04998889035387205,0.01427403877391733,0.01,0.055,0.085,0.19,0.44,0.85,1.0,0.01427403877391733,0.046945228122154126,0.05486069670090106,0.06006019040076639,0.06538043265765904,0.07021047643068087,0.07324456288918868
Qwen/Qwen3-8B,2,composition,,dev_B,B,3,score,full,own_target,200,200,0.12169576069591442,0.021426211626278314,0.03,0.28,0.445,0.635,0.895,0.98,1.0,0.021426211626278314,0.14226094802040803,0.24406358181729942,0.3881219281259294,0.5604404924552616,0.6719458505563064,0.7243100116145413
Qwen/Qwen3-8B,2,composition,,dev_B,B,3,score,full,minus_bias_only,200,200,0.046058814333326994,0.00181496160804777,0.0,0.0,0.2,0.61,1.0,1.0,1.0,0.00181496160804777,0.014265727627454922,0.02797044007650453,0.053814428364663165,0.09997166186119884,0.14455996299492208,0.17178544241293614
Qwen/Qwen3-8B,2,composition,,dev_B,B,3,score,full,shuffled_program_bias,200,200,0.053394404160699675,0.015595463178211753,0.02,0.055,0.075,0.14,0.44,0.815,1.0,0.015595463178211753,0.04852398622421071,0.05599357949497314,0.06165908249483267,0.06858584075445785,0.07472935946744443,0.07847812395736393
Qwen/Qwen3-8B,2,composition,,dev_B,B,3,score,train_frequency,task_blind,200,200,0.009924886738241658,0.00038095238095238107,0.0,0.0,0.0,0.0,0.0,0.4565217391304347,1.0,0.00038095238095238107,0.003043558650075675,0.0060778540508949,0.012118767791925823,0.02409067105105702,0.03738572844563032,0.046511695822809625
Qwen/Qwen3-8B,2,composition,,dev_B,B,3,score,train_antifrequency,task_blind,200,200,0.09601494013013269,0.02062461850020644,0.021739130434782594,0.17391304347826084,0.3478260869565217,0.6956521739130433,1.0,1.0,1.0,0.02062461850020644,0.15356529081616016,0.2835482830888684,0.4866969373350916,0.7365199658588253,0.8755719490071155,0.9260994155389659
Qwen/Qwen3-8B,2,composition,,dev_B,B,3,score,train_unseen_first,task_blind,200,200,0.09601494013013269,0.013322235759508442,0.021739130434782594,0.17391304347826084,0.3478260869565217,0.6956521739130433,1.0,1.0,1.0,0.013322235759508442,0.1017386189623677,0.19312649133636564,0.348955141016836,0.5761405915915921,0.738462417123654,0.812967261787282
Qwen/Qwen3-8B,2,composition,,dev_C,C,3,score,raw,own_target,200,200,0.3528679632221307,0.13695011281743283,0.245,0.515,0.71,0.875,0.98,1.0,1.0,0.13695011281743283,0.4199899680567579,0.5624965381323535,0.7081754640262768,0.8328451836724057,0.8912814613645026,0.9132044207285172
Qwen/Qwen3-8B,2,composition,,dev_C,C,3,score,unigram,own_target,200,200,0.3123655312744718,0.13631592163458284,0.23,0.445,0.65,0.86,0.955,0.99,1.0,0.13631592163458284,0.38014733224111663,0.5069396152419255,0.6490787636887595,0.7813751164909118,0.8483330613309659,0.8748665225321937
Qwen/Qwen3-8B,2,composition,,dev_C,C,3,score,unigram,minus_bias_only,200,200,0.028852179909498652,0.008404170061414806,0.0,0.025,0.065,0.195,0.5,0.76,1.0,0.008404170061414806,0.06271460388083198,0.1166791924366205,0.20573159834095406,0.33670833092052294,0.44108574882205603,0.4970999984403446
Qwen/Qwen3-8B,2,composition,,dev_C,C,3,score,unigram,shuffled_program_bias,200,200,0.2435159030019004,0.12634969805203355,0.14,0.415,0.57,0.78,0.98,1.0,1.0,0.12634969805203355,0.3178410455696563,0.4063738690950703,0.5083498895696892,0.6170009795635654,0.6876776496788952,0.7225184183303466
Qwen/Qwen3-8B,2,composition,,dev_C,C,3,score,positional,own_target,200,200,0.3057612470836204,0.13472659930177674,0.21,0.48,0.675,0.86,0.975,0.99,1.0,0.13472659930177674,0.3721282390861729,0.5011396683667614,0.6419366541354392,0.7666639658486752,0.8291663538306647,0.8549592579861272
Qwen/Qwen3-8B,2,composition,,dev_C,C,3,score,positional,minus_bias_only,200,200,0.023235865910115408,0.0047793107030973956,0.0,0.0,0.04,0.25,0.57,0.835,1.0,0.0047793107030973956,0.036791065192257395,0.07057914960018699,0.13068834724510237,0.22840434556202133,0.31348897306360507,0.3617673772737213
Qwen/Qwen3-8B,2,composition,,dev_C,C,3,score,positional,shuffled_program_bias,200,200,0.23092609359707353,0.11655044701278004,0.135,0.385,0.535,0.73,0.985,1.0,1.0,0.11655044701278004,0.2923432019753488,0.37097054059187273,0.46344009657353835,0.5678615083657478,0.6373880827577242,0.6714369805696413
Qwen/Qwen3-8B,2,composition,,dev_C,C,3,score,bigram,own_target,200,200,0.27700026513162535,0.10786403244230701,0.165,0.485,0.655,0.815,0.94,0.985,1.0,0.10786403244230701,0.338890150449873,0.4653077747379447,0.6040642292206223,0.7372204342111135,0.811103339389841,0.8427581387483213
Qwen/Qwen3-8B,2,composition,,dev_C,C,3,score,bigram,minus_bias_only,200,200,0.014276042891294506,4.920093381737429e-05,0.0,0.0,0.0,0.0,0.31,0.77,1.0,4.920093381737429e-05,0.00039344278976764275,0.0007865095446782458,0.001571517366668656,0.003137047110235355,0.004891158725624959,0.006104890415181105
Qwen/Qwen3-8B,2,composition,,dev_C,C,3,score,bigram,shuffled_program_bias,200,200,0.1480291281361577,0.04518084710227693,0.03,0.295,0.47,0.735,0.96,1.0,1.0,0.045180847102276926,0.13561303561767116,0.17109465362318588,0.21244788310041174,0.2638646921821656,0.30233742211313275,0.32273736824388294
Qwen/Qwen3-8B,2,composition,,dev_C,C,3,score,positional_bigram,own_target,200,200,0.27700026513162535,0.10786403244230713,0.165,0.485,0.655,0.815,0.94,0.985,1.0,0.10786403244230713,0.33889015044987325,0.4653077747379449,0.6040642292206224,0.7372204342111135,0.811103339389841,0.8427581387483213
Qwen/Qwen3-8B,2,composition,,dev_C,C,3,score,positional_bigram,minus_bias_only,200,200,0.014276042891294506,4.920093381737452e-05,0.0,0.0,0.0,0.0,0.31,0.77,1.0,4.920093381737452e-05,0.0003934427897676447,0.0007865095446782497,0.0015715173666686639,0.0031370471102353708,0.004891158725624983,0.006104890415181134
Qwen/Qwen3-8B,2,composition,,dev_C,C,3,score,positional_bigram,shuffled_program_bias,200,200,0.1480291281361577,0.04518084710227699,0.03,0.295,0.47,0.735,0.96,1.0,1.0,0.04518084710227699,0.13561303561767127,0.171094653623186,0.21244788310041185,0.26386469218216574,0.3023374221131329,0.3227373682438831
Qwen/Qwen3-8B,2,composition,,dev_C,C,3,score,full,own_target,200,200,0.2676726064399248,0.1061600923285662,0.155,0.475,0.62,0.795,0.91,0.97,1.0,0.1061600923285662,0.32911431094020827,0.46135262384541276,0.6087886156273029,0.7471580112566657,0.820024855510299,0.8500223959052414
Qwen/Qwen3-8B,2,composition,,dev_C,C,3,score,full,minus_bias_only,200,200,0.01431688370460738,0.00010276055932051635,0.0,0.0,0.0,0.03,0.31,0.83,1.0,0.00010276055932051635,0.0008210518455887427,0.0016397498675156028,0.0032701256644815458,0.0065030820977973105,0.010096533545856217,0.01256526706694912
Qwen/Qwen3-8B,2,composition,,dev_C,C,3,score,full,shuffled_program_bias,200,200,0.16286175188941818,0.06177443934356436,0.045,0.3,0.45,0.685,0.96,0.99,1.0,0.06177443934356436,0.19429536473517467,0.24567712119692547,0.29933143374792837,0.3549995259440681,0.3919184805262651,0.4107819552642826
Qwen/Qwen3-8B,2,composition,,dev_C,C,3,score,train_frequency,task_blind,200,200,0.07661139764621193,0.022584761904761903,0.015,0.1475,0.273,0.605,0.87125,1.0,1.0,0.022584761904761903,0.1632201000493237,0.2928084959791996,0.48125881257170655,0.6964288627361668,0.8187367236456996,0.8692977157523072
Qwen/Qwen3-8B,2,composition,,dev_C,C,3,score,train_antifrequency,task_blind,200,200,0.014179615320010273,0.0011873236021688425,0.0,0.0,0.0,0.0,0.3766666666666667,0.8457142857142855,1.0,0.0011873236021688425,0.009447212271611634,0.018778073417212424,0.03709755052038183,0.07241363541682257,0.11014106533919668,0.13516137344557785
Qwen/Qwen3-8B,2,composition,,dev_C,C,3,score,train_unseen_first,task_blind,200,200,0.0139427801280884,0.008944282379610966,0.0,0.0,0.0,0.0,0.358549947234824,0.8043575934481997,1.0,0.008944282379610966,0.06872441286090299,0.13140809649694923,0.24108764878545877,0.4111741170609642,0.5472500862783856,0.6182362794937434
Qwen/Qwen3-8B,2,composition,,dev_D,D,3,score,raw,own_target,200,200,0.017116217838176316,0.0018473793343932792,0.0,0.005,0.02,0.08,0.345,0.85,1.0,0.0018473793343932792,0.01447034702937334,0.028267928889005867,0.05403613275068071,0.0993768856178276,0.14256980585390033,0.16875407958291805
Qwen/Qwen3-8B,2,composition,,dev_D,D,3,score,unigram,own_target,200,200,0.018092577128725588,0.001347307138520213,0.0,0.01,0.03,0.075,0.325,0.87,1.0,0.001347307138520213,0.01056580982162066,0.020672819172996057,0.03966609100555365,0.07363674702911935,0.10696488993219319,0.12778640874637942
Qwen/Qwen3-8B,2,composition,,dev_D,D,3,score,unigram,minus_bias_only,200,200,0.028676856474687273,0.006804196105968579,0.0,0.04,0.04,0.32,0.525,0.83,1.0,0.006804196105968579,0.05147167597102286,0.09699359366586294,0.17428291277371877,0.29161072724034975,0.3872196470329733,0.43918758078308284
Qwen/Qwen3-8B,2,composition,,dev_D,D,3,score,unigram,shuffled_program_bias,200,200,0.01606902332417963,0.0006996232364232483,0.0,0.0,0.02,0.055,0.27,0.77,1.0,0.0006996232364232483,0.0055152085821532386,0.010850416452090159,0.021022067898540754,0.03962011082494229,0.05824858275852748,0.07002013892863636
Qwen/Qwen3-8B,2,composition,,dev_D,D,3,score,positional,own_target,200,200,0.01914219766104961,0.0016724503622955796,0.0,0.015,0.04,0.09,0.365,0.885,1.0,0.0016724503622955796,0.013081751600376754,0.02552444408157266,0.04872867005318971,0.08970288922477893,0.1293371917574162,0.15386274566231065
Qwen/Qwen3-8B,2,composition,,dev_D,D,3,score,positional,minus_bias_only,200,200,0.04140310920628226,0.008332753731417439,0.0,0.115,0.24,0.39,0.455,0.945,1.0,0.008332753731417439,0.061462271928086044,0.11268441011713101,0.19260297724926226,0.2972984198165848,0.3700147408053037,0.4060788904258632
Qwen/Qwen3-8B,2,composition,,dev_D,D,3,score,positional,shuffled_program_bias,200,200,0.01898138243400661,0.0012130772208619315,0.0,0.01,0.05,0.095,0.265,0.78,1.0,0.0012130772208619315,0.008902155616760377,0.01633515345765233,0.02838300962243429,0.046513251059092674,0.06232805271596717,0.07169636410093982
Qwen/Qwen3-8B,2,composition,,dev_D,D,3,score,bigram,own_target,200,200,0.08217448657928256,0.016953760205176725,0.015,0.175,0.38,0.61,0.86,0.98,1.0,0.016953760205176725,0.1109008985991247,0.19586977567638106,0.32680961388065555,0.4970057731793024,0.6118382971823665,0.6661678955422746
Qwen/Qwen3-8B,2,composition,,dev_D,D,3,score,bigram,minus_bias_only,200,200,0.07017295833537923,0.001362131947969202,0.0,0.14,0.325,0.71,1.0,1.0,1.0,0.001362131947969202,0.010717641681464931,0.02103838652765046,0.04056898658586092,0.0756844126787651,0.10991085589236677,0.13096449203143798
Qwen/Qwen3-8B,2,composition,,dev_D,D,3,score,bigram,shuffled_program_bias,200,200,0.03192261465717121,0.007007538636053954,0.005,0.03,0.06,0.11,0.355,0.85,1.0,0.007007538636053954,0.02267641033628988,0.028230293502287437,0.03370399649813336,0.04040088763412591,0.0459316430776963,0.04907761777383685
Qwen/Qwen3-8B,2,composition,,dev_D,D,3,score,positional_bigram,own_target,200,200,0.08217448657928256,0.016953760205176718,0.015,0.175,0.38,0.61,0.86,0.98,1.0,0.016953760205176718,0.11090089859912461,0.19586977567638086,0.32680961388065527,0.4970057731793021,0.6118382971823663,0.6661678955422744
Qwen/Qwen3-8B,2,composition,,dev_D,D,3,score,positional_bigram,minus_bias_only,200,200,0.07017295833537923,0.0013621319479692107,0.0,0.14,0.325,0.71,1.0,1.0,1.0,0.0013621319479692107,0.010717641681464997,0.021038386527650586,0.040568986585861146,0.0756844126787655,0.10991085589236727,0.1309644920314385
Qwen/Qwen3-8B,2,composition,,dev_D,D,3,score,positional_bigram,shuffled_program_bias,200,200,0.03192261465717121,0.007007538636053955,0.005,0.03,0.06,0.11,0.355,0.85,1.0,0.007007538636053955,0.022676410336289893,0.02823029350228747,0.03370399649813341,0.04040088763412598,0.04593164307769639,0.04907761777383696
Qwen/Qwen3-8B,2,composition,,dev_D,D,3,score,full,own_target,200,200,0.11835734420232775,0.01941715073319738,0.035,0.25,0.445,0.65,0.895,1.0,1.0,0.01941715073319738,0.13033507998386043,0.2266123819258969,0.3658900476241547,0.5361934542751456,0.6481594427456866,0.7009361187366088
Qwen/Qwen3-8B,2,composition,,dev_D,D,3,score,full,minus_bias_only,200,200,0.04764532797775486,0.0019306486275871885,0.0,0.0,0.26,0.63,1.0,1.0,1.0,0.0019306486275871885,0.015179696394423174,0.029772070886514318,0.05731296480269774,0.10655670254291034,0.1541500536242685,0.18319081694930334
Qwen/Qwen3-8B,2,composition,,dev_D,D,3,score,full,shuffled_program_bias,200,200,0.033174282527622584,0.007349030992548162,0.01,0.025,0.055,0.095,0.365,0.8,1.0,0.007349030992548162,0.02413934411483033,0.030257758440240062,0.036661758988691236,0.04462293375582624,0.050953078299919526,0.05447434799956517
Qwen/Qwen3-8B,2,composition,,dev_D,D,3,score,train_frequency,task_blind,200,200,0.009928731380612718,0.00038285714285714296,0.0,0.0,0.0,0.0,0.0,0.45778985507246367,1.0,0.00038285714285714296,0.0030587359011821046,0.00610807009760975,0.012178649986015855,0.024208266866993178,0.03756573591336095,0.046733520136476
Qwen/Qwen3-8B,2,composition,,dev_D,D,3,score,train_antifrequency,task_blind,200,200,0.09629412926192338,0.020727741592707474,0.021847826086956505,0.17464734299516904,0.3489855072463767,0.696734299516908,1.0,1.0,1.0,0.020727741592707474,0.1542278953319737,0.2845821770612862,0.4879646202091368,0.7374999728884662,0.8761200363293937,0.9264430848377105
Qwen/Qwen3-8B,2,composition,,dev_D,D,3,score,train_unseen_first,task_blind,200,200,0.09629412926192338,0.013388846938305984,0.021847826086956505,0.17464734299516904,0.3489855072463767,0.696734299516908,1.0,1.0,1.0,0.013388846938305984,0.10220143852151051,0.19391511682023427,0.35010339700845594,0.5773720255474154,0.739434274644957,0.8137314603659405
