split,seed,task_id,atomic_rank,composition_rank,hit32_delta,correct_mass_delta
capacity_d3_train,0,003f757e15f91eeb14db,9,32,0,0.0007969364910977716
capacity_d3_train,0,008b7a6b50b9a482195d,40,1,1,0.0997978825356605
capacity_d3_train,0,01964fa3510592df0119,42,39,0,0.009306022269274803
capacity_d3_train,0,01ac7dcb5f8f658f41cd,24,2,0,0.10077476205614284
capacity_d3_train,0,0274dfa29a2a679f3f31,20,1,0,0.2927428227595342
capacity_d3_train,0,04f66b59f47eeba019ff,50,17,1,0.01718995695666487
capacity_d3_train,0,0600632ab50f84b4a21d,82,1,1,0.14755450881701046
capacity_d3_train,0,0642c8485322e6de643c,103,36,0,0.004842076195645401
capacity_d3_train,0,06aff4ac84d93deba687,14,5,0,0.025190939856189067
capacity_d3_train,0,06b129e89f0c849e34b1,81,6,1,0.049231668637255484
capacity_d3_train,0,06ddc0a57804f07b0663,101,5,1,0.04892856773778602
capacity_d3_train,0,086d76944b2b2970b882,45,54,0,0.003423843200510968
capacity_d3_train,0,08f510f5963dfe3535d8,31,2,0,0.14014541387386648
capacity_d3_train,0,0a2f9f3ef77e2f1ea893,11,2,0,0.16927402565272787
capacity_d3_train,0,0c755962b40f03d1dc10,27,1,0,0.17379130113505423
capacity_d3_train,0,0eb88a23f0e3bb0b2809,68,7,1,0.040361516411966225
capacity_d3_train,0,0f6b276fe1e2f75ed62f,39,4,1,0.15242766727150145
capacity_d3_train,0,11fb635c4f8e150d18f7,3,28,0,-0.016478351316611576
capacity_d3_train,0,1378b93ccdbc363eae10,51,11,1,0.03205311446280031
capacity_d3_train,0,13a0fb55f04397134ae3,104,6,1,0.05225884007690647
capacity_d3_train,0,13a362b1534feebee01e,56,8,1,0.06290795103842181
capacity_d3_train,0,13bfc7c475357c054c15,87,40,0,0.003535500340259981
capacity_d3_train,0,14119511459c97cf9ce7,69,41,0,0.005720045791327017
capacity_d3_train,0,1471c45a2b4d1112441b,8,6,0,0.08652084867412985
capacity_d3_train,0,15d9c1bd9b90a74be8b2,3,4,0,0.06032149948318461
capacity_d3_train,0,167ad39aa3a41e9d217d,15,7,0,0.046262032967549375
capacity_d3_train,0,17b36e984ad39cbf2481,27,2,0,0.16689778703984182
capacity_d3_train,0,188552f078160d68300a,33,2,1,0.20861765915604938
capacity_d3_train,0,19b8dd281e617e0dea22,112,10,1,0.026285592152637798
capacity_d3_train,0,1a5ce978d803b41fb565,18,1,0,0.2566464247269896
capacity_d3_train,0,1c35fa097a57c8e607f7,8,58,-1,0.00017606133188768805
capacity_d3_train,0,1c68bcc85b4aee8d336a,23,1,0,0.19973655645188784
capacity_d3_train,0,1cdcfb4c5c1d908affd5,40,7,1,0.04812131353274292
capacity_d3_train,0,1cff813e6d4ab9d7ef2f,59,1,1,0.2624238272292227
capacity_d3_train,0,1ec3c44a89b5d7fc4d56,64,2,1,0.05860228834404615
capacity_d3_train,0,1fec8ff1647e4ed56617,20,8,0,0.035724717633738676
capacity_d3_train,0,2058335b7a4558079ffe,28,6,0,0.06280845265527056
capacity_d3_train,0,20925cd8cee70beae327,44,19,1,0.015777916287222866
capacity_d3_train,0,258622f21fec547ea9cb,49,8,1,0.0810584674334671
capacity_d3_train,0,26d32b85c72c7d3a01b4,74,10,1,0.03925085381422137
capacity_d3_train,0,273c18dcbd7fa507b907,17,40,-1,0.0002784539827692398
capacity_d3_train,0,27d49094246caf31eb63,27,47,-1,0.006829280054143169
capacity_d3_train,0,286cf1c0897270ddbbfb,10,73,-1,0.002328208773414024
capacity_d3_train,0,2885d829a552da0767c2,44,4,1,0.052556965213385126
capacity_d3_train,0,2a0bbf8b7127b83ee409,8,5,0,0.04039137358186847
capacity_d3_train,0,2a305abad7abdf5c2482,26,12,0,0.06085910766238463
capacity_d3_train,0,2a8675e254ea1f415ccc,63,15,1,0.015969499647325726
capacity_d3_train,0,2baf8d7d1d7d17df4b4e,89,18,1,0.012159055791804112
capacity_d3_train,0,2bc972210c06bdc2b552,13,20,0,0.014799508419957424
capacity_d3_train,0,2ce17884bde01fa65eb2,42,2,1,0.12442343936208546
capacity_d3_train,0,2cea4522dd3ff03b2c73,77,3,1,0.15501860493523156
capacity_d3_train,0,2e292bb2d08ff10f6760,101,15,1,0.011153731206638581
capacity_d3_train,0,2fc1555b303fa7a9b1e6,36,4,1,0.1397181368025257
capacity_d3_train,0,3108f56a48762b52f3b5,48,1,1,0.08732314700366532
capacity_d3_train,0,32ada8f3f11987cea208,6,5,0,0.12293654583409512
capacity_d3_train,0,33959a16f8636edca4c9,1,28,0,-0.4922168585963124
capacity_d3_train,0,341fe47a9d003e8d69e9,76,21,1,0.005224145941622609
capacity_d3_train,0,349d1365b615ef39b990,30,4,0,0.1356496416589009
capacity_d3_train,0,35d32163fdd690915fba,11,11,0,0.02647764018922138
capacity_d3_train,0,362484a3dda37a36c2c4,93,4,1,0.05504664995960978
capacity_d3_train,0,378426558f1a0b702688,7,7,0,0.03590976043861128
capacity_d3_train,0,37fbff6cc8ca4aaf0e59,98,3,1,0.18423724248334558
capacity_d3_train,0,3874933f18fe0ceb64f4,4,2,0,0.02436801942351071
capacity_d3_train,0,38b68311a44ba3982aaf,10,8,0,0.04220528830883077
capacity_d3_train,0,38c0460d3beb664ed522,104,10,1,0.03866372856372989
capacity_d3_train,0,3a698cab69000b64aa38,59,7,1,0.03574069863426502
capacity_d3_train,0,3b001cfa1bc011677132,79,1,1,0.19952935852308826
capacity_d3_train,0,3b75e1deb6a5d131f45b,73,4,1,0.08611809052491014
capacity_d3_train,0,3c0c656d6fe3b7a813f5,7,5,0,0.12224934541673804
capacity_d3_train,0,3c619949306344745c99,36,2,1,0.1536189056731988
capacity_d3_train,0,3d51c78a744af0eb4145,57,5,1,0.04612437690817727
capacity_d3_train,0,3dc689d1874eaf326108,5,5,0,0.06838838012232114
capacity_d3_train,0,3df9b67792216b4baf31,52,4,1,0.1381221506849835
capacity_d3_train,0,3e948e1f925e2abf2889,9,1,0,0.11062300076261117
capacity_d3_train,0,3f88042c240da894c8d2,115,6,1,0.05998732951486514
capacity_d3_train,0,40ce564b86a6bf8c99c6,6,26,0,-0.0017156098966269132
capacity_d3_train,0,4177ce195be7da930009,56,41,0,0.00430112533568531
capacity_d3_train,0,41cf5e9a728737de3d5d,104,10,1,0.034175212308780824
capacity_d3_train,0,426b6ff6a33583fffa5f,6,4,0,0.08699775260599234
capacity_d3_train,0,4347c6a63c1cddba9649,9,12,0,0.055800230160443526
capacity_d3_train,0,43c334b9ec0fe01d6d3c,55,8,1,0.045027471358597485
capacity_d3_train,0,4688ab7b6cff96e5f9a8,41,1,1,0.30466013867815234
capacity_d3_train,0,46f5db171c77ea7f89a7,2,16,0,-0.038977200609414
capacity_d3_train,0,473bc56ab16b2aa3d359,21,13,0,0.03237653459970391
capacity_d3_train,0,478d40653e55b879cde9,85,6,1,0.033892651713498
capacity_d3_train,0,47bd3fdb174ab3c7d185,67,4,1,0.04780764691111479
capacity_d3_train,0,48ffd3b0985c932655ea,31,2,0,0.20292766461985137
capacity_d3_train,0,4abd804c057d213572e6,9,1,0,0.1678145109053079
capacity_d3_train,0,4bb39f3f29512961ae8d,119,5,1,0.04994469950948246
capacity_d3_train,0,4d444d81921e635de3c3,63,2,1,0.1758066542112545
capacity_d3_train,0,4e070a2e6ca292e55f15,20,72,-1,-0.00017517153374476963
capacity_d3_train,0,4ff939437e1e5f57f2cc,20,2,0,0.08808431139819231
capacity_d3_train,0,50bc627a462ef090e93e,114,6,1,0.045130435902701875
capacity_d3_train,0,5147f318facdd8c522dd,94,12,1,0.02385311896851673
capacity_d3_train,0,51603dc9f3af5acf14e7,72,24,1,0.007005353319740395
capacity_d3_train,0,520f63147e1130b70955,24,2,0,0.1367718832087601
capacity_d3_train,0,5296a098a97803cf1920,58,20,1,0.014253349311380031
capacity_d3_train,0,53559acdca4279c04b22,19,4,0,0.08279563698719017
capacity_d3_train,0,53f34545e136ac7e7355,111,20,1,0.008701878441769284
capacity_d3_train,0,553129550aa5022eb7c5,24,21,0,0.024758052277651866
capacity_d3_train,0,55bd7a251a4084acafac,75,15,1,0.01941398767538595
capacity_d3_train,0,55f6d0482254eae15efc,83,10,1,0.07066015904188502
capacity_d3_train,0,56fd755e55e8be4c4bbb,4,21,0,-0.02832867752911002
capacity_d3_train,0,5a7b1a03a5e12b4bff3d,63,1,1,0.11616753276527002
capacity_d3_train,0,5a80135a0e601c0a9a10,81,2,1,0.08345470741314663
capacity_d3_train,0,5bc725ebb4eea4928ab2,2,4,0,-0.06735958994717976
capacity_d3_train,0,5d11af35201060ddd790,82,13,1,0.0382760170899899
capacity_d3_train,0,5d2945531ffaaa786f75,7,13,0,0.01994109628826221
capacity_d3_train,0,5d8013f4774a39588ff1,49,4,1,0.063743482218501
capacity_d3_train,0,603464b653317520a6ac,42,33,0,0.0068842696798202905
capacity_d3_train,0,621e7de265630fc4a215,17,35,-1,0.017344229272532867
capacity_d3_train,0,65665d4cf6380759d018,14,3,0,0.12478924646495793
capacity_d3_train,0,66b870c4bfb03aab85ef,92,2,1,0.1053372747831723
capacity_d3_train,0,66c5656476a7eabab725,50,2,1,0.17659851148768707
capacity_d3_train,0,67517a4400f22e1310bf,113,4,1,0.06296167032020569
capacity_d3_train,0,6770c86bd0257bdbd6fd,114,4,1,0.07414575445836809
capacity_d3_train,0,6814aaefdbd1c5c5d76f,83,1,1,0.25003092109564107
capacity_d3_train,0,691ab46cf31e326fe94b,66,6,1,0.04560113964641125
capacity_d3_train,0,6966f0e0d84af0d3e26a,7,11,0,0.030274237732764955
capacity_d3_train,0,6ac3d805a41af1de25aa,11,2,0,0.13407559109489478
capacity_d3_train,0,6b0fc842aa791050d5a2,37,22,1,0.027510912475576042
capacity_d3_train,0,6b2082d76b6295396599,88,1,1,0.12445564037084027
capacity_d3_train,0,6ebf70bf0789bbb0a172,44,5,1,0.07344668139126409
capacity_d3_train,0,70f79fa7550b1c802718,1,2,0,-0.19276159400410575
capacity_d3_train,0,71c90e4f7b4c38ea2070,21,18,0,0.01402444151870796
capacity_d3_train,0,73c69baf34574eafdd3c,97,9,1,0.03646694812245269
capacity_d3_train,0,742713491539bda4dcec,55,3,1,0.06722038923706954
capacity_d3_train,0,747fba69712a66dd5bfe,1,33,-1,-0.6908133627372923
capacity_d3_train,0,76ed5db51568ba9299ed,60,2,1,0.07818249341115559
capacity_d3_train,0,776ea3e581a50313fe73,24,18,0,0.01819220204530798
capacity_d3_train,0,777aaf9441af06dc92e6,6,3,0,0.10456275297241953
capacity_d3_train,0,77c24898fe0d48982f7f,22,6,0,0.042585896001128734
capacity_d3_train,0,7941b3bf4a4e8bdf56fc,8,43,-1,0.0017160899741488164
capacity_d3_train,0,7969374485db79895e1c,106,12,1,0.02746219865058981
capacity_d3_train,0,7a9acbe0d2c9150d7fd3,35,2,1,0.11384882957672265
capacity_d3_train,0,7aabbd8f4cbc661ad238,8,8,0,0.03409400957888327
capacity_d3_train,0,7c198a424a93424a6beb,19,1,0,0.17079161177874885
capacity_d3_train,0,7ccae6e5d21dd639eed8,52,2,1,0.09245617731824946
capacity_d3_train,0,8000cccda578e70a1c06,116,5,1,0.05342226826925341
capacity_d3_train,0,815abc764865a9c513c3,119,4,1,0.04166534728522029
capacity_d3_train,0,81d97aad226dcf1766c9,23,7,0,0.03384556247694377
capacity_d3_train,0,8240231080f9ffd9a906,5,21,0,-0.014948553118103797
capacity_d3_train,0,828963ec1d268fb93b20,75,1,1,0.08907259111700609
capacity_d3_train,0,82ce27e8956075da4631,120,14,1,0.02710427265620229
capacity_d3_train,0,832dab6b9aeca8fa1836,69,1,1,0.13173916625242474
capacity_d3_train,0,8648e5cbaa9f50786043,23,2,0,0.07310280214002629
capacity_d3_train,0,86518074aebc5ba85c48,79,1,1,0.20252440029328025
capacity_d3_train,0,866abeda46cdb7b29088,22,30,0,0.01642040287714419
capacity_d3_train,0,867b4da9846a2a006caf,100,18,1,0.01685626846943596
capacity_d3_train,0,88d636693dd9f9db90dd,15,22,0,0.012259110313632388
capacity_d3_train,0,8a630958d96519744048,13,47,-1,0.0015572904000289813
capacity_d3_train,0,8be11cea433363e47775,16,10,0,0.031689813952703205
capacity_d3_train,0,8c874f55e55fdae28db6,9,7,0,0.040893876622268746
capacity_d3_train,0,8cab98599b69e1497a62,43,14,1,0.015745746179328595
capacity_d3_train,0,8e1ff22f717dcffbccc6,22,13,0,0.009577548837243472
capacity_d3_train,0,8e6d0e3f32ae36d3f0e7,64,24,1,0.011084655559689207
capacity_d3_train,0,8e7c86f4a0101af777b4,61,2,1,0.05621618570982733
capacity_d3_train,0,8fb71f8e3f5998e973d1,46,1,1,0.18428334277798714
capacity_d3_train,0,91f89f2759f37dc70b29,77,11,1,0.024049821818137234
capacity_d3_train,0,9268213fc41643b992f7,62,14,1,0.017541603437379365
capacity_d3_train,0,9358a04aa24bae82b93e,39,37,0,0.00689303773113993
capacity_d3_train,0,937c364d7cf00458f25d,2,5,0,0.11127053240116357
capacity_d3_train,0,94326226811d0fa9bcca,79,9,1,0.0403943214481761
capacity_d3_train,0,9554c835de85c4f2fe28,13,33,-1,-0.006436283595407903
capacity_d3_train,0,95a7a191d221b725cbf1,30,13,0,0.04155565818342901
capacity_d3_train,0,961a6448a2916f7bb9db,36,4,1,0.15330625388659966
capacity_d3_train,0,96f7add3b2c678fd61aa,14,7,0,0.022940450491735445
capacity_d3_train,0,9797d1e3812be1630df3,64,49,0,0.0038245995493384234
capacity_d3_train,0,982cb968ec6e941fe4d2,27,6,0,0.11245424056036932
capacity_d3_train,0,985a99b03d9ca533ebec,85,3,1,0.0746197565566757
capacity_d3_train,0,991da9bcde2e0f63bf9c,48,1,1,0.1492597914687697
capacity_d3_train,0,9b2cbf5ad09b909ca18c,64,17,1,0.016879635179961112
capacity_d3_train,0,9b380f7a58cece71028f,47,16,1,0.03491790568718278
capacity_d3_train,0,9c708b0bda7ef0fbcb45,26,24,0,0.019866026769025734
capacity_d3_train,0,9cfb3ea98db55e996cbe,34,1,1,0.3001411099545647
capacity_d3_train,0,9da5c115ddb1179cc4ef,7,8,0,0.0006344516387831386
capacity_d3_train,0,9dcdf71f5c460a5d14af,19,53,-1,0.000956597285029549
capacity_d3_train,0,9e4bcaee00d8d802ad87,67,2,1,0.09859130113445294
capacity_d3_train,0,9e64533cf441957dfb51,38,23,1,0.014329235724405797
capacity_d3_train,0,9e859139091c4b335bb2,118,2,1,0.08218565226238111
capacity_d3_train,0,9ea151adbc98be4059d2,111,30,1,0.006776350856221503
capacity_d3_train,0,9eb90734af7c837c2753,4,1,0,0.08382700658228712
capacity_d3_train,0,9fde0561a60751242c80,42,15,1,0.01567307587793341
capacity_d3_train,0,a082f5d8c77f5e2afc0f,25,1,0,0.1958556401610437
capacity_d3_train,0,a30b47ed1b0a427bee25,104,11,1,0.035112759417411515
capacity_d3_train,0,a4542d280428a9a0f40c,21,7,0,0.044060481160080184
capacity_d3_train,0,a45ffddaa0fbc643fc90,53,92,0,4.453358242988256e-05
capacity_d3_train,0,a5c72a5c4841492c63d3,7,5,0,0.11182166165786729
capacity_d3_train,0,a6bebf535a853d52e077,10,13,0,0.04970232450770935
capacity_d3_train,0,a6f849a345539e017112,41,24,1,0.013914869826930536
capacity_d3_train,0,a76465f0333f320f849a,23,1,0,0.23351294793223631
capacity_d3_train,0,a767421d6734b3e2dbdf,26,4,0,0.05096038748329099
capacity_d3_train,0,a7f004bd959b6b990310,74,68,0,0.0018098731718043202
capacity_d3_train,0,a8e7d5226a4fe8ca38e6,61,10,1,0.04586019804846224
capacity_d3_train,0,a91fba4df9d806e12925,59,6,1,0.06869374280351924
capacity_d3_train,0,aa4b97a37b35020bdc8d,92,6,1,0.0335645007625723
capacity_d3_train,0,acc328f92327f16427ef,18,17,0,0.022399069048118114
capacity_d3_train,0,ad1bd7e63c7f7a3611e7,113,24,1,0.008457837305875357
capacity_d3_train,0,ad67efc49c23d3e6a074,16,2,0,0.14265692540128178
capacity_d3_train,0,aed6e99c0e877af7a9ef,79,5,1,0.055522438265129204
capacity_d3_train,0,aef4b17e772b910bacad,6,2,0,0.0826730765445601
capacity_d3_train,0,af098ebc6158bbb3e036,36,1,1,0.19053311959313649
capacity_d3_train,0,b14e2a25a8a8e9609f38,55,5,1,0.045686861805209485
capacity_d3_train,0,b18e455de8005b936a32,56,1,1,0.12435257560755776
capacity_d3_train,0,b19ab931afe758f0a963,10,14,0,0.011705051230014585
capacity_d3_train,0,b20d52dca545965af0c1,39,95,0,5.28011309783546e-05
capacity_d3_train,0,b2b056c5f4a3a0c5d0a3,110,33,0,0.007931574766709547
capacity_d3_train,0,b4a22c1c0356f3adcce2,105,11,1,0.024462278942389455
capacity_d3_train,0,babd5d1145a3f35c3c37,21,1,0,0.12136245469070575
capacity_d3_train,0,bade395a6bf28d4ca31b,75,18,1,0.00813553690660746
capacity_d3_train,0,bb32187773952d04881b,21,1,0,0.21733962350728922
capacity_d3_train,0,bba8e0d5a7b0bce7dd1b,37,12,1,0.05542973318037997
capacity_d3_train,0,bc59c9a65afbd91ee02b,79,3,1,0.0731646068090546
capacity_d3_train,0,bea14f78916bc5625501,10,16,0,0.017019920169139998
capacity_d3_train,0,bec1f4e548805c747767,37,12,1,0.021112297635044044
capacity_d3_train,0,bf45c5f6c9aed9f2d36a,116,18,1,0.017636237473642544
capacity_d3_train,0,bfdbc293300a03acf1d0,23,3,0,0.1211584383748138
capacity_d3_train,0,c1e517b879131e49124c,60,1,1,0.1464744570874243
capacity_d3_train,0,c26187e5ce6657d37d76,21,43,-1,0.004922449674805114
capacity_d3_train,0,c28bdabc51d145411928,32,4,0,0.07130796816290483
capacity_d3_train,0,c2f1566c77f1e4d913a7,71,7,1,0.03518981573425038
capacity_d3_train,0,c43f8f66c65d9e1b8467,78,26,1,0.013574552667918212
capacity_d3_train,0,c4b6cb8ef06e2acc2756,15,7,0,0.00786948144837403
capacity_d3_train,0,c5b9393938d2974e076e,99,10,1,0.03807144591527529
capacity_d3_train,0,c5bb6383daa7b07c94e7,38,8,1,0.03491428031802236
capacity_d3_train,0,c726b9fc2d058e23099d,65,6,1,0.03929957504748103
capacity_d3_train,0,c821a44a387ffb70df6a,14,25,0,-0.00947654161538431
capacity_d3_train,0,c8a3b865511811579394,37,1,1,0.11927590141155556
capacity_d3_train,0,c8cee5c34be99b7ea2a7,5,41,-1,-0.008964274154302405
capacity_d3_train,0,c9a6e7bababbe06c508d,42,22,1,0.011490818621599426
capacity_d3_train,0,ca4fe35dfed139364873,77,40,0,0.0031465843272926427
capacity_d3_train,0,cb9ca52656d17f341d77,23,42,-1,0.006363839689761999
capacity_d3_train,0,ccd25061661b6134a897,13,27,0,0.01420399441133014
capacity_d3_train,0,cd01f1950eed37c6b054,16,5,0,0.03771538630872986
capacity_d3_train,0,cdf9f93d182b0ef8f4dd,6,4,0,0.09622504436337466
capacity_d3_train,0,cf127fc53ccd63859e23,22,32,0,0.007798191409940029
capacity_d3_train,0,cfcded758d0b4eae9046,104,15,1,0.015099325560615834
capacity_d3_train,0,d1e38cd2ac20636766b1,16,16,0,0.014448560888214397
capacity_d3_train,0,d219ba1e64a28f874e59,6,15,0,-0.0033472346974826803
capacity_d3_train,0,d23e209cc74e66d7c35f,24,17,0,0.024080391730364203
capacity_d3_train,0,d257d5dd7241209c9179,123,6,1,0.04782952040553346
capacity_d3_train,0,d27cd3662913dc6221e0,9,22,0,0.017008591685295962
capacity_d3_train,0,d3545f183e4436717e68,36,9,1,0.06803954786223658
capacity_d3_train,0,d3619f0ae57de133be65,7,1,0,0.12086642663033226
capacity_d3_train,0,d3a89172099c5b718c25,18,37,-1,0.004897257981987167
capacity_d3_train,0,d45f832e454fc637704d,8,10,0,-0.004719387654598676
capacity_d3_train,0,d483e0cc5b33458a50e7,27,2,0,0.11168162871770264
capacity_d3_train,0,d4fc8d2b061cfa4f4d0e,31,24,0,0.007141683521541878
capacity_d3_train,0,d634ca41e0907ab3757a,91,43,0,0.002584743286642016
capacity_d3_train,0,d6a1f83afcdbbfe4782c,23,7,0,0.07508054790787654
capacity_d3_train,0,d742c43b69d371cbe615,4,33,-1,-0.038649782027965804
capacity_d3_train,0,d767f23e38b55c846635,8,18,0,0.01805591744026267
capacity_d3_train,0,d87ba2366aeedd577373,81,8,1,0.04351402263493791
capacity_d3_train,0,d90099764c5ab3c31295,12,5,0,0.09995317269769799
capacity_d3_train,0,da49bd3ba97960942412,41,8,1,0.03449909866157937
capacity_d3_train,0,da5f4dcee381d7427dcf,85,8,1,0.03532006891467405
capacity_d3_train,0,da646c71e15614e9084d,14,17,0,0.010602351537139492
capacity_d3_train,0,db156ee29e89e62c29cc,42,4,1,0.06412223932061642
capacity_d3_train,0,db915c4dd920b0df249a,3,15,0,-0.048269502868203154
capacity_d3_train,0,dbef28fb4f0edb762f69,62,8,1,0.044695661436856576
capacity_d3_train,0,ddaf2f4cb4dfbe69e6b3,10,1,0,0.38882015790897106
capacity_d3_train,0,de898896010feafe5dbe,14,6,0,0.06429310214901407
capacity_d3_train,0,df8fde224aec7bff0910,20,2,0,0.12362236256082809
capacity_d3_train,0,e06407e5c00f2604619e,21,12,0,0.020845298208252053
capacity_d3_train,0,e38759a9e7d85331517a,18,1,0,0.4291999573892269
capacity_d3_train,0,e50d9053043ac6f84fa1,6,44,-1,-0.015503535525165656
capacity_d3_train,0,e59ed4d3979a07c65259,100,11,1,0.025154961888776833
capacity_d3_train,0,e5bd80b563aa0e48027e,1,24,0,-0.9798046855716182
capacity_d3_train,0,e5d453e2dab1c566896e,53,6,1,0.05831380812698743
capacity_d3_train,0,e79a555b0ef2ca4024db,20,1,0,0.14902776076359778
capacity_d3_train,0,e8b4348a4354a3a1cc00,30,29,0,0.010579058089368059
capacity_d3_train,0,e8c2bef17a51fb7888b1,14,6,0,0.0671475156098989
capacity_d3_train,0,ead10bb43bfcc957795e,27,6,0,0.051699202802994317
capacity_d3_train,0,eb09f014ee664a9cedb4,20,1,0,0.18512322330677156
capacity_d3_train,0,ebeae26e64dafcf25711,86,21,1,0.015653870200026995
capacity_d3_train,0,edfd515e2e0cada826ec,24,5,0,0.053540572001562266
capacity_d3_train,0,eec10903f3c81b8f14c2,14,5,0,0.04563801940927657
capacity_d3_train,0,eeefc16395eacc9e5481,10,30,0,0.003304074329579127
capacity_d3_train,0,ef30ebb77043e62bb120,125,24,1,0.0065787700415677
capacity_d3_train,0,ef949e4160127164466f,23,5,0,0.05988607299711179
capacity_d3_train,0,efa764d3c55de23eaf65,78,27,1,0.01365171293607922
capacity_d3_train,0,efc6f0dc820c8569b757,1,10,0,-0.6023527290543719
capacity_d3_train,0,f003b9bc5f14e7213a5b,4,15,0,-0.054983920558444505
capacity_d3_train,0,f133c7fee1f9d359ac91,53,8,1,0.04592079075689857
capacity_d3_train,0,f2db00d7817299170869,56,9,1,0.0446472051427395
capacity_d3_train,0,f3499238f592d09a6c1f,16,6,0,0.063207152871203
capacity_d3_train,0,f37240b8579c5657942e,85,6,1,0.07423603249425006
capacity_d3_train,0,f374fc72c2029ff16461,46,6,1,0.048051806288067586
capacity_d3_train,0,f39cc05c0c2cf3fa21ae,19,10,0,0.044768986084996104
capacity_d3_train,0,f3e95029a6be48f6cd60,22,56,-1,0.0009730499110387608
capacity_d3_train,0,f7ef72e6cafafed31433,17,18,0,0.04585765557835347
capacity_d3_train,0,f815b8737a4601b3c1eb,97,5,1,0.05476567909709397
capacity_d3_train,0,f816c813f33ec41d24c9,19,11,0,0.04995580751630271
capacity_d3_train,0,f836c8679cdf505d2bdf,111,10,1,0.04329983135571425
capacity_d3_train,0,fa081ffbc49cc9d7182f,6,29,0,0.011598287591642203
capacity_d3_train,0,fc70c176440e5ffc498d,13,40,-1,0.0031647608089774197
capacity_d3_train,0,fe31ce59cf884062a14d,2,5,0,-0.09439630139165563
capacity_d3_train,0,ff1f95e38d998dfee013,41,4,1,0.07553175301075546
capacity_d3_train,0,ff7bc74db7d6740b4ef6,22,2,0,0.10632879098597653
capacity_d3_train,0,ffdf328a8016809b2166,41,1,1,0.31132938335550087
capacity_d3_train,1,003f757e15f91eeb14db,1,1,0,-0.6871621881427303
capacity_d3_train,1,008b7a6b50b9a482195d,4,3,0,0.02185626911268496
capacity_d3_train,1,01964fa3510592df0119,56,28,1,0.008500712320129479
capacity_d3_train,1,01ac7dcb5f8f658f41cd,81,9,1,0.027212500260321643
capacity_d3_train,1,0274dfa29a2a679f3f31,74,1,1,0.6269089493197902
capacity_d3_train,1,04f66b59f47eeba019ff,69,15,1,0.006899598722907399
capacity_d3_train,1,0600632ab50f84b4a21d,82,8,1,0.048070406437846956
capacity_d3_train,1,0642c8485322e6de643c,63,55,0,0.0011782457842448265
capacity_d3_train,1,06aff4ac84d93deba687,49,5,1,0.041993857613032815
capacity_d3_train,1,06b129e89f0c849e34b1,98,13,1,0.024753213998958898
capacity_d3_train,1,06ddc0a57804f07b0663,57,9,1,0.02969225125450532
capacity_d3_train,1,086d76944b2b2970b882,33,25,1,0.006794927881843126
capacity_d3_train,1,08f510f5963dfe3535d8,17,2,0,0.14534637671985345
capacity_d3_train,1,0a2f9f3ef77e2f1ea893,19,5,0,0.099126750290561
capacity_d3_train,1,0c755962b40f03d1dc10,60,3,1,0.0920821108994356
capacity_d3_train,1,0eb88a23f0e3bb0b2809,115,4,1,0.06568576401652106
capacity_d3_train,1,0f6b276fe1e2f75ed62f,32,10,0,0.06297889489356076
capacity_d3_train,1,11fb635c4f8e150d18f7,18,9,0,0.032808978279728736
capacity_d3_train,1,1378b93ccdbc363eae10,50,2,1,0.07366820552391608
capacity_d3_train,1,13a0fb55f04397134ae3,54,13,1,0.026332602475716695
capacity_d3_train,1,13a362b1534feebee01e,52,2,1,0.11966052957650397
capacity_d3_train,1,13bfc7c475357c054c15,16,26,0,0.006565938589993164
capacity_d3_train,1,14119511459c97cf9ce7,26,28,0,0.015023604303647818
capacity_d3_train,1,1471c45a2b4d1112441b,54,6,1,0.06864285148876456
capacity_d3_train,1,15d9c1bd9b90a74be8b2,3,21,0,-0.08520404867531763
capacity_d3_train,1,167ad39aa3a41e9d217d,66,5,1,0.10272317300598237
capacity_d3_train,1,17b36e984ad39cbf2481,49,2,1,0.18893274038885866
capacity_d3_train,1,188552f078160d68300a,57,2,1,0.18598110923797515
capacity_d3_train,1,19b8dd281e617e0dea22,83,3,1,0.05745348370135825
capacity_d3_train,1,1a5ce978d803b41fb565,56,1,1,0.18060290935900192
capacity_d3_train,1,1c35fa097a57c8e607f7,4,54,-1,-0.015549295013552894
capacity_d3_train,1,1c68bcc85b4aee8d336a,92,1,1,0.2033136586289011
capacity_d3_train,1,1cdcfb4c5c1d908affd5,81,29,1,0.014568188154523954
capacity_d3_train,1,1cff813e6d4ab9d7ef2f,46,1,1,0.10112829052650099
capacity_d3_train,1,1ec3c44a89b5d7fc4d56,63,24,1,0.01572802917056511
capacity_d3_train,1,1fec8ff1647e4ed56617,22,2,0,0.08665400063892202
capacity_d3_train,1,2058335b7a4558079ffe,45,7,1,0.05375854535147807
capacity_d3_train,1,20925cd8cee70beae327,34,8,1,0.03931813839483498
capacity_d3_train,1,258622f21fec547ea9cb,49,4,1,0.09157269674888727
capacity_d3_train,1,26d32b85c72c7d3a01b4,45,21,1,0.0239602851148814
capacity_d3_train,1,273c18dcbd7fa507b907,16,3,0,0.05148313421475543
capacity_d3_train,1,27d49094246caf31eb63,30,16,0,0.02673816311593386
capacity_d3_train,1,286cf1c0897270ddbbfb,1,17,0,-0.8137613838756276
capacity_d3_train,1,2885d829a552da0767c2,4,1,0,0.3386853757092694
capacity_d3_train,1,2a0bbf8b7127b83ee409,18,5,0,0.0815690585890873
capacity_d3_train,1,2a305abad7abdf5c2482,46,7,1,0.06340600885219073
capacity_d3_train,1,2a8675e254ea1f415ccc,107,1,1,0.10617376499220708
capacity_d3_train,1,2baf8d7d1d7d17df4b4e,70,7,1,0.041662401626640866
capacity_d3_train,1,2bc972210c06bdc2b552,17,8,0,0.030244282917011443
capacity_d3_train,1,2ce17884bde01fa65eb2,59,29,1,0.007300177569660516
capacity_d3_train,1,2cea4522dd3ff03b2c73,33,10,1,0.09419617700746766
capacity_d3_train,1,2e292bb2d08ff10f6760,18,1,0,0.6433519416814002
capacity_d3_train,1,2fc1555b303fa7a9b1e6,59,6,1,0.08912478618883028
capacity_d3_train,1,3108f56a48762b52f3b5,100,11,1,0.030359786702839883
capacity_d3_train,1,32ada8f3f11987cea208,7,4,0,0.09521602665687
capacity_d3_train,1,33959a16f8636edca4c9,1,3,0,-0.7731583658519842
capacity_d3_train,1,341fe47a9d003e8d69e9,68,11,1,0.06358115218215284
capacity_d3_train,1,349d1365b615ef39b990,38,7,1,0.08714637483596091
capacity_d3_train,1,35d32163fdd690915fba,43,6,1,0.03821538306016755
capacity_d3_train,1,362484a3dda37a36c2c4,54,1,1,0.09589317154741754
capacity_d3_train,1,378426558f1a0b702688,26,2,0,0.16299038417881673
capacity_d3_train,1,37fbff6cc8ca4aaf0e59,73,6,1,0.10296001174163324
capacity_d3_train,1,3874933f18fe0ceb64f4,19,17,0,0.0030314537408666405
capacity_d3_train,1,38b68311a44ba3982aaf,14,17,0,0.0050504863769363344
capacity_d3_train,1,38c0460d3beb664ed522,45,17,1,0.025511811344953342
capacity_d3_train,1,3a698cab69000b64aa38,100,3,1,0.07513971812933598
capacity_d3_train,1,3b001cfa1bc011677132,69,14,1,0.04095941789120883
capacity_d3_train,1,3b75e1deb6a5d131f45b,79,4,1,0.08361404917911078
capacity_d3_train,1,3c0c656d6fe3b7a813f5,10,4,0,0.10827902036390818
capacity_d3_train,1,3c619949306344745c99,40,1,1,0.14324492341122508
capacity_d3_train,1,3d51c78a744af0eb4145,72,19,1,0.012519721969954722
capacity_d3_train,1,3dc689d1874eaf326108,12,5,0,0.06137137734979705
capacity_d3_train,1,3df9b67792216b4baf31,66,3,1,0.15481874674604593
capacity_d3_train,1,3e948e1f925e2abf2889,7,12,0,0.021137334469459215
capacity_d3_train,1,3f88042c240da894c8d2,114,12,1,0.02457166141197277
capacity_d3_train,1,40ce564b86a6bf8c99c6,4,11,0,0.0062516871891298426
capacity_d3_train,1,4177ce195be7da930009,28,32,0,0.004853594236220959
capacity_d3_train,1,41cf5e9a728737de3d5d,77,18,1,0.01937153612161919
capacity_d3_train,1,426b6ff6a33583fffa5f,31,1,0,0.14157108781746075
capacity_d3_train,1,4347c6a63c1cddba9649,4,1,0,0.24994463636486888
capacity_d3_train,1,43c334b9ec0fe01d6d3c,70,3,1,0.124441977007955
capacity_d3_train,1,4688ab7b6cff96e5f9a8,98,1,1,0.2512505269714949
capacity_d3_train,1,46f5db171c77ea7f89a7,4,24,0,-0.006342744049053533
capacity_d3_train,1,473bc56ab16b2aa3d359,52,8,1,0.03601264396810705
capacity_d3_train,1,478d40653e55b879cde9,114,1,1,0.6766495169673068
capacity_d3_train,1,47bd3fdb174ab3c7d185,90,1,1,0.29711069952410823
capacity_d3_train,1,48ffd3b0985c932655ea,50,1,1,0.13400854568709855
capacity_d3_train,1,4abd804c057d213572e6,7,1,0,0.09849433152224006
capacity_d3_train,1,4bb39f3f29512961ae8d,121,20,1,0.010675733422456635
capacity_d3_train,1,4d444d81921e635de3c3,67,2,1,0.13062169513129318
capacity_d3_train,1,4e070a2e6ca292e55f15,35,50,0,0.001007713647475132
capacity_d3_train,1,4ff939437e1e5f57f2cc,35,16,1,0.008761782762803864
capacity_d3_train,1,50bc627a462ef090e93e,84,69,0,0.0014098975569892304
capacity_d3_train,1,5147f318facdd8c522dd,113,8,1,0.038162093660602234
capacity_d3_train,1,51603dc9f3af5acf14e7,33,17,1,0.01735144709436773
capacity_d3_train,1,520f63147e1130b70955,28,10,0,0.05992171860904584
capacity_d3_train,1,5296a098a97803cf1920,86,21,1,0.013975195708721857
capacity_d3_train,1,53559acdca4279c04b22,26,7,0,0.04392305476818537
capacity_d3_train,1,53f34545e136ac7e7355,34,1,1,0.5199043403130669
capacity_d3_train,1,553129550aa5022eb7c5,44,3,1,0.09107594108684003
capacity_d3_train,1,55bd7a251a4084acafac,22,3,0,0.052874803422505695
capacity_d3_train,1,55f6d0482254eae15efc,43,6,1,0.06199399712080862
capacity_d3_train,1,56fd755e55e8be4c4bbb,4,6,0,0.03738259587434699
capacity_d3_train,1,5a7b1a03a5e12b4bff3d,95,2,1,0.10845865730369525
capacity_d3_train,1,5a80135a0e601c0a9a10,69,15,1,0.01946473143326015
capacity_d3_train,1,5bc725ebb4eea4928ab2,7,11,0,0.024517811444103213
capacity_d3_train,1,5d11af35201060ddd790,47,68,0,0.0053856881749766656
capacity_d3_train,1,5d2945531ffaaa786f75,8,1,0,0.28571568383737805
capacity_d3_train,1,5d8013f4774a39588ff1,93,3,1,0.10317186721984067
capacity_d3_train,1,603464b653317520a6ac,14,13,0,0.021466207477009076
capacity_d3_train,1,621e7de265630fc4a215,47,39,0,0.009363534376440732
capacity_d3_train,1,65665d4cf6380759d018,33,7,1,0.06014963733576111
capacity_d3_train,1,66b870c4bfb03aab85ef,92,9,1,0.03161855315753338
capacity_d3_train,1,66c5656476a7eabab725,60,1,1,0.15616798497589954
capacity_d3_train,1,67517a4400f22e1310bf,66,16,1,0.020042662080163184
capacity_d3_train,1,6770c86bd0257bdbd6fd,112,10,1,0.029322328244541965
capacity_d3_train,1,6814aaefdbd1c5c5d76f,114,5,1,0.06932891898969312
capacity_d3_train,1,691ab46cf31e326fe94b,78,16,1,0.02378331910719639
capacity_d3_train,1,6966f0e0d84af0d3e26a,5,2,0,0.316597698823902
capacity_d3_train,1,6ac3d805a41af1de25aa,28,4,0,0.07951155517959602
capacity_d3_train,1,6b0fc842aa791050d5a2,37,17,1,0.0404875210428337
capacity_d3_train,1,6b2082d76b6295396599,14,1,0,0.3564227673651421
capacity_d3_train,1,6ebf70bf0789bbb0a172,44,3,1,0.06642043129749836
capacity_d3_train,1,70f79fa7550b1c802718,35,1,1,0.1506382118378634
capacity_d3_train,1,71c90e4f7b4c38ea2070,48,1,1,0.505891864275414
capacity_d3_train,1,73c69baf34574eafdd3c,79,13,1,0.018545237750830612
capacity_d3_train,1,742713491539bda4dcec,51,8,1,0.03180498339359802
capacity_d3_train,1,747fba69712a66dd5bfe,1,3,0,-0.7583884552188138
capacity_d3_train,1,76ed5db51568ba9299ed,53,5,1,0.047164847766861646
capacity_d3_train,1,776ea3e581a50313fe73,19,2,0,0.08234641798482753
capacity_d3_train,1,777aaf9441af06dc92e6,55,9,1,0.05522610373680182
capacity_d3_train,1,77c24898fe0d48982f7f,37,10,1,0.030443585008579493
capacity_d3_train,1,7941b3bf4a4e8bdf56fc,22,29,0,0.010652457352179864
capacity_d3_train,1,7969374485db79895e1c,99,49,0,0.001578230153004918
capacity_d3_train,1,7a9acbe0d2c9150d7fd3,73,2,1,0.21749062959857926
capacity_d3_train,1,7aabbd8f4cbc661ad238,6,2,0,0.2935123579464595
capacity_d3_train,1,7c198a424a93424a6beb,29,2,0,0.07561891004414127
capacity_d3_train,1,7ccae6e5d21dd639eed8,75,13,1,0.02070905956518862
capacity_d3_train,1,8000cccda578e70a1c06,85,12,1,0.03065467500324157
capacity_d3_train,1,815abc764865a9c513c3,34,5,1,0.04546321626519524
capacity_d3_train,1,81d97aad226dcf1766c9,58,1,1,0.3445236444331277
capacity_d3_train,1,8240231080f9ffd9a906,4,16,0,-0.021977785145608043
capacity_d3_train,1,828963ec1d268fb93b20,107,21,1,0.016435522958007813
capacity_d3_train,1,82ce27e8956075da4631,108,21,1,0.020418088106530067
capacity_d3_train,1,832dab6b9aeca8fa1836,29,10,0,0.03680889007359864
capacity_d3_train,1,8648e5cbaa9f50786043,27,5,0,0.04278591246274553
capacity_d3_train,1,86518074aebc5ba85c48,77,1,1,0.2045250473906826
capacity_d3_train,1,866abeda46cdb7b29088,29,1,0,0.10951105918276262
capacity_d3_train,1,867b4da9846a2a006caf,35,21,1,0.0192915475392724
capacity_d3_train,1,88d636693dd9f9db90dd,2,7,0,-0.046799296914204216
capacity_d3_train,1,8a630958d96519744048,4,50,-1,-0.051968044729268636
capacity_d3_train,1,8be11cea433363e47775,97,1,1,0.10681554005005392
capacity_d3_train,1,8c874f55e55fdae28db6,72,8,1,0.03820829397758172
capacity_d3_train,1,8cab98599b69e1497a62,14,6,0,0.042475746852248975
capacity_d3_train,1,8e1ff22f717dcffbccc6,28,10,0,0.014137827120996694
capacity_d3_train,1,8e6d0e3f32ae36d3f0e7,47,28,1,0.00807930699804747
capacity_d3_train,1,8e7c86f4a0101af777b4,82,13,1,0.0250208090812036
capacity_d3_train,1,8fb71f8e3f5998e973d1,93,2,1,0.11043097554101126
capacity_d3_train,1,91f89f2759f37dc70b29,80,40,0,0.0021197169551014443
capacity_d3_train,1,9268213fc41643b992f7,67,3,1,0.07465994092099947
capacity_d3_train,1,9358a04aa24bae82b93e,64,1,1,0.08418060870865043
capacity_d3_train,1,937c364d7cf00458f25d,3,4,0,0.02948870626771928
capacity_d3_train,1,94326226811d0fa9bcca,45,2,1,0.1276423057557174
capacity_d3_train,1,9554c835de85c4f2fe28,32,6,0,0.05996036891812871
capacity_d3_train,1,95a7a191d221b725cbf1,24,11,0,0.042816256493938824
capacity_d3_train,1,961a6448a2916f7bb9db,75,9,1,0.05792662074121647
capacity_d3_train,1,96f7add3b2c678fd61aa,18,2,0,0.08403829395768364
capacity_d3_train,1,9797d1e3812be1630df3,37,19,1,0.005031491184252221
capacity_d3_train,1,982cb968ec6e941fe4d2,38,3,1,0.16182833068775773
capacity_d3_train,1,985a99b03d9ca533ebec,94,12,1,0.02694233868412884
capacity_d3_train,1,991da9bcde2e0f63bf9c,115,10,1,0.0533101478343329
capacity_d3_train,1,9b2cbf5ad09b909ca18c,13,28,0,0.01559154117790224
capacity_d3_train,1,9b380f7a58cece71028f,13,21,0,0.02850934166245622
capacity_d3_train,1,9c708b0bda7ef0fbcb45,55,5,1,0.07528962998427303
capacity_d3_train,1,9cfb3ea98db55e996cbe,65,1,1,0.18032419523601664
capacity_d3_train,1,9da5c115ddb1179cc4ef,20,26,0,0.015997891913502024
capacity_d3_train,1,9dcdf71f5c460a5d14af,4,32,0,-0.023258599783436397
capacity_d3_train,1,9e4bcaee00d8d802ad87,9,22,0,-0.0027747920345863285
capacity_d3_train,1,9e64533cf441957dfb51,124,3,1,0.034321806492050695
capacity_d3_train,1,9e859139091c4b335bb2,47,1,1,0.0924274870371006
capacity_d3_train,1,9ea151adbc98be4059d2,108,54,0,0.0006542088877696369
capacity_d3_train,1,9eb90734af7c837c2753,8,5,0,0.04163099348198607
capacity_d3_train,1,9fde0561a60751242c80,18,9,0,0.03448668946685373
capacity_d3_train,1,a082f5d8c77f5e2afc0f,28,1,0,0.19742400420936457
capacity_d3_train,1,a30b47ed1b0a427bee25,96,12,1,0.03275319827334681
capacity_d3_train,1,a4542d280428a9a0f40c,34,4,1,0.1366434544660583
capacity_d3_train,1,a45ffddaa0fbc643fc90,71,23,1,0.013010034508181223
capacity_d3_train,1,a5c72a5c4841492c63d3,7,4,0,0.0798942950177697
capacity_d3_train,1,a6bebf535a853d52e077,7,3,0,0.19534494580873424
capacity_d3_train,1,a6f849a345539e017112,44,15,1,0.03146238500544838
capacity_d3_train,1,a76465f0333f320f849a,53,4,1,0.08461213138766698
capacity_d3_train,1,a767421d6734b3e2dbdf,28,13,0,0.053370445881567
capacity_d3_train,1,a7f004bd959b6b990310,50,75,0,0.0018333368636345552
capacity_d3_train,1,a8e7d5226a4fe8ca38e6,51,12,1,0.04028863236624286
capacity_d3_train,1,a91fba4df9d806e12925,44,13,1,0.024350134535092598
capacity_d3_train,1,aa4b97a37b35020bdc8d,79,14,1,0.023131287063571915
capacity_d3_train,1,acc328f92327f16427ef,25,23,0,0.01658682954809395
capacity_d3_train,1,ad1bd7e63c7f7a3611e7,116,15,1,0.019482502621384477
capacity_d3_train,1,ad67efc49c23d3e6a074,7,7,0,0.007770884433126427
capacity_d3_train,1,aed6e99c0e877af7a9ef,33,1,1,0.072158118562547
capacity_d3_train,1,aef4b17e772b910bacad,20,17,0,0.01808582848446648
capacity_d3_train,1,af098ebc6158bbb3e036,27,12,0,0.026083487588023715
capacity_d3_train,1,b14e2a25a8a8e9609f38,54,36,0,0.01012703672953337
capacity_d3_train,1,b18e455de8005b936a32,60,19,1,0.015735333373511105
capacity_d3_train,1,b19ab931afe758f0a963,12,2,0,0.08712393542955467
capacity_d3_train,1,b20d52dca545965af0c1,108,73,0,0.001352063736131414
capacity_d3_train,1,b2b056c5f4a3a0c5d0a3,105,19,1,0.02694931326975237
capacity_d3_train,1,b4a22c1c0356f3adcce2,107,21,1,0.017236292282202175
capacity_d3_train,1,babd5d1145a3f35c3c37,56,3,1,0.03986873483560014
capacity_d3_train,1,bade395a6bf28d4ca31b,20,1,0,0.6131452154983308
capacity_d3_train,1,bb32187773952d04881b,60,2,1,0.18196229220659085
capacity_d3_train,1,bba8e0d5a7b0bce7dd1b,47,11,1,0.04901842453687234
capacity_d3_train,1,bc59c9a65afbd91ee02b,43,3,1,0.04964949838239762
capacity_d3_train,1,bea14f78916bc5625501,8,76,-1,-0.023541714958464143
capacity_d3_train,1,bec1f4e548805c747767,13,1,0,0.09446533030287348
capacity_d3_train,1,bf45c5f6c9aed9f2d36a,94,37,0,0.0022891058856760785
capacity_d3_train,1,bfdbc293300a03acf1d0,24,1,0,0.21259785968611156
capacity_d3_train,1,c1e517b879131e49124c,43,2,1,0.08430194326072035
capacity_d3_train,1,c26187e5ce6657d37d76,31,30,0,0.009980544113957391
capacity_d3_train,1,c28bdabc51d145411928,43,9,1,0.04252826721114882
capacity_d3_train,1,c2f1566c77f1e4d913a7,94,3,1,0.07088884714087401
capacity_d3_train,1,c43f8f66c65d9e1b8467,80,1,1,0.13122227753330518
capacity_d3_train,1,c4b6cb8ef06e2acc2756,35,18,1,0.010133277287654403
capacity_d3_train,1,c5b9393938d2974e076e,99,16,1,0.02586740189739167
capacity_d3_train,1,c5bb6383daa7b07c94e7,68,40,0,0.00603552273364123
capacity_d3_train,1,c726b9fc2d058e23099d,93,1,1,0.18169594060663521
capacity_d3_train,1,c821a44a387ffb70df6a,16,2,0,0.07693519539116181
capacity_d3_train,1,c8a3b865511811579394,92,1,1,0.3214792556984698
capacity_d3_train,1,c8cee5c34be99b7ea2a7,16,6,0,0.041759999995780825
capacity_d3_train,1,c9a6e7bababbe06c508d,43,5,1,0.06396322908768
capacity_d3_train,1,ca4fe35dfed139364873,107,9,1,0.040774797399270285
capacity_d3_train,1,cb9ca52656d17f341d77,10,24,0,0.01576678353309743
capacity_d3_train,1,ccd25061661b6134a897,51,19,1,0.03213427582523826
capacity_d3_train,1,cd01f1950eed37c6b054,67,2,1,0.07523754685706109
capacity_d3_train,1,cdf9f93d182b0ef8f4dd,11,2,0,0.0994910806107445
capacity_d3_train,1,cf127fc53ccd63859e23,38,12,1,0.03287284422666628
capacity_d3_train,1,cfcded758d0b4eae9046,118,2,1,0.2518914699489386
capacity_d3_train,1,d1e38cd2ac20636766b1,43,6,1,0.03566962952312743
capacity_d3_train,1,d219ba1e64a28f874e59,11,21,0,-0.007608569328801967
capacity_d3_train,1,d23e209cc74e66d7c35f,31,8,0,0.07059715451795598
capacity_d3_train,1,d257d5dd7241209c9179,53,1,1,0.08573907143467317
capacity_d3_train,1,d27cd3662913dc6221e0,7,6,0,0.05520499443843099
capacity_d3_train,1,d3545f183e4436717e68,68,2,1,0.21245974940345425
capacity_d3_train,1,d3619f0ae57de133be65,35,6,1,0.05783376043261018
capacity_d3_train,1,d3a89172099c5b718c25,13,47,-1,-0.0004163304532610551
capacity_d3_train,1,d45f832e454fc637704d,4,18,0,-0.032060173347887466
capacity_d3_train,1,d483e0cc5b33458a50e7,16,5,0,0.06068229191081058
capacity_d3_train,1,d4fc8d2b061cfa4f4d0e,43,5,1,0.05181654568085023
capacity_d3_train,1,d634ca41e0907ab3757a,29,41,-1,0.003049121079037363
capacity_d3_train,1,d6a1f83afcdbbfe4782c,24,5,0,0.08728481309601212
capacity_d3_train,1,d742c43b69d371cbe615,1,14,0,-0.6612890439272541
capacity_d3_train,1,d767f23e38b55c846635,7,2,0,0.36824016784937824
capacity_d3_train,1,d87ba2366aeedd577373,72,3,1,0.0676769723869357
capacity_d3_train,1,d90099764c5ab3c31295,53,8,1,0.036322403590213846
capacity_d3_train,1,da49bd3ba97960942412,33,6,1,0.04467868217156184
capacity_d3_train,1,da5f4dcee381d7427dcf,95,1,1,0.20060320288782355
capacity_d3_train,1,da646c71e15614e9084d,39,2,1,0.0654480478361801
capacity_d3_train,1,db156ee29e89e62c29cc,47,9,1,0.03631459342268435
capacity_d3_train,1,db915c4dd920b0df249a,6,2,0,0.14517210425576357
capacity_d3_train,1,dbef28fb4f0edb762f69,97,18,1,0.027846330308409894
capacity_d3_train,1,ddaf2f4cb4dfbe69e6b3,6,1,0,0.6623574676732269
capacity_d3_train,1,de898896010feafe5dbe,43,10,1,0.041041125040689685
capacity_d3_train,1,df8fde224aec7bff0910,39,2,1,0.0863371173960861
capacity_d3_train,1,e06407e5c00f2604619e,31,8,0,0.02866886736427036
capacity_d3_train,1,e38759a9e7d85331517a,66,1,1,0.6404255980365141
capacity_d3_train,1,e50d9053043ac6f84fa1,4,32,0,-0.03779593623593112
capacity_d3_train,1,e59ed4d3979a07c65259,109,1,1,0.13316565617066717
capacity_d3_train,1,e5bd80b563aa0e48027e,1,14,0,-0.9090538285392598
capacity_d3_train,1,e5d453e2dab1c566896e,22,4,0,0.1362773045140047
capacity_d3_train,1,e79a555b0ef2ca4024db,67,3,1,0.08436180883417364
capacity_d3_train,1,e8b4348a4354a3a1cc00,29,5,0,0.06505594140018994
capacity_d3_train,1,e8c2bef17a51fb7888b1,45,1,1,0.1704841910637739
capacity_d3_train,1,ead10bb43bfcc957795e,42,19,1,0.021337194504358226
capacity_d3_train,1,eb09f014ee664a9cedb4,41,3,1,0.08123215024543094
capacity_d3_train,1,ebeae26e64dafcf25711,17,9,0,0.05659891732359607
capacity_d3_train,1,edfd515e2e0cada826ec,48,26,1,0.019298013287369437
capacity_d3_train,1,eec10903f3c81b8f14c2,22,3,0,0.06486983740667622
capacity_d3_train,1,eeefc16395eacc9e5481,1,3,0,-0.7313622416054045
capacity_d3_train,1,ef30ebb77043e62bb120,120,8,1,0.04052568597331814
capacity_d3_train,1,ef949e4160127164466f,67,8,1,0.056047092043051576
capacity_d3_train,1,efa764d3c55de23eaf65,112,4,1,0.04147918100995097
capacity_d3_train,1,efc6f0dc820c8569b757,1,4,0,-0.8905433901899771
capacity_d3_train,1,f003b9bc5f14e7213a5b,11,6,0,0.03460814713155327
capacity_d3_train,1,f133c7fee1f9d359ac91,55,2,1,0.10070320630036331
capacity_d3_train,1,f2db00d7817299170869,68,28,1,0.01393541034455067
capacity_d3_train,1,f3499238f592d09a6c1f,14,5,0,0.13034722429018886
capacity_d3_train,1,f37240b8579c5657942e,43,15,1,0.04287760177488965
capacity_d3_train,1,f374fc72c2029ff16461,59,23,1,0.0182668690202843
capacity_d3_train,1,f39cc05c0c2cf3fa21ae,27,4,0,0.13958943604055934
capacity_d3_train,1,f3e95029a6be48f6cd60,26,35,-1,0.0007294152724975946
capacity_d3_train,1,f7ef72e6cafafed31433,23,2,0,0.21699774620610657
capacity_d3_train,1,f815b8737a4601b3c1eb,50,15,1,0.02207739588545682
capacity_d3_train,1,f816c813f33ec41d24c9,5,4,0,0.01763294728633745
capacity_d3_train,1,f836c8679cdf505d2bdf,33,26,1,0.01748052547231293
capacity_d3_train,1,fa081ffbc49cc9d7182f,8,20,0,0.03087539673810838
capacity_d3_train,1,fc70c176440e5ffc498d,7,5,0,0.17853680377887288
capacity_d3_train,1,fe31ce59cf884062a14d,35,13,1,0.02810815895611992
capacity_d3_train,1,ff1f95e38d998dfee013,47,9,1,0.03131953398325918
capacity_d3_train,1,ff7bc74db7d6740b4ef6,50,17,1,0.015722117160558765
capacity_d3_train,1,ffdf328a8016809b2166,100,1,1,0.33022200104929755
capacity_d3_train,2,003f757e15f91eeb14db,2,3,0,-0.09224242856010158
capacity_d3_train,2,008b7a6b50b9a482195d,1,5,0,-0.25624291907574165
capacity_d3_train,2,01964fa3510592df0119,31,32,0,0.004453732422635458
capacity_d3_train,2,01ac7dcb5f8f658f41cd,91,42,0,0.004987603878088644
capacity_d3_train,2,0274dfa29a2a679f3f31,82,1,1,0.8712052333736052
capacity_d3_train,2,04f66b59f47eeba019ff,78,26,1,9.916662679853672e-06
capacity_d3_train,2,0600632ab50f84b4a21d,69,12,1,0.022104335680141637
capacity_d3_train,2,0642c8485322e6de643c,117,58,0,0.0009430549199771284
capacity_d3_train,2,06aff4ac84d93deba687,42,14,1,0.026203747164292742
capacity_d3_train,2,06b129e89f0c849e34b1,48,1,1,0.07239424348021911
capacity_d3_train,2,06ddc0a57804f07b0663,43,9,1,0.03492993013375471
capacity_d3_train,2,086d76944b2b2970b882,26,19,0,0.009328810375665759
capacity_d3_train,2,08f510f5963dfe3535d8,18,7,0,0.10321057849632666
capacity_d3_train,2,0a2f9f3ef77e2f1ea893,20,3,0,0.165935476568876
capacity_d3_train,2,0c755962b40f03d1dc10,76,23,1,0.009101014451929809
capacity_d3_train,2,0eb88a23f0e3bb0b2809,53,7,1,0.03842430623400253
capacity_d3_train,2,0f6b276fe1e2f75ed62f,70,8,1,0.063796969216316
capacity_d3_train,2,11fb635c4f8e150d18f7,10,1,0,0.09665864135203112
capacity_d3_train,2,1378b93ccdbc363eae10,23,6,0,0.07707352529873883
capacity_d3_train,2,13a0fb55f04397134ae3,11,7,0,0.02328676852989946
capacity_d3_train,2,13a362b1534feebee01e,33,4,1,0.08425687290237364
capacity_d3_train,2,13bfc7c475357c054c15,46,18,1,0.009199440804451856
capacity_d3_train,2,14119511459c97cf9ce7,37,9,1,0.025926071255242156
capacity_d3_train,2,1471c45a2b4d1112441b,37,4,1,0.11332197026908641
capacity_d3_train,2,15d9c1bd9b90a74be8b2,3,9,0,-0.034630749834767736
capacity_d3_train,2,167ad39aa3a41e9d217d,16,5,0,0.08420023851560383
capacity_d3_train,2,17b36e984ad39cbf2481,35,5,1,0.07743827820367595
capacity_d3_train,2,188552f078160d68300a,70,6,1,0.07070274762832504
capacity_d3_train,2,19b8dd281e617e0dea22,101,2,1,0.11478705424212961
capacity_d3_train,2,1a5ce978d803b41fb565,33,5,1,0.0432274227066944
capacity_d3_train,2,1c35fa097a57c8e607f7,5,32,0,-0.03147638363686282
capacity_d3_train,2,1c68bcc85b4aee8d336a,68,13,1,0.03525206570918899
capacity_d3_train,2,1cdcfb4c5c1d908affd5,62,64,0,0.00018455641055105065
capacity_d3_train,2,1cff813e6d4ab9d7ef2f,54,3,1,0.11145279083089406
capacity_d3_train,2,1ec3c44a89b5d7fc4d56,63,19,1,0.022048729369529316
capacity_d3_train,2,1fec8ff1647e4ed56617,15,3,0,0.08318655151739453
capacity_d3_train,2,2058335b7a4558079ffe,26,5,0,0.07176460289976963
capacity_d3_train,2,20925cd8cee70beae327,23,5,0,0.05797034827373044
capacity_d3_train,2,258622f21fec547ea9cb,72,9,1,0.03403279648551313
capacity_d3_train,2,26d32b85c72c7d3a01b4,38,14,1,0.026963901737945342
capacity_d3_train,2,273c18dcbd7fa507b907,55,5,1,0.04748552632748605
capacity_d3_train,2,27d49094246caf31eb63,12,30,0,-0.00041888528420185554
capacity_d3_train,2,286cf1c0897270ddbbfb,2,5,0,-0.15766285736321184
capacity_d3_train,2,2885d829a552da0767c2,62,1,1,0.1627341051225176
capacity_d3_train,2,2a0bbf8b7127b83ee409,13,4,0,0.06504408953251668
capacity_d3_train,2,2a305abad7abdf5c2482,30,25,0,0.02722255435521563
capacity_d3_train,2,2a8675e254ea1f415ccc,107,2,1,0.13252262598460757
capacity_d3_train,2,2baf8d7d1d7d17df4b4e,53,25,1,0.010622464761642594
capacity_d3_train,2,2bc972210c06bdc2b552,21,21,0,0.018590568307242636
capacity_d3_train,2,2ce17884bde01fa65eb2,39,42,0,0.0020705309545477947
capacity_d3_train,2,2cea4522dd3ff03b2c73,60,6,1,0.08057927067177954
capacity_d3_train,2,2e292bb2d08ff10f6760,116,1,1,0.1773042469168071
capacity_d3_train,2,2fc1555b303fa7a9b1e6,17,7,0,0.08559330903794876
capacity_d3_train,2,3108f56a48762b52f3b5,94,13,1,0.039336965290366864
capacity_d3_train,2,32ada8f3f11987cea208,10,4,0,0.0978557368621972
capacity_d3_train,2,33959a16f8636edca4c9,2,11,0,-0.2943868831302246
capacity_d3_train,2,341fe47a9d003e8d69e9,22,10,0,0.04877470249665834
capacity_d3_train,2,349d1365b615ef39b990,30,8,0,0.07728699666499814
capacity_d3_train,2,35d32163fdd690915fba,39,27,1,0.009869769185421364
capacity_d3_train,2,362484a3dda37a36c2c4,7,6,0,0.01203729719279046
capacity_d3_train,2,378426558f1a0b702688,40,5,1,0.10415793716409485
capacity_d3_train,2,37fbff6cc8ca4aaf0e59,66,5,1,0.18521104123739787
capacity_d3_train,2,3874933f18fe0ceb64f4,2,10,0,-0.10022564674029247
capacity_d3_train,2,38b68311a44ba3982aaf,11,41,-1,-0.0024138596222700467
capacity_d3_train,2,38c0460d3beb664ed522,24,23,0,0.016971427877854956
capacity_d3_train,2,3a698cab69000b64aa38,101,2,1,0.10698715348928071
capacity_d3_train,2,3b001cfa1bc011677132,65,1,1,0.16130550751213124
capacity_d3_train,2,3b75e1deb6a5d131f45b,78,3,1,0.10927469853156555
capacity_d3_train,2,3c0c656d6fe3b7a813f5,14,5,0,0.06561390433736503
capacity_d3_train,2,3c619949306344745c99,16,1,0,0.13887839184699963
capacity_d3_train,2,3d51c78a744af0eb4145,70,16,1,0.02174072807947314
capacity_d3_train,2,3dc689d1874eaf326108,11,5,0,0.04442243671907147
capacity_d3_train,2,3df9b67792216b4baf31,34,13,1,0.03723326101228565
capacity_d3_train,2,3e948e1f925e2abf2889,9,5,0,0.04066330342465374
capacity_d3_train,2,3f88042c240da894c8d2,44,7,1,0.059831835356091115
capacity_d3_train,2,40ce564b86a6bf8c99c6,8,5,0,0.10379041703702352
capacity_d3_train,2,4177ce195be7da930009,46,21,1,0.0077851191937384785
capacity_d3_train,2,41cf5e9a728737de3d5d,62,3,1,0.06946072538065673
capacity_d3_train,2,426b6ff6a33583fffa5f,41,16,1,0.013966266579669772
capacity_d3_train,2,4347c6a63c1cddba9649,3,2,0,0.05587869216746849
capacity_d3_train,2,43c334b9ec0fe01d6d3c,24,3,0,0.09918667291439354
capacity_d3_train,2,4688ab7b6cff96e5f9a8,70,1,1,0.37353378559028416
capacity_d3_train,2,46f5db171c77ea7f89a7,6,2,0,0.13708707786153143
capacity_d3_train,2,473bc56ab16b2aa3d359,12,6,0,0.0461097899872268
capacity_d3_train,2,478d40653e55b879cde9,82,1,1,0.3421807677499393
capacity_d3_train,2,47bd3fdb174ab3c7d185,82,1,1,0.23371494299638673
capacity_d3_train,2,48ffd3b0985c932655ea,51,7,1,0.08200510182564871
capacity_d3_train,2,4abd804c057d213572e6,20,3,0,0.08339336511478576
capacity_d3_train,2,4bb39f3f29512961ae8d,121,13,1,0.018356676016509567
capacity_d3_train,2,4d444d81921e635de3c3,54,2,1,0.12078148582614054
capacity_d3_train,2,4e070a2e6ca292e55f15,30,18,0,0.01948939613848818
capacity_d3_train,2,4ff939437e1e5f57f2cc,15,1,0,0.10818752641023734
capacity_d3_train,2,50bc627a462ef090e93e,48,12,1,0.029735166133322433
capacity_d3_train,2,5147f318facdd8c522dd,62,15,1,0.021931610766633955
capacity_d3_train,2,51603dc9f3af5acf14e7,32,31,0,0.004536226125671865
capacity_d3_train,2,520f63147e1130b70955,67,7,1,0.061993703597713334
capacity_d3_train,2,5296a098a97803cf1920,73,34,0,0.00831988415406288
capacity_d3_train,2,53559acdca4279c04b22,27,4,0,0.06285822549164871
capacity_d3_train,2,53f34545e136ac7e7355,109,1,1,0.24223359329389824
capacity_d3_train,2,553129550aa5022eb7c5,32,9,0,0.05465513044744633
capacity_d3_train,2,55bd7a251a4084acafac,78,5,1,0.047724480143369136
capacity_d3_train,2,55f6d0482254eae15efc,43,5,1,0.0717827774561261
capacity_d3_train,2,56fd755e55e8be4c4bbb,6,4,0,0.09840481794794895
capacity_d3_train,2,5a7b1a03a5e12b4bff3d,87,8,1,0.031897888350067564
capacity_d3_train,2,5a80135a0e601c0a9a10,27,10,0,0.028141300716747454
capacity_d3_train,2,5bc725ebb4eea4928ab2,9,2,0,0.1050344477067226
capacity_d3_train,2,5d11af35201060ddd790,77,1,1,0.1837922243784881
capacity_d3_train,2,5d2945531ffaaa786f75,5,4,0,0.16676150178318072
capacity_d3_train,2,5d8013f4774a39588ff1,10,14,0,0.006149733601111783
capacity_d3_train,2,603464b653317520a6ac,23,1,0,0.12804723750135746
capacity_d3_train,2,621e7de265630fc4a215,38,17,1,0.03371864044269012
capacity_d3_train,2,65665d4cf6380759d018,27,3,0,0.08072283681866183
capacity_d3_train,2,66b870c4bfb03aab85ef,104,13,1,0.013244182291774572
capacity_d3_train,2,66c5656476a7eabab725,66,7,1,0.0693377980897974
capacity_d3_train,2,67517a4400f22e1310bf,72,7,1,0.03782837488449857
capacity_d3_train,2,6770c86bd0257bdbd6fd,111,1,1,0.14813828552810113
capacity_d3_train,2,6814aaefdbd1c5c5d76f,116,38,0,0.0034525518363164444
capacity_d3_train,2,691ab46cf31e326fe94b,19,30,0,0.011909394966844773
capacity_d3_train,2,6966f0e0d84af0d3e26a,12,1,0,0.4633410029639592
capacity_d3_train,2,6ac3d805a41af1de25aa,28,2,0,0.1265556250850042
capacity_d3_train,2,6b0fc842aa791050d5a2,57,14,1,0.04127699521529291
capacity_d3_train,2,6b2082d76b6295396599,42,2,1,0.19066197420415323
capacity_d3_train,2,6ebf70bf0789bbb0a172,29,4,0,0.0957358485992367
capacity_d3_train,2,70f79fa7550b1c802718,35,8,1,0.035368977189146236
capacity_d3_train,2,71c90e4f7b4c38ea2070,54,3,1,0.09436904068945287
capacity_d3_train,2,73c69baf34574eafdd3c,53,11,1,0.044792834140731014
capacity_d3_train,2,742713491539bda4dcec,77,13,1,0.021003111961024622
capacity_d3_train,2,747fba69712a66dd5bfe,15,4,0,0.080848395268064
capacity_d3_train,2,76ed5db51568ba9299ed,47,14,1,0.026843114297160978
capacity_d3_train,2,776ea3e581a50313fe73,13,3,0,0.14118984090550116
capacity_d3_train,2,777aaf9441af06dc92e6,69,5,1,0.0733689400778159
capacity_d3_train,2,77c24898fe0d48982f7f,7,12,0,0.013109571813912379
capacity_d3_train,2,7941b3bf4a4e8bdf56fc,16,31,0,0.008517318587997707
capacity_d3_train,2,7969374485db79895e1c,53,43,0,0.0007925936159349027
capacity_d3_train,2,7a9acbe0d2c9150d7fd3,84,1,1,0.6992166140753029
capacity_d3_train,2,7aabbd8f4cbc661ad238,13,1,0,0.40573713485691254
capacity_d3_train,2,7c198a424a93424a6beb,15,21,0,0.025220879596366312
capacity_d3_train,2,7ccae6e5d21dd639eed8,85,14,1,0.011430257284422181
capacity_d3_train,2,8000cccda578e70a1c06,84,4,1,0.056546984351879645
capacity_d3_train,2,815abc764865a9c513c3,71,29,1,0.010592173475908876
capacity_d3_train,2,81d97aad226dcf1766c9,43,1,1,0.08640810951793554
capacity_d3_train,2,8240231080f9ffd9a906,8,3,0,0.1456097701856091
capacity_d3_train,2,828963ec1d268fb93b20,102,1,1,0.30477827905252247
capacity_d3_train,2,82ce27e8956075da4631,51,12,1,0.026557110457509372
capacity_d3_train,2,832dab6b9aeca8fa1836,65,6,1,0.040814085108842844
capacity_d3_train,2,8648e5cbaa9f50786043,16,22,0,0.011640990312736205
capacity_d3_train,2,86518074aebc5ba85c48,66,2,1,0.10355557694758423
capacity_d3_train,2,866abeda46cdb7b29088,16,4,0,0.1291339481066466
capacity_d3_train,2,867b4da9846a2a006caf,7,31,0,-0.04829650134461834
capacity_d3_train,2,88d636693dd9f9db90dd,29,12,0,0.025339970302913666
capacity_d3_train,2,8a630958d96519744048,42,9,1,0.019229637179833423
capacity_d3_train,2,8be11cea433363e47775,48,15,1,0.01829638455097719
capacity_d3_train,2,8c874f55e55fdae28db6,85,16,1,0.015299867461984546
capacity_d3_train,2,8cab98599b69e1497a62,15,1,0,0.15006775650549037
capacity_d3_train,2,8e1ff22f717dcffbccc6,16,35,-1,0.0045638246913448114
capacity_d3_train,2,8e6d0e3f32ae36d3f0e7,28,23,0,0.009043422018987928
capacity_d3_train,2,8e7c86f4a0101af777b4,79,32,1,0.008116791356003081
capacity_d3_train,2,8fb71f8e3f5998e973d1,84,19,1,0.012881664724499064
capacity_d3_train,2,91f89f2759f37dc70b29,81,42,0,0.0008378693115658732
capacity_d3_train,2,9268213fc41643b992f7,59,4,1,0.0969277951868948
capacity_d3_train,2,9358a04aa24bae82b93e,46,1,1,0.09626327724167655
capacity_d3_train,2,937c364d7cf00458f25d,2,4,0,0.0036190271297181775
capacity_d3_train,2,94326226811d0fa9bcca,69,1,1,0.11407434840703855
capacity_d3_train,2,9554c835de85c4f2fe28,6,43,-1,-0.011500708619491028
capacity_d3_train,2,95a7a191d221b725cbf1,44,11,1,0.04329061500287015
capacity_d3_train,2,961a6448a2916f7bb9db,67,7,1,0.06708100731228143
capacity_d3_train,2,96f7add3b2c678fd61aa,25,5,0,0.07294094445080423
capacity_d3_train,2,9797d1e3812be1630df3,37,12,1,0.005890179606735725
capacity_d3_train,2,982cb968ec6e941fe4d2,30,13,0,0.04001033528260301
capacity_d3_train,2,985a99b03d9ca533ebec,82,12,1,0.017168177962770096
capacity_d3_train,2,991da9bcde2e0f63bf9c,84,12,1,0.035853153776600734
capacity_d3_train,2,9b2cbf5ad09b909ca18c,52,23,1,0.015907474510352418
capacity_d3_train,2,9b380f7a58cece71028f,42,14,1,0.04394980280189074
capacity_d3_train,2,9c708b0bda7ef0fbcb45,30,21,0,0.03627118797671288
capacity_d3_train,2,9cfb3ea98db55e996cbe,33,10,1,0.02459290748748762
capacity_d3_train,2,9da5c115ddb1179cc4ef,3,35,-1,-0.10720749728079769
capacity_d3_train,2,9dcdf71f5c460a5d14af,29,22,0,0.007917888089032888
capacity_d3_train,2,9e4bcaee00d8d802ad87,5,8,0,-0.038289282295844176
capacity_d3_train,2,9e64533cf441957dfb51,102,1,1,0.07643342992199492
capacity_d3_train,2,9e859139091c4b335bb2,54,8,1,0.032596854267575026
capacity_d3_train,2,9ea151adbc98be4059d2,109,47,0,0.0006778959283248122
capacity_d3_train,2,9eb90734af7c837c2753,8,2,0,0.10754882391405983
capacity_d3_train,2,9fde0561a60751242c80,19,3,0,0.09812428100781856
capacity_d3_train,2,a082f5d8c77f5e2afc0f,41,12,1,0.04290452639476341
capacity_d3_train,2,a30b47ed1b0a427bee25,45,30,1,0.005745725732555821
capacity_d3_train,2,a4542d280428a9a0f40c,37,5,1,0.10309511907365324
capacity_d3_train,2,a45ffddaa0fbc643fc90,108,41,0,0.005125306056313305
capacity_d3_train,2,a5c72a5c4841492c63d3,7,4,0,0.10385213804368623
capacity_d3_train,2,a6bebf535a853d52e077,4,3,0,0.10761441991073392
capacity_d3_train,2,a6f849a345539e017112,47,13,1,0.02944297879071581
capacity_d3_train,2,a76465f0333f320f849a,34,6,1,0.04184116433800343
capacity_d3_train,2,a767421d6734b3e2dbdf,37,15,1,0.02709629382389381
capacity_d3_train,2,a7f004bd959b6b990310,48,30,1,0.0059335283052147384
capacity_d3_train,2,a8e7d5226a4fe8ca38e6,67,7,1,0.07492638618945538
capacity_d3_train,2,a91fba4df9d806e12925,29,11,0,0.05702760208209206
capacity_d3_train,2,aa4b97a37b35020bdc8d,94,15,1,0.01721468089235457
capacity_d3_train,2,acc328f92327f16427ef,15,9,0,0.031155430674373062
capacity_d3_train,2,ad1bd7e63c7f7a3611e7,124,1,1,0.1609741386763122
capacity_d3_train,2,ad67efc49c23d3e6a074,10,1,0,0.3040985894168314
capacity_d3_train,2,aed6e99c0e877af7a9ef,57,5,1,0.0458108955959132
capacity_d3_train,2,aef4b17e772b910bacad,12,3,0,0.10214992329854944
capacity_d3_train,2,af098ebc6158bbb3e036,52,5,1,0.05401966370608243
capacity_d3_train,2,b14e2a25a8a8e9609f38,50,18,1,0.012472740082116364
capacity_d3_train,2,b18e455de8005b936a32,70,25,1,0.008289292738932206
capacity_d3_train,2,b19ab931afe758f0a963,8,9,0,0.021943928230091586
capacity_d3_train,2,b20d52dca545965af0c1,33,21,1,0.008722593816344786
capacity_d3_train,2,b2b056c5f4a3a0c5d0a3,116,6,1,0.03571055155275563
capacity_d3_train,2,b4a22c1c0356f3adcce2,110,5,1,0.04693981460174526
capacity_d3_train,2,babd5d1145a3f35c3c37,50,1,1,0.4805547252662314
capacity_d3_train,2,bade395a6bf28d4ca31b,114,1,1,0.23882692820029772
capacity_d3_train,2,bb32187773952d04881b,25,1,0,0.17527452247235845
capacity_d3_train,2,bba8e0d5a7b0bce7dd1b,59,18,1,0.03930555482919628
capacity_d3_train,2,bc59c9a65afbd91ee02b,32,4,0,0.04552819514451545
capacity_d3_train,2,bea14f78916bc5625501,6,27,0,-0.004111787249964709
capacity_d3_train,2,bec1f4e548805c747767,38,2,1,0.1383395749355227
capacity_d3_train,2,bf45c5f6c9aed9f2d36a,121,42,0,0.0014743046477109576
capacity_d3_train,2,bfdbc293300a03acf1d0,18,7,0,0.12315867663417943
capacity_d3_train,2,c1e517b879131e49124c,47,8,1,0.07381591014457564
capacity_d3_train,2,c26187e5ce6657d37d76,7,45,-1,-0.002173440507837736
capacity_d3_train,2,c28bdabc51d145411928,37,2,1,0.11591254345217276
capacity_d3_train,2,c2f1566c77f1e4d913a7,62,8,1,0.03413168992210452
capacity_d3_train,2,c43f8f66c65d9e1b8467,59,6,1,0.07700526611745646
capacity_d3_train,2,c4b6cb8ef06e2acc2756,25,25,0,0.010300850908112693
capacity_d3_train,2,c5b9393938d2974e076e,17,23,0,0.01584934124882688
capacity_d3_train,2,c5bb6383daa7b07c94e7,64,21,1,0.016008525213955974
capacity_d3_train,2,c726b9fc2d058e23099d,95,7,1,0.06873800830076818
capacity_d3_train,2,c821a44a387ffb70df6a,22,2,0,0.15211913121279846
capacity_d3_train,2,c8a3b865511811579394,111,1,1,0.41015510218486567
capacity_d3_train,2,c8cee5c34be99b7ea2a7,5,2,0,0.050780216245388275
capacity_d3_train,2,c9a6e7bababbe06c508d,24,3,0,0.09256306503760266
capacity_d3_train,2,ca4fe35dfed139364873,76,3,1,0.06662422734624417
capacity_d3_train,2,cb9ca52656d17f341d77,9,8,0,0.02844958155091233
capacity_d3_train,2,ccd25061661b6134a897,42,9,1,0.045802432235486835
capacity_d3_train,2,cd01f1950eed37c6b054,25,17,0,0.018526949027589917
capacity_d3_train,2,cdf9f93d182b0ef8f4dd,4,12,0,0.027859938966359583
capacity_d3_train,2,cf127fc53ccd63859e23,33,17,1,0.024343871901752637
capacity_d3_train,2,cfcded758d0b4eae9046,105,66,0,0.002149859009685608
capacity_d3_train,2,d1e38cd2ac20636766b1,24,8,0,0.038671067033738425
capacity_d3_train,2,d219ba1e64a28f874e59,15,26,0,0.005140632479437163
capacity_d3_train,2,d23e209cc74e66d7c35f,25,16,0,0.03856682246900137
capacity_d3_train,2,d257d5dd7241209c9179,54,13,1,0.026312317540217123
capacity_d3_train,2,d27cd3662913dc6221e0,2,7,0,-0.12806125185730746
capacity_d3_train,2,d3545f183e4436717e68,54,8,1,0.058719909434608884
capacity_d3_train,2,d3619f0ae57de133be65,36,2,1,0.09380514187457076
capacity_d3_train,2,d3a89172099c5b718c25,15,9,0,0.027900990700352055
capacity_d3_train,2,d45f832e454fc637704d,42,23,1,0.010301588653996944
capacity_d3_train,2,d483e0cc5b33458a50e7,14,5,0,0.05199694722283422
capacity_d3_train,2,d4fc8d2b061cfa4f4d0e,25,3,0,0.09897181357018522
capacity_d3_train,2,d634ca41e0907ab3757a,50,33,0,0.001951611707889868
capacity_d3_train,2,d6a1f83afcdbbfe4782c,34,2,1,0.1745214645747861
capacity_d3_train,2,d742c43b69d371cbe615,1,7,0,-0.6410812097575372
capacity_d3_train,2,d767f23e38b55c846635,16,1,0,0.35892722049630044
capacity_d3_train,2,d87ba2366aeedd577373,39,3,1,0.08042994181367245
capacity_d3_train,2,d90099764c5ab3c31295,25,4,0,0.12249747876689661
capacity_d3_train,2,da49bd3ba97960942412,11,1,0,0.11701200047364141
capacity_d3_train,2,da5f4dcee381d7427dcf,85,6,1,0.05584637555189803
capacity_d3_train,2,da646c71e15614e9084d,5,33,-1,-0.05519474730235372
capacity_d3_train,2,db156ee29e89e62c29cc,42,1,1,0.19400561605721753
capacity_d3_train,2,db915c4dd920b0df249a,11,2,0,0.1539399733938941
capacity_d3_train,2,dbef28fb4f0edb762f69,82,27,1,0.012951998399525343
capacity_d3_train,2,ddaf2f4cb4dfbe69e6b3,18,1,0,0.3249944131173265
capacity_d3_train,2,de898896010feafe5dbe,19,1,0,0.16787508131793746
capacity_d3_train,2,df8fde224aec7bff0910,58,36,0,0.0034854087372827966
capacity_d3_train,2,e06407e5c00f2604619e,49,2,1,0.05493131603381658
capacity_d3_train,2,e38759a9e7d85331517a,87,1,1,0.9399983963294314
capacity_d3_train,2,e50d9053043ac6f84fa1,8,21,0,-0.02884686339977732
capacity_d3_train,2,e59ed4d3979a07c65259,104,2,1,0.16627416803546652
capacity_d3_train,2,e5bd80b563aa0e48027e,1,52,-1,-0.6790036004815453
capacity_d3_train,2,e5d453e2dab1c566896e,13,5,0,0.08689256764688187
capacity_d3_train,2,e79a555b0ef2ca4024db,100,3,1,0.07946413645551897
capacity_d3_train,2,e8b4348a4354a3a1cc00,34,3,1,0.06458849292246582
capacity_d3_train,2,e8c2bef17a51fb7888b1,19,6,0,0.07706740173260507
capacity_d3_train,2,ead10bb43bfcc957795e,51,8,1,0.036351534751544554
capacity_d3_train,2,eb09f014ee664a9cedb4,67,14,1,0.01469450722038932
capacity_d3_train,2,ebeae26e64dafcf25711,73,5,1,0.16865199718870824
capacity_d3_train,2,edfd515e2e0cada826ec,45,14,1,0.02694275862712964
capacity_d3_train,2,eec10903f3c81b8f14c2,14,6,0,0.07449768961812596
capacity_d3_train,2,eeefc16395eacc9e5481,2,5,0,-0.2338552899600446
capacity_d3_train,2,ef30ebb77043e62bb120,123,2,1,0.06907375050471765
capacity_d3_train,2,ef949e4160127164466f,102,12,1,0.017875573246067186
capacity_d3_train,2,efa764d3c55de23eaf65,120,4,1,0.06526754052855938
capacity_d3_train,2,efc6f0dc820c8569b757,3,8,0,-0.06231848163244892
capacity_d3_train,2,f003b9bc5f14e7213a5b,21,44,-1,-0.0034468699811351943
capacity_d3_train,2,f133c7fee1f9d359ac91,32,4,0,0.09198971774458596
capacity_d3_train,2,f2db00d7817299170869,64,31,1,0.008371044367792662
capacity_d3_train,2,f3499238f592d09a6c1f,16,5,0,0.09106502310040408
capacity_d3_train,2,f37240b8579c5657942e,48,6,1,0.06737867944587009
capacity_d3_train,2,f374fc72c2029ff16461,60,16,1,0.025688723310698994
capacity_d3_train,2,f39cc05c0c2cf3fa21ae,20,7,0,0.0763073554742061
capacity_d3_train,2,f3e95029a6be48f6cd60,18,24,0,0.0022953560894413295
capacity_d3_train,2,f7ef72e6cafafed31433,45,12,1,0.06095446785189805
capacity_d3_train,2,f815b8737a4601b3c1eb,56,24,1,0.016713162211150125
capacity_d3_train,2,f816c813f33ec41d24c9,16,1,0,0.3805479837515968
capacity_d3_train,2,f836c8679cdf505d2bdf,24,28,0,0.016543311397612764
capacity_d3_train,2,fa081ffbc49cc9d7182f,2,8,0,-0.07900424662751826
capacity_d3_train,2,fc70c176440e5ffc498d,14,10,0,0.06270127181594473
capacity_d3_train,2,fe31ce59cf884062a14d,26,7,0,0.0615335899903649
capacity_d3_train,2,ff1f95e38d998dfee013,9,3,0,0.08477885391095275
capacity_d3_train,2,ff7bc74db7d6740b4ef6,32,43,-1,0.0009316357683169356
capacity_d3_train,2,ffdf328a8016809b2166,84,1,1,0.5041158225185384
capacity_d3_heldout,0,0005f5d344757743ddb2,44,19,1,0.011706645984961989
capacity_d3_heldout,0,00120d022f88a8ad066f,56,17,1,0.019147815460396733
capacity_d3_heldout,0,001dd677301c0cdae1ba,111,15,1,0.015252704699176162
capacity_d3_heldout,0,013496133e120e44ebfd,89,3,1,0.10542732936778497
capacity_d3_heldout,0,01fe6a5d452d1de829f1,65,19,1,0.012861058767926304
capacity_d3_heldout,0,036621b70cd15261c5df,21,8,0,0.046178579265739254
capacity_d3_heldout,0,04919e84ff58e6ef82b1,44,2,1,0.20008993716449142
capacity_d3_heldout,0,04cce5a98915dab3237a,28,14,0,0.049074025349227696
capacity_d3_heldout,0,04e975ba9407ab5eb3f3,68,5,1,0.05026882020247152
capacity_d3_heldout,0,079e23170af0e90271ed,111,90,0,4.8766133357396435e-05
capacity_d3_heldout,0,07e28c5fef6186cf9858,18,15,0,0.04460115639494756
capacity_d3_heldout,0,086d394352312eace173,81,6,1,0.05319481812342691
capacity_d3_heldout,0,0b0c14079281a518b9d5,38,10,1,0.023762627831766223
capacity_d3_heldout,0,0e5a66d0a2d23255cf85,45,5,1,0.10253988125862883
capacity_d3_heldout,0,0e9634ba6770434ce456,35,8,1,0.05120584223450309
capacity_d3_heldout,0,0ed31b5c499da494bc43,76,7,1,0.04280939978069363
capacity_d3_heldout,0,0f71a9c1ccbb0056e986,23,4,0,0.11370290050031022
capacity_d3_heldout,0,0fdacc7a033261067bb6,115,9,1,0.02388173210523509
capacity_d3_heldout,0,118df9c53a2c5513d3f0,99,29,1,0.006874621486995724
capacity_d3_heldout,0,13700e23fbe9dd961164,50,12,1,0.017703985226763287
capacity_d3_heldout,0,14617deae8d426dde3a7,24,8,0,0.0365608135895828
capacity_d3_heldout,0,14c5aa7e41169961c0c6,23,2,0,0.14666245632072128
capacity_d3_heldout,0,150d66f2818fa5508935,97,1,1,0.8679312856728639
capacity_d3_heldout,0,15994bd001b12bf7cd4f,59,15,1,0.01804447967137249
capacity_d3_heldout,0,161b73d7ccd324c1766b,50,3,1,0.08090773525445352
capacity_d3_heldout,0,16f5cc1fab0fecb351a5,20,2,0,0.08907411824895482
capacity_d3_heldout,0,170970b5d2710225f78a,44,1,1,0.15692965451640975
capacity_d3_heldout,0,171ce990fb848dad132e,68,2,1,0.13033298494474072
capacity_d3_heldout,0,173379ddda423e976ee9,24,21,0,0.018533859129101687
capacity_d3_heldout,0,1786517381110094ae22,42,4,1,0.11539125964243534
capacity_d3_heldout,0,17a8a88862b7d28fcf59,46,5,1,0.11035409581609185
capacity_d3_heldout,0,194b7e1fd063ef77fa8e,24,1,0,0.4179276111321395
capacity_d3_heldout,0,19d63e18a6d529b2b3c1,52,7,1,0.03732862829579262
capacity_d3_heldout,0,1c19c096fd4d764cc048,83,1,1,0.5062530804677523
capacity_d3_heldout,0,1c2481661095a948db8a,73,18,1,0.0070617437420624155
capacity_d3_heldout,0,1c761fb969bb759880ec,75,1,1,0.18957403274387993
capacity_d3_heldout,0,1d8ab711dac4f9fabd36,30,23,0,0.010180296871527385
capacity_d3_heldout,0,1e23f34e925d04d562f0,37,11,1,0.01555010334495954
capacity_d3_heldout,0,22e83040f0ec2e75e3f5,12,16,0,0.010735811535132306
capacity_d3_heldout,0,2403290bfa19bf62d35e,106,14,1,0.018013898878298688
capacity_d3_heldout,0,24642ae59ad51783f13e,98,2,1,0.08207532301019085
capacity_d3_heldout,0,248bece507fe16ce12bf,34,26,1,0.004308942537554542
capacity_d3_heldout,0,2528f88fc41d01f5a0ca,21,18,0,0.024382022997144932
capacity_d3_heldout,0,263b8d24e8108ed6dff0,59,12,1,0.021753936718409233
capacity_d3_heldout,0,26679f8ea9ca2f04b2b3,110,71,0,0.00012577462465581524
capacity_d3_heldout,0,266a9e73e2967b9142d8,47,13,1,0.02788348885658589
capacity_d3_heldout,0,279e3dce9668a339cad3,29,18,0,0.015162916888984438
capacity_d3_heldout,0,27f701b2b88baf0ad204,32,3,0,0.15545585999143682
capacity_d3_heldout,0,29354187fc4ecbce8d1c,73,19,1,0.020001885819626922
capacity_d3_heldout,0,29f9f88a5a85144787bb,28,19,0,0.022409478987825707
capacity_d3_heldout,0,2a8db2cca93ac36fc88a,99,9,1,0.029855329247050186
capacity_d3_heldout,0,2ac64e109ea0ca03cebb,4,3,0,0.050526822563381826
capacity_d3_heldout,0,2c2571936a7047971d24,83,2,1,0.17797391547730015
capacity_d3_heldout,0,2c3f7b8c3e0f11536700,9,3,0,0.10243915274687909
capacity_d3_heldout,0,2f1502fee460b55c795f,54,13,1,0.02385870958354176
capacity_d3_heldout,0,306a3034c61d426cb6e2,80,39,0,0.0031278918426574103
capacity_d3_heldout,0,326360071399f4f69cc3,112,8,1,0.04460655135438982
capacity_d3_heldout,0,331d1421c2289eeb41aa,4,5,0,0.060498269366111086
capacity_d3_heldout,0,33465ea17a89955651e8,13,27,0,0.008050459994881333
capacity_d3_heldout,0,348dd57f40ce493a6f81,37,1,1,0.16643264204713634
capacity_d3_heldout,0,34b3b20583d86e786b29,94,5,1,0.059283364647471186
capacity_d3_heldout,0,3527970e16a3175f4604,13,1,0,0.41373845309784074
capacity_d3_heldout,0,370f4e4a98f5e29f67b5,90,29,1,0.014356341273012165
capacity_d3_heldout,0,375a8411425aabcda04d,53,6,1,0.08046912065432689
capacity_d3_heldout,0,3a2b80ab2c82f6e1af1d,5,2,0,0.07508051614939722
capacity_d3_heldout,0,3a3133ecd0f6574942af,67,5,1,0.05889722129636238
capacity_d3_heldout,0,3a334419ea455f7f4c9d,1,35,-1,-0.6662294879345699
capacity_d3_heldout,0,3bd81bfbe41e5d04d08b,12,3,0,0.14655387178260781
capacity_d3_heldout,0,3d0ccc94dbfcdaf98cf0,50,5,1,0.04753291620667876
capacity_d3_heldout,0,3d1cedf3226ae9e3f3e5,10,7,0,0.10456755074952674
capacity_d3_heldout,0,3d9553f86c838927dbb8,34,14,1,0.03765343580271452
capacity_d3_heldout,0,3f13c60ee6ddb63e35b7,49,8,1,0.04970349663178689
capacity_d3_heldout,0,3f154c8892b9887edf20,103,24,1,0.00574466037070618
capacity_d3_heldout,0,41a568d09c4dbd67bed6,18,2,0,0.11990299727952296
capacity_d3_heldout,0,41ad611963ea4d8e12ed,7,1,0,0.134483410051857
capacity_d3_heldout,0,41fa0c5f18e14bafe4a9,13,16,0,0.028380776709015183
capacity_d3_heldout,0,42f43de11d9c07a26d5d,23,11,0,0.02278265014860571
capacity_d3_heldout,0,436b7fb11566461bc758,31,22,0,0.03087117527445654
capacity_d3_heldout,0,440c426c504eef77bf48,121,27,1,0.010502387235525908
capacity_d3_heldout,0,4439dd22d25d57b94b7b,12,16,0,0.025068485487400333
capacity_d3_heldout,0,46b67db89186e945b74f,26,1,0,0.24771066474079173
capacity_d3_heldout,0,47d90814c21d40bfd74c,25,1,0,0.07107718029314661
capacity_d3_heldout,0,484c8a07230086ebe710,79,17,1,0.01687341249486218
capacity_d3_heldout,0,4996550325df9f16b5c7,88,2,1,0.10186027203774715
capacity_d3_heldout,0,4ac9befd2cb4a571160d,67,5,1,0.06752764094526123
capacity_d3_heldout,0,4b6105679ae7335a5c3b,72,4,1,0.14189186858114441
capacity_d3_heldout,0,4dba03ae870a6696945c,12,21,0,0.00889267266652348
capacity_d3_heldout,0,4e273d0fa7960b101197,3,20,0,0.008364858589076736
capacity_d3_heldout,0,4e2cc48c5bf1cd3078b6,36,9,1,0.03340982674240631
capacity_d3_heldout,0,4f3203f2945d64f8a8e4,6,26,0,-0.002535290624615454
capacity_d3_heldout,0,4fbc15d348b539ee1c4b,25,4,0,0.04782074855473507
capacity_d3_heldout,0,52d9a7f046b0e967752f,49,7,1,0.0375000759125285
capacity_d3_heldout,0,52e2a210ad9b5b4a41db,11,2,0,0.15283025169711845
capacity_d3_heldout,0,532c3ce31de74fb121f5,69,3,1,0.11761538202744716
capacity_d3_heldout,0,532cb0a3b8645d2818cd,46,13,1,0.021676317803270923
capacity_d3_heldout,0,53843a95fe2b2b8e78d9,7,18,0,0.033138142495341215
capacity_d3_heldout,0,53f638f1e50a6c4c048d,12,3,0,0.1259326936733529
capacity_d3_heldout,0,5433b93c6a7838b8bff8,85,49,0,0.002624726031604397
capacity_d3_heldout,0,544bdd07a387d3fc64b3,15,14,0,0.02350811559234832
capacity_d3_heldout,0,548da193e04005348153,25,25,0,0.018972064298972757
capacity_d3_heldout,0,54d70b46f2c19e7f4677,69,12,1,0.027677956107309252
capacity_d3_heldout,0,55c86fadb94bcc13df0b,54,12,1,0.02865399410507812
capacity_d3_heldout,0,55f282e0c951b49786d6,27,2,0,0.17160718825663066
capacity_d3_heldout,0,5749d9870cd931f13a9d,20,31,0,0.001974771338727752
capacity_d3_heldout,0,5b4529cd0e0b12a5b0f0,20,8,0,0.04052288278674751
capacity_d3_heldout,0,5d2aebf12ded68b9f5cd,44,2,1,0.20177583909551627
capacity_d3_heldout,0,5db428a932eb76f6718d,73,1,1,0.103787178903721
capacity_d3_heldout,0,5dc14116dda6ddddda35,70,13,1,0.032683119822335474
capacity_d3_heldout,0,5e1b404274605b621f17,82,12,1,0.015237038392508576
capacity_d3_heldout,0,5e6717eb4befb4e08548,98,7,1,0.03956782670779138
capacity_d3_heldout,0,5eac3f5fa18036dc67a9,5,1,0,0.18858330407899754
capacity_d3_heldout,0,5f98096b4c5db4b588f2,39,3,1,0.17696316980348045
capacity_d3_heldout,0,5fed30a6ccdffd64c2d2,9,4,0,0.1192040858184646
capacity_d3_heldout,0,5ff7b74f8e1981226a6f,22,9,0,0.07303246405069105
capacity_d3_heldout,0,618f5eb829ab8c56224c,17,5,0,0.07712924829501239
capacity_d3_heldout,0,62b5826556e830f9d18d,5,2,0,0.08616230984551829
capacity_d3_heldout,0,62b86eba497142bc5344,95,9,1,0.03486629781456051
capacity_d3_heldout,0,648c4086afb9b2f28438,39,14,1,0.01800324724572243
capacity_d3_heldout,0,651279abf794952829fa,51,34,0,0.007613739923474539
capacity_d3_heldout,0,653507af1f5ff5658fac,87,3,1,0.04778842367374841
capacity_d3_heldout,0,65461fefb08da31e78cb,48,6,1,0.049128693824950914
capacity_d3_heldout,0,658008090c06a17556f5,111,69,0,7.618526634761079e-05
capacity_d3_heldout,0,6619074de47b0d1e379e,46,7,1,0.07549533531346472
capacity_d3_heldout,0,666c7e304b1e46272518,64,3,1,0.08275058019801715
capacity_d3_heldout,0,66ad0cb9c10c6943cd7c,54,6,1,0.0605529481565105
capacity_d3_heldout,0,6840db09dec00244c33b,62,3,1,0.04189048220847531
capacity_d3_heldout,0,69c094c70399535b4246,19,17,0,0.021540444794534545
capacity_d3_heldout,0,6a5115e4ec3759aa4234,2,15,0,-0.19487246936007505
capacity_d3_heldout,0,6b10fef5335924e09910,118,27,1,0.010671289305423265
capacity_d3_heldout,0,6b45d39238e567e454d1,79,43,0,0.00381083548916878
capacity_d3_heldout,0,6b8321193b249d049480,37,47,0,0.004474729904166378
capacity_d3_heldout,0,6bb6507fd4ee898e272c,15,10,0,0.04779516110876386
capacity_d3_heldout,0,6bfbfd86b4d1733fb11f,32,1,0,0.3095195758699378
capacity_d3_heldout,0,6c16e0a892f2639d1214,43,19,1,0.03265199658808818
capacity_d3_heldout,0,6d2447248cca59c3092a,63,29,1,0.012203251548589443
capacity_d3_heldout,0,6e217728cc3ed34ca970,33,1,1,0.09959032111351195
capacity_d3_heldout,0,6f39e3bdd0a563afa36e,34,7,1,0.07723353031447959
capacity_d3_heldout,0,6fd54265e3a802d5806e,4,5,0,-0.03916078905937695
capacity_d3_heldout,0,7087014e8a8ad683220f,56,2,1,0.18374892020437764
capacity_d3_heldout,0,70b5823cb342d5317aa3,7,56,-1,0.0007038108164215226
capacity_d3_heldout,0,7256438e3c7627d6f71b,24,7,0,0.07549209521686737
capacity_d3_heldout,0,72e64789a05ac693af2d,65,4,1,0.06544491253109028
capacity_d3_heldout,0,72ec69ce8ec4f7b511f8,62,5,1,0.13892372443487852
capacity_d3_heldout,0,733e8dce869a91ea039d,19,10,0,0.03764483802548494
capacity_d3_heldout,0,73493115445ae752aa4a,29,12,0,0.015104779157759086
capacity_d3_heldout,0,74c9b209f20db657cd98,60,2,1,0.10465621065317947
capacity_d3_heldout,0,79f6352def343025b79e,3,19,0,-0.10281254446606906
capacity_d3_heldout,0,7a2e2aff6e811040a4d7,18,6,0,0.04515656430688855
capacity_d3_heldout,0,7a402650e378bbe5eb17,68,1,1,0.22239433821096932
capacity_d3_heldout,0,7ac172609b3777fc1cd3,4,4,0,0.07967286701651648
capacity_d3_heldout,0,7fccd9fd2e133307cec4,58,9,1,0.0367901791809161
capacity_d3_heldout,0,8042e0cd50c922be460d,2,10,0,-0.1431549974082568
capacity_d3_heldout,0,80e172c77cd0c0ba2d3e,117,2,1,0.06073194701434253
capacity_d3_heldout,0,814cc78e03aeea7ac2cf,4,2,0,0.079607557609011
capacity_d3_heldout,0,8370a2bdce1f063abf4e,123,26,1,0.004879637265794961
capacity_d3_heldout,0,8383bb5e14bf8296911d,56,16,1,0.02081292919069785
capacity_d3_heldout,0,8501e0551aebe3c155a1,26,6,0,0.09699910093334112
capacity_d3_heldout,0,85a727479f12a88f6795,17,4,0,0.10968262721760128
capacity_d3_heldout,0,87128f7bdce3334f51b7,68,4,1,0.06657238877210468
capacity_d3_heldout,0,8917c336c63f93dca1db,58,8,1,0.03606100000496937
capacity_d3_heldout,0,8936c44145aeaed7f154,33,4,1,0.13070179062154838
capacity_d3_heldout,0,89a01474cf057c15ccba,37,5,1,0.11559839955941745
capacity_d3_heldout,0,89f81cbc1c80f798a592,16,1,0,0.18400791307079745
capacity_d3_heldout,0,8a9569cb70ec5ff40c0f,3,63,-1,-0.08940690467219727
capacity_d3_heldout,0,8bdb54e5a422164748fe,92,17,1,0.0193127641344445
capacity_d3_heldout,0,8cca24f544872146315c,66,1,1,0.5606127359826337
capacity_d3_heldout,0,8d369e4090508ea0b615,11,11,0,0.01192289710656463
capacity_d3_heldout,0,8df8eda182075405ec10,27,2,0,0.16417652843707478
capacity_d3_heldout,0,8e9ab75ba178f9e0ced6,59,15,1,0.005941388245121428
capacity_d3_heldout,0,8f5660764b694d014851,73,26,1,0.007750491829681582
capacity_d3_heldout,0,8f73ac7171c0f2f72e36,97,7,1,0.048224096364417
capacity_d3_heldout,0,914808c4c5c5cf3a631d,21,4,0,0.11676548509680545
capacity_d3_heldout,0,91ddad534644ccf2f1d6,33,7,1,0.0676765214850267
capacity_d3_heldout,0,9275b9a7f3c3a8f17837,11,15,0,0.03401817207545072
capacity_d3_heldout,0,9400975871a56d3df68e,19,7,0,0.03994355120467895
capacity_d3_heldout,0,940655c4bcaa6b2b8fdc,60,4,1,0.06726558887251721
capacity_d3_heldout,0,9461b02f932a0b223545,73,17,1,0.015502903726614801
capacity_d3_heldout,0,95c31e0644663cb2dd42,77,9,1,0.03752437843764416
capacity_d3_heldout,0,96220701780115859cfa,103,18,1,0.015148810942507883
capacity_d3_heldout,0,96b8f77476aa54ad61c4,48,3,1,0.10191482179800351
capacity_d3_heldout,0,990aeb3e668fd0a26fba,14,28,0,0.0025404860395324656
capacity_d3_heldout,0,9941d39f804b9c70cce0,54,27,1,0.007721543430327768
capacity_d3_heldout,0,9b13b1c476bea7543391,8,1,0,0.17601403937406296
capacity_d3_heldout,0,9b9ab1deab6fabadbd72,33,40,0,0.014908939845379648
capacity_d3_heldout,0,9bb2cd69ae899b91d8ad,24,27,0,0.00665946421302335
capacity_d3_heldout,0,9bc1a0234cad989d2655,67,3,1,0.048257345708498135
capacity_d3_heldout,0,9bff57a33a1d87a99e82,38,1,1,0.31984028930614444
capacity_d3_heldout,0,9c36982a3e4e80ef5d64,98,22,1,0.013662743339711016
capacity_d3_heldout,0,9c45bb014fcbdb734427,19,1,0,0.6896990329141464
capacity_d3_heldout,0,9cbf5781e4971145b7ff,100,27,1,0.009537989879223644
capacity_d3_heldout,0,9cf8bd5d165392bf9512,12,1,0,0.1938217052659448
capacity_d3_heldout,0,9ea0307ef6a3359baf7e,20,10,0,0.06400768410419085
capacity_d3_heldout,0,9ed2288931decad0cd98,44,20,1,0.019012907706012546
capacity_d3_heldout,0,9ee18f62005698e1f6ff,56,1,1,0.13337196686843694
capacity_d3_heldout,0,9efba0330c0972041fe3,68,2,1,0.1620986246507815
capacity_d3_heldout,0,9f09db43d6b14042ff28,102,26,1,0.010404850871873421
capacity_d3_heldout,0,9f2ee46633c6d011f605,51,3,1,0.07049856255793509
capacity_d3_heldout,0,a0272923a8afdbed837a,55,8,1,0.027512992442179668
capacity_d3_heldout,0,a1592501d563dd1d1afe,41,12,1,0.018854149331392983
capacity_d3_heldout,0,a2937e03f7ae5c7bf479,32,22,0,0.010604276338765073
capacity_d3_heldout,0,a3e289088d11cc113df7,55,5,1,0.04701710414168424
capacity_d3_heldout,0,a424f6ad14fe75780931,106,2,1,0.15557149863245734
capacity_d3_heldout,0,a4cc27c6cf0d4e332ae6,50,1,1,0.24681338125209062
capacity_d3_heldout,0,a695c109f2789dd29391,15,31,0,0.0023889879672117035
capacity_d3_heldout,0,a69dc23d27ac495df9b4,32,1,0,0.15427744988000486
capacity_d3_heldout,0,a77d2090075c8bbd5f6c,78,11,1,0.030931278791073595
capacity_d3_heldout,0,aac58e15c70d981d40b2,33,1,1,0.17850530147718108
capacity_d3_heldout,0,ab5dd6078d27ff19f4d0,31,1,0,0.20081453129059593
capacity_d3_heldout,0,abd8f9de103af3efe437,88,15,1,0.02201457500797585
capacity_d3_heldout,0,ac46f7314d215cd8107e,59,2,1,0.12310589302064633
capacity_d3_heldout,0,ac6af709b8901d364133,28,23,0,0.0261155026026189
capacity_d3_heldout,0,ad93c7cd120cdbe8436f,55,17,1,0.015461489657346303
capacity_d3_heldout,0,afc24fc6e5eef4876f7f,8,3,0,0.1176241811766916
capacity_d3_heldout,0,b0233fac459287a56433,8,24,0,0.014662361852039164
capacity_d3_heldout,0,b074e89f0e0529bb237f,25,14,0,0.020349704141210033
capacity_d3_heldout,0,b0820476678e8063028a,45,1,1,0.15631869567867146
capacity_d3_heldout,0,b092b4b94eccbd67e4f0,22,3,0,0.08301079829490231
capacity_d3_heldout,0,b1a7ec93a9211175a706,10,3,0,0.1045349337282118
capacity_d3_heldout,0,b5128a5190811af87df0,70,23,1,0.030682336897001797
capacity_d3_heldout,0,b62d0ce4aa1d22aea6ce,61,19,1,0.03076399225908667
capacity_d3_heldout,0,b64e5a10c77c5f39000e,52,15,1,0.03755891396737809
capacity_d3_heldout,0,b6d36ea0c5b307d865af,113,12,1,0.035322533230002194
capacity_d3_heldout,0,b802a3a9ae5f6d5e92a0,57,7,1,0.04135342324458495
capacity_d3_heldout,0,b88c9a476c2f1d69b94d,33,1,1,0.19770609913866374
capacity_d3_heldout,0,ba2363be7e0c3d6233df,9,34,-1,0.0025961028320044526
capacity_d3_heldout,0,ba396fd3e3c22b2e96fd,27,3,0,0.14628138924722864
capacity_d3_heldout,0,bacf4bf8ce3cd7672a0d,20,8,0,0.03961915574605721
capacity_d3_heldout,0,bcd8550b04e3fa71f48c,72,9,1,0.0494011506703397
capacity_d3_heldout,0,bd4c84d539c0ecb919c9,6,30,0,0.0021458327742189306
capacity_d3_heldout,0,bdd1b1d36e1079065772,90,33,0,0.0026751422183148976
capacity_d3_heldout,0,bdee5652d59daa79aeed,90,1,1,0.4733945175527072
capacity_d3_heldout,0,be1b5c3f29d96f621509,124,12,1,0.019214826161836337
capacity_d3_heldout,0,bf19927af16a3474541c,50,4,1,0.056137083293795374
capacity_d3_heldout,0,c14e063441f2c3e8ca41,58,11,1,0.03005576143042466
capacity_d3_heldout,0,c248209b3b45f976893b,6,5,0,0.0733028678646141
capacity_d3_heldout,0,c24cd6d1b77973ce6a14,55,1,1,0.1472085648393122
capacity_d3_heldout,0,c26ce8947298e0be71e5,19,27,0,0.006662955047202375
capacity_d3_heldout,0,c29b114a7d489dd0cf2d,7,15,0,0.005648037650106196
capacity_d3_heldout,0,c2ced359d5af3429a6b1,6,7,0,-0.009274548283864585
capacity_d3_heldout,0,c2eb7b179826c0f7e58e,29,35,-1,0.0085447567254856
capacity_d3_heldout,0,c5045b53525a31dd509d,26,6,0,0.04889637331500173
capacity_d3_heldout,0,c579877f2d9e92e9c011,113,9,1,0.046871744146419855
capacity_d3_heldout,0,c606db0b7ee25e2b6138,38,13,1,0.05471636511066341
capacity_d3_heldout,0,c622a3599f225f864504,24,2,0,0.1746011469108833
capacity_d3_heldout,0,c77d5520f119c884d514,40,9,1,0.0420334700740797
capacity_d3_heldout,0,c89c70003dd139c72c72,15,7,0,0.021388964903622687
capacity_d3_heldout,0,c89dbdcc33591b5d2980,64,1,1,0.3625458665290228
capacity_d3_heldout,0,c967ee3bcf803cb7a789,60,1,1,0.22844579360121903
capacity_d3_heldout,0,ca80f1ea2363a7c59416,123,18,1,0.019925106864098596
capacity_d3_heldout,0,cca5f52242c411a7ed17,124,63,0,0.0007848906025335079
capacity_d3_heldout,0,ced15e348ddf7770bfea,37,13,1,0.05311902878065378
capacity_d3_heldout,0,cf4073aa4b3faa1060a3,54,11,1,0.026464819883454192
capacity_d3_heldout,0,cfd37e0ec52cd06167c5,42,6,1,0.05499783254055545
capacity_d3_heldout,0,d0258281e100b3c6614c,9,5,0,0.11333192693293465
capacity_d3_heldout,0,d090cf4edf93ceca0f16,27,1,0,0.35477147215623234
capacity_d3_heldout,0,d0b0b5393c5b2aa30bbd,97,15,1,0.01554363632256812
capacity_d3_heldout,0,d1d4aef125b0dfec3ed6,48,8,1,0.0369554169761902
capacity_d3_heldout,0,d3531fe0a97d79eeb430,19,7,0,0.03235433547757061
capacity_d3_heldout,0,d3a19cef5d7dcb5de9b1,48,25,1,0.0173539427507592
capacity_d3_heldout,0,d3bf976fdbd6b5442c32,33,14,1,0.01581244081579729
capacity_d3_heldout,0,d3d5973fd96bf4634699,70,10,1,0.035040481892877805
capacity_d3_heldout,0,d4c0245f3f27c378cdca,8,47,-1,-0.008566365119809977
capacity_d3_heldout,0,d50d31ee8d7dc1af7774,3,4,0,0.0021247486264518445
capacity_d3_heldout,0,d71a455b0c33916ed145,15,3,0,0.07271987162429087
capacity_d3_heldout,0,d787b03142a3cad8e1c7,1,51,-1,-0.46551550704871975
capacity_d3_heldout,0,d7abf49a800133e76112,14,4,0,0.05021886565203105
capacity_d3_heldout,0,da8182b3443259550da3,14,1,0,0.0954951434770544
capacity_d3_heldout,0,db64d1ee58f73171e63e,84,7,1,0.03463134005766062
capacity_d3_heldout,0,db66b18e3297096f85f2,1,32,0,-0.5573936552435114
capacity_d3_heldout,0,db781724d4c6df4be9fc,17,3,0,0.0880123818712018
capacity_d3_heldout,0,db8392a59ddb256371d5,56,13,1,0.013548050809330484
capacity_d3_heldout,0,ddedfe232cd173f06453,65,1,1,0.08649497229108669
capacity_d3_heldout,0,e24aea4a471ddcaa203f,48,43,0,0.005084922868136273
capacity_d3_heldout,0,e2c8959c5957f03e604c,26,4,0,0.0882700310293265
capacity_d3_heldout,0,e2fee07c0365fb21c040,82,7,1,0.04837274636960723
capacity_d3_heldout,0,e4ba686e0287fdfad198,54,9,1,0.08387600958807595
capacity_d3_heldout,0,e6896a100f1f27e5c125,23,1,0,0.2388926846317054
capacity_d3_heldout,0,e7f07f7e48172197dca5,59,12,1,0.024613672215226628
capacity_d3_heldout,0,e88c20d59d91778b8878,109,63,0,9.46012443749152e-05
capacity_d3_heldout,0,eb7a4535e270b09e83d3,73,10,1,0.02579210504941481
capacity_d3_heldout,0,edd4079dfc0e8373ddef,20,17,0,0.01193937346517603
capacity_d3_heldout,0,eddf1eae2f08cd99ac2a,32,1,0,0.08057337850822624
capacity_d3_heldout,0,ee1743c242b417f6d80b,96,3,1,0.07593812858050715
capacity_d3_heldout,0,eea3320112a43be83835,106,2,1,0.07853589132821603
capacity_d3_heldout,0,ef0fa301e29b8b1d3d72,26,28,0,0.008470415015853345
capacity_d3_heldout,0,ef5c425d440bd829af51,6,21,0,-0.005319199027965616
capacity_d3_heldout,0,f095fc7bab849bc463cd,32,1,0,0.23634160802821225
capacity_d3_heldout,0,f44a5fd8b030810ea032,68,17,1,0.012093236574198573
capacity_d3_heldout,0,f6919a4d690deb28d32c,70,2,1,0.180139417181744
capacity_d3_heldout,0,f6d0cd976270bf12278d,16,5,0,0.10953856822055819
capacity_d3_heldout,0,f803470a203bd27d97a5,78,85,0,9.676933940677202e-05
capacity_d3_heldout,0,f9b6fa6968da2edce8ae,8,30,0,-0.012497245689019137
capacity_d3_heldout,0,fa94606fd8b8ea3f642f,82,1,1,0.40335001264367615
capacity_d3_heldout,0,fab6d8a5de8f4c9f0486,20,11,0,0.008231454343907893
capacity_d3_heldout,0,fac7056b7217f49b900b,60,8,1,0.0773121018531338
capacity_d3_heldout,0,faecdfa3eb1e8a6c142f,56,11,1,0.07383760961515355
capacity_d3_heldout,0,fbf1f7404dce4d7b3d75,87,19,1,0.012717119055509731
capacity_d3_heldout,0,fc31917f3245bca52a74,81,1,1,0.2116539623407897
capacity_d3_heldout,0,fc4c6fa6b1e00f523e72,124,58,0,0.0003622991748044821
capacity_d3_heldout,0,ffaedd64bcc453672b26,1,33,-1,-0.48599895492544043
capacity_d3_heldout,1,0005f5d344757743ddb2,35,31,1,0.003933924739012628
capacity_d3_heldout,1,00120d022f88a8ad066f,44,5,1,0.037059215392999084
capacity_d3_heldout,1,001dd677301c0cdae1ba,57,7,1,0.034658176264062035
capacity_d3_heldout,1,013496133e120e44ebfd,113,3,1,0.11955162678073783
capacity_d3_heldout,1,01fe6a5d452d1de829f1,96,7,1,0.038319093507206
capacity_d3_heldout,1,036621b70cd15261c5df,14,4,0,0.1111860078295483
capacity_d3_heldout,1,04919e84ff58e6ef82b1,77,2,1,0.22223509453458618
capacity_d3_heldout,1,04cce5a98915dab3237a,26,20,0,0.03799825957297231
capacity_d3_heldout,1,04e975ba9407ab5eb3f3,79,7,1,0.055781342565444765
capacity_d3_heldout,1,079e23170af0e90271ed,71,6,1,0.05402517655891425
capacity_d3_heldout,1,07e28c5fef6186cf9858,40,21,1,0.030621414118349156
capacity_d3_heldout,1,086d394352312eace173,35,19,1,0.026652024089794793
capacity_d3_heldout,1,0b0c14079281a518b9d5,21,4,0,0.06796086905208387
capacity_d3_heldout,1,0e5a66d0a2d23255cf85,51,1,1,0.2135983007131564
capacity_d3_heldout,1,0e9634ba6770434ce456,45,23,1,0.007311597573005814
capacity_d3_heldout,1,0ed31b5c499da494bc43,50,30,1,0.011731748066861145
capacity_d3_heldout,1,0f71a9c1ccbb0056e986,57,1,1,0.17031868356149926
capacity_d3_heldout,1,0fdacc7a033261067bb6,120,2,1,0.10784680624578422
capacity_d3_heldout,1,118df9c53a2c5513d3f0,41,31,1,0.007816118867631955
capacity_d3_heldout,1,13700e23fbe9dd961164,77,17,1,0.00882448450114672
capacity_d3_heldout,1,14617deae8d426dde3a7,98,14,1,0.020061908300893407
capacity_d3_heldout,1,14c5aa7e41169961c0c6,42,2,1,0.20621504567727844
capacity_d3_heldout,1,150d66f2818fa5508935,117,2,1,0.39191694342484473
capacity_d3_heldout,1,15994bd001b12bf7cd4f,76,4,1,0.07322075362375895
capacity_d3_heldout,1,161b73d7ccd324c1766b,58,12,1,0.05995433617593728
capacity_d3_heldout,1,16f5cc1fab0fecb351a5,10,3,0,0.04707686714920375
capacity_d3_heldout,1,170970b5d2710225f78a,67,3,1,0.07139431089395515
capacity_d3_heldout,1,171ce990fb848dad132e,47,2,1,0.18421678975317604
capacity_d3_heldout,1,173379ddda423e976ee9,31,4,0,0.07545803337637012
capacity_d3_heldout,1,1786517381110094ae22,39,2,1,0.12574655340402782
capacity_d3_heldout,1,17a8a88862b7d28fcf59,88,1,1,0.17889995471347844
capacity_d3_heldout,1,194b7e1fd063ef77fa8e,63,1,1,0.5999188413134012
capacity_d3_heldout,1,19d63e18a6d529b2b3c1,95,3,1,0.06870865982558502
capacity_d3_heldout,1,1c19c096fd4d764cc048,102,2,1,0.11248012815028077
capacity_d3_heldout,1,1c2481661095a948db8a,88,13,1,0.031317192278532725
capacity_d3_heldout,1,1c761fb969bb759880ec,65,2,1,0.11943976638215369
capacity_d3_heldout,1,1d8ab711dac4f9fabd36,44,12,1,0.03306015350462778
capacity_d3_heldout,1,1e23f34e925d04d562f0,7,30,0,-0.009017441426674256
capacity_d3_heldout,1,22e83040f0ec2e75e3f5,38,23,1,0.020671232326318255
capacity_d3_heldout,1,2403290bfa19bf62d35e,101,35,0,0.0032664995251346753
capacity_d3_heldout,1,24642ae59ad51783f13e,27,1,0,0.054547750117673405
capacity_d3_heldout,1,248bece507fe16ce12bf,24,17,0,0.020172160588342432
capacity_d3_heldout,1,2528f88fc41d01f5a0ca,31,18,0,0.039164835089664375
capacity_d3_heldout,1,263b8d24e8108ed6dff0,99,1,1,0.13522083999949586
capacity_d3_heldout,1,26679f8ea9ca2f04b2b3,91,6,1,0.08249088222385012
capacity_d3_heldout,1,266a9e73e2967b9142d8,18,28,0,0.005626299116446672
capacity_d3_heldout,1,279e3dce9668a339cad3,21,8,0,0.034039161457277374
capacity_d3_heldout,1,27f701b2b88baf0ad204,40,4,1,0.1220571203522164
capacity_d3_heldout,1,29354187fc4ecbce8d1c,107,3,1,0.07215115207241883
capacity_d3_heldout,1,29f9f88a5a85144787bb,37,3,1,0.07818120117870857
capacity_d3_heldout,1,2a8db2cca93ac36fc88a,87,5,1,0.06546630645102418
capacity_d3_heldout,1,2ac64e109ea0ca03cebb,13,7,0,0.03565132594335489
capacity_d3_heldout,1,2c2571936a7047971d24,71,3,1,0.13193565981359887
capacity_d3_heldout,1,2c3f7b8c3e0f11536700,24,23,0,0.011359756653155835
capacity_d3_heldout,1,2f1502fee460b55c795f,44,27,1,0.011570579065103928
capacity_d3_heldout,1,306a3034c61d426cb6e2,15,1,0,0.16894381391380786
capacity_d3_heldout,1,326360071399f4f69cc3,54,19,1,0.021404133377975254
capacity_d3_heldout,1,331d1421c2289eeb41aa,14,5,0,0.09542909420628824
capacity_d3_heldout,1,33465ea17a89955651e8,5,7,0,0.054683083350028666
capacity_d3_heldout,1,348dd57f40ce493a6f81,65,16,1,0.023990847686092477
capacity_d3_heldout,1,34b3b20583d86e786b29,83,20,1,0.0247162793227457
capacity_d3_heldout,1,3527970e16a3175f4604,72,1,1,0.3093538286302933
capacity_d3_heldout,1,370f4e4a98f5e29f67b5,74,14,1,0.02842164808631197
capacity_d3_heldout,1,375a8411425aabcda04d,74,1,1,0.1554485426323654
capacity_d3_heldout,1,3a2b80ab2c82f6e1af1d,6,1,0,0.06491703860845306
capacity_d3_heldout,1,3a3133ecd0f6574942af,65,16,1,0.022761686011322235
capacity_d3_heldout,1,3a334419ea455f7f4c9d,1,17,0,-0.8071568191971361
capacity_d3_heldout,1,3bd81bfbe41e5d04d08b,22,6,0,0.06692415430026315
capacity_d3_heldout,1,3d0ccc94dbfcdaf98cf0,50,16,1,0.020938077897695972
capacity_d3_heldout,1,3d1cedf3226ae9e3f3e5,6,1,0,0.5674297012954098
capacity_d3_heldout,1,3d9553f86c838927dbb8,32,16,0,0.048015533084373924
capacity_d3_heldout,1,3f13c60ee6ddb63e35b7,60,29,1,0.010744725291355773
capacity_d3_heldout,1,3f154c8892b9887edf20,89,17,1,0.01809060012658868
capacity_d3_heldout,1,41a568d09c4dbd67bed6,59,1,1,0.29234197017691876
capacity_d3_heldout,1,41ad611963ea4d8e12ed,17,6,0,0.0549614305268082
capacity_d3_heldout,1,41fa0c5f18e14bafe4a9,6,6,0,0.07330056971306287
capacity_d3_heldout,1,42f43de11d9c07a26d5d,78,2,1,0.0842924482413651
capacity_d3_heldout,1,436b7fb11566461bc758,57,27,1,0.02371295466597839
capacity_d3_heldout,1,440c426c504eef77bf48,87,13,1,0.03131935805550621
capacity_d3_heldout,1,4439dd22d25d57b94b7b,22,2,0,0.09636679880558051
capacity_d3_heldout,1,46b67db89186e945b74f,119,3,1,0.14020574669409547
capacity_d3_heldout,1,47d90814c21d40bfd74c,33,27,1,0.010037726572115614
capacity_d3_heldout,1,484c8a07230086ebe710,82,7,1,0.03130558522712149
capacity_d3_heldout,1,4996550325df9f16b5c7,53,9,1,0.040896271355305235
capacity_d3_heldout,1,4ac9befd2cb4a571160d,81,7,1,0.046329992562223164
capacity_d3_heldout,1,4b6105679ae7335a5c3b,105,1,1,0.18440933841924106
capacity_d3_heldout,1,4dba03ae870a6696945c,48,5,1,0.04550056509551835
capacity_d3_heldout,1,4e273d0fa7960b101197,6,20,0,-0.019730390704704316
capacity_d3_heldout,1,4e2cc48c5bf1cd3078b6,68,1,1,0.23793304981094196
capacity_d3_heldout,1,4f3203f2945d64f8a8e4,3,10,0,-0.010723413391828966
capacity_d3_heldout,1,4fbc15d348b539ee1c4b,59,9,1,0.034616412176489725
capacity_d3_heldout,1,52d9a7f046b0e967752f,85,17,1,0.027514979508381075
capacity_d3_heldout,1,52e2a210ad9b5b4a41db,21,5,0,0.08737145916409825
capacity_d3_heldout,1,532c3ce31de74fb121f5,78,1,1,0.1602685588120214
capacity_d3_heldout,1,532cb0a3b8645d2818cd,46,1,1,0.13406190653446803
capacity_d3_heldout,1,53843a95fe2b2b8e78d9,26,3,0,0.08005733716867965
capacity_d3_heldout,1,53f638f1e50a6c4c048d,27,5,0,0.10435363617245871
capacity_d3_heldout,1,5433b93c6a7838b8bff8,65,28,1,0.006726233427653306
capacity_d3_heldout,1,544bdd07a387d3fc64b3,27,28,0,0.013511698168170265
capacity_d3_heldout,1,548da193e04005348153,47,18,1,0.052502664321609514
capacity_d3_heldout,1,54d70b46f2c19e7f4677,75,14,1,0.027175903001354123
capacity_d3_heldout,1,55c86fadb94bcc13df0b,16,16,0,0.01994883130931266
capacity_d3_heldout,1,55f282e0c951b49786d6,16,2,0,0.16162352304003486
capacity_d3_heldout,1,5749d9870cd931f13a9d,20,8,0,0.015390975114982271
capacity_d3_heldout,1,5b4529cd0e0b12a5b0f0,14,5,0,0.10017218266742353
capacity_d3_heldout,1,5d2aebf12ded68b9f5cd,35,2,1,0.158777357688979
capacity_d3_heldout,1,5db428a932eb76f6718d,81,11,1,0.01242782831071926
capacity_d3_heldout,1,5dc14116dda6ddddda35,64,7,1,0.034142968219900774
capacity_d3_heldout,1,5e1b404274605b621f17,70,41,0,0.0037956484611128506
capacity_d3_heldout,1,5e6717eb4befb4e08548,123,12,1,0.031093294460848412
capacity_d3_heldout,1,5eac3f5fa18036dc67a9,13,1,0,0.4442251855807647
capacity_d3_heldout,1,5f98096b4c5db4b588f2,62,5,1,0.11205755609019302
capacity_d3_heldout,1,5fed30a6ccdffd64c2d2,11,1,0,0.11502031061135147
capacity_d3_heldout,1,5ff7b74f8e1981226a6f,65,1,1,0.18624503733682046
capacity_d3_heldout,1,618f5eb829ab8c56224c,52,3,1,0.09456003329083365
capacity_d3_heldout,1,62b5826556e830f9d18d,30,2,0,0.10436541755852913
capacity_d3_heldout,1,62b86eba497142bc5344,50,1,1,0.07953105404857157
capacity_d3_heldout,1,648c4086afb9b2f28438,57,1,1,0.10640140590202371
capacity_d3_heldout,1,651279abf794952829fa,53,12,1,0.030602528767443564
capacity_d3_heldout,1,653507af1f5ff5658fac,112,1,1,0.36711913701312726
capacity_d3_heldout,1,65461fefb08da31e78cb,77,58,0,0.00038086003397104197
capacity_d3_heldout,1,658008090c06a17556f5,99,7,1,0.058467545012073636
capacity_d3_heldout,1,6619074de47b0d1e379e,54,9,1,0.05861847202192632
capacity_d3_heldout,1,666c7e304b1e46272518,24,3,0,0.08557416827728798
capacity_d3_heldout,1,66ad0cb9c10c6943cd7c,49,11,1,0.07635796986043335
capacity_d3_heldout,1,6840db09dec00244c33b,118,1,1,0.6416442299184777
capacity_d3_heldout,1,69c094c70399535b4246,32,23,0,0.03902569926909033
capacity_d3_heldout,1,6a5115e4ec3759aa4234,24,2,0,0.05668076650539523
capacity_d3_heldout,1,6b10fef5335924e09910,122,7,1,0.036507042861440554
capacity_d3_heldout,1,6b45d39238e567e454d1,65,27,1,0.008932700957573604
capacity_d3_heldout,1,6b8321193b249d049480,27,4,0,0.04517193811558049
capacity_d3_heldout,1,6bb6507fd4ee898e272c,45,26,1,0.01466604682649381
capacity_d3_heldout,1,6bfbfd86b4d1733fb11f,65,1,1,0.1753428030761822
capacity_d3_heldout,1,6c16e0a892f2639d1214,47,14,1,0.03127745060641499
capacity_d3_heldout,1,6d2447248cca59c3092a,76,27,1,0.01121442551119952
capacity_d3_heldout,1,6e217728cc3ed34ca970,2,3,0,-0.13279766180816607
capacity_d3_heldout,1,6f39e3bdd0a563afa36e,50,8,1,0.06329044439404963
capacity_d3_heldout,1,6fd54265e3a802d5806e,5,9,0,0.03171589361797306
capacity_d3_heldout,1,7087014e8a8ad683220f,72,3,1,0.10343368691755028
capacity_d3_heldout,1,70b5823cb342d5317aa3,2,1,0,0.2898797563752013
capacity_d3_heldout,1,7256438e3c7627d6f71b,22,8,0,0.057466288393464536
capacity_d3_heldout,1,72e64789a05ac693af2d,69,15,1,0.03201883911663178
capacity_d3_heldout,1,72ec69ce8ec4f7b511f8,87,1,1,0.25279325031522765
capacity_d3_heldout,1,733e8dce869a91ea039d,12,5,0,0.09706437480357229
capacity_d3_heldout,1,73493115445ae752aa4a,36,1,1,0.09584066605791353
capacity_d3_heldout,1,74c9b209f20db657cd98,63,5,1,0.07461729178463056
capacity_d3_heldout,1,79f6352def343025b79e,6,15,0,0.0010391151301689938
capacity_d3_heldout,1,7a2e2aff6e811040a4d7,18,11,0,0.024418603067067852
capacity_d3_heldout,1,7a402650e378bbe5eb17,67,1,1,0.1709134272216261
capacity_d3_heldout,1,7ac172609b3777fc1cd3,3,7,0,-0.004006379353356827
capacity_d3_heldout,1,7fccd9fd2e133307cec4,71,1,1,0.13559761394559203
capacity_d3_heldout,1,8042e0cd50c922be460d,8,13,0,0.012762051471427335
capacity_d3_heldout,1,80e172c77cd0c0ba2d3e,77,23,1,0.01689031987720186
capacity_d3_heldout,1,814cc78e03aeea7ac2cf,7,1,0,0.06056573044003605
capacity_d3_heldout,1,8370a2bdce1f063abf4e,75,16,1,0.027927290472900858
capacity_d3_heldout,1,8383bb5e14bf8296911d,43,13,1,0.03244940450833877
capacity_d3_heldout,1,8501e0551aebe3c155a1,41,6,1,0.09521053052997876
capacity_d3_heldout,1,85a727479f12a88f6795,18,9,0,0.07185414864907314
capacity_d3_heldout,1,87128f7bdce3334f51b7,70,8,1,0.037319589231424075
capacity_d3_heldout,1,8917c336c63f93dca1db,60,3,1,0.08140887764714726
capacity_d3_heldout,1,8936c44145aeaed7f154,35,6,1,0.11654264201039477
capacity_d3_heldout,1,89a01474cf057c15ccba,85,2,1,0.17078373209762637
capacity_d3_heldout,1,89f81cbc1c80f798a592,59,2,1,0.08941676581519727
capacity_d3_heldout,1,8a9569cb70ec5ff40c0f,1,15,0,-0.5068650805237691
capacity_d3_heldout,1,8bdb54e5a422164748fe,82,14,1,0.022642347471902025
capacity_d3_heldout,1,8cca24f544872146315c,110,1,1,0.36192892443758684
capacity_d3_heldout,1,8d369e4090508ea0b615,25,2,0,0.08575846855089168
capacity_d3_heldout,1,8df8eda182075405ec10,46,5,1,0.09689442341944336
capacity_d3_heldout,1,8e9ab75ba178f9e0ced6,33,14,1,0.014709513384429983
capacity_d3_heldout,1,8f5660764b694d014851,88,5,1,0.037218753393393825
capacity_d3_heldout,1,8f73ac7171c0f2f72e36,125,4,1,0.06342389947225492
capacity_d3_heldout,1,914808c4c5c5cf3a631d,22,2,0,0.15699233902452508
capacity_d3_heldout,1,91ddad534644ccf2f1d6,52,7,1,0.06902307117740693
capacity_d3_heldout,1,9275b9a7f3c3a8f17837,7,2,0,0.3424589489597376
capacity_d3_heldout,1,9400975871a56d3df68e,24,2,0,0.09099480528940661
capacity_d3_heldout,1,940655c4bcaa6b2b8fdc,95,1,1,0.13790882454975648
capacity_d3_heldout,1,9461b02f932a0b223545,35,1,1,0.09252377354990025
capacity_d3_heldout,1,95c31e0644663cb2dd42,82,17,1,0.023939415358971993
capacity_d3_heldout,1,96220701780115859cfa,84,67,0,0.00041125834352203754
capacity_d3_heldout,1,96b8f77476aa54ad61c4,44,9,1,0.06432382691845047
capacity_d3_heldout,1,990aeb3e668fd0a26fba,24,24,0,0.01955050586501883
capacity_d3_heldout,1,9941d39f804b9c70cce0,51,46,0,0.0022120123679195028
capacity_d3_heldout,1,9b13b1c476bea7543391,3,1,0,0.49237336401820836
capacity_d3_heldout,1,9b9ab1deab6fabadbd72,28,40,-1,0.013731141089998093
capacity_d3_heldout,1,9bb2cd69ae899b91d8ad,5,8,0,0.07051064633923014
capacity_d3_heldout,1,9bc1a0234cad989d2655,93,14,1,0.022488330273721897
capacity_d3_heldout,1,9bff57a33a1d87a99e82,98,2,1,0.24107174259748165
capacity_d3_heldout,1,9c36982a3e4e80ef5d64,110,1,1,0.23708737137929803
capacity_d3_heldout,1,9c45bb014fcbdb734427,63,1,1,0.6595632459553431
capacity_d3_heldout,1,9cbf5781e4971145b7ff,102,22,1,0.013828819652578128
capacity_d3_heldout,1,9cf8bd5d165392bf9512,28,5,0,0.09530530658366118
capacity_d3_heldout,1,9ea0307ef6a3359baf7e,30,27,0,0.0015611006143653877
capacity_d3_heldout,1,9ed2288931decad0cd98,48,10,1,0.06226358174821322
capacity_d3_heldout,1,9ee18f62005698e1f6ff,89,1,1,0.08384459345456713
capacity_d3_heldout,1,9efba0330c0972041fe3,69,3,1,0.1487324183426204
capacity_d3_heldout,1,9f09db43d6b14042ff28,116,4,1,0.05720728812179249
capacity_d3_heldout,1,9f2ee46633c6d011f605,91,14,1,0.016508287291036906
capacity_d3_heldout,1,a0272923a8afdbed837a,13,5,0,0.07254935957462809
capacity_d3_heldout,1,a1592501d563dd1d1afe,21,2,0,0.09267558154411075
capacity_d3_heldout,1,a2937e03f7ae5c7bf479,42,2,1,0.07052961294961525
capacity_d3_heldout,1,a3e289088d11cc113df7,98,5,1,0.05104950369237748
capacity_d3_heldout,1,a424f6ad14fe75780931,102,11,1,0.054313304276010624
capacity_d3_heldout,1,a4cc27c6cf0d4e332ae6,98,2,1,0.12359951396160619
capacity_d3_heldout,1,a695c109f2789dd29391,12,10,0,0.028085053072516405
capacity_d3_heldout,1,a69dc23d27ac495df9b4,63,4,1,0.08458299207380067
capacity_d3_heldout,1,a77d2090075c8bbd5f6c,71,29,1,0.011107320240979861
capacity_d3_heldout,1,aac58e15c70d981d40b2,58,3,1,0.12018624086430116
capacity_d3_heldout,1,ab5dd6078d27ff19f4d0,66,4,1,0.10697231300542227
capacity_d3_heldout,1,abd8f9de103af3efe437,114,2,1,0.07937219709410764
capacity_d3_heldout,1,ac46f7314d215cd8107e,52,6,1,0.04294836709122494
capacity_d3_heldout,1,ac6af709b8901d364133,25,6,0,0.06829576112950958
capacity_d3_heldout,1,ad93c7cd120cdbe8436f,21,8,0,0.03077852168987265
capacity_d3_heldout,1,afc24fc6e5eef4876f7f,30,6,0,0.07956275039659848
capacity_d3_heldout,1,b0233fac459287a56433,5,11,0,0.02091828349844901
capacity_d3_heldout,1,b074e89f0e0529bb237f,48,1,1,0.13449781241375172
capacity_d3_heldout,1,b0820476678e8063028a,83,3,1,0.08090986243890012
capacity_d3_heldout,1,b092b4b94eccbd67e4f0,33,1,1,0.7131026081106336
capacity_d3_heldout,1,b1a7ec93a9211175a706,41,1,1,0.40920816258985837
capacity_d3_heldout,1,b5128a5190811af87df0,45,6,1,0.05474257190137459
capacity_d3_heldout,1,b62d0ce4aa1d22aea6ce,50,7,1,0.0738225438964265
capacity_d3_heldout,1,b64e5a10c77c5f39000e,52,10,1,0.04349301122566743
capacity_d3_heldout,1,b6d36ea0c5b307d865af,85,7,1,0.04349833628352989
capacity_d3_heldout,1,b802a3a9ae5f6d5e92a0,100,24,1,0.019207178359202805
capacity_d3_heldout,1,b88c9a476c2f1d69b94d,50,1,1,0.174943436208987
capacity_d3_heldout,1,ba2363be7e0c3d6233df,5,13,0,0.03917975683253935
capacity_d3_heldout,1,ba396fd3e3c22b2e96fd,64,1,1,0.15783368761200292
capacity_d3_heldout,1,bacf4bf8ce3cd7672a0d,70,14,1,0.01712004645410848
capacity_d3_heldout,1,bcd8550b04e3fa71f48c,75,25,1,0.024504560829198746
capacity_d3_heldout,1,bd4c84d539c0ecb919c9,3,9,0,-0.013262541995406704
capacity_d3_heldout,1,bdd1b1d36e1079065772,43,6,1,0.035517597116845365
capacity_d3_heldout,1,bdee5652d59daa79aeed,56,1,1,0.3440894037661107
capacity_d3_heldout,1,be1b5c3f29d96f621509,114,12,1,0.03569610258620664
capacity_d3_heldout,1,bf19927af16a3474541c,54,2,1,0.08197171968726184
capacity_d3_heldout,1,c14e063441f2c3e8ca41,46,3,1,0.07386614163051344
capacity_d3_heldout,1,c248209b3b45f976893b,2,7,0,-0.012390611410874608
capacity_d3_heldout,1,c24cd6d1b77973ce6a14,49,8,1,0.03403724522076713
capacity_d3_heldout,1,c26ce8947298e0be71e5,28,39,-1,0.002545252251877673
capacity_d3_heldout,1,c29b114a7d489dd0cf2d,13,17,0,0.020548279350251653
capacity_d3_heldout,1,c2ced359d5af3429a6b1,29,31,0,0.007234715575682891
capacity_d3_heldout,1,c2eb7b179826c0f7e58e,55,1,1,0.10629785942333281
capacity_d3_heldout,1,c5045b53525a31dd509d,37,17,1,0.02773718946433054
capacity_d3_heldout,1,c579877f2d9e92e9c011,101,15,1,0.028368353697525914
capacity_d3_heldout,1,c606db0b7ee25e2b6138,37,18,1,0.04542010645144351
capacity_d3_heldout,1,c622a3599f225f864504,109,2,1,0.21912735949312684
capacity_d3_heldout,1,c77d5520f119c884d514,15,13,0,0.028618813926941534
capacity_d3_heldout,1,c89c70003dd139c72c72,32,16,0,0.00999546642101222
capacity_d3_heldout,1,c89dbdcc33591b5d2980,112,1,1,0.21050009224551136
capacity_d3_heldout,1,c967ee3bcf803cb7a789,100,1,1,0.2280864063375683
capacity_d3_heldout,1,ca80f1ea2363a7c59416,115,28,1,0.013685323307505244
capacity_d3_heldout,1,cca5f52242c411a7ed17,118,43,0,0.0020866819981027285
capacity_d3_heldout,1,ced15e348ddf7770bfea,43,18,1,0.052953257543402646
capacity_d3_heldout,1,cf4073aa4b3faa1060a3,54,34,0,0.008908972288844613
capacity_d3_heldout,1,cfd37e0ec52cd06167c5,51,13,1,0.021424418916423882
capacity_d3_heldout,1,d0258281e100b3c6614c,12,3,0,0.11022564734691939
capacity_d3_heldout,1,d090cf4edf93ceca0f16,67,3,1,0.14364593235047377
capacity_d3_heldout,1,d0b0b5393c5b2aa30bbd,72,5,1,0.06795758152166133
capacity_d3_heldout,1,d1d4aef125b0dfec3ed6,34,3,1,0.09081605089224566
capacity_d3_heldout,1,d3531fe0a97d79eeb430,28,4,0,0.04504519704788181
capacity_d3_heldout,1,d3a19cef5d7dcb5de9b1,78,14,1,0.015951165086506597
capacity_d3_heldout,1,d3bf976fdbd6b5442c32,23,2,0,0.09343745114752801
capacity_d3_heldout,1,d3d5973fd96bf4634699,76,27,1,0.023033946487845423
capacity_d3_heldout,1,d4c0245f3f27c378cdca,11,14,0,0.029427061420051612
capacity_d3_heldout,1,d50d31ee8d7dc1af7774,4,2,0,0.08210454508326873
capacity_d3_heldout,1,d71a455b0c33916ed145,57,3,1,0.06225407709573632
capacity_d3_heldout,1,d787b03142a3cad8e1c7,1,5,0,-0.6195552910891361
capacity_d3_heldout,1,d7abf49a800133e76112,31,1,0,0.6616963569341833
capacity_d3_heldout,1,da8182b3443259550da3,14,2,0,0.18574489250304368
capacity_d3_heldout,1,db64d1ee58f73171e63e,51,3,1,0.04417608088695063
capacity_d3_heldout,1,db66b18e3297096f85f2,1,1,0,-0.693032863952046
capacity_d3_heldout,1,db781724d4c6df4be9fc,18,9,0,0.03795242007730893
capacity_d3_heldout,1,db8392a59ddb256371d5,83,3,1,0.06710411187863582
capacity_d3_heldout,1,ddedfe232cd173f06453,71,10,1,0.04089211799976947
capacity_d3_heldout,1,e24aea4a471ddcaa203f,56,72,0,0.000252876127512769
capacity_d3_heldout,1,e2c8959c5957f03e604c,45,6,1,0.05659519449930828
capacity_d3_heldout,1,e2fee07c0365fb21c040,100,6,1,0.06546341143970316
capacity_d3_heldout,1,e4ba686e0287fdfad198,46,6,1,0.060789842516159945
capacity_d3_heldout,1,e6896a100f1f27e5c125,56,1,1,0.1682651264427922
capacity_d3_heldout,1,e7f07f7e48172197dca5,99,9,1,0.04096722386083992
capacity_d3_heldout,1,e88c20d59d91778b8878,90,6,1,0.05640532804591598
capacity_d3_heldout,1,eb7a4535e270b09e83d3,101,2,1,0.1118093169189469
capacity_d3_heldout,1,edd4079dfc0e8373ddef,24,10,0,0.022720209519927512
capacity_d3_heldout,1,eddf1eae2f08cd99ac2a,30,17,0,0.031196995201968516
capacity_d3_heldout,1,ee1743c242b417f6d80b,112,4,1,0.05865099756274032
capacity_d3_heldout,1,eea3320112a43be83835,16,1,0,0.17368757093054482
capacity_d3_heldout,1,ef0fa301e29b8b1d3d72,4,11,0,0.04420004536255442
capacity_d3_heldout,1,ef5c425d440bd829af51,11,4,0,0.04021022982439571
capacity_d3_heldout,1,f095fc7bab849bc463cd,74,1,1,0.25860129832339945
capacity_d3_heldout,1,f44a5fd8b030810ea032,76,4,1,0.07525532826145045
capacity_d3_heldout,1,f6919a4d690deb28d32c,81,1,1,0.17184843278953366
capacity_d3_heldout,1,f6d0cd976270bf12278d,17,2,0,0.14683618023705694
capacity_d3_heldout,1,f803470a203bd27d97a5,66,4,1,0.10416087944075549
capacity_d3_heldout,1,f9b6fa6968da2edce8ae,53,22,1,0.016796081811964413
capacity_d3_heldout,1,fa94606fd8b8ea3f642f,120,1,1,0.4224435007285092
capacity_d3_heldout,1,fab6d8a5de8f4c9f0486,36,14,1,0.01320106452296699
capacity_d3_heldout,1,fac7056b7217f49b900b,51,7,1,0.052932529697596375
capacity_d3_heldout,1,faecdfa3eb1e8a6c142f,34,5,1,0.05761008779809125
capacity_d3_heldout,1,fbf1f7404dce4d7b3d75,20,32,0,0.003998813115665076
capacity_d3_heldout,1,fc31917f3245bca52a74,32,6,0,0.11746120872980127
capacity_d3_heldout,1,fc4c6fa6b1e00f523e72,124,9,1,0.019376422283035186
capacity_d3_heldout,1,ffaedd64bcc453672b26,1,13,0,-0.7260432627187341
capacity_d3_heldout,2,0005f5d344757743ddb2,36,33,0,0.0015953046991420863
capacity_d3_heldout,2,00120d022f88a8ad066f,50,29,1,0.013519360126127214
capacity_d3_heldout,2,001dd677301c0cdae1ba,71,2,1,0.12277154918944691
capacity_d3_heldout,2,013496133e120e44ebfd,89,13,1,0.03696126753622775
capacity_d3_heldout,2,01fe6a5d452d1de829f1,92,4,1,0.07734465227368635
capacity_d3_heldout,2,036621b70cd15261c5df,17,7,0,0.05917011976295682
capacity_d3_heldout,2,04919e84ff58e6ef82b1,47,5,1,0.08414510915873609
capacity_d3_heldout,2,04cce5a98915dab3237a,54,18,1,0.03684279519569174
capacity_d3_heldout,2,04e975ba9407ab5eb3f3,55,6,1,0.04248029301049129
capacity_d3_heldout,2,079e23170af0e90271ed,102,4,1,0.09737154268146009
capacity_d3_heldout,2,07e28c5fef6186cf9858,58,18,1,0.03225467319183173
capacity_d3_heldout,2,086d394352312eace173,34,11,1,0.030855674698316255
capacity_d3_heldout,2,0b0c14079281a518b9d5,31,2,0,0.15299861426212807
capacity_d3_heldout,2,0e5a66d0a2d23255cf85,30,5,0,0.1535531654048806
capacity_d3_heldout,2,0e9634ba6770434ce456,50,40,0,0.0022060957672359635
capacity_d3_heldout,2,0ed31b5c499da494bc43,60,22,1,0.017704816065830912
capacity_d3_heldout,2,0f71a9c1ccbb0056e986,42,13,1,0.033766294147840346
capacity_d3_heldout,2,0fdacc7a033261067bb6,119,3,1,0.10817954493704933
capacity_d3_heldout,2,118df9c53a2c5513d3f0,57,24,1,0.012153661386180743
capacity_d3_heldout,2,13700e23fbe9dd961164,73,18,1,7.814009131845198e-05
capacity_d3_heldout,2,14617deae8d426dde3a7,94,17,1,0.018419907805577333
capacity_d3_heldout,2,14c5aa7e41169961c0c6,35,3,1,0.09371286858301212
capacity_d3_heldout,2,150d66f2818fa5508935,105,1,1,0.28313248047836226
capacity_d3_heldout,2,15994bd001b12bf7cd4f,80,4,1,0.09244547644159005
capacity_d3_heldout,2,161b73d7ccd324c1766b,61,10,1,0.02831739002736004
capacity_d3_heldout,2,16f5cc1fab0fecb351a5,35,17,1,0.02595696036795746
capacity_d3_heldout,2,170970b5d2710225f78a,90,35,0,0.005653245948813985
capacity_d3_heldout,2,171ce990fb848dad132e,78,13,1,0.04880918376033608
capacity_d3_heldout,2,173379ddda423e976ee9,33,19,1,0.03171357801918609
capacity_d3_heldout,2,1786517381110094ae22,45,2,1,0.1578104833951688
capacity_d3_heldout,2,17a8a88862b7d28fcf59,41,12,1,0.03867275918613257
capacity_d3_heldout,2,194b7e1fd063ef77fa8e,52,1,1,0.9948370273151806
capacity_d3_heldout,2,19d63e18a6d529b2b3c1,100,4,1,0.07384224997905577
capacity_d3_heldout,2,1c19c096fd4d764cc048,108,3,1,0.0725526550718978
capacity_d3_heldout,2,1c2481661095a948db8a,89,16,1,0.016663939564557285
capacity_d3_heldout,2,1c761fb969bb759880ec,87,2,1,0.13328293043266912
capacity_d3_heldout,2,1d8ab711dac4f9fabd36,26,2,0,0.09951611824940043
capacity_d3_heldout,2,1e23f34e925d04d562f0,29,16,0,0.02335521694728111
capacity_d3_heldout,2,22e83040f0ec2e75e3f5,3,12,0,-0.09112304801300102
capacity_d3_heldout,2,2403290bfa19bf62d35e,91,40,0,0.0015555122151380794
capacity_d3_heldout,2,24642ae59ad51783f13e,38,5,1,0.03851152422687368
capacity_d3_heldout,2,248bece507fe16ce12bf,12,44,-1,-0.003549548082119193
capacity_d3_heldout,2,2528f88fc41d01f5a0ca,54,17,1,0.045428111707077355
capacity_d3_heldout,2,263b8d24e8108ed6dff0,87,2,1,0.10153887370262818
capacity_d3_heldout,2,26679f8ea9ca2f04b2b3,112,5,1,0.05253683090595607
capacity_d3_heldout,2,266a9e73e2967b9142d8,6,39,-1,-0.014104931354375645
capacity_d3_heldout,2,279e3dce9668a339cad3,12,15,0,0.023005635652000388
capacity_d3_heldout,2,27f701b2b88baf0ad204,44,6,1,0.11256093987724891
capacity_d3_heldout,2,29354187fc4ecbce8d1c,45,33,0,0.006812655129448543
capacity_d3_heldout,2,29f9f88a5a85144787bb,47,14,1,0.04791489544790852
capacity_d3_heldout,2,2a8db2cca93ac36fc88a,105,11,1,0.037054295630505885
capacity_d3_heldout,2,2ac64e109ea0ca03cebb,5,3,0,0.07780272866537721
capacity_d3_heldout,2,2c2571936a7047971d24,41,2,1,0.09785411084172657
capacity_d3_heldout,2,2c3f7b8c3e0f11536700,5,40,-1,-0.005198298566314037
capacity_d3_heldout,2,2f1502fee460b55c795f,55,19,1,0.02163580908935818
capacity_d3_heldout,2,306a3034c61d426cb6e2,103,8,1,0.04858225268617317
capacity_d3_heldout,2,326360071399f4f69cc3,34,28,1,0.013561644598389619
capacity_d3_heldout,2,331d1421c2289eeb41aa,10,1,0,0.15800019438676172
capacity_d3_heldout,2,33465ea17a89955651e8,7,7,0,0.04775632731202655
capacity_d3_heldout,2,348dd57f40ce493a6f81,47,22,1,0.006473481691114573
capacity_d3_heldout,2,34b3b20583d86e786b29,50,51,0,0.0094755172222584
capacity_d3_heldout,2,3527970e16a3175f4604,70,1,1,0.9861280728081552
capacity_d3_heldout,2,370f4e4a98f5e29f67b5,77,1,1,0.16744671572350234
capacity_d3_heldout,2,375a8411425aabcda04d,38,1,1,0.1680299097227655
capacity_d3_heldout,2,3a2b80ab2c82f6e1af1d,5,4,0,0.03851471012699749
capacity_d3_heldout,2,3a3133ecd0f6574942af,72,16,1,0.025024273776882645
capacity_d3_heldout,2,3a334419ea455f7f4c9d,2,11,0,-0.18551014039042824
capacity_d3_heldout,2,3bd81bfbe41e5d04d08b,28,4,0,0.06194395565714945
capacity_d3_heldout,2,3d0ccc94dbfcdaf98cf0,46,25,1,0.012410305107181127
capacity_d3_heldout,2,3d1cedf3226ae9e3f3e5,14,1,0,0.2809306461666088
capacity_d3_heldout,2,3d9553f86c838927dbb8,24,20,0,0.036804186466522316
capacity_d3_heldout,2,3f13c60ee6ddb63e35b7,64,28,1,0.010433780686224714
capacity_d3_heldout,2,3f154c8892b9887edf20,97,20,1,0.013275364814634212
capacity_d3_heldout,2,41a568d09c4dbd67bed6,31,1,0,0.8380438312016294
capacity_d3_heldout,2,41ad611963ea4d8e12ed,7,2,0,0.1139541838111591
capacity_d3_heldout,2,41fa0c5f18e14bafe4a9,4,7,0,-0.026765879679833612
capacity_d3_heldout,2,42f43de11d9c07a26d5d,41,10,1,0.025802567409729943
capacity_d3_heldout,2,436b7fb11566461bc758,72,29,1,0.010066216735289905
capacity_d3_heldout,2,440c426c504eef77bf48,88,9,1,0.036451963586674664
capacity_d3_heldout,2,4439dd22d25d57b94b7b,25,1,0,0.19271053125940826
capacity_d3_heldout,2,46b67db89186e945b74f,90,1,1,0.47079559719151065
capacity_d3_heldout,2,47d90814c21d40bfd74c,54,30,1,0.01151554237907104
capacity_d3_heldout,2,484c8a07230086ebe710,104,8,1,0.03587347926579574
capacity_d3_heldout,2,4996550325df9f16b5c7,37,13,1,0.02134215507923461
capacity_d3_heldout,2,4ac9befd2cb4a571160d,34,3,1,0.11738963923560815
capacity_d3_heldout,2,4b6105679ae7335a5c3b,39,14,1,0.027149380606410277
capacity_d3_heldout,2,4dba03ae870a6696945c,5,23,0,-0.0476618975726682
capacity_d3_heldout,2,4e273d0fa7960b101197,6,8,0,0.02314194864233686
capacity_d3_heldout,2,4e2cc48c5bf1cd3078b6,57,1,1,0.13123432155877113
capacity_d3_heldout,2,4f3203f2945d64f8a8e4,2,7,0,-0.13857612857127316
capacity_d3_heldout,2,4fbc15d348b539ee1c4b,35,1,1,0.1704839023399947
capacity_d3_heldout,2,52d9a7f046b0e967752f,47,14,1,0.02661239403077376
capacity_d3_heldout,2,52e2a210ad9b5b4a41db,27,3,0,0.14964398497538142
capacity_d3_heldout,2,532c3ce31de74fb121f5,37,11,1,0.041315360471357365
capacity_d3_heldout,2,532cb0a3b8645d2818cd,34,1,1,0.1690890425518145
capacity_d3_heldout,2,53843a95fe2b2b8e78d9,38,2,1,0.15554377504978195
capacity_d3_heldout,2,53f638f1e50a6c4c048d,18,3,0,0.11896582364259685
capacity_d3_heldout,2,5433b93c6a7838b8bff8,62,53,0,0.004525088326729344
capacity_d3_heldout,2,544bdd07a387d3fc64b3,39,4,1,0.05735283875690302
capacity_d3_heldout,2,548da193e04005348153,25,14,0,0.04481467224346463
capacity_d3_heldout,2,54d70b46f2c19e7f4677,70,23,1,0.017497165832632684
capacity_d3_heldout,2,55c86fadb94bcc13df0b,31,9,0,0.030664376251572784
capacity_d3_heldout,2,55f282e0c951b49786d6,8,10,0,0.03838941636551784
capacity_d3_heldout,2,5749d9870cd931f13a9d,18,22,0,0.0055458469463133785
capacity_d3_heldout,2,5b4529cd0e0b12a5b0f0,24,5,0,0.07987737137275987
capacity_d3_heldout,2,5d2aebf12ded68b9f5cd,35,4,1,0.08821227446250399
capacity_d3_heldout,2,5db428a932eb76f6718d,71,17,1,0.006254613854579361
capacity_d3_heldout,2,5dc14116dda6ddddda35,66,7,1,0.038699868257104905
capacity_d3_heldout,2,5e1b404274605b621f17,70,11,1,0.022647817839031054
capacity_d3_heldout,2,5e6717eb4befb4e08548,109,9,1,0.029703372716295275
capacity_d3_heldout,2,5eac3f5fa18036dc67a9,14,1,0,0.35723109337433345
capacity_d3_heldout,2,5f98096b4c5db4b588f2,69,6,1,0.08666957603789996
capacity_d3_heldout,2,5fed30a6ccdffd64c2d2,16,5,0,0.04262762164682809
capacity_d3_heldout,2,5ff7b74f8e1981226a6f,27,13,0,0.03657906945083764
capacity_d3_heldout,2,618f5eb829ab8c56224c,39,4,1,0.11156361937391036
capacity_d3_heldout,2,62b5826556e830f9d18d,35,13,1,0.019870398810731806
capacity_d3_heldout,2,62b86eba497142bc5344,26,3,0,0.09742592802095242
capacity_d3_heldout,2,648c4086afb9b2f28438,24,3,0,0.12752971632925625
capacity_d3_heldout,2,651279abf794952829fa,35,6,1,0.06635855755063504
capacity_d3_heldout,2,653507af1f5ff5658fac,92,2,1,0.2032728413188061
capacity_d3_heldout,2,65461fefb08da31e78cb,59,43,0,0.0009966116617139316
capacity_d3_heldout,2,658008090c06a17556f5,110,5,1,0.070138419501207
capacity_d3_heldout,2,6619074de47b0d1e379e,12,3,0,0.09781762721054882
capacity_d3_heldout,2,666c7e304b1e46272518,28,4,0,0.0897539476243251
capacity_d3_heldout,2,66ad0cb9c10c6943cd7c,67,7,1,0.04695785239527677
capacity_d3_heldout,2,6840db09dec00244c33b,69,2,1,0.11199362769750229
capacity_d3_heldout,2,69c094c70399535b4246,21,5,0,0.09122496920533711
capacity_d3_heldout,2,6a5115e4ec3759aa4234,6,36,-1,-0.04816643651803954
capacity_d3_heldout,2,6b10fef5335924e09910,121,1,1,0.1544329491236922
capacity_d3_heldout,2,6b45d39238e567e454d1,45,19,1,0.010820934483625247
capacity_d3_heldout,2,6b8321193b249d049480,7,3,0,0.008672583993302584
capacity_d3_heldout,2,6bb6507fd4ee898e272c,37,16,1,0.020488130691762366
capacity_d3_heldout,2,6bfbfd86b4d1733fb11f,33,7,1,0.02685021711581859
capacity_d3_heldout,2,6c16e0a892f2639d1214,55,20,1,0.015081254327176104
capacity_d3_heldout,2,6d2447248cca59c3092a,34,33,0,0.0032374645127024944
capacity_d3_heldout,2,6e217728cc3ed34ca970,3,23,0,-0.0436762591666537
capacity_d3_heldout,2,6f39e3bdd0a563afa36e,38,4,1,0.11216193545426784
capacity_d3_heldout,2,6fd54265e3a802d5806e,11,9,0,0.03536686702758671
capacity_d3_heldout,2,7087014e8a8ad683220f,72,2,1,0.13176054590512992
capacity_d3_heldout,2,70b5823cb342d5317aa3,7,2,0,0.14582532916763358
capacity_d3_heldout,2,7256438e3c7627d6f71b,19,13,0,0.031601026080655306
capacity_d3_heldout,2,72e64789a05ac693af2d,52,21,1,0.017349707773114596
capacity_d3_heldout,2,72ec69ce8ec4f7b511f8,31,15,0,0.04052370435174546
capacity_d3_heldout,2,733e8dce869a91ea039d,27,5,0,0.06821867550253768
capacity_d3_heldout,2,73493115445ae752aa4a,21,4,0,0.09282591296677123
capacity_d3_heldout,2,74c9b209f20db657cd98,18,3,0,0.11418620330475242
capacity_d3_heldout,2,79f6352def343025b79e,13,13,0,0.035874519818414094
capacity_d3_heldout,2,7a2e2aff6e811040a4d7,15,4,0,0.05804244235209026
capacity_d3_heldout,2,7a402650e378bbe5eb17,42,8,1,0.020499515711383677
capacity_d3_heldout,2,7ac172609b3777fc1cd3,7,37,-1,-0.000745479369372381
capacity_d3_heldout,2,7fccd9fd2e133307cec4,33,5,1,0.08330405226660328
capacity_d3_heldout,2,8042e0cd50c922be460d,8,12,0,0.024684841319391103
capacity_d3_heldout,2,80e172c77cd0c0ba2d3e,112,8,1,0.04290038437023695
capacity_d3_heldout,2,814cc78e03aeea7ac2cf,6,5,0,0.03028130409220972
capacity_d3_heldout,2,8370a2bdce1f063abf4e,110,2,1,0.08519875775476249
capacity_d3_heldout,2,8383bb5e14bf8296911d,10,9,0,0.013622382647550318
capacity_d3_heldout,2,8501e0551aebe3c155a1,24,4,0,0.11005120406887506
capacity_d3_heldout,2,85a727479f12a88f6795,32,6,0,0.07220177737270898
capacity_d3_heldout,2,87128f7bdce3334f51b7,91,33,0,0.004111829777707338
capacity_d3_heldout,2,8917c336c63f93dca1db,27,2,0,0.11242146157143236
capacity_d3_heldout,2,8936c44145aeaed7f154,76,4,1,0.1078487671388694
capacity_d3_heldout,2,89a01474cf057c15ccba,34,11,1,0.04135936319236973
capacity_d3_heldout,2,89f81cbc1c80f798a592,74,45,0,0.002359177836912079
capacity_d3_heldout,2,8a9569cb70ec5ff40c0f,4,9,0,-0.07235574450723786
capacity_d3_heldout,2,8bdb54e5a422164748fe,49,26,1,0.01152050374274104
capacity_d3_heldout,2,8cca24f544872146315c,115,1,1,0.5552942016154877
capacity_d3_heldout,2,8d369e4090508ea0b615,22,2,0,0.12498603388416032
capacity_d3_heldout,2,8df8eda182075405ec10,39,1,1,0.20260458322033836
capacity_d3_heldout,2,8e9ab75ba178f9e0ced6,55,34,0,0.0006853104253196976
capacity_d3_heldout,2,8f5660764b694d014851,96,4,1,0.05554828098334065
capacity_d3_heldout,2,8f73ac7171c0f2f72e36,121,30,1,0.008187144893368392
capacity_d3_heldout,2,914808c4c5c5cf3a631d,10,12,0,0.030116488169784704
capacity_d3_heldout,2,91ddad534644ccf2f1d6,36,1,1,0.1503586059144898
capacity_d3_heldout,2,9275b9a7f3c3a8f17837,10,1,0,0.26972181174563864
capacity_d3_heldout,2,9400975871a56d3df68e,17,5,0,0.08055427173848291
capacity_d3_heldout,2,940655c4bcaa6b2b8fdc,41,12,1,0.02681799392882216
capacity_d3_heldout,2,9461b02f932a0b223545,11,3,0,0.11421504248061537
capacity_d3_heldout,2,95c31e0644663cb2dd42,19,29,0,0.00945039963122516
capacity_d3_heldout,2,96220701780115859cfa,40,66,0,0.00036323615921121286
capacity_d3_heldout,2,96b8f77476aa54ad61c4,61,8,1,0.0456018419979559
capacity_d3_heldout,2,990aeb3e668fd0a26fba,26,6,0,0.036280172431673946
capacity_d3_heldout,2,9941d39f804b9c70cce0,40,49,0,0.0009887279828403547
capacity_d3_heldout,2,9b13b1c476bea7543391,10,1,0,0.36031746917912977
capacity_d3_heldout,2,9b9ab1deab6fabadbd72,44,4,1,0.11137550506697648
capacity_d3_heldout,2,9bb2cd69ae899b91d8ad,49,7,1,0.09789221726948857
capacity_d3_heldout,2,9bc1a0234cad989d2655,91,17,1,0.008491000386369298
capacity_d3_heldout,2,9bff57a33a1d87a99e82,77,1,1,0.5846950802900384
capacity_d3_heldout,2,9c36982a3e4e80ef5d64,117,5,1,0.06771552206551165
capacity_d3_heldout,2,9c45bb014fcbdb734427,78,1,1,0.9977320546901386
capacity_d3_heldout,2,9cbf5781e4971145b7ff,84,1,1,0.07227638078614956
capacity_d3_heldout,2,9cf8bd5d165392bf9512,24,2,0,0.11955708418743699
capacity_d3_heldout,2,9ea0307ef6a3359baf7e,17,8,0,0.06458372235688131
capacity_d3_heldout,2,9ed2288931decad0cd98,33,18,1,0.039895018375079354
capacity_d3_heldout,2,9ee18f62005698e1f6ff,80,18,1,0.015325738895619362
capacity_d3_heldout,2,9efba0330c0972041fe3,59,2,1,0.13353311945700055
capacity_d3_heldout,2,9f09db43d6b14042ff28,122,1,1,0.13816749714639215
capacity_d3_heldout,2,9f2ee46633c6d011f605,73,24,1,0.007560451464881874
capacity_d3_heldout,2,a0272923a8afdbed837a,37,2,1,0.13886189132652133
capacity_d3_heldout,2,a1592501d563dd1d1afe,29,2,0,0.15172350427753847
capacity_d3_heldout,2,a2937e03f7ae5c7bf479,33,2,1,0.11090904934118699
capacity_d3_heldout,2,a3e289088d11cc113df7,102,8,1,0.058958508504897325
capacity_d3_heldout,2,a424f6ad14fe75780931,78,8,1,0.05670883763160507
capacity_d3_heldout,2,a4cc27c6cf0d4e332ae6,79,9,1,0.05648294469651613
capacity_d3_heldout,2,a695c109f2789dd29391,6,1,0,0.038852295640918535
capacity_d3_heldout,2,a69dc23d27ac495df9b4,54,23,1,0.016146737599082087
capacity_d3_heldout,2,a77d2090075c8bbd5f6c,40,14,1,0.023703785430390617
capacity_d3_heldout,2,aac58e15c70d981d40b2,70,30,1,0.004570379255321185
capacity_d3_heldout,2,ab5dd6078d27ff19f4d0,39,19,1,0.01204394742163372
capacity_d3_heldout,2,abd8f9de103af3efe437,101,2,1,0.13523409499597921
capacity_d3_heldout,2,ac46f7314d215cd8107e,72,12,1,0.021548708419517705
capacity_d3_heldout,2,ac6af709b8901d364133,48,16,1,0.03447949725000506
capacity_d3_heldout,2,ad93c7cd120cdbe8436f,11,3,0,0.08716735987091803
capacity_d3_heldout,2,afc24fc6e5eef4876f7f,8,2,0,0.08488974625803838
capacity_d3_heldout,2,b0233fac459287a56433,3,4,0,0.06527330208917669
capacity_d3_heldout,2,b074e89f0e0529bb237f,12,1,0,0.12565480233551962
capacity_d3_heldout,2,b0820476678e8063028a,91,16,1,0.01447360283418757
capacity_d3_heldout,2,b092b4b94eccbd67e4f0,27,1,0,0.36714869979953796
capacity_d3_heldout,2,b1a7ec93a9211175a706,24,1,0,0.2965017013690956
capacity_d3_heldout,2,b5128a5190811af87df0,9,11,0,0.0340592493078581
capacity_d3_heldout,2,b62d0ce4aa1d22aea6ce,25,12,0,0.03772415871952156
capacity_d3_heldout,2,b64e5a10c77c5f39000e,43,13,1,0.03050890112118814
capacity_d3_heldout,2,b6d36ea0c5b307d865af,45,13,1,0.029167551658510735
capacity_d3_heldout,2,b802a3a9ae5f6d5e92a0,32,3,0,0.063978158535731
capacity_d3_heldout,2,b88c9a476c2f1d69b94d,61,3,1,0.11128426924708429
capacity_d3_heldout,2,ba2363be7e0c3d6233df,8,7,0,0.08295789053790867
capacity_d3_heldout,2,ba396fd3e3c22b2e96fd,59,4,1,0.09678762502921048
capacity_d3_heldout,2,bacf4bf8ce3cd7672a0d,95,13,1,0.021181977786421065
capacity_d3_heldout,2,bcd8550b04e3fa71f48c,62,29,1,0.010340936121961047
capacity_d3_heldout,2,bd4c84d539c0ecb919c9,6,5,0,0.131758520867064
capacity_d3_heldout,2,bdd1b1d36e1079065772,66,6,1,0.06932110832347889
capacity_d3_heldout,2,bdee5652d59daa79aeed,73,1,1,0.8120934002992326
capacity_d3_heldout,2,be1b5c3f29d96f621509,103,6,1,0.041334921186018704
capacity_d3_heldout,2,bf19927af16a3474541c,68,7,1,0.038652866536865935
capacity_d3_heldout,2,c14e063441f2c3e8ca41,86,8,1,0.03233384723386226
capacity_d3_heldout,2,c248209b3b45f976893b,9,16,0,0.012711903007019187
capacity_d3_heldout,2,c24cd6d1b77973ce6a14,75,11,1,0.03138483273272527
capacity_d3_heldout,2,c26ce8947298e0be71e5,38,10,1,0.02563509754722164
capacity_d3_heldout,2,c29b114a7d489dd0cf2d,29,29,0,0.004128502656563667
capacity_d3_heldout,2,c2ced359d5af3429a6b1,32,42,-1,0.00469328557215245
capacity_d3_heldout,2,c2eb7b179826c0f7e58e,72,3,1,0.06438101066465303
capacity_d3_heldout,2,c5045b53525a31dd509d,35,12,1,0.028682330854425113
capacity_d3_heldout,2,c579877f2d9e92e9c011,51,26,1,0.013331039862754723
capacity_d3_heldout,2,c606db0b7ee25e2b6138,36,17,1,0.0347426913077997
capacity_d3_heldout,2,c622a3599f225f864504,83,3,1,0.1634190531756905
capacity_d3_heldout,2,c77d5520f119c884d514,61,13,1,0.027435048676821724
capacity_d3_heldout,2,c89c70003dd139c72c72,27,25,0,0.007285395330407445
capacity_d3_heldout,2,c89dbdcc33591b5d2980,102,1,1,0.17718211384408364
capacity_d3_heldout,2,c967ee3bcf803cb7a789,107,1,1,0.1973276401834238
capacity_d3_heldout,2,ca80f1ea2363a7c59416,57,20,1,0.020437048702145615
capacity_d3_heldout,2,cca5f52242c411a7ed17,122,15,1,0.023939943580754026
capacity_d3_heldout,2,ced15e348ddf7770bfea,53,27,1,0.014734063838473947
capacity_d3_heldout,2,cf4073aa4b3faa1060a3,60,2,1,0.07581914968137239
capacity_d3_heldout,2,cfd37e0ec52cd06167c5,34,9,1,0.03249134740616362
capacity_d3_heldout,2,d0258281e100b3c6614c,8,4,0,0.09125740993121502
capacity_d3_heldout,2,d090cf4edf93ceca0f16,33,5,1,0.043990246426062
capacity_d3_heldout,2,d0b0b5393c5b2aa30bbd,66,3,1,0.10744853458896701
capacity_d3_heldout,2,d1d4aef125b0dfec3ed6,30,1,0,0.09663936396463316
capacity_d3_heldout,2,d3531fe0a97d79eeb430,27,5,0,0.04762177488939731
capacity_d3_heldout,2,d3a19cef5d7dcb5de9b1,55,33,0,0.00106318912683456
capacity_d3_heldout,2,d3bf976fdbd6b5442c32,23,4,0,0.10202008545981689
capacity_d3_heldout,2,d3d5973fd96bf4634699,48,33,0,0.006645049409332029
capacity_d3_heldout,2,d4c0245f3f27c378cdca,58,12,1,0.034598412213671076
capacity_d3_heldout,2,d50d31ee8d7dc1af7774,9,6,0,0.04795580480185161
capacity_d3_heldout,2,d71a455b0c33916ed145,32,17,0,0.013820751256821424
capacity_d3_heldout,2,d787b03142a3cad8e1c7,1,20,0,-0.42891658055127846
capacity_d3_heldout,2,d7abf49a800133e76112,36,1,1,0.3007988074100896
capacity_d3_heldout,2,da8182b3443259550da3,29,13,0,0.05100218211410919
capacity_d3_heldout,2,db64d1ee58f73171e63e,15,14,0,0.026584621786172467
capacity_d3_heldout,2,db66b18e3297096f85f2,2,6,0,-0.3196627911013545
capacity_d3_heldout,2,db781724d4c6df4be9fc,26,1,0,0.15704152474439553
capacity_d3_heldout,2,db8392a59ddb256371d5,49,2,1,0.07257249369412565
capacity_d3_heldout,2,ddedfe232cd173f06453,81,13,1,0.017289940864387104
capacity_d3_heldout,2,e24aea4a471ddcaa203f,66,64,0,0.0001381201491959185
capacity_d3_heldout,2,e2c8959c5957f03e604c,37,1,1,0.19935967075631594
capacity_d3_heldout,2,e2fee07c0365fb21c040,43,13,1,0.022473075349271225
capacity_d3_heldout,2,e4ba686e0287fdfad198,9,5,0,0.0680518547802147
capacity_d3_heldout,2,e6896a100f1f27e5c125,50,6,1,0.03680597871623272
capacity_d3_heldout,2,e7f07f7e48172197dca5,96,8,1,0.052833142527943605
capacity_d3_heldout,2,e88c20d59d91778b8878,111,5,1,0.06620215880411419
capacity_d3_heldout,2,eb7a4535e270b09e83d3,55,14,1,0.022464761034868126
capacity_d3_heldout,2,edd4079dfc0e8373ddef,16,6,0,0.03458193393934442
capacity_d3_heldout,2,eddf1eae2f08cd99ac2a,34,14,1,0.03040139024516795
capacity_d3_heldout,2,ee1743c242b417f6d80b,63,15,1,0.01378677229419939
capacity_d3_heldout,2,eea3320112a43be83835,43,2,1,0.11204388524472889
capacity_d3_heldout,2,ef0fa301e29b8b1d3d72,42,5,1,0.14074799432008664
capacity_d3_heldout,2,ef5c425d440bd829af51,13,12,0,0.026232499417014478
capacity_d3_heldout,2,f095fc7bab849bc463cd,85,1,1,0.1837875526333555
capacity_d3_heldout,2,f44a5fd8b030810ea032,81,3,1,0.11278186906490795
capacity_d3_heldout,2,f6919a4d690deb28d32c,60,2,1,0.1640475587738155
capacity_d3_heldout,2,f6d0cd976270bf12278d,18,5,0,0.11935037230154
capacity_d3_heldout,2,f803470a203bd27d97a5,108,6,1,0.037563858897573896
capacity_d3_heldout,2,f9b6fa6968da2edce8ae,7,4,0,0.04418060604721645
capacity_d3_heldout,2,fa94606fd8b8ea3f642f,117,1,1,0.43881432442240675
capacity_d3_heldout,2,fab6d8a5de8f4c9f0486,17,23,0,0.007019461860376333
capacity_d3_heldout,2,fac7056b7217f49b900b,24,11,0,0.05136521268457865
capacity_d3_heldout,2,faecdfa3eb1e8a6c142f,25,6,0,0.0808700876818666
capacity_d3_heldout,2,fbf1f7404dce4d7b3d75,89,9,1,0.02905361388832971
capacity_d3_heldout,2,fc31917f3245bca52a74,31,3,0,0.12487702399143455
capacity_d3_heldout,2,fc4c6fa6b1e00f523e72,116,28,1,0.005599393592739784
capacity_d3_heldout,2,ffaedd64bcc453672b26,1,4,0,-0.43272929405019556
