seed,arm,task_id,best_rank,hit@32,correct_mass,entropy_nats,effective_programs,correct_entropy_nats,unique_correct_programs
0,control,8a61ad46e804311fe613,29,1.0,6.348162800015738e-07,0.2384022326965737,1.2692196117914254,0.8634477873682198,3
0,control,e1ccb28b68370a131790,10,1.0,6.35992033400414e-06,0.03887066010695975,1.0396360085437015,-0.0,1
0,control,41d5751f7feb05a0a20c,109,0.0,2.1542751781993226e-13,1.1257249927783513,3.0824507935882797,-0.0,1
0,control,1612a3ed78e5acc9b886,39,0.0,6.305757462569193e-09,0.10211086457646028,1.107506248133157,0.03890871353959697,3
0,control,e85367e66d4d8e86b868,31,1.0,2.2623099098542726e-05,1.2453666824343506,3.4742084970304012,0.166404155767171,3
0,control,3ad3743c776bb63c12b3,25,1.0,0.0005732429949165922,2.4291340365590703,11.349049961132508,0.1029329097227103,2
0,control,add63841c2db75a154c9,32,1.0,7.660468509156663e-06,1.197394754132517,3.311478459390485,-0.0,1
0,control,e6f3f5d9530353d2dc81,9,1.0,0.02533534132987865,2.1769837118148865,8.819663451063457,-0.0,1
0,control,4601e02dc2eb265e5469,6,1.0,0.026519988890697562,1.7713395299602936,5.87872281486031,-0.0,1
0,control,48145613f144656fc5cf,55,0.0,7.463066519267879e-07,1.374593158262117,3.9534679599113227,0.3152233788399858,2
0,control,dd3591f14331a97e98bb,57,0.0,3.2988523527991193e-08,1.460156771828686,4.306634634412137,0.002820088632672421,2
0,control,1ae49bfa2700d01f84e7,15,1.0,7.688213891235429e-05,0.9032962427940763,2.4677239369422503,0.04145635386026227,3
0,control,047c77d5a41972c9f613,10,1.0,0.0075605456047593556,1.7735411660440938,5.891679881274852,0.03470649140083981,2
0,control,730d9e4c7cf9444db51b,109,0.0,1.2208461730447935e-13,0.5562963315743814,1.7442005821506261,-0.0,1
0,control,3fb0cfd9bee35f13a9b5,70,0.0,4.3727717403632874e-07,2.3448949366230534,10.432176630264403,-0.0,1
0,control,911b01ade86ebbb2e10c,15,1.0,0.002356426183686454,1.8245066955484108,6.1997359073084155,-0.0,1
0,control,a19a9f0e33a810d7e2eb,6,1.0,1.512477015745113e-05,0.003258024871704446,1.0032633380032747,2.64252662434994e-07,2
0,control,d7d221c58a2f374d6e77,16,1.0,0.001565144397725044,1.7955867334149407,6.023007585090044,0.0013110666308300233,2
0,control,b49127b433dd36c36aea,35,0.0,1.3131698636443995e-05,1.602803923202344,4.966939835476492,0.7412124211199829,3
0,control,d19645d54c6fcf6fb6cb,34,0.0,1.002027348841832e-06,1.2294603633959582,3.4193838136556005,0.29796873612456687,3
0,control,d783fa8ba59213453d5e,40,0.0,1.0338985191950257e-06,1.7716826436210638,5.880740231047704,0.008048609614885406,2
0,control,6c43c50dcecdf5c0a908,95,0.0,9.744999914052426e-13,0.7032953991706447,2.0203997728239824,-0.0,1
0,control,db78e7ed38e71483ecbc,27,1.0,1.0028201590488568e-09,0.011457623900205195,1.0115235138800034,-0.0,1
0,control,9c305719906ef91f5612,36,0.0,6.61019763371407e-07,1.475662883099038,4.373934219228321,-0.0,1
0,control,369ce6c7ebae19423022,25,1.0,1.46281836131157e-05,1.5017014250010414,4.489320818751946,-0.0,1
0,control,42810fae0ed73cc70f98,4,1.0,0.024853460787166933,1.3695880334999593,3.933729796718944,-0.0,1
0,control,966f5302a35b8fc5fda0,6,1.0,0.010670197834719843,0.8640142555064758,2.372666090314173,-0.0,1
0,control,3df98b23d9f2f1b24c08,25,1.0,5.1366957365901354e-08,0.33158585874098284,1.3931757574599306,0.8308960533527744,3
0,control,7cae5fd9cf7fbd506998,10,1.0,0.000394374929494948,0.987896820572399,2.6855802713559864,-0.0,1
0,control,df839542ea7c18093957,26,1.0,5.864581799536004e-05,1.5657257012765426,4.786146988885802,0.30722488078062377,3
0,control,0be04f8707ecaa3905e3,41,0.0,5.990751569601211e-06,2.1433519121913918,8.527974797817917,0.30680314408059783,3
0,control,e611f3d12592ece7fe9c,83,0.0,1.430840803003755e-07,2.544927431191535,12.742303358740903,-0.0,1
0,control,69d8af99aade81141dd7,78,0.0,8.012246664704442e-09,1.5043447228471396,4.501203128125487,-0.0,1
0,control,b18c5c602fd9b59a622f,33,0.0,1.7494492376851143e-05,1.911151537816511,6.760869714810907,0.23223262503083716,4
0,control,4d4f7b10ce0015ed6dd6,16,1.0,2.9822158541444123e-05,1.0186078548767195,2.7693367604712016,-0.0,1
0,control,7542b430cd4c93d07e40,7,1.0,0.0010127547970113918,1.017843907873066,2.7672219418584563,-0.0,1
0,control,c06bdcde8378f1eb931a,64,0.0,1.2488037760303918e-08,1.7441135685500515,5.720828105203849,0.4552821117618368,3
0,control,e471ea894dc9ea8d478a,10,1.0,0.028975547522454796,2.500112998562988,12.183870642794727,-0.0,1
0,control,70cf77ecee258fc92911,94,0.0,4.2337976274445124e-08,2.0302383053362747,7.615901052407128,0.010288493349506718,2
0,control,cf55965cf78b657f6abd,122,0.0,8.942871166380558e-10,2.3163067053192004,10.1381618571896,-0.0,1
0,control,0835e8c02e2f5ccfff9f,4,1.0,0.03882230125309208,0.6202628559848637,1.859416736432907,0.005878014273244501,2
0,control,ec5060662b60cf082a05,44,0.0,3.379841257700688e-06,1.8166321063742439,6.151107250681442,0.15214454551452825,4
0,control,89c7c21d1d4ce3b17d2b,13,1.0,1.5641992057042616e-05,0.15327324035696127,1.1656434362616745,0.4379868970538908,3
0,control,64d19e6c5056e589d9e1,21,1.0,2.5604711012388815e-06,0.8772225581649058,2.404212863170107,-0.0,1
0,control,beb6c608ea962ba734f4,19,1.0,0.000950797549547572,1.4962038568837992,4.464708188545709,-0.0,1
0,control,2b42be4ae2973c852732,73,0.0,7.58705831461622e-08,1.7322518108394123,5.653369905677714,-0.0,1
0,control,4a8a0e325e2bcc818bf1,40,0.0,1.0900491340052919e-05,1.9038056239607155,6.711386918990911,0.6921154284792697,2
0,control,48623fde69f067997dbb,52,0.0,2.873721486246249e-09,0.5507479812818075,1.7345499436590377,-0.0,1
0,control,49c98dac61e644912fc2,42,0.0,1.547154303088614e-06,1.7572051514031104,5.796215191766015,-0.0,1
0,control,251fe469afdd2e52ce67,21,1.0,0.0003217264006124844,1.6367073231889684,5.1382231199319595,-0.0,1
0,control,e9b5ba4263351d5c028d,53,0.0,9.998086433016984e-07,1.9375097739600604,6.941443666258633,0.12063949096425523,2
0,control,db296ec1c14ecc423bf6,120,0.0,5.037128761806371e-23,0.010109895060159767,1.0101611727074173,-0.0,1
0,control,43538138944f27d8f9d4,85,0.0,3.14558583959737e-08,1.223387444864154,3.3986811008971687,-0.0,1
0,control,760af2bad2c4f0f0ea10,51,0.0,8.174655247450864e-10,0.9492630791768979,2.583804897940759,0.19983511568174586,2
0,control,3a6b12cce16c723c33d7,12,1.0,0.012778819046644413,2.089855741620408,8.083748931665758,0.0026385083123795765,2
0,control,0baeed6cc6af3abc628a,46,0.0,2.2834267595011086e-08,1.0566203361218143,2.8766324911911045,-0.0,1
0,control,f3333e1fa99ec20e21f0,29,1.0,3.838371498833561e-06,0.7619162021286139,2.1423775181448015,-0.0,1
0,control,e2337ce4a5f06ee4f5c0,16,1.0,0.0016236092386714247,1.3309264552971596,3.78454797841669,0.003572304571458168,3
0,control,5897e4535fd8a6c68c24,26,1.0,6.970778015762131e-05,1.8131579225694736,6.12977425232577,0.12381302545057063,3
0,control,51bfe71090b9fe865449,73,0.0,7.518827814363324e-08,1.220362638731211,3.3884162818295467,-0.0,1
0,control,b6739b0f8d02d9b2cd3a,16,1.0,0.007835641692020811,2.488803566850806,12.046854239001506,-0.0,1
0,control,cbc29560a6bd00e1e129,121,0.0,1.2435267787336712e-10,3.1155602653814105,22.546058591698145,-0.0,1
0,control,1435cc6f803a156dfdc8,64,0.0,8.56197064714897e-10,1.6355412265707554,5.132234947400603,-0.0,1
0,control,22b67a3c9426b819ff9b,109,0.0,9.7266538312054e-12,1.7372878497627329,5.6819123065679635,-0.0,1
0,control,52d8062f5c9b0b7138e6,83,0.0,6.068139392430627e-10,1.4363902616422877,4.205487674630899,-0.0,1
0,control,5efa8d9b2b1b3c0d9dec,20,1.0,0.0008911658142382326,1.9866668058982528,7.291190261666674,-0.0,1
0,control,f3bf1f2434b6ba1b86f1,57,0.0,7.517527908219354e-11,0.34545629393256033,1.4126343491142819,-0.0,1
0,control,72a6d7e8c5bcfe4aa473,1,1.0,0.23405759036072712,2.203422155178319,9.055951403075998,-0.0,1
0,control,20b793bf381585f76e32,18,1.0,0.0010058311162856827,1.4939260591127215,4.454550059658999,0.0543959380895981,2
0,control,e46921131e6ccf22447e,5,1.0,0.07288161776811364,1.9873250307731727,7.295991084301782,-0.0,1
0,control,0325d3174f2cd6182121,12,1.0,0.0017384029213155638,1.5953908252321927,4.930255563909337,-0.0,1
0,control,665634bf003cfedb8364,63,0.0,2.577105337482768e-11,0.7655984270245959,2.150280775834944,0.021982106306238886,2
0,control,b600ccd23dba2db91bde,99,0.0,1.872138070024431e-12,0.9083812888131482,2.480304385695957,-0.0,1
0,control,ad247a448a0d49713092,6,1.0,0.026100263450262756,1.681718599052136,5.374785138876012,-0.0,1
0,control,55375a134742ea269def,41,0.0,7.0967337675346e-12,0.010772438723696478,1.0108306703527663,-0.0,1
0,control,fb5ccf055b82d24c819e,76,0.0,5.349222243115268e-10,1.7804010579901692,5.932235111853464,-0.0,1
0,control,0b8f438bde933d339b03,31,1.0,3.4197853860104715e-07,0.6608892135853804,1.936513543178372,-0.0,1
0,control,7f4d76c995683a010d8f,10,1.0,0.0010379413971947128,1.10364706226116,3.015142408090353,-0.0,1
0,control,63eecd425c3c371d9367,26,1.0,8.56866504609777e-07,1.1252857958306002,3.0810972878576925,-0.0,1
0,control,28a1d28147ae4fd8d82c,11,1.0,3.948682617553506e-05,0.16821314236618495,1.1831887714281693,-0.0,1
0,control,639c5e3220069b6f3151,23,1.0,0.011003492381084572,3.239184382960033,25.512904499405703,3.6365965540537505e-08,2
0,control,eedfc10899d7922136bd,6,1.0,0.014382477618632058,0.7596436057046162,2.1375142868323493,-0.0,1
0,control,22281e3b98067f3937c2,28,1.0,9.490071658119033e-06,1.7477202813769739,5.741498743431908,-0.0,1
0,control,e4174c3adf8937d89c65,28,1.0,0.00013930725741299882,2.079373962914757,7.999459388146517,-0.0,1
0,control,241698207d99b128e1a1,60,0.0,1.3082845174026689e-07,1.6912589629361818,5.426307927180322,-0.0,1
0,control,a0489298b32db79656b8,65,0.0,2.1869293485840507e-06,2.5409736079426124,12.692022010760436,-0.0,1
0,control,3bb6e8859bee7ef81207,26,1.0,5.1628165787721295e-06,1.3947063751802964,4.0337899778725275,-0.0,1
0,control,a00cb0ffdefe19e5fd9c,15,1.0,0.0006258567211710703,1.6024063775017388,4.96496564234173,-0.0,1
0,control,9b35ae9ef39c004467ff,24,1.0,1.4025301271930082e-10,0.003114104142342577,1.003118958001814,0.01104917274388126,3
0,control,4eae24837f7212fa522f,48,0.0,4.300942846864344e-13,0.002138919258954816,1.0021412083785426,-0.0,1
0,control,cf974435b947bb9050e2,24,1.0,5.362242544962659e-05,1.5433404369425017,4.680198094612936,0.11444701588495429,2
0,control,8f536a17337788a855c0,40,0.0,8.865382466582823e-09,0.7579656428192956,2.1339306246590968,-0.0,1
0,control,b62d5c227bf1d025f8e0,22,1.0,9.342854734833905e-09,0.22211893884864045,1.2487198903381882,0.13138415953667099,3
0,control,4a7c2c1e139dc8b11bc0,7,1.0,0.002885794763809636,0.8764637375193262,2.4023891888215463,0.002604748706860834,3
0,control,853b845f4006856f3181,28,1.0,9.645642674713509e-05,2.040208496833759,7.692212833717225,-0.0,1
0,control,c2c4814aba626e78cc07,13,1.0,0.0032226954581195946,1.7476812624477067,5.741274720669143,0.2807196763815675,2
0,control,a84b94ccf85ec5c58405,66,0.0,4.890239882776846e-08,1.589080397890867,4.899241503305901,-0.0,1
0,control,283872fbc1d216bb561a,27,1.0,2.4092194950342333e-05,1.8091385783374978,6.105186026914514,0.6868562284112915,3
0,control,42f13858593d618b5998,114,0.0,8.644728760002777e-10,1.8183993523184125,6.161987381123857,0.8983830817585221,3
0,control,875b7649303611e744c8,56,0.0,1.6203855403602038e-10,0.0646468003558701,1.066782170752752,-0.0,1
0,control,a55f0333bad8dacb83e8,119,0.0,1.2259600998856098e-22,0.0011665691800303018,1.0011672498865276,-0.0,1
0,control,99b9a10cc8724ff39e53,58,0.0,6.614951808684577e-09,1.2790945746145534,3.593384710468467,0.015869795643615216,2
0,control,9062ea5cb960d0518b56,25,1.0,2.0557826368173703e-06,1.3092286893473255,3.7033162031005826,-0.0,1
0,control,f5708a5e43def47eedd1,6,1.0,0.020096246472241924,0.6100258821415885,1.8404790337041288,0.6917687842308998,2
0,control,12cf2e4605aa4c679a70,65,0.0,3.1250431413085927e-05,3.0591354804329494,21.30912703929168,-0.0,1
0,control,c2d7963a98e29790e073,88,0.0,4.8719245004604596e-12,0.504657030903628,1.6564173230768382,-0.0,1
0,control,0c314874ae0ac6b5d870,94,0.0,2.458338162839682e-08,1.6044138578420784,4.9749427243065245,0.5591601883503571,3
0,control,da2fbec8b689d14bad07,71,0.0,5.11903374280953e-07,1.7281193359869613,5.6300557025686455,0.09079303239141821,2
0,control,1c286cbfb8bd4e52b72f,22,1.0,0.0007182590411483426,1.8756366384440897,6.524971846221283,-0.0,1
0,control,1001146576ba6710e007,30,1.0,1.5104086422111339e-05,1.710817130282549,5.533481205830324,-0.0,1
0,control,9db2680634b8d7b2e194,95,0.0,1.644506521128665e-14,0.5665123426827872,1.762110683803699,-0.0,1
0,control,62cdb19ab6ddf5ee07cb,30,1.0,1.5656626933922064e-10,0.014191034075574729,1.0142922048055796,-0.0,1
0,control,38238fc33812c2e0f229,96,0.0,1.7317045811285072e-12,1.0327965012106384,2.8089099816680982,-0.0,1
0,control,cb06b9052f1a46bd201d,28,1.0,1.678287341210461e-05,1.6113999731834552,5.009819934250249,-0.0,1
0,control,0f77b4c4246618e58b3a,11,1.0,0.0044908444382713835,1.192394159592311,3.2949604326842543,0.6704298734113358,3
0,control,202b6550608505521a6a,34,0.0,5.70172285192326e-06,1.7478957411053777,5.742506233626455,0.594135598683641,3
0,control,405d6eb792d2fbbe92ab,7,1.0,0.004504051632579785,0.8753976850752239,2.3998294805891454,-0.0,1
0,control,5a3d7dcc8ff25af0518a,87,0.0,1.0030005668593212e-09,1.790566166430664,5.992844453431631,0.5940509030314629,2
0,control,7092264cbb9b21923709,46,0.0,9.684479527985066e-10,0.10641368391053863,1.112281914476819,-0.0,1
0,control,819a2bb347b547122f3f,48,0.0,5.325211521880925e-07,0.9605586895639862,2.613156008662708,-0.0,1
0,control,dca54f488dcde962dc3d,33,0.0,2.0776864442709375e-11,0.008030043583275678,1.0080623708551169,-0.0,1
0,control,07e058f49b735b01bf2c,63,0.0,1.7033615667812055e-11,1.1023741950119303,3.0113069735846603,0.1975645211140952,2
0,control,88654da9a4a40fbe03d7,71,0.0,3.175642695826016e-07,1.2583882485853197,3.5197439609054912,-0.0,1
0,control,ccd97841e676c94fb091,19,1.0,2.6871560138186415e-05,1.4747779815742146,4.370065430169372,-0.0,1
0,control,bb2053150afc5136ae72,42,0.0,3.7344124838974045e-05,0.8284803327268193,2.2898363055688415,-0.0,1
0,control,ad7073a03430e9c999c3,20,1.0,2.3302607989166548e-05,0.9038446262018494,2.469077566924423,-0.0,1
0,control,ef820251edec5f67df68,25,1.0,1.8459454262941426e-06,0.934864078649155,2.546867260573267,0.2746860534395353,3
0,control,f8bc3db588751db4c9fe,84,0.0,6.371374627105073e-09,2.106283698287121,8.217645218731665,-0.0,1
0,control,5d69829acfa9d929270b,2,1.0,0.13492425417302362,1.8335078016338449,6.255792294181166,-0.0,1
0,control,b479ee9ad622084ca732,52,0.0,2.0301692899406615e-09,1.1679447007366084,3.215377280031349,-0.0,1
0,control,c7884150eef8bd2a8a74,15,1.0,0.0008035849903439416,1.89256479927596,6.636367823418919,0.1949059913349607,2
0,control,17786d84c860ba333860,55,0.0,2.1557967158869968e-14,0.0018752521203948662,1.001877011505244,-0.0,1
0,control,0195e7b60586389c5776,7,1.0,0.024409753977415485,1.2437953285238246,3.468753572853249,-0.0,1
0,control,b92902c6ce723f10b794,86,0.0,5.386618196102281e-16,0.008285663185836957,1.008320084294612,0.004171329844291196,2
0,control,bbc381bb9cf98cdf8beb,6,1.0,0.020874152993657153,1.272685265716564,3.570427247196118,-0.0,1
0,control,3e9d107d39fd29b3f446,6,1.0,0.022337985870439628,0.9442362226551805,2.5708490722591386,-0.0,1
0,control,7863627d5d52f373a084,7,1.0,0.01283574987100789,1.7561554044454675,5.790133825009197,-0.0,1
0,control,59d28ba4a7907082af0f,53,0.0,1.346605391099519e-07,1.3255328458723343,3.7641905541208724,-0.0,1
0,control,e9d1fd7db3f13144cbfd,1,1.0,0.33665951830335994,1.529853880096131,4.617502064045462,-0.0,1
0,control,5e3a81c2bc577a0d75d7,2,1.0,0.10956324996808756,0.9743427835745423,2.649425392783375,0.0031710235840318613,2
0,control,86543c24243c532abe79,29,1.0,1.6115702418927932e-06,1.0116107999019137,2.750027192748887,-0.0,1
0,control,cd9ae8a3602659cf7831,54,0.0,4.04101688736753e-08,1.7734723330720272,5.891274353395164,-0.0,1
0,control,73988f9b0bb268524722,31,1.0,7.348381655548562e-07,1.2146618557538793,3.3691546114365973,0.4584068362882842,3
0,control,8e2d81aa0321770b3e7e,45,0.0,4.69291445328857e-08,0.6148771972891093,1.849429470659992,-0.0,1
0,control,81ab7967381e97b4469e,97,0.0,2.1820886876062e-13,0.780446335685205,2.182446151740502,-0.0,1
0,control,97c0475dde25dfac6e7d,31,1.0,5.468549521661064e-11,0.0020986780425782817,1.0021008818087371,-0.0,1
0,control,f98fb4f6ac8493d85a1a,84,0.0,1.840904626292346e-14,0.01839483526877581,1.0185650624158826,-0.0,1
0,control,3a2aeb9d33e9100f2493,91,0.0,1.7121099806463801e-12,1.1808616941365524,3.257179686619295,-0.0,1
0,control,4c5ff27ac3e1ad036d7a,9,1.0,1.1784527533821699e-06,0.10253048723439427,1.1079710803689253,0.30758413936915496,3
0,control,cf559befab671b6ee0c2,80,0.0,1.5042017407850292e-07,1.2301272408771566,3.421664884233265,0.6786424085851095,4
0,control,4cb8e3d03e026b6c8679,2,1.0,0.2476570881699895,1.9634111542533328,7.123585315665585,-0.0,1
0,control,b6fa2d2ee01312b527c3,23,1.0,2.8484714655979363e-06,1.0446706644211858,2.842462245536493,-0.0,1
0,control,3c46f24d76bbf8eec115,30,1.0,7.733583673865843e-05,1.9714843799284973,7.1813284003860245,-0.0,1
0,control,1d0a7c29799391b921e2,99,0.0,1.1616329383251953e-10,0.7985543761346088,2.2223259577919143,-0.0,1
0,control,f6535da18c8f9d097a6c,38,0.0,5.51120923564491e-10,0.024141943143454612,1.0244357191972682,0.03299174560696526,3
0,control,d0506faba53bcda5af70,6,1.0,0.009974687696021401,1.1616664476658418,3.195253564738413,-0.0,1
0,control,7ab42cd07543a3b097f0,23,1.0,5.990058721910121e-05,1.7311168310823366,5.646957085174642,-0.0,1
0,control,015e019c4ae1165b22ec,28,1.0,0.00045269770423153377,2.230946150037805,9.308669312058967,-0.0,1
0,control,976b78dfe0d5368a83a5,26,1.0,7.445257502774291e-06,1.5006534009463781,4.484618367116422,-0.0,1
0,control,1cbea1e61ea7508a183c,29,1.0,2.2302196434419347e-05,1.8979653206599,6.672304621140026,0.3383265142528584,3
0,control,078e6886f0e719d539b0,2,1.0,0.09193594460610792,0.6393857492330907,1.8953163221720815,-0.0,1
0,control,30aff85917ec042b3f9f,12,1.0,0.004754706798055011,1.8532972888590642,6.380824295029903,0.022091536765011053,3
0,control,119b6a4e307fb99cd54c,8,1.0,0.002236937373787027,1.2429732633286634,3.4659032030258508,-0.0,1
0,control,a649f57dc9f0a522aead,2,1.0,0.05195568380204708,0.8924446357011679,2.4410899385695832,-0.0,1
0,control,cfb387bca06f17478363,20,1.0,0.0004296379228849908,1.7018820937978252,5.484259575367176,-0.0,1
0,control,6710d2fa420cb3580330,84,0.0,1.2648557894719734e-14,0.033026362213296225,1.033577786280218,0.010626931880048403,2
0,control,3ca0d9a8b843d065474d,42,0.0,1.532566383789306e-06,1.7670934998963614,5.853814499201635,0.6267982330263904,3
0,control,a3732a7ac1527a0acccf,23,1.0,6.732271549720306e-06,1.0144172729661551,2.757755910137052,-0.0,1
0,control,2eff5d41c26fa60e4a50,99,0.0,1.1167398365704503e-11,1.5919003089859038,4.9130764262368505,-0.0,1
0,control,fa81b76aea885501136f,8,1.0,0.023047791837549094,2.2341525652393686,9.338564673705408,-0.0,1
0,control,d46afe93a3db9a422f12,37,0.0,2.1607132887061427e-07,1.1342538599755068,3.108853037620213,-0.0,1
0,control,7b2987cfd608937b6537,19,1.0,1.7725915783578192e-05,1.2785917959492217,3.591578487402974,-0.0,1
0,control,48eb404210b4c0b4d33c,62,0.0,1.134283102127074e-10,1.032061969365393,2.806847505406114,-0.0,1
0,control,a7d65aca1f7b2ffe8681,7,1.0,0.020732516320168516,1.925919660847494,6.861455977580212,-0.0,1
0,control,961a1672998e90527900,6,1.0,0.012217173027070004,1.274314436387707,3.576248823433699,-0.0,1
0,control,968e33cf3cd24223bb4d,43,0.0,3.773010633530009e-08,0.27011940032015913,1.3101208702461462,-0.0,1
0,control,29605f929fe20bea8539,22,1.0,1.1377631552959307e-05,1.427168807458554,4.166885221641787,-0.0,1
0,control,37d97ef084456d017a99,120,0.0,4.745922023517996e-22,0.0019363585048099406,1.0019382344575831,-0.0,1
0,control,197b70fb1f844000062a,118,0.0,4.039606170758998e-16,0.29865471094753276,1.3480440782412402,-0.0,1
0,control,4aa033a662070792dc21,97,0.0,5.6159288382494925e-11,0.45610131875245646,1.5779102085615608,-0.0,1
0,control,e97c87f43ee6d3900041,12,1.0,0.0010225685297649487,1.7117848481284694,5.5388386461704915,-0.0,1
0,control,f485641931030284aea2,17,1.0,3.2799775251889566e-06,0.8716861225272552,2.390938872597496,-0.0,1
0,control,ac7da5d38f40ebb233b3,9,1.0,0.015988247003392516,2.038803793495477,7.681415142223065,0.3246090426585592,3
0,control,5f3ecdbde5a435094684,63,0.0,1.1911371127465397e-15,0.001400116046394595,1.0014010966664735,-0.0,1
0,control,1a5f7445e642af7486d9,36,0.0,1.189966025159201e-07,1.1274263696913753,3.0876996680948237,-0.0,1
0,control,2ae301064b3446690b5b,60,0.0,8.5807235690586e-12,0.0244516732684807,1.024753066944198,-0.0,1
0,control,43ff5378329d31a908d6,19,1.0,0.00015007775898052188,1.7134009702434934,5.5477973230061,0.08104436150680713,3
0,control,8cd3e07a8695ec84de4a,92,0.0,1.8664749496222564e-09,1.7847587525399815,5.958142387468291,-0.0,1
0,control,c23d855160bb42211b92,47,0.0,4.493184122163141e-07,0.33985539445348395,1.4047444420379898,0.5200502421952429,2
0,control,ea6a90b744445c8e98c6,36,0.0,1.2356715570145325e-06,1.5685084936223856,4.79948439109595,0.3874531340555616,3
0,control,ae761a49eb671d8bcd4f,29,1.0,2.267802709233238e-11,0.0016298079116767936,1.0016311367704214,-0.0,1
0,control,49cc1c4ade0e21325d88,7,1.0,2.3908086292312577e-06,0.004693848062910452,1.004704881423948,-0.0,1
0,control,b8237c7c2df9ef5af6cf,116,0.0,3.6152603499699172e-12,1.8240954712035307,6.197186949104256,-0.0,1
0,control,42ac69f188af158bd62a,34,0.0,4.648206820921581e-10,0.016616888235064985,1.016755716621639,0.019977645069746454,3
0,control,01bb20645d8c9c0b5a70,22,1.0,3.197146778851105e-10,0.0027879650784552014,1.0027918550673056,-0.0,1
0,control,c248fe0da6c4946deebf,54,0.0,1.4086932898910786e-07,1.6581300706725604,5.249485494075125,0.573417963555099,2
0,control,ce67f80f51575bb9afcd,24,1.0,1.5267921723329468e-10,0.004613405088762914,1.0046240632258177,-0.0,1
0,control,a10fd8aa3b3070764b5f,1,1.0,0.6858406607904349,1.1492785151254088,3.1559151430602768,-0.0,1
0,control,d7233fcba80d5032045a,22,1.0,4.1930540502700736e-05,1.2147069214888504,3.3693064482866872,-0.0,1
0,control,7a57f90fca8b0fbb618f,24,1.0,0.0005077959806717953,1.7365822733956946,5.67790469752824,-0.0,1
0,control,98721dc886cb160c07d8,43,0.0,6.4783106583385885e-09,0.1547673587120117,1.1673863472486474,-0.0,1
0,control,583bed514edf1ea8a863,10,1.0,9.561095212449318e-07,0.02049920478718069,1.0207107565605924,0.3865732906917066,3
0,control,c4fa4dd22392907643c3,32,1.0,2.0664999356937133e-05,1.619149961990666,5.048796822805161,0.16962761527732878,3
0,control,ee1281990a1b84511ee1,2,1.0,0.14160597239122213,2.5655853598820983,13.008270661268805,-0.0,1
0,control,cdb8d51acbdb8cc0b537,8,1.0,0.003906395680745463,1.1225525993248386,3.072687541496614,-0.0,1
0,control,8fd61a032004203f5aaf,85,0.0,2.793871803117789e-08,2.3672076568417206,10.66756315991244,-0.0,1
0,control,4dcf25737278d8b047f7,104,0.0,9.37944194974046e-10,1.5679133198795796,4.796628713903702,-0.0,1
0,control,8ddb75f8606e3b11d463,31,1.0,1.7921990066592422e-07,0.9657756703179292,2.6268244161754715,0.46379804667418817,2
0,control,ab7d83b5ce1ad6c7eb5d,2,1.0,0.21955519752289146,1.9441650230798062,6.987794771099995,0.0017783404718480266,2
0,control,111748e7fd991d25a812,97,0.0,1.1794031480302656e-13,0.7898161815731731,2.2029914386144225,-0.0,1
0,control,853790fc3cd328480841,32,1.0,1.2225587979898086e-05,1.8083331556626931,6.100270751357443,-0.0,1
0,control,6fbd5a52dafe90b8939f,29,1.0,0.00011733817255524984,2.1204399639687583,8.334803694441344,-0.0,1
0,control,f6bb5ff5948e95975ac6,68,0.0,3.130342243460381e-07,2.054526261480639,7.80314034872013,0.042946895225367154,3
0,control,74f7adb1790af4e21ed1,63,0.0,2.1894992526030395e-07,1.8404984864209044,6.299677782287831,0.6319978329286065,3
0,control,3061fcd0b38439300453,55,0.0,5.2900121452521094e-15,0.0011573333555723235,1.0011580033242544,-0.0,1
0,control,5b7d37fe0fb9e3fe3329,2,1.0,0.1521622151971959,2.003297914787913,7.413464803098335,-0.0,1
0,control,9b6df06fe8420bdb65e9,83,0.0,5.19116362418099e-10,1.737551185011564,5.683408751383736,0.693008092648272,2
0,control,88c27b5f4811cf2ae42d,78,0.0,1.970811518392651e-09,1.5455404144006963,4.690505759078366,-0.0,1
0,control,ff0c79f40b5bf5b3eedf,58,0.0,1.8342738700956346e-15,0.000931598698767878,1.0009320327716191,-0.0,1
0,control,273d1eb57d156008da5c,27,1.0,8.674387140952168e-11,0.00173941433555489,1.0017409279941696,0.018338666660508103,3
0,control,c7e2ff8571b0daf0f3bd,38,0.0,4.0984712170572966e-12,0.005655164040690228,1.0056711846663717,-0.0,1
0,control,2000e0a8b364cfdfff20,31,1.0,0.00019998136454023183,1.7852158971892922,5.960866743045396,8.980070234536771e-05,2
0,control,19d7e820450c66593530,116,0.0,2.1713185941472197e-20,0.0032256138930834726,1.0032308217836197,-0.0,1
0,control,9d18d238ac68cdbb22f2,16,1.0,3.515243768396372e-05,0.38485279654589993,1.4693980050584832,-0.0,1
0,control,f43be2ef382b82ab43fe,31,1.0,2.764737639570814e-10,0.013445936668561798,1.0135367397962862,-0.0,1
0,control,13145daea2153b37fb96,55,0.0,2.1556405332421935e-06,2.081838539536394,8.019198983621289,-0.0,1
0,control,665110b43645d2dc4143,41,0.0,8.460306821065791e-07,1.5604101565606514,4.760773507231699,-0.0,1
0,control,ca706e174b5be8e12102,39,0.0,8.810487153461109e-06,2.1743485517501697,8.796452821446444,0.5576411198497908,3
0,control,137d588db61eecaf1f31,14,1.0,0.0022629037766431787,1.9497205301047962,7.026723548464435,0.04560743982599795,3
0,control,829aa1b381637c18dd5b,121,0.0,4.485129560917513e-11,2.42182070461986,11.266353354025203,-0.0,1
0,control,4258a8bc79dcb27db460,49,0.0,8.049865868899028e-09,1.2588279407384333,3.5212919049905653,-0.0,1
0,control,304c1fb8ad1d35558462,1,1.0,0.41221145645775936,1.5700379939034952,4.806830820572118,-0.0,1
0,control,55f25dc94db5d9e5da70,3,1.0,0.005296089896761339,0.1683933249084654,1.1834019805967109,-0.0,1
0,control,ee62ea9f9a0b464346ec,90,0.0,7.050737776647462e-08,2.255966426726384,9.544512926769972,0.5482767997397818,3
0,control,f6cea12943a60a861722,15,1.0,0.001041443215583079,1.6301548310025467,5.1046650177561,0.039507438738472796,3
0,control,dd7598e26e11f0846052,118,0.0,1.87521770994538e-09,3.1121439169745155,22.469164823086967,-0.0,1
0,control,1431167bfbe011d0287a,72,0.0,1.0197567414754355e-08,1.87647452667103,6.530441334402236,-0.0,1
0,control,3140bee1dd67e67235b7,76,0.0,3.196474646454471e-07,1.4249105192777878,4.157485811278453,0.11895999801733803,3
0,control,89a895095ca19a6e35d0,67,0.0,1.4342947704131444e-13,0.004685567920067927,1.004696562358457,-0.0,1
0,control,41764ad539eb835d7de7,107,0.0,1.5386060232315786e-13,0.8352468901628375,2.30538315445317,-0.0,1
0,control,fee7ad23b0dc778be3c6,11,1.0,0.0027946933736467338,1.3603275034819926,3.8974695276408657,-0.0,1
0,control,00c5e55894ae0130975b,82,0.0,3.543472720629308e-09,1.8016922745572048,6.05989379625509,-0.0,1
0,control,24a967b9d706ed579681,42,0.0,2.9978121018749567e-05,2.268793256462291,9.667727304574248,0.001394849877598339,2
0,control,c671adcabc2780906da7,98,0.0,6.945866576778793e-13,1.0430823742377144,2.837951174048627,-0.0,1
0,control,4ad2b37d053bbb4d9190,6,1.0,0.005599875924902637,0.9706910940087876,2.6397681570662233,-0.0,1
0,control,04a09271b4e0bccb5df4,25,1.0,2.9830160990971135e-05,1.2021639172302827,3.3273091598486224,-0.0,1
0,control,c535bda5f186dd7af874,63,0.0,8.633034251671607e-09,1.5814715098984946,4.862105185667975,0.69197231384003,2
0,control,32891c5755f142099ffa,115,0.0,2.4896878666668677e-14,1.3115342043378242,3.711864103991917,-0.0,1
0,control,9c04000f1abf03398095,5,1.0,1.6814610694512208e-05,0.003297629781607167,1.0033030729442294,-0.0,1
0,control,da19714589c0bb7a102a,32,1.0,1.0140757115747612e-06,1.6374365776629336,5.1419715587471675,0.09509409594218676,2
0,control,d089a22be080a3f595f5,75,0.0,2.1175218439072374e-11,0.6702280540758733,1.9546830432446312,-0.0,1
0,control,c7ec16b21c60a2f33095,4,1.0,0.03823128028232103,1.4301843160702608,4.179469464321714,-0.0,1
0,control,3bdd6e1aeb4e251f1b71,4,1.0,0.06065203315665346,1.556241029194547,4.740966553664694,-0.0,1
0,control,aac13f01060dfcd040c1,7,1.0,0.008874834595796556,1.1359579421882242,3.114155295241924,0.003836058814070906,3
0,control,b7bc142c8ded869371ed,5,1.0,0.030555480053110703,1.6673423242145486,5.298068521409131,-0.0,1
0,control,9e612c3df8e89db9dd3a,41,0.0,8.59424292426313e-07,1.7751038992234223,5.900894202795067,0.4607005193987205,3
0,control,69e826f56dded7285c04,88,0.0,9.354804866249813e-13,0.8745782028408287,2.3978636685482586,0.22053950109291803,2
0,control,65504323aa70c036c417,94,0.0,2.42299612058924e-10,1.4711261564184457,4.354135819079248,-0.0,1
0,control,be1e1e141a404f5ce54d,2,1.0,0.1718835499444,2.4213240435858405,11.260759184636733,-0.0,1
0,control,97352671a9cebe4d6b16,84,0.0,2.7594151139579205e-08,2.0134053263386145,7.488775700854599,-0.0,1
0,control,fb4b5683b3cfe950fe1f,40,0.0,4.777038493348808e-06,1.6291336730131503,5.099455008863863,0.6568359440627787,3
0,control,ec979c3a14a8c586ecc9,4,1.0,7.744858677339434e-05,0.006597901388877697,1.0066197154896184,-0.0,1
0,control,1007006ba9b21b4dc7c4,27,1.0,0.00016225386661365994,2.034173580263886,7.645930765704436,-0.0,1
0,control,4b217fa3f46998e5c12f,54,0.0,3.8597826162615346e-14,0.0029298165575318714,1.0029341126646396,-0.0,1
0,control,d9c8c72eea8de1c1dd07,6,1.0,0.013843933202600142,1.3350443602992088,3.800164519115385,0.000325186991517711,2
0,control,a9f31556ae16fdc71564,24,1.0,4.915101902639311e-05,1.6918527424109666,5.429530914228427,-0.0,1
0,control,613c24f46ff8cc0dcfad,61,0.0,8.639287563790798e-07,2.1502093133253095,8.58665551050964,-0.0,1
0,control,74858f85a8b3af16abcc,10,1.0,0.002003483252353716,1.4938506451566806,4.454214137083403,-0.0,1
0,control,e984477d5e98c58e98a5,76,0.0,8.373650259390771e-08,1.5160450359978033,4.5541779207699005,-0.0,1
0,control,e2c5b92cb65ea2a6da32,56,0.0,8.761863612385687e-09,0.4619635746174325,1.5871874882611698,-0.0,1
0,control,0d685122e0d52ae8300d,38,0.0,1.655525874687694e-05,1.8760699828156484,6.527800018787496,0.5548620250080015,3
0,control,726986e2427a420574c3,83,0.0,4.1173437630050616e-10,1.7444811147354864,5.722931160212694,-0.0,1
0,control,36b673691993bb06ff12,106,0.0,4.872279941675534e-11,1.4039972913637837,4.07144222353975,-0.0,1
0,control,50568adaf9b36025a742,60,0.0,1.34233903461884e-08,1.124293567299664,3.0780416514176117,0.17529010432484846,2
0,control,d256aeb4667b1dffcf06,22,1.0,0.0032137367081153424,2.4259489664468483,11.312959946422897,-0.0,1
0,control,1d99ed93714593cec761,27,1.0,2.3866378801768722e-05,1.5236592458091254,4.588986739628371,0.46193073342213953,3
0,control,4e6e5fb53d21a4d4ccea,116,0.0,8.82168179531072e-21,0.0049768171254283,1.0049892220502548,-0.0,1
0,control,c066e4495d39a81b940b,28,1.0,1.8891948411468678e-06,1.6619178450378338,5.269407066051999,0.47204769793648804,3
0,control,c823170a57cfae104e63,99,0.0,1.261813860249576e-12,0.8954227590900393,2.4483706416448556,-0.0,1
0,control,a4d64e3326563200acf7,9,1.0,0.006529121716142655,1.5182379563622201,4.564175828576772,-0.0,1
0,control,3c5ddd208f6b17942161,46,0.0,1.5205391381427566e-06,1.8682747131262814,6.477111877704697,-0.0,1
0,control,4af19cac715ae96d93be,100,0.0,1.9047957849144823e-12,1.1088024501845752,3.03072677405766,0.4135518885227032,2
0,control,61e4a1530d0b8b1a6b73,21,1.0,1.0288598138923181e-05,1.3645599259112349,3.914000222852796,-0.0,1
0,control,d910b9a053a4adc81368,73,0.0,1.7472606468683151e-09,1.6181370208933303,5.043685278295055,-0.0,1
0,control,60a576ec64346da30cee,40,0.0,2.504249504467552e-05,1.3138732989219453,3.7205566676154573,-0.0,1
0,control,837aa71620c56eb3f239,6,1.0,0.008970078474803895,1.2171899368165935,3.377682882945824,-0.0,1
0,control,5ebe288b8534024abe90,83,0.0,1.614004018049064e-17,0.0017667735228108605,1.001768335186718,0.4204551059656346,2
0,control,163b4df263a7e8b79f86,25,1.0,0.00025648259587909736,2.0161921493878365,7.509674700970007,-0.0,1
0,control,78b1295c2260b3392059,86,0.0,1.1928014115906013e-10,1.6772153893928576,5.350635770167497,-0.0,1
0,control,425c9c810105dbcb5d8f,88,0.0,1.0485618924166017e-08,1.4811178561525375,4.397859108016638,0.5485400236690678,2
0,control,df3ee0b554606ef0073f,6,1.0,0.01409274731449099,1.233916054212592,3.4346535240040534,-0.0,1
0,control,3f0b5640a35184119195,38,0.0,1.10663897234661e-06,1.7573162473481942,5.796859163541318,0.6485279497170229,3
0,control,54b40b27f9a9a4a11b4d,41,0.0,1.1153043245841636e-07,1.5453556139244542,4.689639031468576,-0.0,1
0,control,8151ae80e9d2d3495aab,42,0.0,2.892703772929756e-08,0.2684645237836051,1.3079545749279602,-0.0,1
0,control,9ae495d99cbcf0175fce,112,0.0,1.5699181887234769e-12,1.458876035498616,4.301122501523387,-0.0,1
0,control,4db4275b1c0eb4a55b94,16,1.0,0.00026212741114358263,1.1772796171686306,3.245533090239185,-0.0,1
0,control,5b60a33c3353500963a6,31,1.0,3.949584881625407e-05,2.0751288034414674,7.965572386098473,-0.0,1
0,control,18b5d5d3406d971b3f72,30,1.0,5.4602810313870734e-05,1.9561663487119059,7.07216282319342,0.010530498468017754,2
0,control,519d4d6609661667e610,18,1.0,0.0035668622590271084,2.1718503174385058,8.77450464844161,-0.0,1
0,control,38f93c52c7a7d131ecf4,29,1.0,2.0894082851518165e-10,0.014252193256121235,1.014354239982651,0.006641597603357973,3
0,control,cd08463e4d7fb3d243d6,21,1.0,4.954568806855385e-06,0.7263389128910478,2.067497446588089,-0.0,1
0,control,2c05582c1ae8af5fbbcd,78,0.0,5.9400434428322394e-12,0.9992770983909732,2.716317488249358,-0.0,1
0,control,e2cf878639f88094e78c,21,1.0,3.2120059997400695e-05,0.7393535122634574,2.0945809557876336,0.23859670071624095,2
0,control,aa31f470e0ed15e77eb4,5,1.0,0.10955122720495351,2.1592565657903693,8.664693633742747,-0.0,1
0,control,393b59d76679bdd9647e,35,0.0,2.2081422613675216e-06,1.5994733963911143,4.950424826291046,-0.0,1
0,control,a40ab3053878372fa93c,44,0.0,1.1536821514505295e-05,1.9854436619966538,7.282277538645303,-0.0,1
0,control,9f78378b825da5ddc651,27,1.0,2.9774080959306675e-05,1.6013635196173956,4.959790587668418,0.21477959328380483,3
0,control,6f7134e9cc924c4a0dfd,19,1.0,1.0624985251735723e-05,0.7080266509331933,2.0299814415802113,-0.0,1
0,control,e2e5a6594cd815644231,114,0.0,7.574633777869828e-15,0.2780116970990199,1.3205016431572347,-0.0,1
0,control,6bc6940b6d877564560f,18,1.0,0.0003247873806358589,1.732105516943723,5.652542912663929,0.055151015724688016,3
0,control,d9c40ef22595f5e73664,59,0.0,1.4047130540036236e-09,0.7859693312427156,2.1945331396066314,0.043298888157385695,3
0,control,f1709e6e950c34430d76,48,0.0,2.4043165944268155e-06,1.6133716520772492,5.019707434761201,-0.0,1
0,control,c13dc0bb9a1f1cf6c8a2,9,1.0,0.0004609618091005273,0.7234388230672109,2.0615102042490387,0.010461309128754141,2
0,control,615b02cefd27009e644f,92,0.0,3.650871525225085e-14,0.03236668279625945,1.0328961811338635,-0.0,1
0,control,6a78ec7ba01c048475e4,12,1.0,0.010780868863494756,2.358041154108531,10.570225716582879,-0.0,1
0,control,ea94fa5eba5ba4dc4a41,31,1.0,0.00040762317112541416,2.2229276631606343,9.23432632679229,0.957603905750132,3
0,control,0c05147fdaf76093bf88,4,1.0,0.04876101671576077,1.8324170958318722,6.248972784945175,-0.0,1
0,control,5e54b9e3ef9b323b73e7,1,1.0,0.3054468616018909,2.0479534233654286,7.7520197581442005,-0.0,1
0,control,d2851440615378991b92,7,1.0,0.03924176712443813,2.118178564897469,8.315976672835276,-0.0,1
0,control,90dfd117d1c47f33d2f3,93,0.0,1.671422680334652e-13,0.7823523323832333,2.1866098536398804,-0.0,1
0,control,c2f90e26abf8894247d0,111,0.0,3.241688606715723e-15,1.1794203973593624,3.2524885055384254,-0.0,1
0,control,458466b925bd5485bc22,3,1.0,0.19007628748560462,1.79691663784348,6.031022938196016,-0.0,1
0,control,6e536b686bac93b80f72,7,1.0,0.014586977516864946,0.8648669457162368,2.3746901022653684,-0.0,1
0,control,7caf73ba34d676d6ed16,3,1.0,0.061978936124128324,0.7039227479997107,2.02166766591975,0.14343557666694506,2
0,control,307029c1f16cbfd0be27,5,1.0,0.05187310176830098,1.2382478762730906,3.4495641035822624,-0.0,1
0,control,4e69a15e1c4bff6a4aae,84,0.0,9.163084261654022e-10,1.5743887621917865,4.827789788418438,-0.0,1
0,control,3f76eb6a06c080cea705,55,0.0,2.6261585605996756e-08,1.3831422153018194,3.9874112679108125,-0.0,1
0,control,d85755f7bb26b6f5bf22,68,0.0,7.688240425620872e-09,0.3299287406085573,1.390869012452945,0.18978351130306773,3
0,control,ce04bd6d93517bc53d37,37,0.0,1.6026866397124195e-05,1.144445735644263,3.140700096209005,0.04622828753484351,2
0,control,dcce06994bb623d7e47c,16,1.0,0.0014916617513002226,2.091128124772451,8.09404110401655,-0.0,1
0,control,7f3b4572f89dfdd5837e,18,1.0,0.0014763180138038553,2.0964515900936984,8.137244344589991,0.032353069785773444,3
0,control,17b3450c686999fbadf6,104,0.0,8.194764496463576e-10,1.6300825849752036,5.104296239309201,0.6039663773467775,2
0,control,bf12b76dc37f7228118d,24,1.0,2.871208306214393e-06,1.2451057230977924,3.4733019881720715,-0.0,1
0,control,3af5ba92c0cc21a4be5a,109,0.0,1.0123388512233073e-11,1.281821078544483,3.6031954564444253,-0.0,1
0,control,4d20d24d1eb3b522da7a,52,0.0,4.940655857820638e-10,1.1028801586901598,3.012830971048462,-0.0,1
0,control,4b6d8e46194af1ba87c9,9,1.0,1.7134806288361598e-07,0.0024728764569531925,1.0024759365378195,-0.0,1
0,control,ed1339646d16e8b81a5a,49,0.0,2.871856064735921e-07,1.4783132542850734,4.3855421443127085,0.10127721074980064,2
0,control,25548cbc6e95d3cc19f5,24,1.0,6.86996250724946e-05,1.4890873825601278,4.433047995451856,-0.0,1
0,control,28778af0a74a55cfb1c9,71,0.0,1.6240776554641183e-09,0.686554932035843,1.9868588653548307,-0.0,1
0,control,0e03f97b7981e1fe5ccb,9,1.0,0.007709278789509561,1.907511009797352,6.736301327266515,-0.0,1
0,control,31a7caefed418dca0380,21,1.0,2.159821491323221e-06,0.38406772776276205,1.4682448792554679,-0.0,1
0,control,11df2975071e529a7bdb,78,0.0,1.7623237482120376e-06,2.603396989040964,13.509551976229181,-0.0,1
0,control,f03f443c6ee76e57bcfe,22,1.0,0.0008605801344368467,2.1881739486257223,8.918911844519261,0.3478559481095117,3
0,control,1f0606dc425e233ab114,66,0.0,2.6545492243517265e-07,1.8678417152709543,6.47430790925291,-0.0,1
0,control,bd3b1a1c227f193ddb7c,68,0.0,2.1099598695139877e-08,1.8864034427066922,6.59560450256713,-0.0,1
0,control,fa57f74e02c88f3d167d,49,0.0,4.891793601579835e-09,0.6282184968501658,1.8742685878712066,-0.0,1
0,control,a008b65d8153a9cfb869,112,0.0,2.3602940365273517e-12,1.3617124420578215,3.902871023044125,-0.0,1
0,control,a743ede844e3452799e1,100,0.0,1.0264507486583193e-10,1.689132305308704,5.414780290051298,-0.0,1
0,control,730322d827fea05f49df,48,0.0,7.399341950267306e-06,1.5847445071846396,4.878044913859633,0.03002226771126042,3
0,control,d0c2a97828296e7436de,105,0.0,1.30836026526963e-10,1.4759223902132876,4.375069433567199,-0.0,1
0,control,55bc437fde1194326052,31,1.0,3.115292921591799e-11,0.0019084078105378922,1.0019102299796865,0.01756742308498584,3
0,control,a5689b5923cfc815726b,44,0.0,4.00111830606937e-12,0.003692617515574567,1.0036994436271196,-0.0,1
0,control,de5070e1bce2d6f62416,48,0.0,2.9300134407175626e-06,1.991613226440418,7.327344899258364,0.5421874394010066,2
0,control,d52b73402d207dc824df,26,1.0,1.333255343870118e-06,1.3411799216117506,3.823552336845281,-0.0,1
0,control,c096132131731e6ea5a5,6,1.0,0.01448214292066676,1.0059750555363418,2.734572333216866,-0.0,1
0,control,c4f8a1d1d26a81d3a2d8,29,1.0,9.579801760105133e-05,2.096968069319408,8.141448147743546,-0.0,1
0,control,39aafe83992a91ec9601,88,0.0,2.229047412629049e-09,1.8225345974554308,6.187521467943592,-0.0,1
0,control,1871b5ba3aaa23f50cf9,26,1.0,0.0001123051663637579,1.8950114645968787,6.652624673855745,-0.0,1
0,control,1db4e1edfd6ef49ae4ef,115,0.0,1.811300766510802e-18,0.005999338942983373,1.006017371019003,-0.0,1
0,control,6261f30b4fb0c0a62414,1,1.0,0.356891889528404,1.6587759977434733,5.252877374199779,-0.0,1
0,control,7bb593fd3117896fb37e,42,0.0,1.3295053686517734e-06,1.8601998170715943,6.425020471947862,-0.0,1
0,control,dcd5db9bb5b60ffa1d3a,5,1.0,0.06973834514215696,2.213018832296773,9.14327679127537,-0.0,1
0,control,245a9144bc6c295fe27f,87,0.0,1.5071455777571052e-11,0.38886259296175746,1.47530182055138,-0.0,1
0,control,720c066b52eb1fe60ea5,90,0.0,6.882302354608647e-10,1.7855290252588925,5.962733550001366,-0.0,1
0,control,214279241e92a8707564,25,1.0,1.6525387284243864e-05,1.3749039520175748,3.954696864023636,-0.0,1
0,control,9b3cadcdb85f3b3b3c02,101,0.0,2.6083117908965817e-10,1.8284105539808604,6.223986102475604,0.6161805030646839,3
0,control,40352932a4361f60b40e,37,0.0,1.0716190283336563e-07,1.1212582288186652,3.068712918240694,-0.0,1
0,control,3f5f6f52e19162657183,90,0.0,2.061881393495966e-08,2.0439827820136043,7.721300296275379,-0.0,1
0,control,72d09753b5e092d3c450,43,0.0,1.5592530864634527e-06,0.6876690337949093,1.9890736618369795,-0.0,1
0,control,25975b13e19a8dd61eac,16,1.0,0.0015635619935669507,1.8358480894289753,6.270449793229313,-0.0,1
0,control,20264f24734eb0f77815,18,1.0,0.0034539143921719835,2.228990060351199,9.290478517234963,0.056296546707815184,2
0,control,beaeb2422cfad48de8bb,63,0.0,1.670069842871301e-06,1.7881971084428705,5.9786638613643825,0.6109110915229747,2
0,control,6c7faf81a8c4bec88562,41,0.0,1.2405671991530774e-07,1.3831085040046152,3.9872768493702093,-0.0,1
0,control,81536c7fae90dd54425b,60,0.0,1.2574014805291338e-10,0.036555793697703745,1.0372321734216932,0.9839233464726866,3
0,control,ffc49248cd8f55c6cb58,10,1.0,0.01761028106540148,2.1010227928160914,8.174526485281987,-0.0,1
0,control,1939fdb459d4c64cfea9,43,0.0,1.43262268706978e-10,0.03180708648781737,1.0323183379384357,-0.0,1
0,control,641306a640214a0e1115,60,0.0,2.180829614854983e-08,1.1305173630674459,3.097258492837574,-0.0,1
0,control,36be1d5a2e5b7e665a34,3,1.0,0.05432891316496307,1.302389084087176,3.678073405907273,0.17208317626283573,2
0,control,2f043140fdd858a1ed6d,31,1.0,1.740077561224604e-06,1.6442396040874172,5.177071785647634,0.09813052194759468,2
0,control,77b18cf7d5182e1260fb,74,0.0,1.5967507761334404e-16,0.003938811438349788,1.003946578750768,-0.0,1
0,control,a019de159606bb234a3e,29,1.0,4.705290772204372e-05,1.3302785768422203,3.782096845423656,0.025198180821757975,3
0,control,d5f57304f48dbfa4d191,17,1.0,0.0003050328151432607,1.7998085440533733,6.048489334299876,-0.0,1
0,control,485733c17a3fd79d1606,44,0.0,2.039651960467466e-11,0.005427969266755457,1.005442727382052,-0.0,1
0,control,3014eab85e89abf00e56,16,1.0,1.0388536562055291e-05,0.19891472664157364,1.2200779213219273,-0.0,1
0,control,b9f3da2cd775c889a6a2,41,0.0,4.934564417690517e-08,1.0616030944274197,2.8910018253583485,-0.0,1
0,control,6b6449d2c5076a473ea7,47,0.0,1.2827964779536433e-06,1.7648532352737694,5.840715084228424,-0.0,1
0,control,8a96e745b5a8ac00479e,112,0.0,2.1919158310851756e-09,1.9177706283625606,6.805768955765594,-0.0,1
0,control,3c0c0997fbd8118c3ca2,79,0.0,7.911191973631185e-11,0.9890064410240175,2.6885619000817234,-0.0,1
0,control,e476ce383ce72ed72105,2,1.0,0.20222873457560347,1.8311133536390278,6.240831043982353,-0.0,1
0,control,1c3f2d8232aa01a99ff4,87,0.0,2.824331220053765e-10,1.729314982516985,5.636791285018737,0.640277627593413,2
0,control,7c17e2d21129e0e0212f,13,1.0,0.0001798852919192772,1.0615563384918651,2.8908666570232993,-0.0,1
0,control,d6f2d65fd9b95e093e8a,7,1.0,2.1248591366757084e-06,0.006550806759056779,1.0065723102230224,-0.0,1
0,control,2dcca4917a443a2f3d0e,37,0.0,3.3010357234337807e-06,1.7471181128120143,5.738042434117709,0.9839353319505126,3
0,control,1be8b9f42f4f2020c053,94,0.0,5.532178133701756e-12,0.6500675610204248,1.9156702492788031,-0.0,1
0,control,4241eb29f4384f3fe079,56,0.0,1.0886847456309954e-06,2.018859777730478,7.529734466149561,0.3863227145696856,3
0,control,883a6a656384ffa7817b,28,1.0,0.00024347218526930313,2.078242300133734,7.990411818053381,-0.0,1
0,control,c460f82f95a5f043e734,37,0.0,3.6265933312970934e-05,1.5074303530012585,4.5151136265171425,0.5712532676018205,3
0,control,61a23efb6ddb1908e9d0,47,0.0,2.3722824376243167e-10,0.04516735244331103,1.0462029298756288,-0.0,1
0,control,73cc0c5706b7bb529f4f,117,0.0,1.2479035143936857e-11,1.7255539155129285,5.615630753340715,-0.0,1
0,control,ef3881467065ce2b5009,22,1.0,0.00020322901880878624,1.940957868146045,6.96541972991446,-0.0,1
0,control,c997fc0681eceadf7474,120,0.0,1.9079359950849916e-22,0.0033389675080655475,1.0033445480694512,-0.0,1
0,control,dee280b0fac8da0588b0,105,0.0,2.7734523273954145e-11,1.5677198072772232,4.795700595602926,-0.0,1
0,control,515cd0282b1956b92a38,33,0.0,5.372409913252914e-07,1.5907658323827434,4.907505816442449,-0.0,1
0,control,f67bd7dd159bd5e5197c,16,1.0,0.0005683835131281229,1.70759875518211,5.515701014708101,0.05231402572434067,3
0,control,e1ffc02cd61a729e4215,46,0.0,1.2657812518376925e-10,0.022991740246499633,1.023258087652741,-0.0,1
0,control,c766bc58880dcc7d1f4a,68,0.0,4.380361231490238e-09,0.7923723713779542,2.208629906296435,-0.0,1
0,control,7da55376f80067401d17,38,0.0,6.633036518161153e-06,1.8467717714062832,6.339321675038352,0.870162636053375,3
0,control,e4c1ff47445e15555390,30,1.0,2.4434836981744044e-06,0.8747716196029158,2.3983275004299403,-0.0,1
0,control,ac5b457dd0358c2e5583,49,0.0,4.025320709128286e-12,0.010771183575094677,1.0108294016108599,-0.0,1
0,control,f1d91b14ae2f6fa63c6a,8,1.0,0.048039321933714935,2.4126035193324027,11.162986395658042,-0.0,1
0,control,70a4a88e4284f8357760,12,1.0,6.519280660881838e-07,0.021311578872144746,1.021540292428566,-0.0,1
0,control,025bee713a67f58345a9,118,0.0,5.764446021008659e-12,1.2622338157202961,3.533305431665524,-0.0,1
0,control,6661a4a61b50681206ab,39,0.0,8.068228975432935e-07,1.783280217953086,5.949339577108186,0.7793449621044978,6
0,control,114e753e11e22a4110f6,52,0.0,2.275031831406041e-07,1.2656268404448014,3.5453143861729686,0.27250318951218105,2
0,control,8125e9a3b36b72bbebff,5,1.0,0.015244248009277405,1.1253726482198374,3.0813649001398304,-0.0,1
0,control,c94817f760e2a4b01f1d,10,1.0,1.4139264814049518e-07,0.00744523892554942,1.00747302362866,-0.0,1
0,control,639c4a5e00be163d1082,58,0.0,1.5288390398679558e-07,1.8583809365849515,6.413344749176239,0.631486962237484,3
0,control,e2539547bd7a4524eea5,36,0.0,9.05543077383026e-07,1.015869578791264,2.761763924836647,-0.0,1
0,control,1e63d4325f5634d93727,4,1.0,0.11319414976633735,1.7195070781212847,5.5817764063442095,-0.0,1
0,control,01be3188b8e7055c08e5,4,1.0,0.03652468651888389,1.4769464924000437,4.379552246778939,-0.0,1
0,control,298a1fb6254a5a4c9f3f,32,1.0,3.7410034959959358e-06,1.7589804457941085,5.806514319371756,0.16349761563070414,2
0,control,a7e753ef877a91cc933d,11,1.0,0.0022861548928993307,1.937139589578005,6.938874527781275,-0.0,1
0,control,c6b4970bc061df81f39b,24,1.0,9.89948057323548e-08,0.07011181937689002,1.072628115156096,0.029330832761706324,3
0,control,4a32c8eb4e3454c72310,4,1.0,0.006117268475197676,0.7335176160870162,2.082392797800487,-0.0,1
0,control,f99f8c77eb35ecd4d057,7,1.0,0.05276331965365909,2.2507854612635643,9.495191012829792,0.20369987146402155,2
0,control,d069e6c63238d2575018,1,1.0,0.3444389033097399,1.472244054021888,4.359006018761547,0.0009098142872474858,2
0,control,a407d29f2fc4a76928d6,41,0.0,2.9076034559756612e-12,0.003693841132680704,1.0037006717716797,0.27787021945210133,2
0,control,a24a7524ae37220c203a,29,1.0,3.0094542866251874e-05,1.8664099863097823,6.465045087622963,0.4590046286825245,3
0,control,555e8dd023466ced86eb,13,1.0,0.00982953052517342,2.0355352725350953,7.65634926231762,-0.0,1
0,control,9e6f2a8623e2b0c0494d,89,0.0,1.1354213674572309e-10,1.5706161894764818,4.809610912513644,-0.0,1
0,control,f836bcfaac9eee21c0d2,90,0.0,2.2838444442416286e-11,1.5875285866889606,4.891644701385885,0.2552748305317417,2
0,control,7ae8d73f778b09a36d15,10,1.0,0.005601937730494534,1.5692822131321897,4.803199282763098,-0.0,1
0,control,3201e3fe0c64b5cc5293,60,0.0,5.114915906676805e-07,2.038432316300524,7.6785622016067565,-0.0,1
0,control,a300a0c0994bb7f8de84,91,0.0,1.7722087559603291e-09,1.9096903041093234,6.7509977184971675,-0.0,1
0,control,d7339581a75f18df4685,7,1.0,0.024014268670194794,1.714800463220265,5.555566861835606,-0.0,1
0,control,680e3332bd1e56fd6831,10,1.0,0.0028355273484905463,1.4381550454324188,4.212916003878269,-0.0,1
0,control,9225f54ca8a05473e0d2,28,1.0,1.0508133627161143e-05,1.7816576660476124,5.939694291945026,0.1711156879901868,2
0,control,a3aed3b8ea33a12527fc,46,0.0,1.0309154017087719e-07,0.3181973913358974,1.3746475779706968,0.4843592067932335,3
0,control,f7650e8320b125a5e004,55,0.0,5.102956148362443e-06,1.9452940718349065,6.995688787613385,-0.0,1
0,control,aa12bb594aee256f0bcf,54,0.0,1.5541084331043992e-06,1.909581655668907,6.7502642729683755,-0.0,1
0,control,bf6aadaf3f7f926407e3,88,0.0,5.808613424383619e-11,1.6525604352383192,5.220329044424766,-0.0,1
0,control,9af2fe90b97aadb2d6c1,95,0.0,1.5916242232438328e-10,2.103230310600282,8.192591830324575,-0.0,1
0,control,226e33215cf8169e598f,58,0.0,7.394796669668487e-08,1.7374761729657677,5.682982443255521,0.6328728488797261,3
0,control,a292a9293b14f16d3d8b,4,1.0,0.026058459080039377,0.9441767808184944,2.5706962608101827,-0.0,1
0,control,cddbc5837412b0382d59,77,0.0,9.331857235900004e-09,2.482891389611598,11.975841229163843,0.3009647343104711,2
0,control,bef52484111cc4162a3d,105,0.0,1.219468161301746e-13,0.9292083040164769,2.5325034109651985,-0.0,1
0,control,e245ddd15ce116a42086,20,1.0,1.765765792779029e-05,0.6147563760959716,1.8492060338829437,-0.0,1
0,control,e4c952a8b4f5b94ec479,38,0.0,1.0273078441252523e-05,1.523054650606439,4.586213098809855,-0.0,1
0,control,bd4148359fe4f9402b50,37,0.0,3.704363628652369e-05,1.6422063014603006,5.166555926570043,-0.0,1
0,control,f562c8e522d9b0e70ea9,13,1.0,0.0012744200468048654,1.5498996136816816,4.710997239184165,-0.0,1
0,control,da722d8a53f61f2567e3,45,0.0,2.315656437870158e-06,2.0197916358389674,7.536754380540702,-0.0,1
0,control,f1483e4af9fcfe053e84,101,0.0,1.1390893061868614e-09,1.4934952789476046,4.452631541108315,-0.0,1
0,control,70112a6d472b5c3238a7,19,1.0,0.0005792710918802607,1.899134417750871,6.680109754653119,0.09552685443017014,3
0,control,5b82673caa26822e9652,116,0.0,2.6692095419791017e-15,0.8560290432761736,2.353795291968664,-0.0,1
0,control,c0bead00d3265c4ff14e,78,0.0,5.442800146377422e-08,1.1497655495668622,3.1574525567855787,0.03288789085224461,2
0,control,d1bad52e43029e9b5de2,23,1.0,0.00013020023436250336,1.7305402338487441,5.6437020038667365,-0.0,1
0,control,d89c36162741f1fb288f,7,1.0,0.028509867992093332,1.9923953135254386,7.333077762578533,0.6582725690330126,5
0,control,3b95a726ea3c9dcbfe79,33,0.0,0.0006701827097679492,2.6191088121965693,13.72348792869129,0.3651770422923529,2
0,control,030a705a36551f407a40,55,0.0,4.6799513701525796e-11,0.026995906367080876,1.0273635971054402,-0.0,1
0,control,46f1a581144dd6cd98c0,53,0.0,8.155032217648558e-08,1.7030804424033403,5.490835569561387,0.7732181792297637,3
0,control,e450d557fcbef689b75f,29,1.0,7.321001656333973e-05,1.7632994913565383,5.831647155138113,0.0010139999244337834,2
0,control,258577d42fe1fe82ae5c,40,0.0,4.970527392493902e-06,1.745448105806402,5.728467860082318,0.4016975245991336,3
0,control,b3aaeb32c4b7a4d0788d,20,1.0,0.0006519964718970281,1.8295657052228467,6.231179901915227,-0.0,1
0,control,de66b22f0020d0377ebb,74,0.0,1.303901474719437e-12,0.029655448573068895,1.0300995505319896,0.4090209780002131,2
0,control,53d0864b369d380d3f34,13,1.0,3.442295175385594e-07,0.016062429784417978,1.0161921240810765,-0.0,1
0,control,f603a33d0240a956d53e,121,0.0,2.4020902758480855e-20,0.008371466227257514,1.0084066049363838,-0.0,1
0,control,047fd83e3105ea304107,59,0.0,1.7323890149448066e-08,1.0406270170016843,2.8309915377910575,-0.0,1
0,control,6673b9e44e285e2a751b,109,0.0,1.1759787823061662e-08,1.8436830639822444,6.319771572932562,-0.0,1
0,control,01f4d144409f49635d7a,9,1.0,0.021579401233105734,2.0372884056481633,7.66978363441504,-0.0,1
0,control,410e98e619fc57e698a8,73,0.0,2.2349616375221796e-10,1.2573550957428385,3.5161094052765107,-0.0,1
0,control,7ca2e50cca6c239e72ff,36,0.0,3.872659601709449e-05,1.1487537417962976,3.154259437437333,0.6732391702988713,2
0,control,40572b96c45693c2dacf,70,0.0,4.0568035562042986e-07,2.048040786325675,7.752697027121842,0.0012385290168952178,2
0,control,b9fd07e13bbfec03efdb,110,0.0,3.2956155481802594e-19,0.012476326002074187,1.0125544800442245,-0.0,1
0,control,f874a5cf0dca614e2893,15,1.0,0.009765885133137904,2.4001057176939073,11.02434178702905,0.5524462750125668,3
0,control,0c71f7d783bcd7cdbdb3,42,0.0,2.6204412316978215e-07,1.6376603957027882,5.1431225535443295,-0.0,1
0,control,cc9fe07aa36c340c1f7c,121,0.0,1.2056058856848703e-10,2.4774961371781647,11.91140253046352,-0.0,1
0,control,8929666336c731529a48,28,1.0,2.640987328911708e-05,1.5620499396795249,4.768586547356589,-0.0,1
0,control,958b86520bba639a20d0,113,0.0,2.8967870981583933e-16,0.40078674036579837,1.4929988381609085,-0.0,1
0,control,cd6a688a118138356cb3,47,0.0,1.304565708361298e-08,1.0479753238560285,2.8518711532695336,-0.0,1
0,control,273742735ef058291ba6,60,0.0,6.47050366740319e-10,1.1420801748228464,3.133279359671864,-0.0,1
0,control,2afa97628183c6a0f69f,23,1.0,4.3833636223985915e-05,1.4167333222439398,4.123627850904317,-0.0,1
0,control,be5d3783ed3cc04567c5,33,0.0,0.00022824504001348154,2.261823833749512,9.600583076353397,-0.0,1
0,control,c4ce2429b05616c6a98c,21,1.0,0.0003921946213207116,1.778135765352119,5.9188120726234565,-0.0,1
0,control,b85299f2ad6796d63fe9,33,0.0,8.453775658318946e-05,1.4180973280652278,4.129256341071796,-0.0,1
0,control,72817762ca5e5bb7dcf6,27,1.0,0.00025941489080839327,2.108921605094467,8.239351217608752,-0.0,1
0,control,25c78a6139ff941064c0,67,0.0,1.0343853976764632e-07,2.143925001636133,8.532863490854952,0.6508121610217407,3
0,control,964281f58b17073f9d17,48,0.0,2.4162100779658544e-08,1.142319723353407,3.134030022044754,0.34205517313926537,2
0,control,c2b96660947f203953fe,28,1.0,3.678324375944268e-08,0.8464208631396474,2.3312879034716474,0.12975908775768574,3
0,control,714e233998b633e37321,75,0.0,2.7374005109753577e-09,1.7101352890226071,5.529709536019248,-0.0,1
0,control,ade7912ad6dbc657f483,53,0.0,9.099472625689019e-08,1.6701082574735202,5.312742910175383,0.3948693536216282,2
0,control,921d39915ef9c12bcdbc,2,1.0,0.10456159142532011,0.9866359024300996,2.6821961084937844,-0.0,1
0,control,03844162a5a3e9dc1d7e,11,1.0,0.00020337525843184832,1.298935011733396,3.6653909898411956,-0.0,1
0,control,a30e518dc0c8a9c1cf64,98,0.0,2.0423671030204948e-10,1.9353215788580904,6.9262710396153055,0.5754137087566541,3
0,control,c891b93f57712e57a938,8,1.0,0.0019323548974901775,0.7613085613943676,2.1410761177286384,0.0023231130266432084,2
0,control,4cc82c4b95c1cc0db9f1,13,1.0,0.0002997624659763417,1.0280481694662156,2.795603960935747,-0.0,1
0,control,a7a9c0a4debd9b8fe48b,7,1.0,0.02301322415622671,1.3343874462329655,3.797668957363292,-0.0,1
0,control,31512ee29b9425062937,62,0.0,3.4307253593253976e-07,1.996597051880779,7.363954258729315,-0.0,1
0,control,11912185673dc1ef359d,41,0.0,1.7222628564412321e-06,1.999012373846226,7.381762076352261,0.1980078155109755,2
0,control,0c4d16adc6124fcbf8a8,21,1.0,2.6616153144133297e-09,0.008006025249946156,1.00803815916784,-0.0,1
0,control,94c2f55cd60b03149fd0,40,0.0,1.73006579562107e-05,1.785016998962269,5.959681255118315,0.6280240358521512,2
0,control,df44527dced5b9af3b37,101,0.0,3.0571813697001095e-13,0.9536945975912113,2.5952804852831557,-0.0,1
0,control,41c01c482d8dcc50c516,15,1.0,0.000108011979363425,1.3338497753563152,3.795627610201396,-0.0,1
0,control,bd976651220ec445ad46,90,0.0,7.298773573132893e-10,1.8012538295400964,6.057237448389712,0.49106713984368566,2
0,control,5916ad029942a4fd1237,6,1.0,0.016374893458903327,1.4646077616472677,4.325846144723565,0.0011653543468720428,2
0,control,e072b64e02db2391ba9f,28,1.0,1.2488510701277932e-05,1.5503529488210748,4.713133383932426,0.06554906998666436,2
0,control,40ba46be06455291aac0,28,1.0,6.42132817875949e-05,1.7717894165970607,5.881368168706027,-0.0,1
0,control,29ed5d73829c1a1e15dc,3,1.0,0.0806811348134399,1.1980779526813008,3.3137416296775677,-0.0,1
0,control,1ad1b172bce2cf3fcc1b,46,0.0,1.96968606015693e-12,0.004195220206139049,1.0042040324612356,-0.0,1
0,control,938c3eeef37add68cf53,104,0.0,2.986936713314255e-13,0.7086064444130366,2.031158752849961,-0.0,1
0,control,133db7962e5ae1d5cfbc,9,1.0,2.440127569977302e-07,0.003605846285494115,1.0036123551702059,-0.0,1
0,control,f20ebf3c56d8e51d0a84,40,0.0,8.173333096476167e-13,0.0031960523223717543,1.0032011651430919,-0.0,1
0,control,ca3705a5acfd06fd6eae,89,0.0,4.166133955804181e-17,0.0019618431025717766,1.001963768775835,0.001100234968967596,2
0,control,b09905378179d3db9811,89,0.0,5.744255930571107e-17,0.004313972364864955,1.0043232909388522,-0.0,1
0,control,b46d7da8f32c0a70e23d,29,1.0,4.429136693143313e-05,1.5662945200065135,4.7888702133745955,0.0809145404170708,2
0,control,0e816dc81dd8d4791998,10,1.0,0.02759161885086432,2.4291753364487136,11.34951868532252,-0.0,1
0,control,3801556000c80201715b,18,1.0,0.000645466581624172,2.0089512431672065,7.455494245238814,-0.0,1
0,control,b4458066828a733ca87e,3,1.0,0.060607663441933995,1.112988263205866,3.0434394174650943,-0.0,1
0,control,2ac20f51b6b7bb0adff6,8,1.0,6.457214947191045e-07,0.0015225259960625272,1.001523685627215,-0.0,1
0,control,c8a18aa59b6b453539c8,23,1.0,3.8684087303231605e-10,0.0038111195584089185,1.0038183911092018,-0.0,1
0,control,6a7d1347e1fbffde3908,7,1.0,0.023169235393719873,1.44949769961384,4.260973688815568,-0.0,1
0,control,27029288cd286891202f,35,0.0,2.4981954971560885e-07,1.0786878953260952,2.940818356962792,-0.0,1
0,control,06a68587c7336d51468b,77,0.0,1.69671404304932e-09,0.9697808939509466,2.637366533081924,-0.0,1
0,control,7660e772a0732901d0bd,16,1.0,0.0017776099689301309,1.913865914821652,6.779246193161764,-0.0,1
0,control,e14d2b3664577017426a,79,0.0,4.5716093069301645e-07,2.083971503515563,8.036321900986344,0.6124744337640948,2
0,control,b04ca6fc4f8085cfa06e,37,0.0,1.2606274712082208e-05,2.0644492933257523,7.880956606972826,-0.0,1
0,control,ee38112aa013e202605b,16,1.0,0.0009639809385309303,1.539690477987036,4.66314670103766,-0.0,1
0,control,1dc629346c6fb59de0c1,57,0.0,2.0294715395108252e-08,0.9064425199478223,2.4755003072800754,-0.0,1
0,control,96030904d4c4a0d5b8db,28,1.0,9.870742352265152e-11,0.0020522228027266332,1.0020543300532119,0.006547551851233749,3
0,control,04951ba6f9206accf65a,9,1.0,0.0005627659080593309,1.2224714802248933,3.3955694544852184,-0.0,1
0,control,ed2c9a1b99314c50236d,8,1.0,0.027697059109239443,2.25695998803658,9.554000698099433,-0.0,1
0,control,6a2412137a26c27b71cf,38,0.0,1.0907828224249937e-09,0.05355063058548668,1.0550104062099386,-0.0,1
0,control,bff323270e7be838f60e,52,0.0,1.0777666501048521e-08,1.4981350580455142,4.473338769197497,-0.0,1
0,control,319f6e84f154090a8007,56,0.0,1.3962734607812034e-05,2.2536687881762445,9.522608260066932,-0.0,1
0,control,140248210bad8ec9e196,52,0.0,2.6444338753583426e-09,0.19266025434231063,1.2124707918485875,-0.0,1
0,control,58fff2969a7ee4c0e023,27,1.0,2.652858624105001e-09,0.04583161538609995,1.046898114579739,0.005383975985549844,2
0,control,7349b21202b41293e978,3,1.0,0.15126998220169427,1.9587617152810377,7.090541517564208,-0.0,1
0,control,103d7e2d41daab21d0fb,26,1.0,0.0009478530530861552,1.90900001286254,6.746339171926977,0.0006223109316845711,2
0,control,330261806778d575227b,21,1.0,6.451894932707225e-10,0.0046764280113655516,1.0046873795655684,0.0027843811647441192,3
0,control,97157960bfeedf62bf03,75,0.0,7.536757909772764e-08,1.8363649972849239,6.273691875844562,-0.0,1
0,control,4244597e68dec36d9d88,42,0.0,3.2716785946119483e-07,1.7149309410478135,5.556291787422869,-0.0,1
0,control,354717d2e56e01b4fbbf,49,0.0,8.413640073547765e-08,1.7668699202660823,5.852505851819081,-0.0,1
0,control,bf4b6eabf232a6114736,6,1.0,0.012817183384351968,1.1459227337213125,3.145342331654179,-0.0,1
0,control,5cc4a42ee3087b8c7536,34,0.0,7.125428417395e-05,1.871929786432519,6.500829514876906,-0.0,1
0,control,8c85c2c261868318e04a,4,1.0,0.09118232052742717,1.7300567876988266,5.640974237278941,-0.0,1
0,control,8d810dae82890e6b853a,5,1.0,0.019878403341425144,1.4267741475311435,4.165241043489642,-0.0,1
0,control,9e8a192d784a1cbf6e25,74,0.0,8.486851095861495e-08,1.8806613641694248,6.557840549067091,-0.0,1
0,control,9480f0c4ed3c6f65d27a,99,0.0,1.4225255720547538e-09,1.3914209732931888,4.020559102938789,0.0048495724156988485,2
0,control,4e0fe6236c23d79ef0c3,12,1.0,0.005909972431275861,1.8876886664564538,6.60408677976233,0.10578072970316713,2
0,control,8d88008e7fd7f44f31da,49,0.0,2.5125751790215714e-08,0.10075143325582045,1.106001692353474,-0.0,1
0,control,56007be65986e1b1f80e,73,0.0,2.452685247220486e-07,1.6023172564534143,4.964523179115476,-0.0,1
0,control,c6573efea1bee184dd89,24,1.0,0.00027789925003930617,1.8008835136159633,6.0549947721813036,-0.0,1
0,control,0f5e9867c870c8136a6a,20,1.0,8.264010343465042e-05,1.1554027366683446,3.1753019705868413,-0.0,1
0,control,5db8bf06dc5c7ea7001d,67,0.0,7.556815378593464e-09,0.8899231776031823,2.4349425859789955,0.15439096892385457,3
0,control,549e30e35f2e9c41ad06,55,0.0,1.7437037313425176e-05,2.5323071177782563,12.582501989417702,-0.0,1
0,control,94ade7de182e6f2a124f,32,1.0,7.07278834854835e-05,1.7461482994729645,5.732480301576183,-0.0,1
0,control,cdfe02c71fe119b6c829,71,0.0,7.360403463648814e-10,1.578373325437808,4.847064797914063,-0.0,1
0,control,c600aceaf24b26995ffc,75,0.0,2.7974270525644077e-07,1.7700156689970281,5.870945352487175,0.5427840995139579,2
0,control,db325878a03c8eb51800,10,1.0,1.6329167695084056e-07,0.005175924664523205,1.0051893429031982,-0.0,1
0,control,244e82179ae1d2a3a28e,16,1.0,1.3813816749887542e-05,0.5260830501291901,1.6922906918633176,-0.0,1
0,control,ee0c5ef43070a263b1fa,24,1.0,0.0021255488749015584,2.368470074029552,10.681038579008487,-0.0,1
0,control,b7d5f4c34f73404be85b,16,1.0,0.0031611154477828494,1.9021868905502517,6.700531760928419,0.31952607749989403,2
0,control,83dba251f8a20b3fbde3,86,0.0,6.621153876644796e-11,1.115048957110548,3.0497174808838152,0.7697851698791509,3
0,control,e80ae5bdbe941c14972c,16,1.0,0.0023457260278357006,2.090271753718577,8.087112568628214,0.006861038435285554,2
0,control,e2614d339bc9aa6914c3,81,0.0,1.5451133136859653e-09,1.7080514963643745,5.518198765081082,-0.0,1
0,control,f293e22e13851effbe49,50,0.0,6.911621127334162e-10,0.660383560725985,1.935534587094836,-0.0,1
0,control,5b5d5fc8134d52da977a,7,1.0,0.017296237356679695,1.9112594390454847,6.761599260320787,-0.0,1
0,control,70a2ae4667672add8dfa,84,0.0,7.955668408225706e-09,1.2941256094338804,3.647804972998499,-0.0,1
0,control,17e4e78e1f893078b40b,48,0.0,4.541979472358966e-06,1.8868429472451917,6.598503937790954,-0.0,1
0,control,5b7651d4e656be2fe151,2,1.0,0.24601489910956867,1.8564503815635571,6.4009753779843805,-0.0,1
0,control,70dbd8e1a3ed0072590a,12,1.0,0.007330400810968164,2.300053151270161,9.97471260937008,-0.0,1
0,control,9f4af663d82de4a667f0,110,0.0,2.160023624412735e-08,2.5935974541408946,13.37781120356711,-0.0,1
0,control,fae14267664a39587ce4,43,0.0,7.722635829395837e-05,2.514216472811548,12.356922999935989,0.24419641486053648,3
0,control,39f2970fe4b7add3a03b,4,1.0,0.08121750082689534,1.4515606807206116,4.269773070390248,-0.0,1
0,control,d7cc00e5c0570e177493,31,1.0,0.00212089913657824,2.9188565398379236,18.520098352941524,0.14865372029758378,3
0,control,ea1aa711fcec9b1347aa,28,1.0,1.7519637477273815e-05,1.72600708152276,5.618176143020375,0.06292319704663521,2
0,control,83d69f4e77b11a7a1460,29,1.0,2.9144323249201326e-05,1.5103921731211818,4.528506404609167,0.9184589456611012,3
0,control,159f79655e501c6548b6,74,0.0,4.04205500524387e-08,1.5160808837210586,4.554341180605889,-0.0,1
0,control,7a5f9755b2b808b95db3,86,0.0,5.444877713029803e-09,1.4192887093305946,4.1341787913917525,0.0014916182470955759,2
0,control,da33b959bdccc5cc4ac6,5,1.0,0.014005678465279293,0.9274113739580987,2.5279567656882818,-0.0,1
0,control,d5c80011ca15fbcd7763,54,0.0,2.0189740799775223e-08,1.6856166828202173,5.395777389777506,0.655051151578939,3
0,control,eaa0c06461fca2288e0b,8,1.0,0.0012212868922089513,1.3372857421778175,3.8086916917594866,-0.0,1
0,control,8b55e84a663bfb8af59b,107,0.0,2.0518151643581445e-11,1.8373794143912798,6.28005924524162,-0.0,1
0,control,0523488ecd76f7a66b3f,95,0.0,3.767027989126248e-10,1.730384958358175,5.642825743302115,-0.0,1
0,control,2ce4c13ce00ba98da453,91,0.0,2.343551148686398e-16,0.0030692612042636206,1.00307397620906,0.0062482849839167525,2
0,control,e8600e3be9868edd5911,16,1.0,0.0018343367344666214,1.2007693653286846,3.3226722884629276,-0.0,1
0,control,c19854ff69a3e4e69173,111,0.0,1.5975018913600452e-11,0.21531616098872042,1.24025395490273,-0.0,1
0,control,8fe7945b8d25f8b5670d,25,1.0,8.035549265403917e-06,1.6308516337669448,5.108223201984134,0.6765135766474925,3
0,control,6a42b4cf79cdd775cbf8,48,0.0,1.4310273643475186e-05,2.152936268304094,8.610102888947708,-0.0,1
0,control,5da28245f3752c6b61c7,3,1.0,0.08886507206849628,1.1918862342101926,3.293287263605911,0.002508483491035585,2
0,control,c81bb3e92d0a6621a993,15,1.0,0.000903495174198701,1.6779620941511573,5.35463260739999,0.02945965500746576,3
0,control,aca49218821c4080028f,23,1.0,7.348644483777865e-05,1.5796453245657216,4.853234183004348,0.2718089539815879,3
0,control,574ce306b5c270d5a852,85,0.0,3.903164884218654e-09,1.2703816936015249,3.5622119764178652,-0.0,1
0,control,c30fd6bf1c1bbea154b5,31,1.0,3.371892429547562e-06,0.972524351191005,2.644611969620027,-0.0,1
0,control,dcdf831510c69c76dd84,64,0.0,1.7881746423953505e-12,0.020858163191958424,1.0210772150332463,-0.0,1
0,control,2b888f4d84b969a5381c,14,1.0,5.0665672991500625e-05,1.3773816669834469,3.9645076247443676,2.266392445215129e-07,2
0,control,5035a13358d151d34181,27,1.0,0.0004444050624212088,1.948509852424297,7.0182215986961545,-0.0,1
0,control,edec4a91c0a482f6f5b3,44,0.0,9.117086690742634e-06,1.3903777682970182,4.016367022574972,0.0030166153466195966,2
0,control,208ea89e979cf8a161e8,60,0.0,7.765165746020224e-08,1.6022325919026192,4.9641028777831675,0.7326712630666928,3
0,control,6312491e41bfbfcf4d16,71,0.0,1.5775206321542323e-08,1.8995470074082124,6.682866467504292,-0.0,1
0,control,fdf64351ee9c3a132fa7,3,1.0,0.0007420349393367565,0.03427401472086081,1.0348681369842954,-0.0,1
0,control,54298b63e98a4c765f49,62,0.0,2.1850196788230618e-05,2.479554014069071,11.93593996932406,0.14449791503257176,3
0,control,73d5b3f423fbbe3d4d6f,20,1.0,0.0007355566101293957,1.863198291660153,6.444314644651331,-0.0,1
0,control,1ef0c6463503237e5869,26,1.0,3.612827363909867e-05,1.6705460255528939,5.315069168579063,-0.0,1
0,control,b3dc05b42e62ba419de7,76,0.0,6.131213225937998e-09,1.6526796414581435,5.220951377208623,-0.0,1
0,control,276d4a9630084f170b91,85,0.0,2.1930695248480936e-10,1.2166100575049343,3.3757248023007556,-0.0,1
0,control,5cd55e586c0fb571d9c5,5,1.0,0.02744943904084426,1.0663754420260714,2.904831665130387,-0.0,1
0,control,4fabc2fb476baf6a81e1,7,1.0,1.3544961792053551e-05,0.006004434890336069,1.0060224976436243,0.0030712557494841025,5
0,control,cfaa600d7119f9a3b90b,5,1.0,0.030928303983648608,0.8333982413540227,2.3011252475307264,-0.0,1
0,control,425ccc801a0bcda731f7,34,0.0,1.1937851384338282e-05,0.9949430466787659,2.7045703026317414,0.6585867283520594,4
0,control,9781915e10076de2175b,64,0.0,3.0001133509176893e-06,2.321373596587742,10.189661181541172,-0.0,1
0,control,1eb7ce10678adfc75dee,64,0.0,1.4589290385953455e-09,0.7888066335583334,2.200768535233504,0.2724843542331144,2
0,control,c043ebd0563135299f9b,55,0.0,2.069977413828159e-05,2.198882653344359,9.014935062385923,0.9239264685546721,3
0,control,c93ea954ed7273bd52d9,7,1.0,0.004215476902807467,1.1624880604135506,3.1978799045687643,-0.0,1
0,control,c10cd159b11a27b3b2d3,103,0.0,1.897845133604874e-10,1.3221762821504939,3.7515769896238917,-0.0,1
0,control,9729e796c1709f4c4031,114,0.0,1.845108361617357e-17,1.0089462849499709,2.7427094576123405,-0.0,1
0,control,be61c5b6f5151aeee3c7,53,0.0,2.989560271500946e-08,1.7410577738734097,5.703373112154124,0.6457968146080341,3
0,control,4fef6e648145176fa50a,5,1.0,0.07541541659212635,2.473405937433836,11.862782016469776,-0.0,1
0,control,9c2d14a854125f7b8a28,17,1.0,0.0003343646154549859,1.6510371373765107,5.2123829819999346,-0.0,1
0,control,cb1c0b23cf6ebcc0298d,85,0.0,1.599889646096179e-09,1.0619740758504483,2.892074532294368,-0.0,1
0,control,1ee9b030ffa14c7e2ed9,64,0.0,1.833288383276309e-07,1.6630732929309602,5.275499110186503,0.738832287401337,3
0,control,04be1fcc5c6289055791,36,0.0,6.228328513750375e-05,2.2259370657811592,9.262157989974183,-0.0,1
0,control,b1424b7404bcd8974f34,22,1.0,0.0008889777253460961,1.5922459071804294,4.914774670017413,0.10924138440494001,3
0,control,b82123efd7dea3bda35f,1,1.0,0.6697484673592216,1.4256083761114466,4.1603881537546705,-0.0,1
0,control,45bb2e0d88c5a6ebb32c,1,1.0,0.27749296963309306,1.9516281975374923,7.040140994079356,-0.0,1
0,control,a2cd2c09d72366ba8caf,25,1.0,4.630684749449876e-05,1.6723633445005697,5.324737126708254,0.3404822933476593,3
0,control,c98a43ddee6613faab65,88,0.0,6.114172287631338e-10,1.3748232947253036,3.9543779017463203,-0.0,1
0,control,e45c7f6d5329da76e835,94,0.0,6.29756388320562e-09,1.902089222786194,6.699877366930451,-0.0,1
0,control,ddb3ce228d2d809808ca,84,0.0,1.8302747973297314e-08,1.8982917173232166,6.674482794559928,-0.0,1
0,control,8e384e24af4ef515fc14,47,0.0,1.2065748481955188e-08,0.9427155045233852,2.5669425066063107,0.057416950136175676,3
0,control,b72caf47f7bf8a8bbaa1,27,1.0,2.2809702628831074e-06,0.6292102821269893,1.876128381967224,0.6904629918189056,2
0,control,10708df2eeb640a373e8,27,1.0,1.8670436628228435e-05,1.6695864434093424,5.309971369382864,0.20960968142665537,3
0,control,360ffcf944eed8b1c494,38,0.0,2.6608116313769696e-09,0.10688539667608483,1.11280671582278,0.03331144376646519,3
0,control,9f2103af7b276f833477,26,1.0,2.9602313529514575e-05,1.730112807418731,5.641290251927145,0.24755793109035645,3
0,control,1a5ce236777a6493d1bf,33,0.0,6.2996261918718076e-12,0.0014323629175959543,1.001433389239323,-0.0,1
0,control,db3a5f3ccb2bc313172c,20,1.0,0.00028650236511740897,1.6146296114263547,5.0260259960719305,-0.0,1
0,control,a5dfa2cb2cd841c546dd,6,1.0,0.014036635172396226,1.1124309694277348,3.041743800136,-0.0,1
0,control,b02695d5bdac14066eee,24,1.0,0.00014786745645689126,1.3948463383170757,4.03435459928311,0.044183362534841904,2
0,control,bd44ab262620253ffba5,27,1.0,0.0002617327514123473,1.6788261470486356,5.359261292645819,-0.0,1
0,control,4a91b91d738b1867955f,5,1.0,0.019555159358759552,0.8778045100154251,2.4056124064887854,-0.0,1
0,control,b07b916de5f8b78101db,41,0.0,4.4071727684438905e-12,0.0043239030091726,1.0043332645657466,-0.0,1
0,control,47160869ae64afc13221,62,0.0,1.7084478376291113e-09,1.7228663200723857,5.600558472900827,0.6878687497360763,2
0,control,cd31284b297a778aa92c,4,1.0,0.002760519443261804,0.08323571491251322,1.086797952842911,-0.0,1
0,control,23c44349c0f6271a5288,104,0.0,3.4538142930095456e-11,1.7851508504092342,5.960479020467595,0.6907610326093445,2
0,control,feebc95648fd587f735e,24,1.0,1.1088870262063843e-06,0.8511580934467767,2.3423579511631023,-0.0,1
0,control,29fbb3ded159e2837076,16,1.0,0.005285952421227057,2.6123426147209963,13.63094553243607,-0.0,1
0,control,d2a5f63d4cda7d9470ee,8,1.0,0.0017809605859040187,0.6798769544059157,1.9736348702140925,-0.0,1
0,control,d15832281cf04c100401,4,1.0,0.022262388267346785,0.8772854420159516,2.404364054087361,-0.0,1
0,control,571c0af8675223f6dd19,85,0.0,9.284819992491576e-10,1.5872580810727719,4.890321662974488,-0.0,1
0,control,d31127c2e506f3c499d8,21,1.0,7.666931882886457e-06,1.144680339482095,3.1414370029422494,-0.0,1
0,control,be302f7153059295ca43,47,0.0,6.562223129613914e-06,2.123445166716873,8.359889143960395,0.44355435519212977,2
0,control,e6f8ea089bcbf05f931e,113,0.0,4.765528654926417e-18,0.010883163445135513,1.0109426004937656,-0.0,1
0,control,83d8ebe9c21baf573178,21,1.0,9.005525111251313e-05,1.5430799855277435,4.678979289124542,0.14472957078268667,3
0,control,c32e25a7d4069709d28b,22,1.0,2.462506938741102e-10,0.0013116110638240084,1.0013124716018047,-0.0,1
0,control,300cf3812169f279cd5a,116,0.0,1.9536475944446755e-09,2.1660077926352717,8.723388855444666,-0.0,1
0,control,50336e8ae225738039fe,8,1.0,0.0019333612284757444,0.9829381143870212,2.6722962308997102,0.0034532904661139685,3
0,control,b821b3331f776d8bf887,104,0.0,9.690205443785414e-10,1.4180570387170923,4.129089979376855,-0.0,1
0,control,85766add2ca3abd7de29,3,1.0,0.12690857779600204,1.0254986388679672,2.7884855612415347,-0.0,1
0,control,7b5ecadc1371bbcca841,30,1.0,1.5051297314286799e-05,1.3177332236844996,3.7349454884452467,-0.0,1
0,control,e5d586ca55ffc42da51a,65,0.0,4.38268770620461e-08,1.2120352834901644,3.360316894913441,-0.0,1
0,control,dbf75f0ea3196a5b8b00,8,1.0,9.686499111340506e-05,0.1166158733545984,1.1236877083881154,-0.0,1
0,control,715dc08311a316786a07,2,1.0,0.15405210302464034,0.8870088460014878,2.4278566861984325,-0.0,1
0,control,23ab437e39cde13786f1,38,0.0,5.275242961153093e-07,1.5565703740217187,4.742528223624783,-0.0,1
0,control,e74a8a512043cb5b5d1f,86,0.0,6.633062470338131e-10,1.014225486918688,2.7572270617456596,-0.0,1
0,control,3beae05d3e898ccb72df,45,0.0,8.098102058219903e-06,2.2145517784792417,9.157303691022172,-0.0,1
0,control,b71999890875cc0fa3f4,7,1.0,0.002163286480596519,1.1086890853492632,3.03038321569013,-0.0,1
0,control,1a9c9f88a4446cfa87ac,25,1.0,0.0003368492507823419,2.0509048732667132,7.774933253477508,0.09399914753874913,3
0,control,f70105e866c214417a02,69,0.0,2.2532275279773374e-07,1.99199111107711,7.330114313550139,-0.0,1
0,control,fd53e254927807335a20,3,1.0,0.0007072209599143635,0.017934583719598298,1.0180963741334954,5.311290054995826e-06,2
0,control,f0a74700dfc5bab4258f,7,1.0,0.0032793092053472945,1.0877918431812954,2.9677136548702623,0.0035651777434140427,2
0,control,9322090e26b810a7fdb0,62,0.0,1.0297688335820888e-07,1.774194702591178,5.895531567872874,0.5034917829801904,2
0,control,289802620d8f8496057c,12,1.0,0.007959166681644782,1.9078507574247212,6.738590358484142,-0.0,1
0,control,7840c5631f4605dcf991,29,1.0,7.874946891784855e-11,0.002784974947005998,1.0027888565923255,0.01592247276514782,3
0,control,a9eb854227232bc76563,40,0.0,5.782917523147046e-06,1.3312999807584291,3.7859618674913706,-0.0,1
0,control,0c2c932ba902d005ba0d,7,1.0,0.019602002930377928,1.111991570051243,3.040407553401263,-0.0,1
0,control,bd43fb7d21dad17f3f3f,26,1.0,0.0003242001016526618,2.1457605219833846,8.548540118395763,-0.0,1
0,control,c11f5e113fddb86950d5,69,0.0,1.057495178987484e-07,1.4048763691929154,4.075022911752274,0.691308496939766,2
0,control,cf3baddb617eed0396b0,4,1.0,4.6119090002758796e-05,0.0045900551563263755,1.0046006055956853,-0.0,1
0,control,950b439aa8892f2cc982,7,1.0,0.0027623886243261695,1.0774404295455506,2.9371520739524293,0.01270846727366276,2
0,control,d4095ac50f9f8942c966,5,1.0,0.0821987549360311,2.6422984201339372,14.045448879442182,-0.0,1
0,control,82da3ab878cd503cabcd,8,1.0,4.937484996651687e-07,0.0019387068601327466,1.001940587367332,-0.0,1
0,control,3bd96be610366f02d8ed,7,1.0,0.01087424454723552,1.759929048008854,5.8120250050261415,-0.0,1
0,control,0275f98eede9fed5cca3,7,1.0,0.010878936359698808,1.4521154022205074,4.272142262372181,-0.0,1
0,control,6565f139671bd035843f,20,1.0,0.0014204989804691866,1.7152289377561276,5.557947790815479,0.00585965432130668,2
0,control,ed6be4c43d8c18be5b94,34,0.0,0.00020736349319173389,1.6469490739795913,5.191117925984651,0.4415729056871368,3
0,control,0090a232de93e6469d04,6,1.0,0.019909882456992243,1.082064277476285,2.9507644650523357,-0.0,1
0,control,168978705d57281e8a6b,24,1.0,6.728421585321237e-11,0.001357614276104725,1.0013585362515478,0.008280901157442162,3
0,control,d38744c3e8e109d43fd9,77,0.0,1.5384645172889474e-08,1.9123039168605676,6.768665290256045,-0.0,1
0,control,78f2c06d7a156823dac6,36,0.0,1.5800574479516082e-09,0.565229091165205,1.7598509028383418,-0.0,1
0,control,3d5dae19ee548d12fcc8,28,1.0,3.3320796884573234e-05,1.778399245298599,5.920371766376567,0.15146242021822387,2
0,control,6c3695cb80311d1ab4db,18,1.0,0.0004889904386432759,1.6788086340512713,5.359167436738778,-0.0,1
0,control,8b4a0e1a3fe4f9df1ca9,23,1.0,0.00014363062121456748,1.6942015237230577,5.442298683452322,-0.0,1
0,control,e102c45843bd450b33dd,6,1.0,0.011675913211926087,0.8018989745824933,2.2297711894557666,0.17579004501038434,2
0,control,0778ba3bda71761df9fb,33,0.0,1.1547980171262026e-05,0.7971468964221627,2.219200279272429,-0.0,1
0,control,a11dcaaa1815d94f2dd2,74,0.0,7.113238482875406e-09,0.827483394056805,2.2875546167487046,0.37556241771830234,3
0,control,0ca7148d0b34a678841c,33,0.0,6.550541069131904e-07,0.9900137870226118,2.691271576715565,-0.0,1
0,control,985a831879d1d5eb95e4,9,1.0,0.0017363253169636122,1.1476355374053502,3.1507343019625003,1.2293221271755515e-06,4
0,control,a3e17063eacf8f001676,21,1.0,0.0002989685878089533,1.8069481615116338,6.091827760143278,-0.0,1
0,control,726a974f34b3e6a69e08,78,0.0,7.960176987803241e-10,0.315594766374981,1.3710745375308035,-0.0,1
0,control,ab2b45ce65a139358d19,17,1.0,0.0024322319113224394,2.0115109835145355,7.474602820729751,-0.0,1
0,control,06dd7cc987ed9076c020,31,1.0,1.991627769498942e-05,1.885356192038335,6.588700866893088,0.5250549137823446,3
0,control,0c5fd49c906130807aeb,60,0.0,1.2368362012805346e-09,0.9006266991656748,2.461145025482348,-0.0,1
0,control,c8c90e6c24337ea31534,13,1.0,0.0009378462799818248,1.73042924832202,5.643075669384838,-0.0,1
0,control,fe53155ef0a4932dc223,19,1.0,0.002980058332965993,2.0931817488727584,8.110680301377187,0.6904914621403375,3
0,control,ce8f9f818202541af586,86,0.0,7.131605396239246e-14,0.22443813902358373,1.251619282562215,0.44642893474938905,2
0,control,58ca790b7e449d196844,5,1.0,0.01844869045226306,1.317175587584482,3.7328633286069928,-0.0,1
0,control,fb177781bc906efa216b,20,1.0,0.0017862776718265633,2.1651288743099175,8.715725077531205,0.13613309247750988,3
0,control,7f64697c3fca381c3736,40,0.0,7.339566924552006e-07,1.7636962787750283,5.8339615384870775,-0.0,1
0,control,cf4083c4fcad419610a9,9,1.0,0.0005166009147075256,0.6371353775552299,1.8910559515067569,-0.0,1
0,control,1062de1df9f08d87354e,30,1.0,1.804704642453009e-07,1.061154997800695,2.8897066673921796,0.17710354150534796,3
0,control,98101c5bcb2ebb0be283,35,0.0,1.8619582861634773e-08,1.1622133597619266,3.197001565520842,-0.0,1
0,control,7070cb8adeef0230ceff,29,1.0,1.4475540321864732e-05,1.8241410546053463,6.197469444405583,0.3264158545933657,2
0,control,fe2ad70479f404252943,33,0.0,5.270735965794256e-07,1.3150829411531682,3.72505993320527,-0.0,1
0,control,6b58a51742e0ea8ba418,38,0.0,1.468374438867289e-07,1.085424764436977,2.9606971505438793,-0.0,1
0,control,555ea7b3858a13cf4068,8,1.0,2.6298078468904253e-06,0.006344257207867036,1.0063644246341825,-0.0,1
0,control,8a981c15533807e6c1ca,113,0.0,5.773867133149343e-15,1.0173922312727974,2.7659723346899727,-0.0,1
0,control,73a84fb21dde1ed62733,35,0.0,2.8049997260569065e-09,0.04186215578755643,1.0427507316902558,0.02954327705477309,4
0,control,6b3d1d3d89381815b4e7,30,1.0,2.1162039441309157e-07,0.5041520274903963,1.6555810378561668,-0.0,1
0,control,daa5fcd12d84b4acdfca,29,1.0,0.00021789468671920187,1.9359637521001698,6.930720334000333,-0.0,1
0,control,ec2c0e335dde0a9d2860,25,1.0,0.00022932952529587344,1.596166882345498,4.93408320885356,0.10486343572183421,2
0,control,17f2d8aaf54e7894b35b,7,1.0,7.9452643944923e-07,0.0029980584933521257,1.003002557165354,-0.0,1
0,control,90e907e4e06212b6f1c2,10,1.0,0.003876397181220443,1.7970012569799036,6.03153329974167,-0.0,1
0,control,e4436bcc85677b3e8b7e,35,0.0,7.42182187107349e-07,1.161729810287853,3.195456030796588,0.37659380628255557,3
0,control,81e1a72cb45e51f34b7c,35,0.0,6.114614222328056e-06,1.8002652463540343,6.051252324178266,0.10935048507803344,2
0,control,e04eaab9cf897cc95b3f,35,0.0,0.00027910703487707525,2.2448132716306617,9.438652927629144,0.18678493577710314,3
0,control,e1cf410b0a2f7cec53eb,38,0.0,4.054579190945489e-05,2.068407388303379,7.912211996833349,0.43995820109560135,2
0,control,2d71bc0ef4c8625fd71d,37,0.0,1.588861432976693e-08,0.8253758257175724,2.282738515977629,-0.0,1
0,control,c1f659171db6051bb24d,36,0.0,6.964095117366222e-06,1.8907076505810338,6.6240545389157734,-0.0,1
0,control,ea74450ff2b16ddb2a72,27,1.0,5.4193512745464226e-12,0.0005881115517593734,1.0005882845232652,0.02346686801949528,3
0,control,83e968762fc9bd27ec91,83,0.0,5.313268969334965e-09,1.6772737596402236,5.350948097216182,-0.0,1
0,control,c4db4640c8e2068a365b,5,1.0,0.02143967998418672,1.2056838616820222,3.339041740166656,-0.0,1
0,control,0fd4a40dd83ef307ddf5,79,0.0,1.2203774115815426e-11,1.247304012926141,3.4809457110844404,-0.0,1
0,control,55b6b62ac3d6768d8185,81,0.0,2.601913275811513e-11,0.05921489123591305,1.0610032165367906,-0.0,1
0,control,b96f18a9ffed7689f215,14,1.0,0.0008749511225858537,1.5285523458136454,4.611496136118039,0.02939212096644817,4
0,control,7583516b19c42e7d16a0,28,1.0,7.491551411342393e-11,0.014341154770674009,1.0144444824861283,0.007060637205329573,3
0,control,bdee65fe34d9b0e768f6,12,1.0,0.0010121950894172393,1.3839061795014878,3.9904586712741708,-0.0,1
0,control,548f255842c96101ae5c,5,1.0,0.01301406731351837,0.6201697076782869,1.8592435429791514,-0.0,1
0,control,af582908a5a3922600a0,94,0.0,2.748259539846817e-10,1.4573469546703364,4.294550763206201,-0.0,1
0,control,a6516c31578a88b71242,23,1.0,8.776820581349224e-06,1.2579779383926957,3.518300070324673,-0.0,1
0,control,6bcdd31e916c525ef8ee,6,1.0,0.016141991786043933,1.2794729709330888,3.594744691303633,-0.0,1
0,control,7944d479dd21b97b5adf,33,0.0,9.6530931131812e-05,1.83354204572817,6.25600652179056,0.2126382993006197,3
0,control,e69e45e86980938697e7,12,1.0,0.020999533347891234,2.750572164853012,15.651584609334005,0.04449939530828825,2
0,control,ea80ead46a8ac55d4f26,20,1.0,1.040348231603312e-05,1.0820407899984106,2.9506951598511555,-0.0,1
0,control,91d6a5a04567a3892e7f,40,0.0,1.4961942308342953e-07,0.30204345602483146,1.3526200049208608,0.026094574912363406,3
0,control,7164c245e901b9fad54d,6,1.0,0.022510330468364502,1.9912905434592358,7.324980871198445,-0.0,1
0,control,eb68cd553cf29d146e56,97,0.0,4.7668233567518665e-06,2.69391067337382,14.78939948866141,-0.0,1
0,control,97607421b8607b8f06bb,108,0.0,3.788215516548936e-08,2.0322504848252185,7.631241040523535,-0.0,1
0,control,485a8e227e846366239a,75,0.0,4.477321640806116e-09,1.6809053236069833,5.3704157351048245,-0.0,1
0,control,6d53845726102912264d,23,1.0,0.0008343765518361836,2.068590005745167,7.9136570366878205,0.06749045410093202,3
0,control,42932f35bb872625d11b,43,0.0,6.093058149969595e-09,1.1896150435258475,3.2858160677187467,0.2775216198296904,2
0,control,40e49aa33c666df54a5e,35,0.0,2.313546234170169e-11,0.003139332273466458,1.0031442651376439,0.06828580568350756,3
0,control,b93ca1bed4aab9c45cfb,64,0.0,9.677501232265747e-10,1.5651639525604657,4.783459131980605,-0.0,1
0,control,9f4741e042db6167d5c6,118,0.0,8.755155725138294e-10,3.3868142565559736,29.571594536980726,-0.0,1
0,control,eec6e7bd245e7cdf2257,35,0.0,7.911992566178356e-06,1.301406910936623,3.6744626744342437,-0.0,1
0,control,7b6bf458ff2123f8d3cf,6,1.0,0.01373948019301669,0.6756186945562512,1.965248488457084,-0.0,1
0,control,8703c6a1add4701870dd,29,1.0,7.611380495125474e-07,1.347239410448095,3.8467914470032496,-0.0,1
0,control,69d5e7bf846669b6644b,32,1.0,5.180180482814972e-06,1.8554332179425357,6.394467848862853,-0.0,1
0,control,74d5add664872eeb8da4,69,0.0,2.36923133361257e-09,0.9670502022077717,2.6301745221178314,-0.0,1
0,control,d2d3f7a76ae386833fa7,72,0.0,2.252904114997196e-08,1.9973342362830064,7.369384852376098,-0.0,1
0,control,4bde3657d7d5da03db26,79,0.0,7.436092944906764e-08,1.6401515535603581,5.155950855734709,-0.0,1
0,control,512deda84a719f7419ea,27,1.0,2.8679674708443993e-09,0.018451762429191793,1.018623048083049,0.069677663423663,3
0,control,8b5f228e369b54cb8a20,65,0.0,1.3500034327509091e-09,1.4921081560469978,4.446459475626011,-0.0,1
0,control,6e272a14fcc60243c326,41,0.0,4.526121220532407e-07,1.7854616396165788,5.9623317609087145,-0.0,1
0,control,482b7bc2470792b3eef9,32,1.0,4.21019189103054e-11,0.004166826990898926,1.0041755202847749,-0.0,1
0,control,ddff56e2c6de482b0bc9,30,1.0,9.35347164093791e-12,0.0012480692415094044,1.0012488484040412,0.07474270141665484,3
0,control,f6aff5eee5f19ae4b4d0,23,1.0,8.817519803485944e-11,0.0021256950709410537,1.0021279559624132,0.034413949295208114,3
0,control,b5e136345ec3f2fa5e2c,4,1.0,0.054647352965852165,1.4611544433625434,4.310933385207701,-0.0,1
0,control,bfad15d88596cab73ec0,30,1.0,5.640284712656962e-12,0.0012194785986725232,1.0012202224650444,0.04418676113291667,3
0,control,3948de97d50c5d6cc37e,47,0.0,7.708110914404677e-12,0.017551391470115092,1.0177063222309062,-0.0,1
0,control,c921e5415ee91b176f8e,29,1.0,3.7550969400850482e-06,0.9010997667484739,2.4623095888473405,-0.0,1
0,control,3ee93a31437e17150d27,61,0.0,7.136257581032518e-08,1.699207661429357,5.469611889894545,-0.0,1
0,control,ecd2d2239d4a48dcf080,32,1.0,1.3976070132151849e-05,1.525981437668053,4.599655630086747,0.7762053575130788,4
0,control,a73734d1bd43f1e18f46,52,0.0,5.5370200987233167e-14,0.0038173369730411305,1.0038246322837567,-0.0,1
0,control,5117857e9b4fe47b12ee,86,0.0,2.4191803162905826e-12,0.8296596118549323,2.292538254593706,-0.0,1
0,control,b399be817650c526ba66,94,0.0,1.301233002307733e-09,1.6816719056991682,5.374534177995545,-0.0,1
0,control,3d5cf849838e9593e5af,54,0.0,8.22499912299531e-15,0.0016876665594381922,1.0016890914701246,-0.0,1
0,control,4c7e6b2e59b287c66e4f,5,1.0,0.055287499757499574,1.4259528893646238,4.161821709537305,-0.0,1
0,control,dcb7176abba1f89a660f,112,0.0,9.592123899360918e-12,1.4212434174480864,4.1422678074915655,-0.0,1
0,control,57185b25b522b0f4ff22,58,0.0,3.4404099706339877e-06,2.3623245431749256,10.615599212641206,-0.0,1
0,control,19350220f29d27ced781,11,1.0,0.004642720205206028,1.7916322257297894,5.99923658758107,-0.0,1
0,control,425c82979a29a4f46031,34,0.0,2.9582863978921983e-07,1.0446610838103654,2.8424350131423983,-0.0,1
0,control,e067cd26286f3c9a543f,7,1.0,0.06366746024189911,2.2282113598016093,9.283246832531491,-0.0,1
0,control,534f520648bbbab541aa,59,0.0,5.607696216378099e-15,0.0038260419855609255,1.003833370627782,-0.0,1
0,control,69dc92bc496291df0a7d,6,1.0,0.04063236023643886,1.697252232061933,5.4589269004523935,0.12041168935638889,5
0,control,052ab7b30e358b2a1dcd,15,1.0,3.601509771255793e-08,0.012458751509016463,1.0125366850689137,-0.0,1
0,control,9adc6f692292aab62be7,109,0.0,1.5124805150370856e-08,1.8422890286758442,6.310967726093907,-0.0,1
0,control,467c7bab7dd29718f744,75,0.0,2.268267943624644e-09,1.5900702773485724,4.90409356290923,-0.0,1
0,control,6fcb0cb47b1bbcea5e76,16,1.0,0.002029375237287901,2.0355124409940037,7.656174458060359,-0.0,1
0,control,7ff999fa12e6fbc53ffc,9,1.0,0.0069571509823277596,1.8392201033021731,6.2916295260310555,-0.0,1
0,control,ca787c996fa5e4d0adf7,15,1.0,5.139325286207463e-10,0.0019188178832187284,1.0019206599922887,-0.0,1
0,control,b046b55c4b9b1c55fd8c,6,1.0,0.028178917769791017,1.9463826473365995,7.003308269483277,-0.0,1
0,control,b9204dc01c2dc1629b4c,90,0.0,3.515745144750921e-11,0.5630289294351397,1.7559832025745494,0.6219329154475585,2
0,control,8fa8ffcff3457eee9086,86,0.0,3.497243545845465e-08,1.6914291219193633,5.427231340780972,0.624625369080662,3
0,control,8c5d84b6536eb7926956,1,1.0,0.676418181049975,0.987462304967902,2.684413598308131,0.010133166292969056,2
0,control,1c449e20ff612dc5bc79,50,0.0,1.0313246575700502e-09,0.4371692035255956,1.5483180357639412,-0.0,1
0,control,634371a54d39e2c8df0e,40,0.0,2.778568707709944e-06,1.8750104679792288,6.520887380486491,0.00975071603766032,2
0,control,a2f2f7c562a1b45e6774,10,1.0,0.0012542943124301585,1.1990715718531681,3.3170358632272086,-0.0,1
0,control,bbc470c61a4ceafdc153,34,0.0,2.0597391136264608e-11,0.004435741240092499,1.0044455937025385,-0.0,1
0,control,18bd447a049abd1b359f,119,0.0,2.3596693341385834e-14,1.2197434098856799,3.386318726227662,-0.0,1
0,control,8e84d7bb391741fe291f,11,1.0,0.001448176433451655,0.8898118122041301,2.434671432725064,0.26069731092500403,3
0,control,6652e08ca13e7ba7369e,110,0.0,3.729639867873885e-16,0.05785044187537358,1.0595565185739577,-0.0,1
0,control,6670a54cd7b545ec4e45,115,0.0,1.366209987576199e-11,1.0454174120027302,2.84458564006517,-0.0,1
0,control,7f74f09e8b15b0e2be24,33,0.0,1.7065491024587865e-05,1.6411437561985445,5.161069142545068,0.3397139310659433,3
0,control,204b463e708b9c74b6fa,59,0.0,4.59644329246049e-09,1.198957707070998,3.3166581911633735,-0.0,1
0,control,166e6f5a385bcaa39daf,5,1.0,2.8379732117299697e-05,0.005690599147954056,1.0057068213640639,-0.0,1
0,control,80d21b56e58f999cea78,70,0.0,5.10762929436767e-11,1.2350627196491064,3.438594181362448,-0.0,1
0,control,3509a3e96a94d669c72a,29,1.0,7.886845748330646e-06,0.8008770526018683,2.2274937011713694,0.012854846137255016,2
0,control,adc9d5a15c17c341dd3a,2,1.0,0.0009824854378338056,0.021691382369843696,1.021928350692949,-0.0,1
0,control,4447a5a2ab589825a0bc,62,0.0,1.321046289229617e-07,1.7679685724586156,5.858939253593366,0.7716201660301942,3
0,control,f26856e00e320cb81c9b,14,1.0,0.000300333703732859,1.4885757300610696,4.4307803955275915,-0.0,1
0,control,e634e7d94ed583649891,52,0.0,8.555888015506229e-08,1.7773560240055666,5.9141987289690965,0.6774404508264364,3
0,control,c4ae41293505733a5131,88,0.0,2.9233153420513036e-11,1.0528907789578428,2.8659239074257887,0.4653695367653709,3
0,control,cc5a48f8f1012e46f9f8,29,1.0,3.424655398783502e-11,0.00234054914056504,1.0023432903639435,0.021773143656298212,3
0,control,910a96b440ccbae7669b,93,0.0,4.659960959771939e-09,1.5282079240121098,4.609908109802205,0.5184749365817977,2
0,control,1e1c4c50d7ed6b0b8212,45,0.0,1.176791676530166e-09,0.6378372602747538,1.8923837169140607,-0.0,1
0,control,353f41817b0e1e5ba521,61,0.0,4.815906349782519e-07,1.7645804749971594,5.839122186415949,0.5711630045577292,3
0,control,304d5c8aa2fbe373b3e9,2,1.0,0.11691152021227977,2.199313809166636,9.018822742163183,-0.0,1
0,control,371dea23c895a8dba3dc,56,0.0,2.5865769828756367e-10,0.10947041377321631,1.115687061476417,-0.0,1
0,control,b9f875570dc1e530a972,5,1.0,0.12002247710026442,2.0412494416622593,7.700224171843303,-0.0,1
0,control,1916fb82806608853146,97,0.0,2.03703707164538e-10,1.577608329635924,4.8433582316267865,0.02848618568010476,2
0,control,eb502cc7a3d71606b508,34,0.0,2.656517643184975e-06,1.7979257903964398,6.037112232387673,0.7034180574717295,3
0,control,52026f55866815898217,20,1.0,0.0010385017719722043,2.222358658345283,9.229073445244993,0.08405736389267615,2
0,control,ad1ac1cb2d50bef19a59,32,1.0,5.028598247047551e-07,1.4936979599364506,4.453534096334337,-0.0,1
0,control,82efabdc004ef00fcd39,24,1.0,0.0005709961076652883,1.8942066500629888,6.6472726987922535,0.07086598079853967,2
0,control,0e0c81052e0499aa711a,6,1.0,8.558702882149926e-06,0.004267221567809791,1.0042763391220257,-0.0,1
0,control,18dddc8b3865ae4a3526,98,0.0,2.5560458977060993e-11,0.7291048877462615,2.0732240086509295,-0.0,1
0,control,376363ef9ac0bf255417,13,1.0,0.0034391036400767275,1.8749508466726088,6.5204986082502145,0.16547743961249073,2
0,control,58a5ab5d102026b20da4,11,1.0,0.000807446120871055,1.1854941890916328,3.272303558669309,-0.0,1
0,control,bf01bcc9a3f2c2398d47,4,1.0,0.028758156099194385,1.230608419959506,3.423311713980606,-0.0,1
0,control,d01d65fe0d3697b272b6,101,0.0,2.9947737272274244e-13,1.2418525081663383,3.4620209500528434,-0.0,1
0,control,15ab8652628105a6fedf,38,0.0,1.2465888338554103e-11,0.0021984036726193914,1.0022008219337533,-0.0,1
0,control,1c9d7a03f6a547b885e3,49,0.0,6.075994910114298e-08,0.3029782604392023,1.353885031256407,0.1411973022050227,3
0,control,c4ef24f33950819e8a20,31,1.0,2.4911455258031705e-05,1.5768327914690785,4.839603478627778,0.11120723323906873,2
0,control,3b861f9b9ca6c638e8fa,95,0.0,2.5490467705403717e-09,1.5463592364045065,4.694348021252627,0.10649710503497137,2
0,control,1bacd95a3f74e1e0de81,27,1.0,5.489017412589947e-05,1.8983647703067015,6.674970403251708,-0.0,1
0,control,e0596c956d622647e893,87,0.0,2.5789971256774443e-08,1.8743316428297234,6.516462340219758,-0.0,1
0,control,474d230ca39bc9382334,48,0.0,4.342088369720343e-06,0.7800222564794119,2.181520817931067,-0.0,1
0,control,49008f87a19b3410da5d,59,0.0,5.998515944642177e-08,1.3345173442113893,3.7981622989249186,-0.0,1
0,control,4d5cb4557f81a98df011,100,0.0,3.666550940001777e-09,2.314218594581105,10.11701433941449,0.025473105165956116,2
0,control,d84f12c9f417d2cf9a51,23,1.0,5.503436364409926e-05,1.6269598954283349,5.088381967395785,0.4174441674450047,3
0,control,8bc553dfe39d0fb3eb58,89,0.0,9.643365791572928e-13,1.1745558497153812,3.2367050410739173,-0.0,1
0,control,627cfbc46552bafc42c4,113,0.0,3.2375157069126737e-12,1.0833447941060332,2.954545388271195,-0.0,1
0,control,cbafad76671fe9cc53f5,26,1.0,1.419326535089368e-05,1.755103543443584,5.784046611055714,0.5303669108912357,3
0,control,55bb9264b57c8aa8ab5d,84,0.0,7.2045599371075756e-09,1.5642853050251386,4.7792580033299,-0.0,1
0,control,72e460b19506cdb1190e,22,1.0,6.464654326995249e-05,1.8761948151369219,6.528614950080475,-0.0,1
0,control,37505bd5b446881d6911,106,0.0,9.749155423269716e-09,2.050380385219701,7.770856463127102,-0.0,1
0,control,f0ac5208e3e46a39313d,47,0.0,2.213709336314165e-06,1.7188409303924845,5.578059356857944,0.007482169605449471,2
0,control,6d4a145028559d98d41b,1,1.0,0.3236884519577627,1.7411557802808078,5.703932106654971,-0.0,1
0,control,7849316ada5e1e188377,22,1.0,4.677839066567298e-11,0.0018407239437700598,1.0018424191160438,-0.0,1
0,control,6891723c461ee25d0c88,19,1.0,0.0002599568912594112,1.136197987482764,3.114902923295721,0.1501135759718013,2
0,control,3e715b5c69591c6d0f9d,5,1.0,0.020228849435982747,0.7746418450103966,2.169814857982428,-0.0,1
0,control,831eb67ae9ad380e3ef7,91,0.0,5.780622387231891e-13,0.9866809822634776,2.682317024172851,-0.0,1
0,control,5b6b6d05eabcab57c0a7,69,0.0,1.6442211753904653e-08,1.753029730424113,5.772064009020998,0.024644399954624224,2
0,control,4e50e7376a97e4742b6a,113,0.0,1.436181662124097e-08,2.1031556138290015,8.191979893021587,-0.0,1
0,control,379ff263dc0c30a5bd6a,22,1.0,0.0027936360378673377,2.3063244598642534,10.037463670251656,0.5926562574860275,3
0,control,4071e9934caedd2975c1,84,0.0,1.0419389028712859e-07,2.8387118016639428,17.09373123178541,-0.0,1
0,control,334af5847cbabc9d6832,25,1.0,0.0001045959845534508,1.7949039620224918,6.018896651388107,-0.0,1
0,control,836b2b23b614762424ad,101,0.0,5.484204492774449e-11,1.6263935470999458,5.08550098667066,-0.0,1
0,control,5cb3625e015164f0aa3f,28,1.0,1.9381364976261454e-07,0.7222128002871655,2.0589842945051746,-0.0,1
0,control,4ea0efede6677639fb38,76,0.0,1.5663204551220408e-06,2.1913822291875658,8.947572166616428,0.49603794441157534,2
0,control,940cb52ef095b94849b5,52,0.0,9.780501247082472e-11,0.8592203872988063,2.3613190615871935,-0.0,1
0,control,4a6cf8a85b6f265bf091,113,0.0,4.633638238866463e-14,1.2720761297999152,3.568253033984976,-0.0,1
0,control,a1794f5349fba1ec3252,9,1.0,0.00148124530281137,1.1563205451474476,3.178217627461787,0.0033270759287031717,3
0,control,d40dc07408c3c6b715bd,14,1.0,0.0010449600616622052,1.630733767469737,5.107621150111515,-0.0,1
0,control,1f6abb906a0ad190c3cf,33,0.0,1.3228978014338755e-05,1.8637623346398098,6.447950540389684,0.0020369500317693676,2
0,control,75a63811aff753f61d7d,26,1.0,3.1263208822449616e-05,1.4707939829693961,4.352689730955931,-0.0,1
0,control,be02b56bcd01579bc1b2,109,0.0,5.071649509845588e-12,1.4048601708726927,4.074956903760846,-0.0,1
0,control,dd32d909f28437c19930,11,1.0,0.011036705367489803,2.291451561686721,9.889282170807025,-0.0,1
0,control,9e3c3213f8ee2b569dd5,34,0.0,0.00035056085440629444,1.5112230902910901,4.532270782061141,-0.0,1
0,control,ebd8017ffdc0f0612110,2,1.0,0.061440122232451634,0.8837703963106047,2.420006911873534,0.0013165151158869815,2
0,control,e2ef2ceca6cfc68e940f,9,1.0,0.008046917412838058,1.8859153716031274,6.5923861640517885,-0.0,1
0,control,e2e855ae712c8bb184d3,5,1.0,0.02340486569223308,0.9877311806886999,2.6851354689916973,-0.0,1
0,control,c4157f898ae834d540dc,44,0.0,3.6651442817680525e-07,1.561255435426995,4.764799389721797,0.7720779031018282,3
0,control,3818a84ffe39208bdd64,7,1.0,0.0055270508658045595,0.9819916196513001,2.6697681131986593,0.0012078661587969287,2
0,control,77c9b1c09ce9c8682fa4,20,1.0,2.194340601013068e-05,0.4550051999765917,1.5761815791199971,-0.0,1
0,control,b6194697b0598a2068dc,13,1.0,4.756940400558864e-09,0.0020477161750821547,1.0020498141776426,-0.0,1
0,control,7931e1b452ad33af04c7,12,1.0,0.00587382780167344,1.5824234690419563,4.866735914938771,-0.0,1
0,control,db7333a5f663c6f7c83a,61,0.0,6.794662993501571e-08,1.8902126026537573,6.62077612599883,0.6739878757222569,3
0,control,01a8c7fbd73ac81f0c42,6,1.0,3.116824728611533e-06,0.0011447199878633263,1.001145375429864,-0.0,1
0,control,cd5dee5529f7b13ad12e,76,0.0,2.34595628746588e-11,1.253533768482274,3.502698839953449,-0.0,1
0,control,d7b0c3162feac7140536,87,0.0,8.09686810548665e-10,1.3965877978405985,4.041386385529765,-0.0,1
0,control,6f18f6aa1ab30df5993b,2,1.0,0.18731485436050666,2.033755044333805,7.642731338544392,-0.0,1
0,control,9cd36733fe55e7254545,88,0.0,8.287416420264634e-10,1.342475950972556,3.8285109855194603,-0.0,1
0,control,8f5db82e15f798ab850f,14,1.0,7.836761252783316e-06,0.6036964728174335,1.8288666769939768,-0.0,1
0,control,1b5bd329e27453251f53,76,0.0,3.920353604800552e-10,0.4363834288944293,1.5471018846034006,-0.0,1
0,control,f0e163289a1a41cf0db4,58,0.0,1.3502686951495447e-05,1.677997081686879,5.3548199560770335,-0.0,1
0,control,ba91d716a19191298219,79,0.0,4.3225519037092505e-07,2.0445446928049797,7.725640197439764,-0.0,1
0,control,3cbab136a6cf8058d08b,23,1.0,1.1640996061440945e-06,1.076449816180475,2.934243932512418,-0.0,1
0,control,177786251dc02d4bc7a6,88,0.0,7.527440262951828e-08,2.030291697568626,7.616307693221317,0.4797083838968354,3
0,control,ced5f4bd566fc0036b89,81,0.0,3.195567796522814e-11,1.5198776800028222,4.571665954773031,-0.0,1
0,control,ba76632d3e38aa272bdb,44,0.0,2.387161554666293e-07,1.6820724196127579,5.376687184838713,0.8048206287314499,3
0,control,429f24d8c2925f6f2ed3,28,1.0,0.00038229792968954207,1.9081048449795512,6.740302767973088,-0.0,1
0,control,289524951137076b4c47,95,0.0,2.2596611781083103e-16,0.01706409122140885,1.0172105145003996,-0.0,1
0,control,89888ae30b16266253e8,26,1.0,0.001317943570590934,2.187897728229982,8.916448599374933,0.8140550836661,3
0,control,572a1c5c103f4f08ff18,23,1.0,0.0004437136939646781,2.049157532559398,7.761359658408227,-0.0,1
0,control,b7bfb7bd45105555f608,6,1.0,0.024840781347768612,1.6606756506749203,5.262865502086755,-0.0,1
0,control,7c40274f959bc7b2d0c2,7,1.0,0.03415369723339913,2.2046605955827747,9.067173606775276,-0.0,1
0,control,391ea258fa7f454044d6,27,1.0,2.1695886889131067e-07,0.8221586362339183,2.275406314495055,0.02916145733199919,3
0,control,422620b26977786f0b49,1,1.0,0.24651873462539597,2.2423817880461803,9.415730876564584,-0.0,1
0,control,b63a9b2d40aaa1015b2e,11,1.0,0.0031302713260030184,1.880096337353647,6.554136239918826,0.011497619964108925,2
0,control,5a29ae82756007edf3bd,40,0.0,3.585741201053102e-05,1.5962151448643251,4.934321345883823,0.0007483982387011204,2
0,control,70dfb260ed2776ceaa2c,40,0.0,2.641788911407546e-07,1.6100815213809934,5.003219080537861,0.1687054748422906,2
0,control,1681a3726a5863abe7e9,43,0.0,4.4615203098101426e-05,1.8920110249255575,6.632693790524955,-0.0,1
0,control,db3a9dcac609d4c8afa1,36,0.0,4.588145162450578e-06,1.779192056151579,5.925067362480452,0.6043577640883542,3
0,control,b8776c46b6cf9a2bea75,24,1.0,5.4039885104511876e-09,0.016920012168772935,1.0170639663306533,0.2737158392897951,3
0,control,f5ebd7f19b65fcee959f,2,1.0,0.07882134056433074,0.7293788212285588,2.073792011917206,-0.0,1
0,control,28b2151e6de8325245cd,37,0.0,7.24985495312556e-13,0.0016600617229731187,1.0016614403882194,-0.0,1
0,control,9768ffa1b345cc699e06,2,1.0,0.2339602309949906,0.838156853571708,2.3121015054129335,-0.0,1
0,control,3be8f03bdf09ead05f4e,55,0.0,2.1262977034010427e-06,2.0903877091083993,8.088050367289,-0.0,1
0,control,3b79a778854f7b2ed892,31,1.0,4.055062188955823e-05,1.4443381662591495,4.23904567076001,-0.0,1
0,control,0ddca1a8369702e2e9d2,86,0.0,5.092161373855236e-10,1.607634139072631,4.990989262300078,-0.0,1
0,control,b6a00d6a348e82948063,61,0.0,7.21524353163465e-10,0.4218319141802922,1.5247522139170526,0.013207527739098683,3
0,control,59b599300c75e5e139b9,39,0.0,7.146843875434547e-07,1.0668787904288175,2.906294175554541,0.22699620095487646,2
0,control,2b4e8a111fbbefdeda5a,7,1.0,0.0300552879145909,2.052819310614142,7.78983213300698,-0.0,1
0,control,612fb8503649bab35597,91,0.0,4.971498957483389e-08,2.1138463423435834,8.280027936323444,-0.0,1
0,control,2fd80e0728994c09734c,89,0.0,1.595745290085133e-11,1.077233842668181,2.936545359548886,-0.0,1
0,control,1f4c8775893e4ffa5c63,73,0.0,1.7223372679356615e-09,1.6484088236716512,5.198701192267285,-0.0,1
0,control,9e2e4aa1630181d7a2f3,40,0.0,4.154792451162593e-07,1.464371879164395,4.32482587373118,-0.0,1
0,control,bea63064500a69348d19,29,1.0,3.065254478917609e-11,0.0021291663868037093,1.002131434671121,0.01614053556426911,3
0,control,ca6dc7dffa5ec8f05c56,6,1.0,0.0022473299508092752,0.7218678151023509,2.0582740979384946,-0.0,1
0,control,5f48a4ee45622847740b,20,1.0,2.2550197797541772e-06,1.1462754013234284,3.146451787615205,-0.0,1
0,control,93b98a9087f68c46f0df,23,1.0,1.1170728922462276e-05,1.0589327698106692,2.8832922101858167,-0.0,1
0,control,bdea88a12f267cc56149,50,0.0,6.749713409891846e-09,0.3770660216580492,1.4580005658084776,0.3983465794222117,3
0,control,07d650338d32a0e0c373,22,1.0,1.2613449387202233e-06,1.0615140781407755,2.890744490564837,-0.0,1
0,control,df14879810ae64f725d4,6,1.0,1.3062862691577664e-06,0.0009669138754797088,1.0009673814874023,-0.0,1
0,control,27d2affe59f9cb0e38f4,111,0.0,1.2067179051331903e-07,2.5973366929025086,13.427927674096003,-0.0,1
0,control,a8d148da1f7acf8c0b2c,24,1.0,9.976234936314339e-06,1.606747923953268,4.986568131481093,0.28850698344165376,3
0,control,40d494b8510a649df932,19,1.0,8.879751419044931e-06,1.4354717896592202,4.201626825338983,-0.0,1
0,control,36beee8e0d2453749728,14,1.0,0.002882844596766813,1.760982887080878,5.818153172548055,-0.0,1
0,control,87a0fc3697da3a6dfb5e,86,0.0,6.355393340222229e-09,2.210786884457808,9.122892231499387,-0.0,1
0,control,da852f11659b3b1cb031,62,0.0,4.851921396122075e-07,1.3719015409287736,3.942841045233307,0.6880383819545197,3
0,control,9d8c87e544ef609c7381,3,1.0,0.05033375486024283,1.0849592394581775,2.9593191928273943,-0.0,1
0,control,b0763a111f92bee7b7a7,19,1.0,0.0002414069034679785,1.6590648252946782,5.254394769030717,-0.0,1
0,control,7f194743d1051af8c479,65,0.0,2.5097556649223976e-10,0.44566298029918944,1.5615251131165597,0.2695395335995768,2
0,control,c452d90b2d3ae13b926c,63,0.0,9.647886303921546e-09,1.337238765740745,3.8085127771963174,-0.0,1
0,control,659d15afc253c96c35ea,34,0.0,1.8151022004745787e-07,1.2275338841737382,3.412802782930634,-0.0,1
0,control,4fc6c603c96cc6cf300f,90,0.0,7.342544584008172e-09,1.7798987162318793,5.929255850803054,-0.0,1
0,control,0b374082c73de237e6e7,73,0.0,2.4500391826472956e-08,1.3205222807181676,3.7453770047149835,-0.0,1
0,control,63780c0cf420754c8243,20,1.0,0.0004065655554462458,1.7945629988370848,6.016844779039559,-0.0,1
0,control,ecf24127e60f9c9f1965,76,0.0,2.2463946284398867e-08,2.185560139490471,8.895629951730736,-0.0,1
0,control,16fa7688ab05d6cefe69,99,0.0,6.839462618610047e-12,1.1295358070550632,3.0942198516842376,-0.0,1
0,control,7e1e2af8777e514bb3b5,31,1.0,5.445081439561289e-05,1.5192436045698898,4.568768092532254,0.4533250526040954,2
0,control,f6a354fda626356e7a06,18,1.0,0.0009406200280960439,1.7322979806771308,5.6536309268744285,-0.0,1
0,control,86536693a4edf6280909,2,1.0,0.15875011641088818,1.1853898225047104,3.271962057336491,-0.0,1
0,control,f50b78b4ccd51e8cab47,7,1.0,0.012609291119698537,0.8024918136385559,2.231093476816027,-0.0,1
0,control,9b9bb1f3c08b3283c459,2,1.0,0.11741408525886747,1.758780066512395,5.80535093076656,-0.0,1
0,control,c7164af00829e21bd96a,116,0.0,1.8801653820481556e-21,0.0017163896107238708,1.0017178634504789,-0.0,1
0,control,70548eddd605b3646bc2,91,0.0,1.740808108840133e-12,0.9016006339650077,2.463543187906225,-0.0,1
0,control,715fc4817bdda771da7d,72,0.0,2.0911306030229834e-05,2.3583177780357683,10.573150098390727,-0.0,1
0,control,791458aaccf524be16e5,20,1.0,0.00013530852704205475,1.3766667934570294,3.9616745159760387,-0.0,1
0,control,23b0524c8d0eb85f04ab,70,0.0,3.395424076789653e-08,1.4782208223132145,4.3851367987383725,0.8002503870521521,3
0,control,05483c2d70b82309b015,7,1.0,5.0888210058554425e-06,0.02011596918737411,1.0203196588076506,-0.0,1
0,control,922374426ae358b83cd3,20,1.0,0.000490995569982311,1.745365573118539,5.727995093742095,-0.0,1
0,control,db1b47020b5e5d2e9b1a,68,0.0,8.08320736575222e-16,0.002194486933359028,1.0021968965821346,-0.0,1
0,control,6820c3bd9880b45314a4,17,1.0,0.0014311081069371095,1.9628708985956647,7.119737797811142,-0.0,1
0,control,901b21d724ff4576b4fb,4,1.0,0.06121995878622766,1.4548586399161858,4.283877853466018,-0.0,1
0,control,89a9ef5706a0635a6f62,21,1.0,6.106648868140128e-05,1.5027375379473698,4.49397467271531,-0.0,1
0,control,7428587da99249bc297a,68,0.0,1.9467130883255567e-10,1.2803569037458644,3.5979236088576108,0.00014777607015563048,2
0,control,6f4ff7205c218489f853,116,0.0,4.057721125731322e-13,1.8610934447708212,6.430764614389832,-0.0,1
0,control,5db88a995b362e06009d,60,0.0,6.184271100752725e-08,1.728046758724244,5.629647103364492,0.1770887005408935,4
0,control,b677c59b83f7058df65e,4,1.0,0.04958269473863191,1.9294425539082223,6.885670781268359,-0.0,1
0,control,0908bad38760815ae56e,53,0.0,7.993860253997863e-08,1.4910541392562544,4.441775301711977,-0.0,1
0,control,c8014d0d7f5e88c45f67,16,1.0,0.0003231280922446531,1.4294231505535162,4.176289406715817,0.6757458296967932,2
0,control,ee540a75850005db9cc8,91,0.0,1.2399498328668125e-09,1.099251058077176,3.0019169203970737,0.5893929700093817,3
0,control,42023b12da866193209c,65,0.0,2.039711659154289e-08,1.04760827343487,2.8508245648487467,0.06102416231122084,2
0,control,efd1542f06dfee125ece,39,0.0,3.9844996385692744e-05,2.201543045533285,9.038950255961943,0.6725406631294606,2
0,control,7214084a726e8f2e6dd2,100,0.0,3.696691931902416e-08,2.489498997705473,12.055234906890743,-0.0,1
0,control,a78e483c80b2c4a57c09,1,1.0,0.3584108135168576,2.1876004151046313,8.913798016220928,-0.0,1
0,control,82e05f1ff0b2b9d49567,23,1.0,0.001198904049484607,2.0377982534885297,7.673695054066826,-0.0,1
0,control,aea682bfd3bdb3b1f876,32,1.0,1.2214853217207948e-06,0.8641513032854027,2.372991281214822,0.2106011963937971,2
0,control,fdab523cd370ea600d12,93,0.0,2.0938312824091045e-08,1.6690214398352743,5.306972063969892,-0.0,1
0,control,540566fb6e72831f3c04,3,1.0,0.10504249051994671,1.646691646936126,5.189781763834199,0.0023166060432962677,2
0,control,63c2fb3368221f9c9139,65,0.0,1.3975397925975499e-07,1.7259967131806064,5.6181178921498285,-0.0,1
0,control,f67fa6f79c0b11e93d27,32,1.0,0.0012416293427710014,2.3094503091858134,10.068888358087696,-0.0,1
0,control,0942f28c611cd8f3dbb1,37,0.0,2.0594963188419877e-07,1.5752632988171187,4.832013714127473,0.3826304993215863,3
0,control,bcc0fc4b743e97f0491a,108,0.0,7.288338662742078e-12,1.4926361159943478,4.448807647952581,-0.0,1
0,control,ec107394a9a1725fa1fb,1,1.0,0.4806596877738572,1.1371864826967382,3.1179835122502695,0.00343169145525075,2
0,control,5c7b47771ce8b8d038b8,34,0.0,8.018923284779146e-08,1.402934120190802,4.067115883762607,-0.0,1
0,control,acb2587dedd2719abd68,77,0.0,2.1959046568405138e-08,1.8041428082569053,6.074761980271983,-0.0,1
0,control,73e4869bf1ebb900d8ee,18,1.0,0.001001952655110416,1.8538546005488559,6.3843813941144125,0.03228293000840175,4
0,control,ffae8fb274ec7d92de60,8,1.0,0.021055368003695608,2.026183305813765,7.585081106939287,-0.0,1
0,control,3bba1bcefb095ff9fc13,32,1.0,1.0049582701560834e-05,1.6489942820665715,5.201745706654272,0.03426341548008442,2
0,control,25660a3c93d7e63c8746,2,1.0,0.29954828399918737,1.3167524084255997,3.731283992837931,0.00039264565362750396,2
0,control,cda8f9ae038027806c81,35,0.0,1.7610632732195755e-05,1.2761313028552665,3.582752296182426,0.6567099833126928,3
0,control,af4f8a2e92999b5d9167,87,0.0,5.335488015583997e-10,1.7928915404850503,6.006796273749221,0.6925458095021702,2
0,control,84819bf45bf5cab1426f,25,1.0,1.6203527297859616e-06,1.3950251616348353,4.0350761004662665,-0.0,1
0,control,ad18df95318206d0e1a8,23,1.0,0.0007439819785317243,1.7358433248173046,5.673710567737739,0.3248327273558463,3
0,control,f191f1abac1409f1f88b,8,1.0,1.1379624411286528e-06,0.007508793105296294,1.007537054784996,-0.0,1
0,control,16a645ca4d1a8f2362c8,88,0.0,3.877292511638e-10,1.653001244535379,5.222630721264263,-0.0,1
0,control,84ce3b5aa27ede0b1548,40,0.0,4.133095067222065e-06,1.6381012528053518,5.145390435520622,0.7271509065935482,3
0,control,a52cf51e0ac9153375b0,4,1.0,0.00799593550432528,0.31898543581673455,1.3757312883575241,-0.0,1
0,control,6c3f0e04f9e72788d5af,42,0.0,4.148930890098484e-07,1.7346342608993432,5.666854834354427,-0.0,1
0,control,73d839845ad7e2476252,52,0.0,8.649532372449379e-08,1.7786334463007785,5.921758485756723,-0.0,1
0,control,0a88279f8d7e6f9be6fe,105,0.0,4.255048930248099e-08,2.58691177017529,13.288669703696444,1.0906544176958655,3
0,control,336196a627839b3b2bfc,32,1.0,2.907732140691768e-10,0.0028890725125327844,1.002893249904485,0.09502527935733349,3
0,control,776f017058fcd9cb4773,3,1.0,0.14873162894577044,1.6190559617976648,5.0483222572343704,-0.0,1
0,control,b63de6876ac97a6647f7,5,1.0,0.04961033265048022,1.1572092973969303,3.181043531105639,-0.0,1
0,control,72c0c6b77de4493d6ff3,3,1.0,0.15853518598092228,1.7294215928860723,5.637392257452479,-0.0,1
0,control,5b5eae81cf8b4a09a499,64,0.0,9.157561263082944e-08,1.8429872242053817,6.315375554131178,0.7895041793120784,4
0,control,7d69d324dcd08bc73483,1,1.0,0.28099723662723813,1.990051209584533,7.315908397346543,-0.0,1
0,control,43c79300945138a8bf5e,90,0.0,2.7339163659497774e-10,1.7962566147492507,6.027043637134739,-0.0,1
0,entropy,8a61ad46e804311fe613,40,0.0,4.7535509515975e-06,0.9123754000082281,2.490230807630274,0.6487821114505676,3
0,entropy,e1ccb28b68370a131790,8,1.0,0.000332479847503423,0.1987633893274466,1.2198932919772956,-0.0,1
0,entropy,41d5751f7feb05a0a20c,98,0.0,4.877953881892906e-12,1.4634354906770501,4.320778052035833,-0.0,1
0,entropy,1612a3ed78e5acc9b886,37,0.0,1.3026835921483156e-08,0.035387675602601504,1.0360212711272274,0.015020327040847542,3
0,entropy,e85367e66d4d8e86b868,41,0.0,2.0496421214550315e-05,1.5269718479884924,4.60421343316829,0.18859577811294953,3
0,entropy,3ad3743c776bb63c12b3,32,1.0,0.00033855003053097246,1.8580369851058625,6.411139249078105,0.24966399749466378,2
0,entropy,add63841c2db75a154c9,77,0.0,8.726172646462418e-08,1.535167146704889,4.642101377060948,-0.0,1
0,entropy,e6f3f5d9530353d2dc81,8,1.0,0.038982928589710746,2.4670308373117664,11.787396144946461,-0.0,1
0,entropy,4601e02dc2eb265e5469,3,1.0,0.08462187976561272,1.8347732837898119,6.263713898968473,-0.0,1
0,entropy,48145613f144656fc5cf,40,0.0,1.0038153405367271e-05,1.5012258988261018,4.48718653668864,0.07416998696806883,2
0,entropy,dd3591f14331a97e98bb,68,0.0,1.3417500880844464e-07,2.0912182513107997,8.094770624796608,0.0070266588191701795,2
0,entropy,1ae49bfa2700d01f84e7,10,1.0,0.003565540845804564,1.289341062179223,3.630393563799451,0.0024375571210885974,3
0,entropy,047c77d5a41972c9f613,6,1.0,0.031641262623103086,1.909365027250413,6.748802132270837,0.017066726611630192,2
0,entropy,730d9e4c7cf9444db51b,115,0.0,9.293554959311078e-14,0.798382546069072,2.221944128182786,-0.0,1
0,entropy,3fb0cfd9bee35f13a9b5,76,0.0,2.1252756721345106e-06,2.457452475934759,11.675031200075832,-0.0,1
0,entropy,911b01ade86ebbb2e10c,13,1.0,0.005357835958026857,2.044245981992987,7.723332809821195,-0.0,1
0,entropy,a19a9f0e33a810d7e2eb,6,1.0,2.475082056584316e-05,0.006065118380213474,1.0060835484520456,3.3863358098247523e-07,2
0,entropy,d7d221c58a2f374d6e77,26,1.0,0.0006488046993646402,2.2160573361003766,9.17110092304096,0.0031048997763505263,2
0,entropy,b49127b433dd36c36aea,38,0.0,3.538762325561766e-05,1.8996008796130917,6.683226497953541,0.6969496256336516,3
0,entropy,d19645d54c6fcf6fb6cb,38,0.0,1.0043167809328503e-06,1.6301087169236417,5.104429626258161,0.1320316537607738,3
0,entropy,d783fa8ba59213453d5e,45,0.0,1.6330820732373593e-06,1.9474926655984612,7.011086385682718,0.0351868500704379,2
0,entropy,6c43c50dcecdf5c0a908,98,0.0,6.377463544149271e-12,1.1863010384718573,3.274944880198554,-0.0,1
0,entropy,db78e7ed38e71483ecbc,33,0.0,5.750430446168055e-10,0.015811842832812624,1.0159375114970857,-0.0,1
0,entropy,9c305719906ef91f5612,37,0.0,1.416183358858932e-06,1.740759365629056,5.701671432507078,-0.0,1
0,entropy,369ce6c7ebae19423022,29,1.0,1.6044521558139136e-05,1.6489997057371424,5.201773919285886,-0.0,1
0,entropy,42810fae0ed73cc70f98,8,1.0,0.012786656160677708,1.6513661605176002,5.214098258788638,-0.0,1
0,entropy,966f5302a35b8fc5fda0,10,1.0,0.008305812860959362,1.4567537043502532,4.292003775166751,-0.0,1
0,entropy,3df98b23d9f2f1b24c08,33,0.0,3.789407231868357e-07,0.9459358235080333,2.575222204772079,0.9341063471614893,3
0,entropy,7cae5fd9cf7fbd506998,8,1.0,0.007044488093684216,1.5065844738059329,4.511296000688702,-0.0,1
0,entropy,df839542ea7c18093957,23,1.0,0.0007194847690612439,1.9704969216852133,7.174240638469723,0.18578945242642705,3
0,entropy,0be04f8707ecaa3905e3,39,0.0,0.00010695364390064537,2.345307126651565,10.43647755578548,0.17224116952356827,3
0,entropy,e611f3d12592ece7fe9c,95,0.0,6.29023672692964e-08,2.3578307246228154,10.568001663432828,-0.0,1
0,entropy,69d8af99aade81141dd7,67,0.0,4.75265612646942e-08,1.8884196333073588,6.608915913031984,-0.0,1
0,entropy,b18c5c602fd9b59a622f,39,0.0,9.401974436282223e-05,2.1517514118301087,8.599907194208315,1.0757952136621993,4
0,entropy,4d4f7b10ce0015ed6dd6,10,1.0,0.001048534180232657,1.5407459071822354,4.668070920332734,-0.0,1
0,entropy,7542b430cd4c93d07e40,10,1.0,0.002433747722529615,1.311362868118184,3.7112281817083366,-0.0,1
0,entropy,c06bdcde8378f1eb931a,76,0.0,3.079998616440036e-08,1.9134856982473738,6.7766691013555675,0.6278486686982802,3
0,entropy,e471ea894dc9ea8d478a,6,1.0,0.057380113601280675,2.9651211242475313,19.39705255258396,-0.0,1
0,entropy,70cf77ecee258fc92911,90,0.0,3.6182772622916155e-07,2.1439437082040658,8.533023112938492,0.006572796481030997,2
0,entropy,cf55965cf78b657f6abd,122,0.0,1.0594213311719476e-08,2.487850547082804,12.035378817789669,-0.0,1
0,entropy,0835e8c02e2f5ccfff9f,2,1.0,0.09156542575941612,1.0111529439498685,2.748768364633364,0.008336816126151772,2
0,entropy,ec5060662b60cf082a05,49,0.0,9.74824165765359e-06,2.1393050887719767,8.493533325966721,0.7302214628468262,4
0,entropy,89c7c21d1d4ce3b17d2b,12,1.0,3.560739906543621e-05,0.14422245213863177,1.1551410435415392,0.6908662152300136,3
0,entropy,64d19e6c5056e589d9e1,27,1.0,3.1638990834069808e-06,1.367567429365717,3.925789311019463,-0.0,1
0,entropy,beb6c608ea962ba734f4,18,1.0,0.0010403905798968603,1.5331450354397327,4.632724015801599,-0.0,1
0,entropy,2b42be4ae2973c852732,61,0.0,8.181559241606307e-07,1.9944476823337978,7.348143397478984,-0.0,1
0,entropy,4a8a0e325e2bcc818bf1,43,0.0,1.8142228775756474e-05,1.963970778213504,7.127572960377248,0.540396427033746,2
0,entropy,48623fde69f067997dbb,66,0.0,4.787552001901662e-10,0.3046473460970814,1.3561466682523833,-0.0,1
0,entropy,49c98dac61e644912fc2,53,0.0,2.3475299386277932e-06,2.0294215142599183,7.609682992162866,-0.0,1
0,entropy,251fe469afdd2e52ce67,4,1.0,0.022588041457284908,1.590296332941547,4.905202285999403,-0.0,1
0,entropy,e9b5ba4263351d5c028d,54,0.0,2.26322493853646e-06,1.8656981378708744,6.460444592991597,0.4568388376093099,2
0,entropy,db296ec1c14ecc423bf6,121,0.0,9.127253314621711e-22,0.017413074579816227,1.0175655659918847,-0.0,1
0,entropy,43538138944f27d8f9d4,79,0.0,2.1690368515012046e-07,1.61671645194317,5.036525462304523,-0.0,1
0,entropy,760af2bad2c4f0f0ea10,56,0.0,1.2399832690923241e-09,1.4040687375093444,4.071733122785186,0.5723240158248476,2
0,entropy,3a6b12cce16c723c33d7,7,1.0,0.016563823861328066,1.4119440631735347,4.1039259452401415,0.0012024460144572137,2
0,entropy,0baeed6cc6af3abc628a,41,0.0,1.2128043964608146e-07,1.480624307011141,4.395689083980693,-0.0,1
0,entropy,f3333e1fa99ec20e21f0,27,1.0,2.542861871564192e-05,0.7421456022938473,2.100437386428322,-0.0,1
0,entropy,e2337ce4a5f06ee4f5c0,7,1.0,0.013593306265560687,1.7254011358607986,5.614772864763357,0.002577899223320467,3
0,entropy,5897e4535fd8a6c68c24,17,1.0,0.0015447845747178165,1.8177085502366668,6.157732137348134,0.047764147348088065,3
0,entropy,51bfe71090b9fe865449,65,0.0,8.002470080833757e-07,1.5493001711726966,4.70817411341462,-0.0,1
0,entropy,b6739b0f8d02d9b2cd3a,13,1.0,0.00743537999498793,2.457812748265351,11.67923814855408,-0.0,1
0,entropy,cbc29560a6bd00e1e129,121,0.0,1.2008834765031499e-09,3.132741728111038,22.936779826476165,-0.0,1
0,entropy,1435cc6f803a156dfdc8,55,0.0,1.8643004610792985e-08,1.9472682393166543,7.009513090184785,-0.0,1
0,entropy,22b67a3c9426b819ff9b,105,0.0,2.2041797903803516e-10,1.8677801847965316,6.473909554271306,-0.0,1
0,entropy,52d8062f5c9b0b7138e6,83,0.0,4.813976980747862e-09,1.5858090432972456,4.883240533801223,-0.0,1
0,entropy,5efa8d9b2b1b3c0d9dec,31,1.0,0.0003185819634765113,1.8779499476267771,6.540083595845427,-0.0,1
0,entropy,f3bf1f2434b6ba1b86f1,57,0.0,1.332020784484049e-10,0.9360856960462463,2.5499804591084465,-0.0,1
0,entropy,72a6d7e8c5bcfe4aa473,1,1.0,0.21659529111054626,2.7433004098034663,15.538182934227503,-0.0,1
0,entropy,20b793bf381585f76e32,22,1.0,0.0010229643859994823,1.7014011455362603,5.481622564442173,0.08604128920777858,2
0,entropy,e46921131e6ccf22447e,10,1.0,0.030368451902922963,2.390338220781448,10.917185737777375,-0.0,1
0,entropy,0325d3174f2cd6182121,11,1.0,0.00228733998738978,1.8510324176159665,6.366388902899788,-0.0,1
0,entropy,665634bf003cfedb8364,54,0.0,4.2847106394953957e-10,1.23557005035681,3.4403391283771585,0.022356149061392588,2
0,entropy,b600ccd23dba2db91bde,97,0.0,3.1080741829975765e-11,1.3370054367548176,3.807624244436378,-0.0,1
0,entropy,ad247a448a0d49713092,6,1.0,0.040071990068817176,2.2355712518517326,9.35182257256485,-0.0,1
0,entropy,55375a134742ea269def,43,0.0,1.0457374463952036e-11,0.005984914914019549,1.0060028602999571,-0.0,1
0,entropy,fb5ccf055b82d24c819e,70,0.0,1.3823699365930203e-08,1.8871565264478376,6.600573415850104,-0.0,1
0,entropy,0b8f438bde933d339b03,37,0.0,1.9281967247970065e-07,0.7493917406719507,2.1157127231489072,-0.0,1
0,entropy,7f4d76c995683a010d8f,12,1.0,0.00036439688063097495,1.4713664218835993,4.355182093233902,-0.0,1
0,entropy,63eecd425c3c371d9367,31,1.0,7.040268949181703e-07,1.5673144225248639,4.793756885706385,-0.0,1
0,entropy,28a1d28147ae4fd8d82c,10,1.0,0.0007824507796980987,0.5633762971118977,1.7565932803345665,-0.0,1
0,entropy,639c5e3220069b6f3151,27,1.0,0.006930451447570014,3.197879372233558,24.480560955576323,4.510713552276198e-07,2
0,entropy,eedfc10899d7922136bd,7,1.0,0.012455098322008607,1.2055217449700082,3.3385004695741523,-0.0,1
0,entropy,22281e3b98067f3937c2,34,0.0,7.498510645078569e-05,2.0778394240567866,7.987193320658267,-0.0,1
0,entropy,e4174c3adf8937d89c65,39,0.0,7.372283588303824e-05,2.309560842615445,10.07000136836178,-0.0,1
0,entropy,241698207d99b128e1a1,30,1.0,6.810492419069864e-05,1.6210632848468556,5.058466048387885,-0.0,1
0,entropy,a0489298b32db79656b8,67,0.0,1.8315906915800702e-06,2.568434344527834,13.045383867023908,-0.0,1
0,entropy,3bb6e8859bee7ef81207,31,1.0,6.164591304746375e-06,1.6968443082122324,5.456700528101989,-0.0,1
0,entropy,a00cb0ffdefe19e5fd9c,18,1.0,0.0007291733574882715,1.9710926045985002,7.178515484133721,-0.0,1
0,entropy,9b35ae9ef39c004467ff,18,1.0,1.6727195513895392e-09,0.004493685009652785,1.0045037967527917,0.001906104590347269,3
0,entropy,4eae24837f7212fa522f,58,0.0,3.599382573437581e-13,0.0026362007722803386,1.0026396786049532,-0.0,1
0,entropy,cf974435b947bb9050e2,31,1.0,6.419091116694277e-05,1.8046141637851707,6.077626027853585,0.45413455574338435,2
0,entropy,8f536a17337788a855c0,37,0.0,3.522907803122578e-08,1.2306897292550874,3.423590072361034,-0.0,1
0,entropy,b62d5c227bf1d025f8e0,23,1.0,6.418406155921803e-08,0.44329288680833195,1.5578285349584793,0.05238597912315554,3
0,entropy,4a7c2c1e139dc8b11bc0,5,1.0,0.023539455136813468,1.234623565300376,3.4370844393033426,0.002257734174479105,3
0,entropy,853b845f4006856f3181,18,1.0,0.0016674439239561082,2.182581783500078,8.869175014641796,-0.0,1
0,entropy,c2c4814aba626e78cc07,18,1.0,0.002600144436465156,2.0962744920133054,8.13580338183651,0.23042295740693838,2
0,entropy,a84b94ccf85ec5c58405,63,0.0,2.0052846133071918e-07,1.8159343819109135,6.146816969567166,-0.0,1
0,entropy,283872fbc1d216bb561a,27,1.0,0.0002110390541102624,2.0238804340039693,7.567633734724518,0.5544857569461831,3
0,entropy,42f13858593d618b5998,109,0.0,1.3539082430524911e-08,2.152631358888427,8.607477987705893,0.8622569715646985,3
0,entropy,875b7649303611e744c8,59,0.0,1.4317358768374146e-09,0.13544823112644122,1.1450499163556946,-0.0,1
0,entropy,a55f0333bad8dacb83e8,119,0.0,1.5828957100484474e-21,0.0014904275849159888,1.0014915388241141,-0.0,1
0,entropy,99b9a10cc8724ff39e53,48,0.0,4.654792755123698e-08,1.4212239020518724,4.142186970282865,0.024431975400717964,2
0,entropy,9062ea5cb960d0518b56,28,1.0,4.618560563640805e-06,1.637112311449532,5.140304461406673,-0.0,1
0,entropy,f5708a5e43def47eedd1,2,1.0,0.11991951649862036,1.026927432221681,2.792472578511977,0.5835330836656168,2
0,entropy,12cf2e4605aa4c679a70,59,0.0,6.235372060259875e-05,2.8435367479809672,17.17640685967818,-0.0,1
0,entropy,c2d7963a98e29790e073,85,0.0,1.3772485946949655e-11,1.033562551149306,2.8110625713776183,-0.0,1
0,entropy,0c314874ae0ac6b5d870,92,0.0,1.1198054646342334e-07,1.6709232031212429,5.317074271559837,0.6878906485795216,3
0,entropy,da2fbec8b689d14bad07,77,0.0,3.6532682992736194e-07,1.8601495529211016,6.424697531868164,0.10490204409040854,2
0,entropy,1c286cbfb8bd4e52b72f,23,1.0,0.0020539572758017655,2.3499707449745713,10.48526297360567,-0.0,1
0,entropy,1001146576ba6710e007,22,1.0,0.0019510105623191077,2.0235667119224714,7.5652599732874055,-0.0,1
0,entropy,9db2680634b8d7b2e194,99,0.0,1.2604353678086865e-15,1.3144954407013678,3.7228721015504997,-0.0,1
0,entropy,62cdb19ab6ddf5ee07cb,32,1.0,2.8636347910183036e-10,0.016996734597604143,1.0171420009418912,-0.0,1
0,entropy,38238fc33812c2e0f229,100,0.0,1.4303080235723767e-11,1.3606434970099583,3.8987012973924293,-0.0,1
0,entropy,cb06b9052f1a46bd201d,34,0.0,3.416999806090848e-05,1.9215375686245886,6.831454227929573,-0.0,1
0,entropy,0f77b4c4246618e58b3a,6,1.0,0.012437795426306896,1.4609685597292632,4.310132127719863,0.12251215442123031,3
0,entropy,202b6550608505521a6a,28,1.0,0.00011021111819943855,1.9702704443918935,7.172616019844856,0.28973100808228447,3
0,entropy,405d6eb792d2fbbe92ab,4,1.0,0.033312120222600584,1.3202226083257533,3.7442547867847518,-0.0,1
0,entropy,5a3d7dcc8ff25af0518a,90,0.0,2.2178444129654137e-08,1.9560653495261366,7.071448576576421,0.6568825500166435,2
0,entropy,7092264cbb9b21923709,55,0.0,7.640708679667201e-10,0.19745836326046642,1.218302337776478,-0.0,1
0,entropy,819a2bb347b547122f3f,42,0.0,2.0012886337304803e-06,1.3979641716943303,4.046952673851757,-0.0,1
0,entropy,dca54f488dcde962dc3d,40,0.0,1.6576959789524535e-11,0.005205782509480195,1.005219356138814,-0.0,1
0,entropy,07e058f49b735b01bf2c,55,0.0,5.333241477999607e-10,1.5815654999660247,4.862562196739629,0.1694865651772057,2
0,entropy,88654da9a4a40fbe03d7,79,0.0,4.5735595172812153e-07,1.3234786109337262,3.7564659591518605,-0.0,1
0,entropy,ccd97841e676c94fb091,22,1.0,6.231016702986155e-05,1.5493885406224697,4.7085901905544425,-0.0,1
0,entropy,bb2053150afc5136ae72,41,0.0,4.572833214964939e-05,1.162915643713791,3.1992475569839622,-0.0,1
0,entropy,ad7073a03430e9c999c3,24,1.0,4.0460239819578816e-05,1.2689183619610642,3.557003091015655,-0.0,1
0,entropy,ef820251edec5f67df68,23,1.0,1.5741286868853925e-05,1.4240535841908109,4.15392464187659,0.20147937697130305,3
0,entropy,f8bc3db588751db4c9fe,78,0.0,6.504171110774418e-08,2.396385204984308,10.983401789411186,-0.0,1
0,entropy,5d69829acfa9d929270b,3,1.0,0.11918988233137812,2.3169940244523892,10.145132405030449,-0.0,1
0,entropy,b479ee9ad622084ca732,49,0.0,1.2394357132003905e-08,1.5772393902044146,4.8415716553836905,-0.0,1
0,entropy,c7884150eef8bd2a8a74,16,1.0,0.000572232229209909,1.774508936566472,5.89738443529562,0.35788310329516293,2
0,entropy,17786d84c860ba333860,55,0.0,1.6470731275299723e-13,0.002185073437995743,1.0021874624506997,-0.0,1
0,entropy,0195e7b60586389c5776,6,1.0,0.05490450134675376,1.6741805489611623,5.33442205985309,-0.0,1
0,entropy,b92902c6ce723f10b794,76,0.0,3.512128933719084e-14,0.018643867707977144,1.0188187497447374,0.006469300977656932,2
0,entropy,bbc381bb9cf98cdf8beb,7,1.0,0.011717671198214324,1.6646049929825373,5.283585784044038,-0.0,1
0,entropy,3e9d107d39fd29b3f446,7,1.0,0.0191804685511638,1.435241784773523,4.200660541770509,-0.0,1
0,entropy,7863627d5d52f373a084,6,1.0,0.029943906275706117,1.9489986031355175,7.021652597877367,-0.0,1
0,entropy,59d28ba4a7907082af0f,68,0.0,6.960469279763752e-08,1.813479344303843,6.131744811670582,-0.0,1
0,entropy,e9d1fd7db3f13144cbfd,2,1.0,0.27161514261102193,1.8296121776486514,6.231469486689696,-0.0,1
0,entropy,5e3a81c2bc577a0d75d7,2,1.0,0.1346763174265091,1.647945717558698,5.196294199355314,0.008115367447515443,2
0,entropy,86543c24243c532abe79,30,1.0,2.9449564684245827e-06,1.3341053558598999,3.796597822595836,-0.0,1
0,entropy,cd9ae8a3602659cf7831,60,0.0,1.4923793180983848e-07,1.9423641793480697,6.975222168731667,-0.0,1
0,entropy,73988f9b0bb268524722,36,0.0,1.218438553728599e-06,1.6037264722072126,4.97152419520206,0.45766251209343844,3
0,entropy,8e2d81aa0321770b3e7e,43,0.0,6.838137066236899e-08,0.9839123185068631,2.67490086141218,-0.0,1
0,entropy,81ab7967381e97b4469e,100,0.0,4.48819122270769e-12,1.2702596017147527,3.5617770857854314,-0.0,1
0,entropy,97c0475dde25dfac6e7d,34,0.0,1.1032126911981679e-10,0.0022179015450136193,1.0022203629079958,-0.0,1
0,entropy,f98fb4f6ac8493d85a1a,91,0.0,2.4668328226953912e-14,0.01875605816260031,1.0189330578954716,-0.0,1
0,entropy,3a2aeb9d33e9100f2493,97,0.0,9.619143965043764e-12,1.5391558664749847,4.660654395395906,-0.0,1
0,entropy,4c5ff27ac3e1ad036d7a,9,1.0,3.7859147436204654e-05,0.17885111395956768,1.1958426866304792,0.659534383161267,3
0,entropy,cf559befab671b6ee0c2,80,0.0,1.3453089010650814e-06,1.8531818830769622,6.3800879535015325,0.7328545695662337,4
0,entropy,4cb8e3d03e026b6c8679,3,1.0,0.13662750717092223,2.308558072407284,10.059908532236873,-0.0,1
0,entropy,b6fa2d2ee01312b527c3,27,1.0,3.887690417662395e-06,1.4586983668035567,4.300358394582202,-0.0,1
0,entropy,3c46f24d76bbf8eec115,35,0.0,6.31888161069859e-05,1.6965213282546683,5.454938407777075,-0.0,1
0,entropy,1d0a7c29799391b921e2,102,0.0,3.463311873649676e-10,1.193479575645709,3.298538777278222,-0.0,1
0,entropy,f6535da18c8f9d097a6c,32,1.0,3.4283694986570976e-09,0.03138705442507609,1.0318848221891768,0.009166639659453735,3
0,entropy,d0506faba53bcda5af70,7,1.0,0.009268198225241237,1.5451147294852492,4.688509506448369,-0.0,1
0,entropy,7ab42cd07543a3b097f0,20,1.0,0.0004782529842639199,1.8734820980688145,6.510928664664319,-0.0,1
0,entropy,015e019c4ae1165b22ec,30,1.0,0.0003643088530592236,2.079693688708679,8.002017430564619,-0.0,1
0,entropy,976b78dfe0d5368a83a5,27,1.0,8.746526987708678e-06,1.6472515830595336,5.192688523840391,-0.0,1
0,entropy,1cbea1e61ea7508a183c,32,1.0,6.075672596660851e-05,2.112177521740794,8.266221578483027,0.3176974547990428,3
0,entropy,078e6886f0e719d539b0,2,1.0,0.2607999127929228,0.9983296824199571,2.713745224372984,-0.0,1
0,entropy,30aff85917ec042b3f9f,13,1.0,0.011572825639725288,2.2322756662139365,9.32105356919849,0.02348487435027243,3
0,entropy,119b6a4e307fb99cd54c,5,1.0,0.017186333711334576,1.4604707844439593,4.307987184364475,-0.0,1
0,entropy,a649f57dc9f0a522aead,2,1.0,0.22128951377678888,1.3683219195002652,3.9287523979943244,-0.0,1
0,entropy,cfb387bca06f17478363,21,1.0,0.0008246558543865002,1.9618228068680243,7.112279568659163,-0.0,1
0,entropy,6710d2fa420cb3580330,72,0.0,4.1723215118671515e-13,0.05448360029854367,1.0559951582663842,0.014263029671530626,2
0,entropy,3ca0d9a8b843d065474d,37,0.0,1.9940812238614047e-05,1.936059081455185,6.93138106659267,0.5281223446574946,3
0,entropy,a3732a7ac1527a0acccf,27,1.0,1.2223675890537233e-05,1.384017210905649,3.990901762101733,-0.0,1
0,entropy,2eff5d41c26fa60e4a50,96,0.0,1.6821859045265214e-10,1.8566904723883482,6.402512377944759,-0.0,1
0,entropy,fa81b76aea885501136f,12,1.0,0.014872108723797158,2.675597421615059,14.521022421406357,-0.0,1
0,entropy,d46afe93a3db9a422f12,35,0.0,7.119764095195039e-07,1.461617299199349,4.312929187735918,-0.0,1
0,entropy,7b2987cfd608937b6537,22,1.0,6.46815597407823e-05,1.5811653660641154,4.860616909968118,-0.0,1
0,entropy,48eb404210b4c0b4d33c,64,0.0,6.33082229866278e-10,1.4139091948429596,4.111998629429902,-0.0,1
0,entropy,a7d65aca1f7b2ffe8681,7,1.0,0.04178587473699057,2.122239195706586,8.349813436730127,-0.0,1
0,entropy,961a1672998e90527900,7,1.0,0.009539035274901717,1.5594195657977268,4.756059864002227,-0.0,1
0,entropy,968e33cf3cd24223bb4d,58,0.0,2.6161885163792468e-08,0.3076003373509179,1.36015727623337,-0.0,1
0,entropy,29605f929fe20bea8539,26,1.0,3.4853636457872726e-05,1.6342041594808752,5.125377390483368,-0.0,1
0,entropy,37d97ef084456d017a99,119,0.0,1.0498480120199076e-20,0.003915691065855749,1.0039233674002317,-0.0,1
0,entropy,197b70fb1f844000062a,122,0.0,2.460198607534329e-14,0.75153984248064,2.120262374283616,-0.0,1
0,entropy,4aa033a662070792dc21,91,0.0,2.415631372282164e-10,1.0355499455083508,2.816654816432376,-0.0,1
0,entropy,e97c87f43ee6d3900041,7,1.0,0.02254221190907564,1.7937374840485825,6.011879834293952,-0.0,1
0,entropy,f485641931030284aea2,18,1.0,8.143178893995839e-06,1.2712872087188207,3.565439074085879,-0.0,1
0,entropy,ac7da5d38f40ebb233b3,9,1.0,0.02753424796836704,2.37933874921669,10.797760475164234,0.359265197103521,3
0,entropy,5f3ecdbde5a435094684,73,0.0,1.1822590364842745e-15,0.0015193878939049395,1.0015205427485077,-0.0,1
0,entropy,1a5f7445e642af7486d9,37,0.0,3.73397309293551e-07,1.5554310732227694,4.737128134177791,-0.0,1
0,entropy,2ae301064b3446690b5b,42,0.0,8.201834617422412e-10,0.049046323657342086,1.0502690019145309,-0.0,1
0,entropy,43ff5378329d31a908d6,17,1.0,0.0010145122163665954,1.8855091645266073,6.589708833952828,0.047107957380668045,3
0,entropy,8cd3e07a8695ec84de4a,91,0.0,1.2249564469255451e-08,1.9835347886142252,7.268389852022987,-0.0,1
0,entropy,c23d855160bb42211b92,32,1.0,1.8868582550056343e-05,0.4847228565038297,1.6237249416733612,0.134157513332475,2
0,entropy,ea6a90b744445c8e98c6,39,0.0,2.041379026231998e-06,1.9745122138021671,7.203105221435792,0.28984389473400896,3
0,entropy,ae761a49eb671d8bcd4f,33,0.0,2.9125712613919576e-11,0.002169157513695139,1.002171511837847,-0.0,1
0,entropy,49cc1c4ade0e21325d88,7,1.0,2.935405750626937e-06,0.00425926427689609,1.0042683478348322,-0.0,1
0,entropy,b8237c7c2df9ef5af6cf,117,0.0,4.416361873366216e-11,2.073250831689362,7.950627303781573,-0.0,1
0,entropy,42ac69f188af158bd62a,34,0.0,1.4398428775236027e-09,0.014301594252156337,1.0144043513302037,0.011931436967171097,3
0,entropy,01bb20645d8c9c0b5a70,18,1.0,5.963019852952727e-09,0.006898085412893994,1.0069219320044835,-0.0,1
0,entropy,c248fe0da6c4946deebf,54,0.0,1.0127988928562212e-06,1.880029167995287,6.553696017577878,0.6739936445159523,2
0,entropy,ce67f80f51575bb9afcd,18,1.0,2.2683517580359034e-09,0.003864424616561065,1.0038719011330788,-0.0,1
0,entropy,a10fd8aa3b3070764b5f,1,1.0,0.5298316064500687,1.5573969512409342,4.746449909980934,-0.0,1
0,entropy,d7233fcba80d5032045a,31,1.0,2.54704062061638e-05,1.6445911570219167,5.1788921203792535,-0.0,1
0,entropy,7a57f90fca8b0fbb618f,20,1.0,0.0022182989855262544,2.2069499202605725,9.087955089775756,-0.0,1
0,entropy,98721dc886cb160c07d8,59,0.0,4.393737313298179e-09,0.22014821692582856,1.2462614339374782,-0.0,1
0,entropy,583bed514edf1ea8a863,8,1.0,8.871946060963328e-05,0.10994909781567137,1.1162212509128986,0.5851977686007721,3
0,entropy,c4fa4dd22392907643c3,40,0.0,5.5137027580335453e-05,1.8626883108250647,6.441029005564973,0.14442568955329868,3
0,entropy,ee1281990a1b84511ee1,16,1.0,0.0027486787692885812,1.7477218747802221,5.741507891961944,-0.0,1
0,entropy,cdb8d51acbdb8cc0b537,8,1.0,0.008266722809846585,1.4069980396115915,4.083677945637541,-0.0,1
0,entropy,8fd61a032004203f5aaf,92,0.0,1.5578501386741195e-08,1.918037644765884,6.807586450353648,-0.0,1
0,entropy,4dcf25737278d8b047f7,101,0.0,1.5452712706493155e-08,1.9337772847518098,6.915583094859462,-0.0,1
0,entropy,8ddb75f8606e3b11d463,30,1.0,1.196800638648529e-06,1.4452025342429657,4.242711350139468,0.5409472922865444,2
0,entropy,ab7d83b5ce1ad6c7eb5d,2,1.0,0.18822178718850163,2.2979909911195864,9.954164348697562,0.008590006342730959,2
0,entropy,111748e7fd991d25a812,99,0.0,2.024136303857809e-12,1.2745662060968792,3.5771493279150213,-0.0,1
0,entropy,853790fc3cd328480841,26,1.0,0.00034192713393002365,2.2217856174248123,9.22378632351607,-0.0,1
0,entropy,6fbd5a52dafe90b8939f,11,1.0,0.01283377689617646,2.3770815652309127,10.773415429097744,-0.0,1
0,entropy,f6bb5ff5948e95975ac6,58,0.0,4.796945148246369e-06,1.904495738929716,6.716020146112271,0.05516257931275938,3
0,entropy,74f7adb1790af4e21ed1,78,0.0,5.500389595052666e-07,2.2676191088168283,9.656382626789297,0.8667854363687346,3
0,entropy,3061fcd0b38439300453,68,0.0,2.199654732671139e-15,0.0016075160256888961,1.0016088087721862,-0.0,1
0,entropy,5b7d37fe0fb9e3fe3329,2,1.0,0.1386400042746015,1.9209588984448738,6.82750221265076,-0.0,1
0,entropy,9b6df06fe8420bdb65e9,76,0.0,1.4020576038221673e-08,1.9378081811316863,6.943515351917638,0.5458103852857425,2
0,entropy,88c27b5f4811cf2ae42d,85,0.0,8.896099782440874e-09,1.9047521865944914,6.7177426746550974,-0.0,1
0,entropy,ff0c79f40b5bf5b3eedf,62,0.0,5.699522012126259e-15,0.0017040566439850615,1.0017055093735687,-0.0,1
0,entropy,273d1eb57d156008da5c,24,1.0,3.0516142966382555e-10,0.0030591795636103225,1.003063863628659,0.012853331861891604,3
0,entropy,c7e2ff8571b0daf0f3bd,50,0.0,3.2131377136302814e-12,0.00711971124502861,1.007145116646386,-0.0,1
0,entropy,2000e0a8b364cfdfff20,30,1.0,0.0005922333915553548,2.2514671010178273,9.50166551888813,0.00032294990912268864,2
0,entropy,19d7e820450c66593530,114,0.0,2.991878370137695e-19,0.00500492951485923,1.0050174750957674,-0.0,1
0,entropy,9d18d238ac68cdbb22f2,15,1.0,0.0001531175494469858,0.5371115499126008,1.7110574135726042,-0.0,1
0,entropy,f43be2ef382b82ab43fe,24,1.0,3.943090593383635e-09,0.012103991316472149,1.0121775410683247,-0.0,1
0,entropy,13145daea2153b37fb96,46,0.0,3.815564807471312e-05,1.7971460265177863,6.032406545238346,-0.0,1
0,entropy,665110b43645d2dc4143,35,0.0,5.906242396960666e-06,1.7658772455153657,5.84669909961654,-0.0,1
0,entropy,ca706e174b5be8e12102,50,0.0,7.466463694759112e-06,2.244153967174379,9.432432032649888,0.22736418933800878,3
0,entropy,137d588db61eecaf1f31,16,1.0,0.005907867923630572,2.3629256155532645,10.621981874136038,0.05070141960768893,3
0,entropy,829aa1b381637c18dd5b,123,0.0,1.2274274744393727e-09,2.551210938813328,12.822621795505544,-0.0,1
0,entropy,4258a8bc79dcb27db460,44,0.0,3.457444914361258e-08,1.5952717993707355,4.929668770916102,-0.0,1
0,entropy,304c1fb8ad1d35558462,2,1.0,0.25915389325945926,1.8602100811825408,6.425086419409265,-0.0,1
0,entropy,55f25dc94db5d9e5da70,3,1.0,0.006279637315750534,0.20147024968418367,1.2231998459397655,-0.0,1
0,entropy,ee62ea9f9a0b464346ec,89,0.0,1.3163498384889012e-06,2.2681148104323667,9.66117049783732,0.6914078377374451,3
0,entropy,f6cea12943a60a861722,14,1.0,0.0034094122886739586,1.9469329315746011,7.007163140177856,0.046189930787808926,3
0,entropy,dd7598e26e11f0846052,120,0.0,2.466672338605832e-08,3.1553682047862153,23.461674201954505,-0.0,1
0,entropy,1431167bfbe011d0287a,69,0.0,7.370197115007923e-07,2.307009740211457,10.044344504221518,-0.0,1
0,entropy,3140bee1dd67e67235b7,65,0.0,2.660666762524654e-06,1.8640988461303079,6.450120714960549,0.13216798609445332,3
0,entropy,89a895095ca19a6e35d0,76,0.0,4.996745926218901e-13,0.006471100102079234,1.0064920829065365,-0.0,1
0,entropy,41764ad539eb835d7de7,108,0.0,1.050826507719826e-12,0.4395598934468763,1.5520240122421924,-0.0,1
0,entropy,fee7ad23b0dc778be3c6,30,1.0,0.0002577326049939827,1.3731486645802158,3.947761323014374,-0.0,1
0,entropy,00c5e55894ae0130975b,54,0.0,4.287226148372991e-06,2.1488911279030427,8.575344163254085,-0.0,1
0,entropy,24a967b9d706ed579681,47,0.0,5.391063819886786e-05,2.5742292894133127,13.121200612304207,0.004279670827075036,2
0,entropy,c671adcabc2780906da7,103,0.0,8.38260111447805e-12,1.4585025412214172,4.29951635684513,-0.0,1
0,entropy,4ad2b37d053bbb4d9190,6,1.0,0.009305428750759653,1.2849029662229892,3.6143172293494192,-0.0,1
0,entropy,04a09271b4e0bccb5df4,29,1.0,1.1829501330337771e-05,1.5168034426573769,4.557633149702597,-0.0,1
0,entropy,c535bda5f186dd7af874,63,0.0,2.5777516042318076e-08,1.8026654661585049,6.065794104601958,0.551283751556911,2
0,entropy,32891c5755f142099ffa,110,0.0,5.719419384483389e-13,1.596319350681183,4.934835557661773,-0.0,1
0,entropy,9c04000f1abf03398095,6,1.0,1.5066735431654485e-05,0.003726087330340434,1.003733037823771,-0.0,1
0,entropy,da19714589c0bb7a102a,28,1.0,1.8064901422647394e-05,1.8474629983341917,6.3437050996808555,0.01541690055196359,2
0,entropy,d089a22be080a3f595f5,75,0.0,4.284781486988633e-09,2.0239611785746203,7.568244804731234,-0.0,1
0,entropy,c7ec16b21c60a2f33095,2,1.0,0.1494443610869122,1.7931310660284354,6.00823522721687,-0.0,1
0,entropy,3bdd6e1aeb4e251f1b71,2,1.0,0.17147204508478897,1.83976406308638,6.295052850461343,-0.0,1
0,entropy,aac13f01060dfcd040c1,5,1.0,0.03940908573584602,1.519181508946552,4.568484400837759,0.006945386817763953,3
0,entropy,b7bc142c8ded869371ed,4,1.0,0.06246021731487315,1.888661352227454,6.610513606138029,-0.0,1
0,entropy,9e612c3df8e89db9dd3a,40,0.0,3.64544391446093e-06,1.9592063641554673,7.093695019917769,0.2982421508666831,3
0,entropy,69e826f56dded7285c04,91,0.0,6.549761386523978e-12,1.3919618383375596,4.022734270999553,0.3348815706794677,2
0,entropy,65504323aa70c036c417,92,0.0,5.168235050872063e-09,1.9951189184830058,7.353077392709662,-0.0,1
0,entropy,be1e1e141a404f5ce54d,2,1.0,0.1367287125691285,2.7096398118949865,15.023863123406002,-0.0,1
0,entropy,97352671a9cebe4d6b16,74,0.0,2.256912245631493e-07,2.3669731031359618,10.66506133685927,-0.0,1
0,entropy,fb4b5683b3cfe950fe1f,41,0.0,2.090533180216827e-05,1.932538533665598,6.9070217125944975,0.718084559894441,3
0,entropy,ec979c3a14a8c586ecc9,5,1.0,3.954649585127934e-05,0.008365113915687328,1.0084001992437854,-0.0,1
0,entropy,1007006ba9b21b4dc7c4,24,1.0,0.0010272543604593694,2.225971609830037,9.262477947938793,-0.0,1
0,entropy,4b217fa3f46998e5c12f,67,0.0,1.976541861817952e-14,0.0021104431041212277,1.0021126716566378,-0.0,1
0,entropy,d9c8c72eea8de1c1dd07,4,1.0,0.06099002216032524,1.6871382860443525,5.40399387157782,0.001047321428033974,2
0,entropy,a9f31556ae16fdc71564,22,1.0,0.00022995151266894375,1.8169914337014597,6.153317908760391,-0.0,1
0,entropy,613c24f46ff8cc0dcfad,48,0.0,4.156259923127972e-05,2.4880447622638195,12.03771649806451,-0.0,1
0,entropy,74858f85a8b3af16abcc,13,1.0,0.0017598627751333887,1.7727864328082479,5.887234912247414,-0.0,1
0,entropy,e984477d5e98c58e98a5,77,0.0,2.2444031124180155e-07,1.761356380947259,5.820326622931595,-0.0,1
0,entropy,e2c5b92cb65ea2a6da32,76,0.0,2.8198633565832613e-09,0.7005627568337952,2.014886279500966,-0.0,1
0,entropy,0d685122e0d52ae8300d,36,0.0,6.495250524216372e-05,1.830936863697884,6.239729697269879,0.24593469756231592,3
0,entropy,726986e2427a420574c3,83,0.0,7.05248020878368e-09,1.9107088668202836,6.757877536203092,-0.0,1
0,entropy,36b673691993bb06ff12,103,0.0,4.1090319220900314e-10,1.530082357066519,4.618557177457784,-0.0,1
0,entropy,50568adaf9b36025a742,57,0.0,9.47784954694476e-07,1.7607135632826678,5.816586416428881,0.2512425450592519,2
0,entropy,d256aeb4667b1dffcf06,24,1.0,0.0026404612222302383,2.692657385707105,14.770875726909873,-0.0,1
0,entropy,1d99ed93714593cec761,24,1.0,0.00041504484614692037,1.8504187480613399,6.362483242372214,0.2122869969838169,3
0,entropy,4e6e5fb53d21a4d4ccea,118,0.0,7.210804308549212e-20,0.0071575430729754475,1.0071832195079025,-0.0,1
0,entropy,c066e4495d39a81b940b,25,1.0,7.587834663482346e-05,1.8883038786260211,6.6081509443516895,0.17624788774161654,3
0,entropy,c823170a57cfae104e63,102,0.0,1.2243580127333702e-11,1.4426992383556754,4.232103870634918,-0.0,1
0,entropy,a4d64e3326563200acf7,7,1.0,0.02843630118910258,1.8975519197925088,6.669546854692944,-0.0,1
0,entropy,3c5ddd208f6b17942161,49,0.0,4.324170972260326e-06,2.0800911191268945,8.00519830774542,-0.0,1
0,entropy,4af19cac715ae96d93be,106,0.0,1.2622993879399385e-11,1.4955907714804129,4.461971780036701,0.5501985685377189,2
0,entropy,61e4a1530d0b8b1a6b73,24,1.0,2.94060039037159e-05,1.718265514876675,5.574850578234941,-0.0,1
0,entropy,d910b9a053a4adc81368,78,0.0,1.2063567670042171e-08,1.863114151462184,6.4437724415522135,-0.0,1
0,entropy,60a576ec64346da30cee,57,0.0,2.698145129419058e-06,1.7351834133138846,5.669967655998102,-0.0,1
0,entropy,837aa71620c56eb3f239,7,1.0,0.007912813029778282,1.5828974018416357,4.869042967366965,-0.0,1
0,entropy,5ebe288b8534024abe90,75,0.0,1.5384323556181102e-15,0.0030426059235778642,1.0030472393470165,0.017650084614697095,2
0,entropy,163b4df263a7e8b79f86,10,1.0,0.016264318198906755,2.1917841102944076,8.951168749473238,-0.0,1
0,entropy,78b1295c2260b3392059,80,0.0,7.545824879319313e-10,1.7347542063528463,5.6675345885933694,-0.0,1
0,entropy,425c9c810105dbcb5d8f,92,0.0,1.1277223258696876e-07,1.9651302999318074,7.135842329353552,0.6848548943450461,2
0,entropy,df3ee0b554606ef0073f,7,1.0,0.010552598225113577,1.609086961464767,4.9982455530337715,-0.0,1
0,entropy,3f0b5640a35184119195,35,0.0,2.1893567531103383e-05,1.8967947746313207,6.664498950803749,0.3364765867858927,3
0,entropy,54b40b27f9a9a4a11b4d,40,0.0,2.965118086623569e-07,1.831138712222154,6.240989304621783,-0.0,1
0,entropy,8151ae80e9d2d3495aab,41,0.0,8.737211107352956e-08,0.39705914415432847,1.4874439010614349,-0.0,1
0,entropy,9ae495d99cbcf0175fce,108,0.0,7.309468412455631e-11,1.635150353631979,5.130229287648818,-0.0,1
0,entropy,4db4275b1c0eb4a55b94,10,1.0,0.0041260720196551175,1.53662078446858,4.648854217828603,-0.0,1
0,entropy,5b60a33c3353500963a6,47,0.0,4.925287701616873e-05,2.499344610728393,12.174512300693081,-0.0,1
0,entropy,18b5d5d3406d971b3f72,36,0.0,8.178043503954392e-05,2.316133755204831,10.136408612553202,0.02799366676375341,2
0,entropy,519d4d6609661667e610,18,1.0,0.005508931830926021,2.521987734508974,12.453325983582923,-0.0,1
0,entropy,38f93c52c7a7d131ecf4,27,1.0,9.156435497043937e-10,0.00584393814130384,1.0058610472597767,0.0016189600319301042,3
0,entropy,cd08463e4d7fb3d243d6,23,1.0,7.484234917064402e-06,1.1902313550878705,3.2878417783222758,-0.0,1
0,entropy,2c05582c1ae8af5fbbcd,79,0.0,5.660266580180258e-11,1.4722320136786469,4.358953535148852,-0.0,1
0,entropy,e2cf878639f88094e78c,21,1.0,6.949408923975421e-05,1.2152221637064569,3.3710429045222634,0.12952132600709867,2
0,entropy,aa31f470e0ed15e77eb4,8,1.0,0.041638175200009855,2.2397320600418484,9.390814775802788,-0.0,1
0,entropy,393b59d76679bdd9647e,40,0.0,3.856759243965652e-06,1.7535244918329844,5.774920510127183,-0.0,1
0,entropy,a40ab3053878372fa93c,26,1.0,0.0015247674171290004,2.2977601727536903,9.95186700989293,-0.0,1
0,entropy,9f78378b825da5ddc651,36,0.0,2.8665703852842252e-05,1.8704706785931995,6.491351020324162,0.21784153573436524,3
0,entropy,6f7134e9cc924c4a0dfd,21,1.0,1.764839309542459e-05,1.141476303535804,3.1313878334089553,-0.0,1
0,entropy,e2e5a6594cd815644231,120,0.0,1.0125972311243489e-14,0.16808134365967023,1.1830328389546072,-0.0,1
0,entropy,6bc6940b6d877564560f,15,1.0,0.0017888746628803073,1.8971981316117554,6.66718766519606,0.04253794238609419,3
0,entropy,d9c40ef22595f5e73664,63,0.0,4.008034269871739e-09,0.45266170395256966,1.5724921286509754,0.02547799946201649,3
0,entropy,f1709e6e950c34430d76,55,0.0,6.288959607147255e-06,2.0584440346324087,7.833771245751516,-0.0,1
0,entropy,c13dc0bb9a1f1cf6c8a2,7,1.0,0.009359378899721396,1.1778433765953618,3.2473633059657856,0.0010932765257290272,2
0,entropy,615b02cefd27009e644f,95,0.0,1.380328912575851e-13,0.04701742207582298,1.048140269699838,-0.0,1
0,entropy,6a78ec7ba01c048475e4,9,1.0,0.029760013482940297,2.84124957344262,17.137166311346093,-0.0,1
0,entropy,ea94fa5eba5ba4dc4a41,48,0.0,9.743710710546607e-05,2.319839751191651,10.174043797038694,1.0346438499912727,3
0,entropy,0c05147fdaf76093bf88,5,1.0,0.09548340338164407,2.102288660773065,8.184880908706871,-0.0,1
0,entropy,5e54b9e3ef9b323b73e7,3,1.0,0.16991335835527308,2.1469673132334224,8.55886264912836,-0.0,1
0,entropy,d2851440615378991b92,8,1.0,0.02882242240180083,2.2969828229943654,9.944133934509507,-0.0,1
0,entropy,90dfd117d1c47f33d2f3,102,0.0,1.0238799716151836e-14,1.226231428772014,3.4083606529770285,-0.0,1
0,entropy,c2f90e26abf8894247d0,110,0.0,3.360082126250589e-15,1.6107158425187322,5.00639373492613,-0.0,1
0,entropy,458466b925bd5485bc22,3,1.0,0.1317320759864519,1.980294622527622,7.244877174780949,-0.0,1
0,entropy,6e536b686bac93b80f72,7,1.0,0.010296538257206046,1.3181002880533372,3.736316705500671,-0.0,1
0,entropy,7caf73ba34d676d6ed16,3,1.0,0.11376069774679837,1.2057050375818297,3.3391124481286485,0.08962508584464102,2
0,entropy,307029c1f16cbfd0be27,2,1.0,0.19040324009905313,1.515368175772986,4.551096421868256,-0.0,1
0,entropy,4e69a15e1c4bff6a4aae,85,0.0,6.1220069085752365e-09,1.8768057924302664,6.532605004364125,-0.0,1
0,entropy,3f76eb6a06c080cea705,74,0.0,7.191997911660849e-08,1.6978941169529465,5.462432027974792,-0.0,1
0,entropy,d85755f7bb26b6f5bf22,70,0.0,4.349168707921293e-08,1.1084348352391449,3.02961283836225,0.11701686848186528,3
0,entropy,ce04bd6d93517bc53d37,36,0.0,2.9083775998181825e-05,1.805582003973663,6.083511045993118,0.2176508394527961,2
0,entropy,dcce06994bb623d7e47c,18,1.0,0.001609192952273384,1.7399124828085757,5.696844828995136,-0.0,1
0,entropy,7f3b4572f89dfdd5837e,20,1.0,0.0022262976019521885,2.294251550638254,9.917010853510556,0.0427566727325792,3
0,entropy,17b3450c686999fbadf6,104,0.0,7.193916076211303e-09,1.9287808063120229,6.8811157124997635,0.5002176404035639,2
0,entropy,bf12b76dc37f7228118d,27,1.0,3.4397215545131947e-06,1.5234991593109204,4.588252163610335,-0.0,1
0,entropy,3af5ba92c0cc21a4be5a,118,0.0,3.48542200710064e-11,2.036088448634454,7.660585743389881,-0.0,1
0,entropy,4d20d24d1eb3b522da7a,52,0.0,1.9966973068573805e-09,1.620852497743676,5.057399901351983,-0.0,1
0,entropy,4b6d8e46194af1ba87c9,10,1.0,1.9878641070721745e-07,0.0023850216915439143,1.0023878681182585,-0.0,1
0,entropy,ed1339646d16e8b81a5a,45,0.0,1.5178185788159777e-06,1.7587593686290195,5.8052307735335456,0.12533855792824183,2
0,entropy,25548cbc6e95d3cc19f5,27,1.0,0.00010141874402253232,1.6809750237751169,5.370790067029856,-0.0,1
0,entropy,28778af0a74a55cfb1c9,86,0.0,2.743837667979744e-10,1.2389012830628385,3.451818808728821,-0.0,1
0,entropy,0e03f97b7981e1fe5ccb,20,1.0,0.003983309090973002,2.111161012716384,8.257823158908536,-0.0,1
0,entropy,31a7caefed418dca0380,28,1.0,1.5834391304093067e-06,0.40837386350936244,1.5043694849024034,-0.0,1
0,entropy,11df2975071e529a7bdb,78,0.0,4.872600002397558e-06,2.7037567710352413,14.935736602912902,-0.0,1
0,entropy,f03f443c6ee76e57bcfe,26,1.0,0.0010876397123185883,2.335146029503976,10.330968445420604,0.43681511591219274,3
0,entropy,1f0606dc425e233ab114,80,0.0,7.230244645947459e-07,2.4182385425262556,11.226067648149964,-0.0,1
0,entropy,bd3b1a1c227f193ddb7c,47,0.0,1.1958370964766814e-05,2.139964548973948,8.499136320442194,-0.0,1
0,entropy,fa57f74e02c88f3d167d,60,0.0,1.4231695807907631e-09,0.39661168979113837,1.4867784866802907,-0.0,1
0,entropy,a008b65d8153a9cfb869,114,0.0,1.575941877716888e-11,1.7207733805959657,5.588849100760799,-0.0,1
0,entropy,a743ede844e3452799e1,91,0.0,1.908369259394487e-09,2.010922450787661,7.470205066587418,-0.0,1
0,entropy,730322d827fea05f49df,43,0.0,3.2587958694393003e-06,0.9910215859896447,2.6939852045965953,0.017016233632539363,3
0,entropy,d0c2a97828296e7436de,101,0.0,1.5232081970088002e-10,1.584722574699261,4.877937927384128,-0.0,1
0,entropy,55bc437fde1194326052,24,1.0,2.6184744056546915e-10,0.0022414340982952765,1.0022439479895935,0.004812973420660849,3
0,entropy,a5689b5923cfc815726b,56,0.0,5.279277776613203e-12,0.004783659587632021,1.0047951195533953,-0.0,1
0,entropy,de5070e1bce2d6f62416,49,0.0,1.0897938257882855e-05,2.2774296446168845,9.751583134684589,0.1960298536335154,2
0,entropy,d52b73402d207dc824df,31,1.0,1.5982718338304254e-06,1.7183733250722428,5.575451636365557,-0.0,1
0,entropy,c096132131731e6ea5a5,7,1.0,0.012295955374704747,1.5280620257440765,4.609235581254759,-0.0,1
0,entropy,c4f8a1d1d26a81d3a2d8,11,1.0,0.008866396809908266,2.072941995057052,7.948172237946967,-0.0,1
0,entropy,39aafe83992a91ec9601,86,0.0,3.961456508441212e-08,2.064432417785678,7.88082361269596,-0.0,1
0,entropy,1871b5ba3aaa23f50cf9,26,1.0,0.0005372848001442572,2.1200401005936897,8.331471577945623,-0.0,1
0,entropy,1db4e1edfd6ef49ae4ef,117,0.0,1.0415052702826662e-17,0.009422249961297112,1.0094667791034853,-0.0,1
0,entropy,6261f30b4fb0c0a62414,1,1.0,0.3644760788049055,1.8562570102918092,6.399737732901471,-0.0,1
0,entropy,7bb593fd3117896fb37e,26,1.0,0.00023439141807178764,2.0628775009509517,7.868579109448215,-0.0,1
0,entropy,dcd5db9bb5b60ffa1d3a,3,1.0,0.0843039309088876,2.1912700127046625,8.946568157871585,-0.0,1
0,entropy,245a9144bc6c295fe27f,80,0.0,8.645209450010982e-11,0.9128593146519275,2.491436158404201,-0.0,1
0,entropy,720c066b52eb1fe60ea5,96,0.0,3.7516171123154345e-09,2.042652486920445,7.7110355174846505,-0.0,1
0,entropy,214279241e92a8707564,31,1.0,3.12723573793469e-05,1.5791201264639012,4.8506859428477656,-0.0,1
0,entropy,9b3cadcdb85f3b3b3c02,101,0.0,1.2959547918203161e-08,2.138014338075389,8.482577364138509,0.7076877884509708,3
0,entropy,40352932a4361f60b40e,35,0.0,3.732392627825012e-07,1.5158210430368144,4.553157931212063,-0.0,1
0,entropy,3f5f6f52e19162657183,97,0.0,1.017187316884441e-08,2.181927876951254,8.863377298805817,-0.0,1
0,entropy,72d09753b5e092d3c450,38,0.0,2.8058821580307413e-06,1.0105723707525598,2.74717296656274,-0.0,1
0,entropy,25975b13e19a8dd61eac,12,1.0,0.006182816570798138,2.058867961876683,7.837092898827874,-0.0,1
0,entropy,20264f24734eb0f77815,21,1.0,0.004194575871439462,2.43882952546865,11.45961969683674,0.059059817617660056,2
0,entropy,beaeb2422cfad48de8bb,53,0.0,1.4550584349562802e-05,1.9347932030809722,6.92261233244346,0.31411061293061726,2
0,entropy,6c7faf81a8c4bec88562,40,0.0,5.562347856406608e-07,1.545062457842879,4.688264436761353,-0.0,1
0,entropy,81536c7fae90dd54425b,44,0.0,3.280622022802003e-08,0.12105351907299683,1.128685316942799,0.3015014200408997,3
0,entropy,ffc49248cd8f55c6cb58,11,1.0,0.01735151202420634,2.5041163100354624,12.232744234751149,-0.0,1
0,entropy,1939fdb459d4c64cfea9,52,0.0,1.5178060777674608e-10,0.03582871604232528,1.036478299180727,-0.0,1
0,entropy,641306a640214a0e1115,54,0.0,5.399261602328753e-08,1.4229811857391705,4.149472367255306,-0.0,1
0,entropy,36be1d5a2e5b7e665a34,4,1.0,0.0900987238743898,1.7299160584868207,5.640180443275895,0.09618230573561527,2
0,entropy,2f043140fdd858a1ed6d,37,0.0,4.7378755821158865e-06,1.8191647241284876,6.166705397847592,0.36662952262414383,2
0,entropy,77b18cf7d5182e1260fb,76,0.0,3.4589840947381456e-15,0.0037188030426852196,1.003725726370224,-0.0,1
0,entropy,a019de159606bb234a3e,41,0.0,8.433635395244075e-06,1.5029376892175985,4.494874237475941,0.07584357723366471,3
0,entropy,d5f57304f48dbfa4d191,18,1.0,0.0010685442111255617,2.077060495317647,7.980974288641564,-0.0,1
0,entropy,485733c17a3fd79d1606,48,0.0,2.8971700479780314e-11,0.004056506818450509,1.0040647455786633,-0.0,1
0,entropy,3014eab85e89abf00e56,20,1.0,8.483358949993679e-06,0.35113560059595506,1.4206799579003466,-0.0,1
0,entropy,b9f3da2cd775c889a6a2,41,0.0,2.0748297967229871e-07,1.5292573794740139,4.614748542511931,-0.0,1
0,entropy,6b6449d2c5076a473ea7,50,0.0,1.255432907621709e-05,2.1349008089557975,8.456207685190156,-0.0,1
0,entropy,8a96e745b5a8ac00479e,111,0.0,8.831277000003625e-09,2.0575236087560893,7.826564157291926,-0.0,1
0,entropy,3c0c0997fbd8118c3ca2,74,0.0,3.2994975951499723e-10,1.6355914856953253,5.132492895518215,-0.0,1
0,entropy,e476ce383ce72ed72105,5,1.0,0.02287778611788044,1.5221272770013075,4.581961937346651,-0.0,1
0,entropy,1c3f2d8232aa01a99ff4,93,0.0,5.703557034525202e-09,1.8968799877433762,6.665066877696702,0.6561406711352716,2
0,entropy,7c17e2d21129e0e0212f,9,1.0,0.0026652806214428632,1.5060816355123527,4.509028118542661,-0.0,1
0,entropy,d6f2d65fd9b95e093e8a,7,1.0,2.3805684709895775e-06,0.005613265949584055,1.0056290498461442,-0.0,1
0,entropy,2dcca4917a443a2f3d0e,36,0.0,4.282229798267461e-05,1.9582438328053353,7.086870401054526,0.849351148603417,3
0,entropy,1be8b9f42f4f2020c053,90,0.0,2.0208221732069593e-11,1.1965311285383775,3.3086198164148097,-0.0,1
0,entropy,4241eb29f4384f3fe079,68,0.0,2.4502707450460775e-06,2.3398171666164442,10.37933869962724,0.43067484215758955,3
0,entropy,883a6a656384ffa7817b,36,0.0,0.00024016856131780086,2.5107760373704053,12.314482852259868,-0.0,1
0,entropy,c460f82f95a5f043e734,58,0.0,2.401549177048879e-06,1.6137344906354787,5.021529108636339,0.646723035180724,3
0,entropy,61a23efb6ddb1908e9d0,51,0.0,1.8648140833264985e-10,0.02091998528961804,1.0211403421198566,-0.0,1
0,entropy,73cc0c5706b7bb529f4f,118,0.0,2.0607360672346506e-10,1.5717508660942827,4.8150713628936215,-0.0,1
0,entropy,ef3881467065ce2b5009,18,1.0,0.0013205532086341069,2.074675143559467,7.961959545032218,-0.0,1
0,entropy,c997fc0681eceadf7474,120,0.0,3.554603503613539e-21,0.004154777663858521,1.0041634207184211,-0.0,1
0,entropy,dee280b0fac8da0588b0,94,0.0,5.482352655406497e-10,1.8083573789128824,6.100418521531806,-0.0,1
0,entropy,515cd0282b1956b92a38,34,0.0,6.776522476408839e-06,1.8349025537423758,6.264523661304908,-0.0,1
0,entropy,f67bd7dd159bd5e5197c,14,1.0,0.0033853507140497265,1.8528230827045593,6.377799186197687,0.0393524194235576,3
0,entropy,e1ffc02cd61a729e4215,48,0.0,1.7698951777871775e-10,0.012820357742588813,1.0129028908531121,-0.0,1
0,entropy,c766bc58880dcc7d1f4a,75,0.0,2.9867979296982525e-09,1.0867266572818917,2.964554171149116,-0.0,1
0,entropy,7da55376f80067401d17,40,0.0,6.636880690264665e-05,2.0783537956100395,7.991302762492129,0.8560846195825668,3
0,entropy,e4c1ff47445e15555390,36,0.0,1.8543080053408316e-06,1.1234853819215391,3.0755550281233184,-0.0,1
0,entropy,ac5b457dd0358c2e5583,58,0.0,2.968901107717183e-12,0.007526020355342332,1.0075544120272777,-0.0,1
0,entropy,f1d91b14ae2f6fa63c6a,9,1.0,0.036297426953495256,2.5685038587767517,13.04629073860515,-0.0,1
0,entropy,70a4a88e4284f8357760,12,1.0,1.478959125672013e-06,0.025419451128294357,1.0257452803177887,-0.0,1
0,entropy,025bee713a67f58345a9,103,0.0,6.624409270945239e-09,1.7038644646807712,5.49514219499417,-0.0,1
0,entropy,6661a4a61b50681206ab,36,0.0,5.737249905953136e-06,1.8582456450297873,6.412477136482977,0.38936765299641035,6
0,entropy,114e753e11e22a4110f6,50,0.0,1.5220853022917057e-06,1.468677873104568,4.343488699907461,0.1925027508457214,2
0,entropy,8125e9a3b36b72bbebff,10,1.0,0.0059132479127680816,1.6095135242132825,5.000378073189124,-0.0,1
0,entropy,c94817f760e2a4b01f1d,9,1.0,7.767049574392561e-07,0.009405034338682004,1.0094494006539645,-0.0,1
0,entropy,639c4a5e00be163d1082,67,0.0,4.888737574245269e-07,2.034471755267676,7.6482109310667425,0.6973356014744562,3
0,entropy,e2539547bd7a4524eea5,41,0.0,1.2328290880918846e-06,1.5316158329183127,4.625645056516275,-0.0,1
0,entropy,1e63d4325f5634d93727,4,1.0,0.06306777287368975,2.001297363573181,7.398648612296831,-0.0,1
0,entropy,01be3188b8e7055c08e5,4,1.0,0.11617581594485905,1.9222666891585118,6.836436997782878,-0.0,1
0,entropy,298a1fb6254a5a4c9f3f,33,0.0,1.2441419538893147e-05,1.816622530446154,6.151048348402759,0.49382239153809626,2
0,entropy,a7e753ef877a91cc933d,10,1.0,0.008301839657159768,2.0779078540580187,7.987739903008142,-0.0,1
0,entropy,c6b4970bc061df81f39b,25,1.0,4.479075734687301e-07,0.0938826054422802,1.0984307885512676,0.010808358705340616,3
0,entropy,4a32c8eb4e3454c72310,9,1.0,0.0026181509609161098,1.1824800354144664,3.2624551825807826,-0.0,1
0,entropy,f99f8c77eb35ecd4d057,8,1.0,0.032343420674092675,2.4849392204903564,12.000390854793446,0.42502132678253146,2
0,entropy,d069e6c63238d2575018,2,1.0,0.2998253389539564,1.6543784239415658,5.229828175695145,0.008507623805010963,2
0,entropy,a407d29f2fc4a76928d6,38,0.0,1.1805772871815708e-10,0.004104093142877447,1.0041125264662416,0.0779255108948192,2
0,entropy,a24a7524ae37220c203a,29,1.0,0.00023039320025221326,2.104513399941893,8.203110404274218,0.1567099502601934,3
0,entropy,555e8dd023466ced86eb,16,1.0,0.007552064656127275,2.4897688163660674,12.058488073089206,-0.0,1
0,entropy,9e6f2a8623e2b0c0494d,85,0.0,1.8449190646800955e-09,1.885826355215393,6.591799359766901,-0.0,1
0,entropy,f836bcfaac9eee21c0d2,105,0.0,1.4035626589016716e-10,1.9124787444551887,6.769848743174636,0.44695075833230224,2
0,entropy,7ae8d73f778b09a36d15,14,1.0,0.005892839966100786,2.0050317292857023,7.426329525150868,-0.0,1
0,entropy,3201e3fe0c64b5cc5293,53,0.0,6.4308732215043716e-06,2.0519222902306176,7.782847627889507,-0.0,1
0,entropy,a300a0c0994bb7f8de84,89,0.0,1.0149098340986502e-08,1.9087226863333213,6.744468492506001,-0.0,1
0,entropy,d7339581a75f18df4685,9,1.0,0.0052604393653264,1.4956452643686597,4.462214932391248,-0.0,1
0,entropy,680e3332bd1e56fd6831,15,1.0,0.003284575781229234,1.5885984158753617,4.8968807259834986,-0.0,1
0,entropy,9225f54ca8a05473e0d2,32,1.0,5.301336724748542e-05,1.9465233496899503,7.004293720764066,0.4888568135375834,2
0,entropy,a3aed3b8ea33a12527fc,50,0.0,1.6936829617457841e-07,0.39747478995807217,1.4880622793814895,0.5669355814711275,3
0,entropy,f7650e8320b125a5e004,49,0.0,8.223253243227228e-05,2.3805954057728993,10.811338081064664,-0.0,1
0,entropy,aa12bb594aee256f0bcf,34,0.0,0.0004153234572837954,2.5197912416875083,12.426002361511898,-0.0,1
0,entropy,bf6aadaf3f7f926407e3,95,0.0,5.232570259118496e-10,1.9660120498716473,7.142137132711566,-0.0,1
0,entropy,9af2fe90b97aadb2d6c1,97,0.0,9.508572183694525e-10,2.1566647074595844,8.642265053771116,-0.0,1
0,entropy,226e33215cf8169e598f,68,0.0,8.026237090322828e-08,1.8176119787204146,6.157137504531714,0.8750219037707809,3
0,entropy,a292a9293b14f16d3d8b,7,1.0,0.020009915585287235,1.4444208940338863,4.23939637208153,-0.0,1
0,entropy,cddbc5837412b0382d59,77,0.0,1.7131126043841228e-08,2.623483558146971,13.78365621645897,0.30119408737830033,2
0,entropy,bef52484111cc4162a3d,106,0.0,4.602364884986679e-12,1.3760445301918436,3.9592100783001634,-0.0,1
0,entropy,e245ddd15ce116a42086,30,1.0,1.7593860062711392e-06,0.38723833934778307,1.4729075012549226,-0.0,1
0,entropy,e4c952a8b4f5b94ec479,24,1.0,0.00049177687571081,1.679406261861372,5.362371181466078,-0.0,1
0,entropy,bd4148359fe4f9402b50,41,0.0,7.100995926662579e-05,1.8037350277932596,6.072285316017099,-0.0,1
0,entropy,f562c8e522d9b0e70ea9,16,1.0,0.0021713374578508004,1.8813427124358932,6.56231024489381,-0.0,1
0,entropy,da722d8a53f61f2567e3,45,0.0,8.345727909333152e-06,2.0642820192108924,7.879638437183061,-0.0,1
0,entropy,f1483e4af9fcfe053e84,96,0.0,8.087402212284518e-09,1.9396349137785758,6.956210890241961,-0.0,1
0,entropy,70112a6d472b5c3238a7,22,1.0,0.0003563195663774303,1.5201825010026937,4.573059706972121,0.11451445543027812,3
0,entropy,5b82673caa26822e9652,111,0.0,4.549822062779204e-15,1.321908392206593,3.750572114478585,-0.0,1
0,entropy,c0bead00d3265c4ff14e,73,0.0,4.0261500453746376e-07,1.5014551823189548,4.488215492447632,0.002811021655118488,2
0,entropy,d1bad52e43029e9b5de2,22,1.0,0.0006255015626777262,1.8999136454691234,6.6853171099292075,-0.0,1
0,entropy,d89c36162741f1fb288f,7,1.0,0.06059281457794081,2.5594549446622192,12.92876850043834,0.6513270116814315,5
0,entropy,3b95a726ea3c9dcbfe79,29,1.0,0.0009236940648176548,1.7834340777256974,5.950255011565171,0.23504340340066046,2
0,entropy,030a705a36551f407a40,68,0.0,2.4995031973711298e-11,0.01906217950880794,1.0192450228019725,-0.0,1
0,entropy,46f1a581144dd6cd98c0,56,0.0,9.611766251839088e-08,1.963038334825397,7.120929999670798,0.7888719151868345,3
0,entropy,e450d557fcbef689b75f,29,1.0,0.0005400685950949562,2.1751644625875572,8.803632871375985,0.0017343993295465497,2
0,entropy,258577d42fe1fe82ae5c,50,0.0,5.20280149076246e-06,1.9319279845732797,6.9028059238612025,0.3524006068572054,3
0,entropy,b3aaeb32c4b7a4d0788d,23,1.0,0.00048136465089578337,2.0376119709376312,7.672265711712241,-0.0,1
0,entropy,de66b22f0020d0377ebb,67,0.0,2.2961486245689748e-12,0.008412820921205261,1.0084483081452118,0.07378480029991241,2
0,entropy,53d0864b369d380d3f34,14,1.0,3.4704664508745687e-07,0.016317496580693976,1.016451354009635,-0.0,1
0,entropy,f603a33d0240a956d53e,119,0.0,2.8756506382347467e-19,0.014800846313183277,1.0149109212358327,-0.0,1
0,entropy,047fd83e3105ea304107,66,0.0,4.698818949677573e-08,1.351021433453627,3.8613676471409675,-0.0,1
0,entropy,6673b9e44e285e2a751b,105,0.0,1.096850325507973e-07,2.1031064175964915,8.191576888387289,-0.0,1
0,entropy,01f4d144409f49635d7a,11,1.0,0.018537780522415333,2.3983173895259093,11.004644264144757,-0.0,1
0,entropy,410e98e619fc57e698a8,67,0.0,7.088711172144953e-10,1.649743434012584,5.20564406462198,-0.0,1
0,entropy,7ca2e50cca6c239e72ff,12,1.0,0.0030557357126960714,1.3626703891013026,3.906611558132957,0.39493782120414145,2
0,entropy,40572b96c45693c2dacf,61,0.0,1.7522519013382699e-06,2.093454235790948,8.112890656789721,0.0013370363363085609,2
0,entropy,b9fd07e13bbfec03efdb,116,0.0,5.194138719737265e-19,0.025167244353946693,1.0254866130295297,-0.0,1
0,entropy,f874a5cf0dca614e2893,13,1.0,0.013589924068611566,2.2620633953597995,9.602883283004472,0.38564768729001986,3
0,entropy,0c71f7d783bcd7cdbdb3,33,0.0,5.348152946017875e-05,2.445439962877766,11.53562372875513,-0.0,1
0,entropy,cc9fe07aa36c340c1f7c,123,0.0,1.0790838634875897e-09,2.5172070449742687,12.393932582206732,-0.0,1
0,entropy,8929666336c731529a48,31,1.0,2.2627934089626945e-05,1.630947590516607,5.1087133939973866,-0.0,1
0,entropy,958b86520bba639a20d0,113,0.0,5.331651255676639e-16,0.9915576041178827,2.6954296165843856,-0.0,1
0,entropy,cd6a688a118138356cb3,44,0.0,6.072456379303797e-08,1.3316849576350092,3.7874196558553694,-0.0,1
0,entropy,273742735ef058291ba6,67,0.0,2.141112516930165e-09,1.5388197427864498,4.6590881022983925,-0.0,1
0,entropy,2afa97628183c6a0f69f,22,1.0,0.00010979671597407483,1.6294527353832025,5.101082312656864,-0.0,1
0,entropy,be5d3783ed3cc04567c5,15,1.0,0.00730997741778836,2.351891374525841,10.505420631025382,-0.0,1
0,entropy,c4ce2429b05616c6a98c,26,1.0,0.00023817687288119703,2.1156967253942534,8.295363343489042,-0.0,1
0,entropy,b85299f2ad6796d63fe9,55,0.0,3.5551049288126813e-06,1.555438300116451,4.737162369022878,-0.0,1
0,entropy,72817762ca5e5bb7dcf6,25,1.0,0.00026924943345284447,2.1675366236620666,8.736735642877388,-0.0,1
0,entropy,25c78a6139ff941064c0,86,0.0,1.7537824539647004e-07,2.3733597559527406,10.733393355057723,0.7155545089464073,3
0,entropy,964281f58b17073f9d17,56,0.0,1.710377531457987e-08,1.4723567614361714,4.35949733874595,0.580515235829484,2
0,entropy,c2b96660947f203953fe,39,0.0,2.638426973514899e-08,1.2616052563823392,3.5310852373776203,0.4341495030324605,3
0,entropy,714e233998b633e37321,51,0.0,1.493399452107727e-06,1.90268421415508,6.703864922299244,-0.0,1
0,entropy,ade7912ad6dbc657f483,43,0.0,1.0162481071101548e-06,1.9698189786613542,7.169378560369571,0.24879389535446172,2
0,entropy,921d39915ef9c12bcdbc,2,1.0,0.08524086629034605,1.490827342673941,4.440768036480618,-0.0,1
0,entropy,03844162a5a3e9dc1d7e,8,1.0,0.004179330050077284,1.6036797888117345,4.971292112989161,-0.0,1
0,entropy,a30e518dc0c8a9c1cf64,98,0.0,9.334195146785286e-09,2.176599902629741,8.816279032748014,0.6829650618502033,3
0,entropy,c891b93f57712e57a938,6,1.0,0.01522506669023559,1.4101015403712596,4.096371330019848,0.0008623678760286762,2
0,entropy,4cc82c4b95c1cc0db9f1,18,1.0,4.3627124321876837e-05,0.45041257399049506,1.5689593638021677,-0.0,1
0,entropy,a7a9c0a4debd9b8fe48b,8,1.0,0.01176522612026661,1.591605414504202,4.911627800716907,-0.0,1
0,entropy,31512ee29b9425062937,37,0.0,0.00015787107444435974,2.3988585321009,11.010600957243472,-0.0,1
0,entropy,11912185673dc1ef359d,47,0.0,5.493104251428775e-06,2.068161392304091,7.910265863716904,0.45050351126136384,2
0,entropy,0c4d16adc6124fcbf8a8,26,1.0,6.77567181917752e-09,0.00910284964297601,1.009144406578589,-0.0,1
0,entropy,94c2f55cd60b03149fd0,47,0.0,1.961066479612883e-05,1.6443217073997871,5.177496857839291,0.5762153403764698,2
0,entropy,df44527dced5b9af3b37,108,0.0,2.044333053924076e-13,1.0639878784694827,2.8979044677613746,-0.0,1
0,entropy,41c01c482d8dcc50c516,22,1.0,7.442895348958111e-05,1.6384954880124991,5.147419329489263,-0.0,1
0,entropy,bd976651220ec445ad46,74,0.0,4.9627166757154504e-08,1.946211590321518,7.002110406929321,0.2242473519828122,2
0,entropy,5916ad029942a4fd1237,4,1.0,0.08595976092012175,1.650053808782113,5.207260015961078,0.002624768907757619,2
0,entropy,e072b64e02db2391ba9f,27,1.0,0.00012250444477757217,1.8404401434301543,6.299310250966792,0.009172693901391606,2
0,entropy,40ba46be06455291aac0,20,1.0,0.001990691442369934,2.0588741987760466,7.837141778140015,-0.0,1
0,entropy,29ed5d73829c1a1e15dc,4,1.0,0.0808550915706459,1.5906674287764855,4.907022923931951,-0.0,1
0,entropy,1ad1b172bce2cf3fcc1b,54,0.0,1.4997518626428817e-12,0.003671397726522417,1.0036781455626251,-0.0,1
0,entropy,938c3eeef37add68cf53,106,0.0,5.857395877645853e-12,1.196050270887936,3.307029223718666,-0.0,1
0,entropy,133db7962e5ae1d5cfbc,11,1.0,2.742547547171987e-07,0.0028945134709898444,1.0028987066198394,-0.0,1
0,entropy,f20ebf3c56d8e51d0a84,48,0.0,6.107080375095937e-13,0.004089478357688474,1.0040978516845962,-0.0,1
0,entropy,ca3705a5acfd06fd6eae,82,0.0,3.2050118974224e-15,0.00229531364464156,1.0022979498936255,0.0014724048333405425,2
0,entropy,b09905378179d3db9811,91,0.0,5.847161222112587e-16,0.004561957214754488,1.0045723787831256,-0.0,1
0,entropy,b46d7da8f32c0a70e23d,30,1.0,0.00037372509239405583,1.981807298854601,7.2558446219826855,0.030458494280680082,2
0,entropy,0e816dc81dd8d4791998,14,1.0,0.0108480373894047,2.5691555250159825,13.054795336605416,-0.0,1
0,entropy,3801556000c80201715b,22,1.0,0.0008106611227498754,1.940185716682803,6.960043446797468,-0.0,1
0,entropy,b4458066828a733ca87e,4,1.0,0.06970380452872164,1.4888273575161335,4.43189544180471,-0.0,1
0,entropy,2ac20f51b6b7bb0adff6,8,1.0,6.339936475021423e-07,0.0016454250257629118,1.0016467794803032,-0.0,1
0,entropy,c8a18aa59b6b453539c8,25,1.0,1.2010363951103448e-09,0.0037796500460714217,1.0037868019310088,-0.0,1
0,entropy,6a7d1347e1fbffde3908,13,1.0,0.004704963800616764,1.5606802509095876,4.762059538919695,-0.0,1
0,entropy,27029288cd286891202f,40,0.0,3.480243431369691e-07,1.5407194521573677,4.667947428033956,-0.0,1
0,entropy,06a68587c7336d51468b,70,0.0,2.3673770265153083e-08,1.4930639820856195,4.450711549170071,-0.0,1
0,entropy,7660e772a0732901d0bd,19,1.0,0.0021995172653957204,2.1027906728245505,8.188990849096506,-0.0,1
0,entropy,e14d2b3664577017426a,82,0.0,5.386237740061143e-06,2.5075223524188233,12.27448051750454,0.6798141403368806,2
0,entropy,b04ca6fc4f8085cfa06e,32,1.0,0.00025919396221268687,2.401000695266374,11.034212742162506,-0.0,1
0,entropy,ee38112aa013e202605b,32,1.0,0.0002183035704466405,1.6907813321030154,5.423716774060617,-0.0,1
0,entropy,1dc629346c6fb59de0c1,40,0.0,1.3847202992850258e-06,1.3875276742000768,4.004936295694068,-0.0,1
0,entropy,96030904d4c4a0d5b8db,22,1.0,6.255939595837015e-10,0.00362676235843416,1.003633347018963,0.00248835197309092,3
0,entropy,04951ba6f9206accf65a,13,1.0,0.0010019928883885285,1.6002830057443187,4.954434359391487,-0.0,1
0,entropy,ed2c9a1b99314c50236d,13,1.0,0.00862732716346001,2.389929287011746,10.912722244557843,-0.0,1
0,entropy,6a2412137a26c27b71cf,39,0.0,5.478805564970483e-09,0.04190145834493539,1.0427917152660944,-0.0,1
0,entropy,bff323270e7be838f60e,53,0.0,3.3047688899655953e-08,1.7111449265479455,5.535295357624085,-0.0,1
0,entropy,319f6e84f154090a8007,56,0.0,7.426252742420003e-05,2.802984938711815,16.49380636653554,-0.0,1
0,entropy,140248210bad8ec9e196,58,0.0,4.811691946536779e-09,0.26933671821833904,1.3090958632694167,-0.0,1
0,entropy,58fff2969a7ee4c0e023,18,1.0,3.5480791394277815e-06,0.13616752655840042,1.1458738418172811,0.0006958382252082531,2
0,entropy,7349b21202b41293e978,8,1.0,0.03609200016317812,2.0813210601226166,8.01505028675747,-0.0,1
0,entropy,103d7e2d41daab21d0fb,25,1.0,0.003340959385004528,2.5351995456823473,12.618948653539514,0.0017274793942738515,2
0,entropy,330261806778d575227b,20,1.0,1.8742425258445356e-09,0.004297267455514485,1.004306513949448,0.0016959080019071952,3
0,entropy,97157960bfeedf62bf03,87,0.0,1.9007939898322097e-07,2.4339975417549025,11.404380565863695,-0.0,1
0,entropy,4244597e68dec36d9d88,29,1.0,0.00011322220076513804,1.9098084133659665,6.751795120908675,-0.0,1
0,entropy,354717d2e56e01b4fbbf,49,0.0,2.570546617742881e-07,1.960810791144199,7.105085470787523,-0.0,1
0,entropy,bf4b6eabf232a6114736,9,1.0,0.006671933123574299,1.6146420458763704,5.026088492329508,-0.0,1
0,entropy,5cc4a42ee3087b8c7536,27,1.0,0.0006753027728790542,2.19253715179168,8.957911889604196,-0.0,1
0,entropy,8c85c2c261868318e04a,1,1.0,0.25631804447382195,1.973775735967815,7.197802247102919,-0.0,1
0,entropy,8d810dae82890e6b853a,12,1.0,0.0015400650256745016,1.4563841178471413,4.29041780159541,-0.0,1
0,entropy,9e8a192d784a1cbf6e25,81,0.0,1.8343337638335768e-07,1.7682077033745836,5.860340474634637,-0.0,1
0,entropy,9480f0c4ed3c6f65d27a,96,0.0,6.737464683589917e-08,1.7038705943550851,5.495175878529368,0.0038966901173586167,2
0,entropy,4e0fe6236c23d79ef0c3,7,1.0,0.026744381926091444,1.9736430005927668,7.196846907527208,0.04150600605549441,2
0,entropy,8d88008e7fd7f44f31da,41,0.0,2.2012015746667468e-07,0.13254829447241706,1.1417341542063588,-0.0,1
0,entropy,56007be65986e1b1f80e,74,0.0,6.573151071824738e-07,1.7845751739510887,5.957048700488205,-0.0,1
0,entropy,c6573efea1bee184dd89,5,1.0,0.0143127357586603,1.463442164235971,4.320806887098963,-0.0,1
0,entropy,0f5e9867c870c8136a6a,21,1.0,0.0009036316504368194,1.6635160952757853,5.27783563083285,-0.0,1
0,entropy,5db8bf06dc5c7ea7001d,68,0.0,1.1318626078268009e-07,1.5658980367491195,4.78697188286616,0.09369423904181298,3
0,entropy,549e30e35f2e9c41ad06,64,0.0,1.2506347665139187e-05,2.3046620313666453,10.020790967030825,-0.0,1
0,entropy,94ade7de182e6f2a124f,17,1.0,0.001196596111811463,1.9026310848472463,6.703508760057523,-0.0,1
0,entropy,cdfe02c71fe119b6c829,66,0.0,6.923883922201967e-09,1.924291396034836,6.850292801018473,-0.0,1
0,entropy,c600aceaf24b26995ffc,57,0.0,5.07251763056085e-06,1.6528600778856393,5.2218935120184184,0.2534916523594132,2
0,entropy,db325878a03c8eb51800,11,1.0,1.2743616383724197e-07,0.0038767925819540843,1.003884317062791,-0.0,1
0,entropy,244e82179ae1d2a3a28e,22,1.0,7.413405995287203e-06,0.9031893077952869,2.467460064994866,-0.0,1
0,entropy,ee0c5ef43070a263b1fa,31,1.0,0.0005768454040830717,2.4191045397190165,11.235793601935512,-0.0,1
0,entropy,b7d5f4c34f73404be85b,9,1.0,0.010671918368772484,1.7483661864059024,5.745208404259198,0.06959003186101145,2
0,entropy,83dba251f8a20b3fbde3,85,0.0,4.072828114179575e-10,1.4777420586537051,4.383037857085745,0.7767885996011425,3
0,entropy,e80ae5bdbe941c14972c,16,1.0,0.007780193410281283,2.4718479150210078,11.844313926794278,0.009962282134665724,2
0,entropy,e2614d339bc9aa6914c3,78,0.0,6.261941920986121e-08,1.7786231265909285,5.92169737524267,-0.0,1
0,entropy,f293e22e13851effbe49,49,0.0,4.397266551150703e-09,1.1487139621079794,3.154133964475691,-0.0,1
0,entropy,5b5d5fc8134d52da977a,15,1.0,0.005090578158951116,2.3318976715578965,10.297464208318544,-0.0,1
0,entropy,70a2ae4667672add8dfa,81,0.0,4.290218800706734e-08,1.5300841173206758,4.618565307299409,-0.0,1
0,entropy,17e4e78e1f893078b40b,67,0.0,1.0944852272749085e-06,2.3137021016289663,10.111790322011712,-0.0,1
0,entropy,5b7651d4e656be2fe151,3,1.0,0.16831805843436107,2.1007515607159477,8.172309591955612,-0.0,1
0,entropy,70dbd8e1a3ed0072590a,1,1.0,0.359390873857092,1.8980434812389242,6.672826152713979,-0.0,1
0,entropy,9f4af663d82de4a667f0,112,0.0,4.073644112788122e-08,2.572246422837725,13.095208799842702,-0.0,1
0,entropy,fae14267664a39587ce4,30,1.0,0.0014613455585740394,2.705369279639264,14.95984003496552,0.032033733148178006,3
0,entropy,39f2970fe4b7add3a03b,4,1.0,0.04778304064391189,1.6172454066394566,5.039190260817487,-0.0,1
0,entropy,d7cc00e5c0570e177493,50,0.0,0.0005388208796159469,2.968664071311002,19.465897167363842,0.24377691864888196,3
0,entropy,ea1aa711fcec9b1347aa,27,1.0,0.0001678746369626217,1.9648357350648327,7.1337406704596855,0.011471443882986463,2
0,entropy,83d69f4e77b11a7a1460,33,0.0,6.759724897531613e-06,1.4032793318573016,4.068520141983902,1.0980464701581982,3
0,entropy,159f79655e501c6548b6,60,0.0,1.7874064188060917e-07,1.6197985860493744,5.052072656169281,-0.0,1
0,entropy,7a5f9755b2b808b95db3,78,0.0,2.3170190435077007e-08,1.5698806671127352,4.806074636790935,0.0006303929303015463,2
0,entropy,da33b959bdccc5cc4ac6,6,1.0,0.011942512138002792,1.2590999646360663,3.5222499108335987,-0.0,1
0,entropy,d5c80011ca15fbcd7763,62,0.0,3.4805528302507927e-08,1.8517157516306288,6.37074075970426,0.6220662651311399,3
0,entropy,eaa0c06461fca2288e0b,12,1.0,0.001437412136860182,1.627231963981756,5.089766544458308,-0.0,1
0,entropy,8b55e84a663bfb8af59b,109,0.0,1.8942260050708636e-10,2.0607302381321992,7.851701329090115,-0.0,1
0,entropy,0523488ecd76f7a66b3f,95,0.0,3.348258627101458e-09,1.964558541667447,7.13176351868654,-0.0,1
0,entropy,2ce4c13ce00ba98da453,85,0.0,1.0117874284156648e-14,0.004970213586388106,1.0049825855866041,0.008603556825612615,2
0,entropy,e8600e3be9868edd5911,16,1.0,0.00182019646646231,1.5528740702981785,4.725030756790535,-0.0,1
0,entropy,c19854ff69a3e4e69173,108,0.0,5.212552362321978e-10,0.33570562026642126,1.3989271483886303,-0.0,1
0,entropy,8fe7945b8d25f8b5670d,21,1.0,0.00014539608390467265,1.929316231388893,6.8848010209243125,0.6257589978942358,3
0,entropy,6a42b4cf79cdd775cbf8,44,0.0,0.00010103352731478807,2.599525941000489,13.457356941446054,-0.0,1
0,entropy,5da28245f3752c6b61c7,3,1.0,0.15658955282187992,1.436324683425617,4.205211895291624,0.0041345656238823475,2
0,entropy,c81bb3e92d0a6621a993,11,1.0,0.004464705727320821,1.8514967894439462,6.369345961086378,0.02749944899024951,3
0,entropy,aca49218821c4080028f,29,1.0,1.8453811787177052e-05,2.002976114076581,7.411079528663353,0.6707956230118751,3
0,entropy,574ce306b5c270d5a852,92,0.0,1.852280802019096e-09,1.6214003323742867,5.060171279217863,-0.0,1
0,entropy,c30fd6bf1c1bbea154b5,41,0.0,4.9942726531425976e-06,1.9815955095897886,7.254308074702456,-0.0,1
0,entropy,dcdf831510c69c76dd84,40,0.0,4.3933734702368255e-10,0.0322879145636601,1.032814824931401,-0.0,1
0,entropy,2b888f4d84b969a5381c,19,1.0,0.00026195244911410845,1.736272400738167,5.676145542681498,1.3798761572018993e-06,2
0,entropy,5035a13358d151d34181,28,1.0,0.00041687538938242407,2.1393628316323396,8.494023781035555,-0.0,1
0,entropy,edec4a91c0a482f6f5b3,44,0.0,8.68072305224221e-06,1.885358469417286,6.588715871878843,0.008407370387821918,2
0,entropy,208ea89e979cf8a161e8,75,0.0,1.404614369353345e-07,1.9123481116554484,6.7689644366404735,0.8309693817341329,3
0,entropy,6312491e41bfbfcf4d16,48,0.0,1.687814769055658e-05,2.1933060121411216,8.964801921266563,-0.0,1
0,entropy,fdf64351ee9c3a132fa7,3,1.0,0.0032726924787260595,0.10463497049662433,1.110305242203382,-0.0,1
0,entropy,54298b63e98a4c765f49,72,0.0,8.85037333011072e-06,2.726933005286214,15.285933176870023,0.21564378540518236,3
0,entropy,73d5b3f423fbbe3d4d6f,16,1.0,0.0032616300386282154,2.1982807815544247,9.009510859784793,-0.0,1
0,entropy,1ef0c6463503237e5869,30,1.0,9.375010014859737e-05,1.862920029226194,6.442521683441557,-0.0,1
0,entropy,b3dc05b42e62ba419de7,73,0.0,3.715367518784393e-08,1.9965929617872795,7.363924139529466,-0.0,1
0,entropy,276d4a9630084f170b91,78,0.0,1.0617231677302238e-09,1.6162879707159485,5.034367867970847,-0.0,1
0,entropy,5cd55e586c0fb571d9c5,7,1.0,0.022129567466101525,1.4783380453959425,4.385650868121915,-0.0,1
0,entropy,4fabc2fb476baf6a81e1,7,1.0,2.3310067155669747e-05,0.013001975856506665,1.0130868690721138,0.06145860121779434,5
0,entropy,cfaa600d7119f9a3b90b,2,1.0,0.16809532250422338,1.3363102478435531,3.8049781461590433,-0.0,1
0,entropy,425ccc801a0bcda731f7,37,0.0,2.0682614280282497e-05,1.357551393081365,3.88666472654859,0.4184091785459753,4
0,entropy,9781915e10076de2175b,59,0.0,1.081688195248734e-05,2.140408591699393,8.502911138125992,-0.0,1
0,entropy,1eb7ce10678adfc75dee,68,0.0,2.228913791020055e-09,1.1811734810735812,3.2581953910305943,0.5141270771352096,2
0,entropy,c043ebd0563135299f9b,54,0.0,0.00011842650275379577,2.465388397857014,11.768051950631772,0.5510744752915762,3
0,entropy,c93ea954ed7273bd52d9,7,1.0,0.005541937930613917,1.5560263228046975,4.739948747120254,-0.0,1
0,entropy,c10cd159b11a27b3b2d3,93,0.0,3.403472767742749e-09,1.7134582302687815,5.548114999116094,-0.0,1
0,entropy,9729e796c1709f4c4031,117,0.0,1.3509974660921963e-17,1.5699402074387057,4.806360800560506,-0.0,1
0,entropy,be61c5b6f5151aeee3c7,61,0.0,4.290672991365722e-08,2.10306361203365,8.191226250832695,0.8060945044490614,3
0,entropy,4fef6e648145176fa50a,12,1.0,0.022944871292747884,2.769754981291227,15.954724324887705,-0.0,1
0,entropy,9c2d14a854125f7b8a28,18,1.0,0.0009199196795925294,1.9597866259357766,7.09781241448682,-0.0,1
0,entropy,cb1c0b23cf6ebcc0298d,80,0.0,2.8882884061429874e-09,1.0094325713122423,2.744043524160145,-0.0,1
0,entropy,1ee9b030ffa14c7e2ed9,75,0.0,4.018550869623371e-07,2.094742199351234,8.123346496248969,0.788085563116035,3
0,entropy,04be1fcc5c6289055791,40,0.0,4.820424544002287e-05,2.073210158702412,7.950303934597242,-0.0,1
0,entropy,b1424b7404bcd8974f34,21,1.0,0.0031897928262069617,2.2090926369262434,9.10744887997968,0.1090550880227383,3
0,entropy,b82123efd7dea3bda35f,1,1.0,0.1991266570656687,2.329973223278145,10.277666327146349,-0.0,1
0,entropy,45bb2e0d88c5a6ebb32c,1,1.0,0.35620563341080375,2.250796401761949,9.495294895519994,-0.0,1
0,entropy,a2cd2c09d72366ba8caf,23,1.0,0.0005916706892713052,1.9350507183001002,6.924395240028254,0.18048373872716417,3
0,entropy,c98a43ddee6613faab65,81,0.0,2.3294257823418498e-09,1.6908359869440046,5.424013214539354,-0.0,1
0,entropy,e45c7f6d5329da76e835,95,0.0,2.1414291594229498e-08,2.287807137680446,9.853307027614607,-0.0,1
0,entropy,ddb3ce228d2d809808ca,96,0.0,9.435454080914054e-09,2.1153066009270316,8.29212775046729,-0.0,1
0,entropy,8e384e24af4ef515fc14,48,0.0,5.095745622173243e-08,0.7005806167591545,2.0149222655408785,0.023883373762510658,3
0,entropy,b72caf47f7bf8a8bbaa1,23,1.0,2.25268106869618e-06,0.9752546153052353,2.651842324674753,0.1904067256392142,2
0,entropy,10708df2eeb640a373e8,28,1.0,3.367881961702075e-05,1.8140549394407088,6.135275230113053,0.23049358745807216,3
0,entropy,360ffcf944eed8b1c494,45,0.0,1.775200045347882e-08,0.17039849152826453,1.1857772793850667,0.021535726501054692,3
0,entropy,9f2103af7b276f833477,24,1.0,0.00047329863037831414,1.9407782341153257,6.9641686158674165,0.11641253221455274,3
0,entropy,1a5ce236777a6493d1bf,37,0.0,1.0847503267560946e-11,0.001862335339356632,1.0018640705628368,-0.0,1
0,entropy,db3a5f3ccb2bc313172c,14,1.0,0.0018378150334426074,1.928363744137119,6.87824645778534,-0.0,1
0,entropy,a5dfa2cb2cd841c546dd,2,1.0,0.13197709187971265,1.474320375954651,4.368066121153076,-0.0,1
0,entropy,b02695d5bdac14066eee,32,1.0,3.4798783016118315e-05,1.9102009754987646,6.7544461403124245,0.07462528945170852,2
0,entropy,bd44ab262620253ffba5,30,1.0,0.0002029626915208633,2.135465829076716,8.4609869627458,-0.0,1
0,entropy,4a91b91d738b1867955f,7,1.0,0.015008136074457947,1.3548051175228553,3.8760055174679713,-0.0,1
0,entropy,b07b916de5f8b78101db,47,0.0,4.776298437487376e-12,0.0069905723299634685,1.0070150634163564,-0.0,1
0,entropy,47160869ae64afc13221,48,0.0,5.383762601976585e-08,1.9914606367876893,7.326226907543915,0.6288780288431775,2
0,entropy,cd31284b297a778aa92c,4,1.0,0.0018091735325407885,0.1116585808462894,1.1181310441141967,-0.0,1
0,entropy,23c44349c0f6271a5288,102,0.0,3.2918022170353095e-10,2.0216592496959813,7.550843279675186,0.5647487219135836,2
0,entropy,feebc95648fd587f735e,28,1.0,1.6032214484106124e-06,1.340320429954094,3.8202674373832113,-0.0,1
0,entropy,29fbb3ded159e2837076,31,1.0,0.0025433354625215565,2.8603045717942015,17.466846035151143,-0.0,1
0,entropy,d2a5f63d4cda7d9470ee,11,1.0,0.0021795256254710537,1.2858599385737421,3.6177776865215847,-0.0,1
0,entropy,d15832281cf04c100401,7,1.0,0.018767771919962754,1.3602240903172473,3.897066498822116,-0.0,1
0,entropy,571c0af8675223f6dd19,62,0.0,1.3251453103895577e-07,1.8401552786101945,6.297516054650118,-0.0,1
0,entropy,d31127c2e506f3c499d8,26,1.0,9.724913368081233e-06,1.513134436571423,4.540941804985821,-0.0,1
0,entropy,be302f7153059295ca43,26,1.0,0.000904604417120926,2.265694955086053,9.637820126411441,0.17986336976477735,2
0,entropy,e6f8ea089bcbf05f931e,110,0.0,1.0103472693853587e-17,0.005017084478280404,1.0050296911206573,-0.0,1
0,entropy,83d8ebe9c21baf573178,19,1.0,0.0005456512175212188,1.75410275564969,5.778260903423746,0.09999732335645392,3
0,entropy,c32e25a7d4069709d28b,30,1.0,1.63601828332751e-10,0.001698730585912394,1.0017001742460616,-0.0,1
0,entropy,300cf3812169f279cd5a,109,0.0,3.027630069388227e-08,2.2355660772538486,9.351774180768759,-0.0,1
0,entropy,50336e8ae225738039fe,8,1.0,0.014002711756161917,1.4670103910718035,4.3362520457130636,0.0031697263376642224,3
0,entropy,b821b3331f776d8bf887,97,0.0,3.648823357252086e-09,1.6677349864512576,5.300149281336173,-0.0,1
0,entropy,85766add2ca3abd7de29,2,1.0,0.24704109193357335,1.343023239917713,3.830606860730601,-0.0,1
0,entropy,7b5ecadc1371bbcca841,33,0.0,7.4688102464899676e-06,0.7600115180630169,2.1383008494389126,-0.0,1
0,entropy,e5d586ca55ffc42da51a,56,0.0,2.762318733392511e-07,1.5739406447707864,4.825626856369282,-0.0,1
0,entropy,dbf75f0ea3196a5b8b00,13,1.0,8.67592608570422e-05,0.29375094480866043,1.3414497670310663,-0.0,1
0,entropy,715dc08311a316786a07,2,1.0,0.4244028182949265,1.2400733036980278,3.4558667832930765,-0.0,1
0,entropy,23ab437e39cde13786f1,30,1.0,6.754265486068074e-06,1.9153292355026068,6.78917366608424,-0.0,1
0,entropy,e74a8a512043cb5b5d1f,96,0.0,2.7591340575127314e-10,1.3421710670333653,3.827343911928998,-0.0,1
0,entropy,3beae05d3e898ccb72df,47,0.0,7.845939337954983e-06,1.6476760798285954,5.194893271262478,-0.0,1
0,entropy,b71999890875cc0fa3f4,9,1.0,0.005855422874134812,1.5617264048415604,4.7670439930291595,-0.0,1
0,entropy,1a9c9f88a4446cfa87ac,30,1.0,0.00022282597405289434,2.018975861691554,7.5306085982876185,0.09699884477947729,3
0,entropy,f70105e866c214417a02,75,0.0,3.6989499219312525e-07,2.2131950811513965,9.144888425357495,-0.0,1
0,entropy,fd53e254927807335a20,3,1.0,0.0015476142566715038,0.04383318784133683,1.044808053664246,6.560132761099427e-06,2
0,entropy,f0a74700dfc5bab4258f,4,1.0,0.052197017667900754,1.5038011968577907,4.498757271995411,0.0016187680454384519,2
0,entropy,9322090e26b810a7fdb0,59,0.0,3.581665588141413e-07,1.979520207682054,7.239268806224703,0.6240118657945011,2
0,entropy,289802620d8f8496057c,17,1.0,0.0029958859106922454,1.931479824360142,6.899713053989494,-0.0,1
0,entropy,7840c5631f4605dcf991,25,1.0,4.1045776868109194e-10,0.0033590698876559823,1.0033647178851466,0.006558316907020305,3
0,entropy,a9eb854227232bc76563,32,1.0,0.00015642585582882143,1.6192404392065647,5.049253644550995,-0.0,1
0,entropy,0c2c932ba902d005ba0d,7,1.0,0.01274642640694662,1.4069059707720892,4.0833019834556525,-0.0,1
0,entropy,bd43fb7d21dad17f3f3f,26,1.0,0.0006182418339441709,2.5263874472569414,12.508237750087652,-0.0,1
0,entropy,c11f5e113fddb86950d5,62,0.0,8.843334078673693e-07,1.7843043479700327,5.955435595374944,0.5136067472811443,2
0,entropy,cf3baddb617eed0396b0,4,1.0,3.570138018619647e-05,0.003814349132247154,1.0038216330200511,-0.0,1
0,entropy,950b439aa8892f2cc982,6,1.0,0.03340158128829214,1.5939775653336423,4.923292752721079,0.008151503051082885,2
0,entropy,d4095ac50f9f8942c966,12,1.0,0.022460686466324584,2.8559846657849888,17.39155364711126,-0.0,1
0,entropy,82da3ab878cd503cabcd,9,1.0,4.0850505891605196e-07,0.0028704181012671956,1.0028745416958416,-0.0,1
0,entropy,3bd96be610366f02d8ed,7,1.0,0.013750703795160297,1.983590213753764,7.268792714709015,-0.0,1
0,entropy,0275f98eede9fed5cca3,4,1.0,0.06954611390745549,1.7212140378175287,5.591312410174956,-0.0,1
0,entropy,6565f139671bd035843f,6,1.0,0.033886514367383776,1.8168280694288441,6.152312758561105,0.0014571108677317345,2
0,entropy,ed6be4c43d8c18be5b94,37,0.0,0.00014773613339687271,2.0644903593581123,7.881280253237264,0.46499237627871387,3
0,entropy,0090a232de93e6469d04,7,1.0,0.01154271336970903,1.5592667733097656,4.755333229296289,-0.0,1
0,entropy,168978705d57281e8a6b,22,1.0,4.819601570436396e-10,0.0018720510706807557,1.0018738044522557,0.0022465583441608817,3
0,entropy,d38744c3e8e109d43fd9,66,0.0,2.454503273275582e-06,2.177585565013921,8.824973191407716,-0.0,1
0,entropy,78f2c06d7a156823dac6,41,0.0,2.534101221474801e-09,1.068215200203928,2.9101807719643635,-0.0,1
0,entropy,3d5dae19ee548d12fcc8,31,1.0,8.507746892511189e-05,1.9143680082407417,6.7826508627213045,0.07717867085161775,2
0,entropy,6c3695cb80311d1ab4db,21,1.0,0.0013360401289326405,2.101643411763996,8.17960132591714,-0.0,1
0,entropy,8b4a0e1a3fe4f9df1ca9,23,1.0,0.0004946210007998122,1.9544610736377792,7.060113117162544,-0.0,1
0,entropy,e102c45843bd450b33dd,7,1.0,0.00871675244000676,1.1763131520869192,3.242397911100547,0.2882448602666015,2
0,entropy,0778ba3bda71761df9fb,34,0.0,1.2450652945485887e-05,1.1608804260651622,3.1927430132199994,-0.0,1
0,entropy,a11dcaaa1815d94f2dd2,48,0.0,2.747556429764855e-07,1.367921821687575,3.9271808271652757,0.02844028423372006,3
0,entropy,0ca7148d0b34a678841c,45,0.0,1.831267116304001e-07,1.4135305102277143,4.110441773608305,-0.0,1
0,entropy,985a831879d1d5eb95e4,8,1.0,0.0019761563414691704,1.6411172048631437,5.16093211108643,1.093845678735286e-05,4
0,entropy,a3e17063eacf8f001676,8,1.0,0.025821854413343018,2.286520406965453,9.840636628262098,-0.0,1
0,entropy,726a974f34b3e6a69e08,84,0.0,1.132723514034129e-09,0.44486026843131876,1.560272161323198,-0.0,1
0,entropy,ab2b45ce65a139358d19,27,1.0,0.0006647468381311101,2.0008741430526342,7.395518014893051,-0.0,1
0,entropy,06dd7cc987ed9076c020,31,1.0,0.00017264474405020741,2.172289155784858,8.778356082568274,0.2924197595840455,3
0,entropy,0c5fd49c906130807aeb,60,0.0,7.206708156337249e-08,1.7305192499781095,5.643583578396504,-0.0,1
0,entropy,c8c90e6c24337ea31534,21,1.0,0.0006338011444713755,1.9475889953011516,7.01176179408021,-0.0,1
0,entropy,fe53155ef0a4932dc223,35,0.0,0.0005640617001322805,2.4565831627567234,11.664886351763668,0.7072084931111849,3
0,entropy,ce8f9f818202541af586,73,0.0,2.309404493545907e-11,0.42216517031444556,1.5252604316240352,0.0465561812683232,2
0,entropy,58ca790b7e449d196844,5,1.0,0.046670988323789346,1.6628435411696358,5.274287194199321,-0.0,1
0,entropy,fb177781bc906efa216b,25,1.0,0.002765806583044362,2.6780760818782756,14.557059746355868,0.15301043331566822,3
0,entropy,7f64697c3fca381c3736,46,0.0,9.652266903115666e-07,1.8327027949427377,6.250758365970967,-0.0,1
0,entropy,cf4083c4fcad419610a9,8,1.0,0.0002585926314904693,0.329745484792579,1.3906141509702867,-0.0,1
0,entropy,1062de1df9f08d87354e,33,0.0,1.5772009096917708e-07,1.5409108671336418,4.668841028601679,0.14285853288337544,3
0,entropy,98101c5bcb2ebb0be283,41,0.0,2.0918421425276745e-08,1.7081662896354723,5.518832253527304,-0.0,1
0,entropy,7070cb8adeef0230ceff,34,0.0,4.560844307835915e-05,2.009499172559754,7.459580449045101,0.6481061144331715,2
0,entropy,fe2ad70479f404252943,27,1.0,2.382777002268512e-05,1.8292338781051454,6.229112570465784,-0.0,1
0,entropy,6b58a51742e0ea8ba418,40,0.0,3.8557637182456085e-07,1.481471720987198,4.399415631085903,-0.0,1
0,entropy,555ea7b3858a13cf4068,8,1.0,2.5458485284895754e-06,0.010620812522666464,1.0106774135575025,-0.0,1
0,entropy,8a981c15533807e6c1ca,112,0.0,1.5865134956843144e-14,1.455491754714708,4.28659089867402,-0.0,1
0,entropy,73a84fb21dde1ed62733,32,1.0,5.550295459879503e-09,0.01893045565711459,1.01911077276391,0.014165636856012642,4
0,entropy,6b3d1d3d89381815b4e7,34,0.0,1.524076177765754e-07,1.064442818058382,2.899223139163776,-0.0,1
0,entropy,daa5fcd12d84b4acdfca,32,1.0,0.0004474593960520046,2.446206983849797,11.544475188274125,-0.0,1
0,entropy,ec2c0e335dde0a9d2860,26,1.0,0.001394604296960149,2.179863049653393,8.845094836966767,0.17395908814998345,2
0,entropy,17f2d8aaf54e7894b35b,7,1.0,8.783980448039265e-07,0.003926896628288667,1.0039346169892318,-0.0,1
0,entropy,90e907e4e06212b6f1c2,7,1.0,0.019610998312176824,2.098926315593422,8.15740672855992,-0.0,1
0,entropy,e4436bcc85677b3e8b7e,51,0.0,8.446361731631451e-08,1.6081216521205464,4.993423027885492,0.39347323603787837,3
0,entropy,81e1a72cb45e51f34b7c,37,0.0,4.7287510928944345e-05,1.9553802836855168,7.06660582770322,0.025754603345612526,2
0,entropy,e04eaab9cf897cc95b3f,32,1.0,0.0011398109268066351,2.577959363377491,13.170235055283293,0.14082311967608052,3
0,entropy,e1cf410b0a2f7cec53eb,37,0.0,0.0002867753612852463,2.445794845395379,11.539718246439625,0.07962386408869584,2
0,entropy,2d71bc0ef4c8625fd71d,32,1.0,1.6866454310165353e-07,1.3803598561845603,3.9763322778271672,-0.0,1
0,entropy,c1f659171db6051bb24d,36,0.0,1.8782734709914602e-05,2.0043721937819545,7.42143321199017,-0.0,1
0,entropy,ea74450ff2b16ddb2a72,22,1.0,5.6778820646832596e-11,0.0008287095137592987,1.0008290529883621,0.003615871500229319,3
0,entropy,83e968762fc9bd27ec91,72,0.0,1.643269021779123e-07,2.079690841150439,8.001994644386388,-0.0,1
0,entropy,c4db4640c8e2068a365b,5,1.0,0.03194010120951877,1.6359407510339619,5.1342858104707165,-0.0,1
0,entropy,0fd4a40dd83ef307ddf5,72,0.0,7.222079351575206e-11,1.5680248810370632,4.7971638612053145,-0.0,1
0,entropy,55b6b62ac3d6768d8185,72,0.0,5.847941141301938e-10,0.08238282020210584,1.0858714237896794,-0.0,1
0,entropy,b96f18a9ffed7689f215,11,1.0,0.0025310829983883694,1.8847630977261618,6.5847943044788115,0.010738955608996766,4
0,entropy,7583516b19c42e7d16a0,24,1.0,8.827424568373686e-10,0.009178884939261918,1.0092211400897293,0.0014516578700193377,3
0,entropy,bdee65fe34d9b0e768f6,16,1.0,0.0013848603310134932,1.6785385417639052,5.357720162405026,-0.0,1
0,entropy,548f255842c96101ae5c,7,1.0,0.011043612437989934,1.0703559251895394,2.9164173416641486,-0.0,1
0,entropy,af582908a5a3922600a0,88,0.0,1.2759860014357622e-09,1.5843022526814696,4.87588805350557,-0.0,1
0,entropy,a6516c31578a88b71242,27,1.0,1.0445117816207485e-05,1.624651287414573,5.076648437280921,-0.0,1
0,entropy,6bcdd31e916c525ef8ee,11,1.0,0.006537721762603889,1.6492577536504478,5.20311639939589,-0.0,1
0,entropy,7944d479dd21b97b5adf,33,0.0,0.0003236830651405938,2.204159755271332,9.062633537741851,0.2456293605365685,3
0,entropy,e69e45e86980938697e7,5,1.0,0.05219941602054748,2.561604122207586,12.956584599549734,0.07629748974587865,2
0,entropy,ea80ead46a8ac55d4f26,19,1.0,8.433972146205872e-05,1.54380935070912,4.682393218551695,-0.0,1
0,entropy,91d6a5a04567a3892e7f,40,0.0,3.6795950842847197e-07,0.544716304355247,1.724119187883905,0.02160996486898837,3
0,entropy,7164c245e901b9fad54d,3,1.0,0.09885873955567374,1.7907038126985106,5.9936694028787345,-0.0,1
0,entropy,eb68cd553cf29d146e56,76,0.0,0.00013626307823605985,3.1277900331164705,22.823484621759967,-0.0,1
0,entropy,97607421b8607b8f06bb,95,0.0,9.531707335615967e-07,2.34020150212429,10.383328614721375,-0.0,1
0,entropy,485a8e227e846366239a,78,0.0,4.1869410813159565e-08,1.9931478554339237,7.33859828786584,-0.0,1
0,entropy,6d53845726102912264d,21,1.0,0.0022305265915174032,2.272248590978271,9.701190316076312,0.06463060079955613,3
0,entropy,42932f35bb872625d11b,57,0.0,7.042484004320411e-09,1.5862674771138916,4.88547968960989,0.6625384973463864,2
0,entropy,40e49aa33c666df54a5e,34,0.0,1.5282427953174335e-10,0.003960246241161923,1.0039680983783512,0.020038328189915446,3
0,entropy,b93ca1bed4aab9c45cfb,65,0.0,6.525048126770733e-09,1.7833283083774725,5.949625690252865,-0.0,1
0,entropy,9f4741e042db6167d5c6,121,0.0,1.0917659324999356e-08,3.3790248389794226,29.34214384252331,-0.0,1
0,entropy,eec6e7bd245e7cdf2257,42,0.0,1.3605504462609727e-05,1.7681533233605358,5.860021797902203,-0.0,1
0,entropy,7b6bf458ff2123f8d3cf,7,1.0,0.010644301173729241,1.244404241700561,3.4708663858051523,-0.0,1
0,entropy,8703c6a1add4701870dd,29,1.0,1.9548955034846735e-06,1.6468159355101235,5.190426834495611,-0.0,1
0,entropy,69d5e7bf846669b6644b,35,0.0,9.371120840233677e-06,2.1337426174764116,8.4464194469225,-0.0,1
0,entropy,74d5add664872eeb8da4,72,0.0,1.477795892214736e-09,1.4022494299442652,4.064332122301372,-0.0,1
0,entropy,d2d3f7a76ae386833fa7,72,0.0,1.04514482219933e-06,2.45027193770864,11.591498456195783,-0.0,1
0,entropy,4bde3657d7d5da03db26,72,0.0,1.437868380496773e-07,1.7333330157103533,5.659485662354139,-0.0,1
0,entropy,512deda84a719f7419ea,27,1.0,1.1330187832968557e-08,0.02123964478311417,1.0214668115011456,0.03696049622830523,3
0,entropy,8b5f228e369b54cb8a20,58,0.0,1.8704910456573058e-08,1.846383860068534,6.336863057180667,-0.0,1
0,entropy,6e272a14fcc60243c326,42,0.0,9.56785043848177e-07,2.125413551083472,8.376360825039288,-0.0,1
0,entropy,482b7bc2470792b3eef9,38,0.0,4.796240591085527e-11,0.0036046911832360363,1.003611195895978,-0.0,1
0,entropy,ddff56e2c6de482b0bc9,26,1.0,1.0082799091892867e-10,0.002528183146323965,1.0025313816962733,0.018258580574731897,3
0,entropy,f6aff5eee5f19ae4b4d0,23,1.0,5.786726636198877e-10,0.002285773586358357,1.002288387958377,0.01142628585769703,3
0,entropy,b5e136345ec3f2fa5e2c,5,1.0,0.023377499885449623,1.6494207058763404,5.203964327878791,-0.0,1
0,entropy,bfad15d88596cab73ec0,27,1.0,6.597414176148634e-11,0.001592127167480499,1.001593395274846,0.007643505555989084,3
0,entropy,3948de97d50c5d6cc37e,53,0.0,4.395977110143264e-12,0.03417697401186336,1.0347677175190304,-0.0,1
0,entropy,c921e5415ee91b176f8e,29,1.0,1.7545875854243507e-05,1.2791435535392004,3.5935607148976474,-0.0,1
0,entropy,3ee93a31437e17150d27,56,0.0,2.9322898212164854e-07,2.101538340769271,8.17874193221884,-0.0,1
0,entropy,ecd2d2239d4a48dcf080,26,1.0,0.00019981314989522941,1.9514807483757233,7.039103007718033,0.3578070512713393,4
0,entropy,a73734d1bd43f1e18f46,63,0.0,4.601769472757922e-14,0.009151075379289988,1.0091930744841568,-0.0,1
0,entropy,5117857e9b4fe47b12ee,90,0.0,2.1203727390527365e-11,1.3511029151867313,3.861682290887694,-0.0,1
0,entropy,b399be817650c526ba66,93,0.0,5.2995457864646686e-09,2.0072573145427604,7.44287586046625,-0.0,1
0,entropy,3d5cf849838e9593e5af,67,0.0,4.265823614871351e-15,0.0033633439582448537,1.0033690063459417,-0.0,1
0,entropy,4c7e6b2e59b287c66e4f,1,1.0,0.27944396423225953,1.8518684488203865,6.371713628190193,-0.0,1
0,entropy,dcb7176abba1f89a660f,106,0.0,2.9889322997927985e-10,1.7746158583701732,5.898015027988015,-0.0,1
0,entropy,57185b25b522b0f4ff22,63,0.0,3.6112372165042202e-06,2.5855441337435083,13.270508056975455,-0.0,1
0,entropy,19350220f29d27ced781,12,1.0,0.005505755692830504,2.0599073106614836,7.845242606269262,-0.0,1
0,entropy,425c82979a29a4f46031,55,0.0,9.709676283781904e-08,1.5719551244511836,4.816054981911349,-0.0,1
0,entropy,e067cd26286f3c9a543f,3,1.0,0.13436282405126507,2.09068880639936,8.090486024010163,-0.0,1
0,entropy,534f520648bbbab541aa,73,0.0,8.588714383588395e-15,0.003663779444231687,1.003670499288309,-0.0,1
0,entropy,69dc92bc496291df0a7d,6,1.0,0.025691704911051466,1.601054090606773,4.958256121990321,0.19687800929140514,5
0,entropy,052ab7b30e358b2a1dcd,15,1.0,4.141897413680228e-08,0.008547312158957125,1.0085839447271443,-0.0,1
0,entropy,9adc6f692292aab62be7,107,0.0,1.3588061964894812e-07,2.179935564301741,8.845736259164445,-0.0,1
0,entropy,467c7bab7dd29718f744,81,0.0,1.6970899115975696e-08,1.876720389932101,6.532047127399607,-0.0,1
0,entropy,6fcb0cb47b1bbcea5e76,14,1.0,0.006266759971435434,2.3473321354213357,10.457632927038372,-0.0,1
0,entropy,7ff999fa12e6fbc53ffc,10,1.0,0.007465243800915506,2.0657187189600177,7.890967247850026,-0.0,1
0,entropy,ca787c996fa5e4d0adf7,22,1.0,2.550523190455081e-10,0.0027881580340177767,1.0027920485615907,-0.0,1
0,entropy,b046b55c4b9b1c55fd8c,7,1.0,0.056905679024306925,2.242290604068363,9.414872351911644,-0.0,1
0,entropy,b9204dc01c2dc1629b4c,77,0.0,1.1342549921527257e-09,0.3713452143924333,1.4496834386025161,0.20376666615736672,2
0,entropy,8fa8ffcff3457eee9086,80,0.0,2.2918243255634757e-07,2.379363364488749,10.798026268247227,0.6935106726279106,3
0,entropy,8c5d84b6536eb7926956,1,1.0,0.4907599397160871,1.5596982210752333,4.757385349851704,0.1182892134782556,2
0,entropy,1c449e20ff612dc5bc79,57,0.0,8.644142191707678e-10,0.2977057729346131,1.346765474725992,-0.0,1
0,entropy,634371a54d39e2c8df0e,51,0.0,3.6749051369478766e-06,2.1616507437694565,8.685463305660628,0.03447795832568024,2
0,entropy,a2f2f7c562a1b45e6774,5,1.0,0.013499527887567473,1.450760671035936,4.266358576578738,-0.0,1
0,entropy,bbc470c61a4ceafdc153,37,0.0,4.626028574251041e-11,0.004027601035348945,1.004035722720374,-0.0,1
0,entropy,18bd447a049abd1b359f,119,0.0,6.670685500072379e-14,1.6209008587739147,5.0576444883357325,-0.0,1
0,entropy,8e84d7bb391741fe291f,11,1.0,0.0009928537784181482,0.6491537941532544,1.9139205727965307,0.2158518691370947,3
0,entropy,6652e08ca13e7ba7369e,113,0.0,3.2804327400903457e-15,0.049244341924964755,1.050476994955359,-0.0,1
0,entropy,6670a54cd7b545ec4e45,108,0.0,8.319489737319033e-10,1.4570526062247415,4.293286854888374,-0.0,1
0,entropy,7f74f09e8b15b0e2be24,42,0.0,9.084254312521298e-06,1.8164810697734142,6.150178278507126,0.10897452055776702,3
0,entropy,204b463e708b9c74b6fa,75,0.0,3.4650782037401016e-10,1.5560217055812111,4.739926861768098,-0.0,1
0,entropy,166e6f5a385bcaa39daf,5,1.0,2.3779612060000925e-05,0.004643852538019827,1.0046546519316766,-0.0,1
0,entropy,80d21b56e58f999cea78,73,0.0,2.8411688639121396e-10,1.5657938852440991,4.786473338502592,-0.0,1
0,entropy,3509a3e96a94d669c72a,18,1.0,0.00032909551247845535,1.627070165062938,5.088943092353004,0.0031733124870779047,2
0,entropy,adc9d5a15c17c341dd3a,2,1.0,0.0012062667797948768,0.024989592052467882,1.0253044491539842,-0.0,1
0,entropy,4447a5a2ab589825a0bc,72,0.0,3.562605287814426e-07,2.07725079192041,7.9824931854513,0.8042230171822785,3
0,entropy,f26856e00e320cb81c9b,8,1.0,0.004656803761941109,1.7916176446714183,5.999149112999942,-0.0,1
0,entropy,e634e7d94ed583649891,56,0.0,8.501624226979215e-08,2.0620169540852915,7.8618107410251845,0.73995648854567,3
0,entropy,c4ae41293505733a5131,86,0.0,4.3323953295301454e-10,1.4691847129455373,4.345690711015714,0.6781838091040944,3
0,entropy,cc5a48f8f1012e46f9f8,27,1.0,2.9142372113913125e-10,0.0033723760164010453,1.0033780688740856,0.0063868616137280326,3
0,entropy,910a96b440ccbae7669b,88,0.0,2.8719558769849426e-08,1.6529083956961819,5.2221458285754485,0.3019047706891501,2
0,entropy,1e1c4c50d7ed6b0b8212,52,0.0,4.1548891325248904e-10,1.179185124627037,3.2517233736917297,-0.0,1
0,entropy,353f41817b0e1e5ba521,74,0.0,5.495902511975836e-07,1.9257332329262908,6.860176929834695,0.7534550175714002,3
0,entropy,304d5c8aa2fbe373b3e9,20,1.0,0.002548060841951795,2.220817014879291,9.214856466043265,-0.0,1
0,entropy,371dea23c895a8dba3dc,66,0.0,1.984105233526241e-10,0.09362158296973802,1.0981441108472128,-0.0,1
0,entropy,b9f875570dc1e530a972,6,1.0,0.04871011493584022,2.2166875302293922,9.176882318508673,-0.0,1
0,entropy,1916fb82806608853146,91,0.0,1.8951472112639975e-09,1.7649461599509926,5.841257856010434,0.012341301513127465,2
0,entropy,eb502cc7a3d71606b508,30,1.0,4.9349600260222405e-05,2.006774000630877,7.439279484177821,0.4437276961177957,3
0,entropy,52026f55866815898217,18,1.0,0.001362072497805387,1.8739728809660006,6.514124901362733,0.1795611421811718,2
0,entropy,ad1ac1cb2d50bef19a59,32,1.0,1.964909581957637e-06,1.8471905974898575,6.341977304392627,-0.0,1
0,entropy,82efabdc004ef00fcd39,25,1.0,0.0018776572460402145,2.4970353300981833,12.14643037226109,0.24352993192255978,2
0,entropy,0e0c81052e0499aa711a,6,1.0,4.862922187605944e-06,0.003954391872565682,1.003962220796249,-0.0,1
0,entropy,18dddc8b3865ae4a3526,95,0.0,1.3861386300572422e-09,1.8391881548816096,6.291428521615831,-0.0,1
0,entropy,376363ef9ac0bf255417,12,1.0,0.011501079799570421,2.261498335701494,9.597458613833023,0.18647303840295582,2
0,entropy,58a5ab5d102026b20da4,7,1.0,0.007588641564141342,1.581369790421274,4.861610640023185,-0.0,1
0,entropy,bf01bcc9a3f2c2398d47,6,1.0,0.007635207806816947,0.7751838592867354,2.170991247393594,-0.0,1
0,entropy,d01d65fe0d3697b272b6,89,0.0,1.5743247913350034e-12,1.5254659095423528,4.597284989359391,-0.0,1
0,entropy,15ab8652628105a6fedf,45,0.0,9.829897826490198e-12,0.00220506590989958,1.002207498855673,-0.0,1
0,entropy,1c9d7a03f6a547b885e3,52,0.0,1.0240116247994798e-07,0.2663163374600796,1.305147860550374,0.1082754037099747,3
0,entropy,c4ef24f33950819e8a20,28,1.0,0.0002631772828161554,1.95218091181336,7.044033256066199,0.01779811229612739,2
0,entropy,3b861f9b9ca6c638e8fa,99,0.0,1.8168845189253143e-08,1.9953986809106243,7.355134795270062,0.06554705836633178,2
0,entropy,1bacd95a3f74e1e0de81,26,1.0,0.00048052051759973457,2.286238203961558,9.83785996285545,-0.0,1
0,entropy,e0596c956d622647e893,81,0.0,1.437486267059478e-07,2.1344224965258483,8.452163943107243,-0.0,1
0,entropy,474d230ca39bc9382334,51,0.0,4.802094879323347e-06,1.2442502589767361,3.4703319734912217,-0.0,1
0,entropy,49008f87a19b3410da5d,62,0.0,1.5396649914807216e-07,1.6700283962249949,5.312318644834888,-0.0,1
0,entropy,4d5cb4557f81a98df011,96,0.0,9.863283646926293e-08,2.6516667574979387,14.177649666871543,0.011389777289639556,2
0,entropy,d84f12c9f417d2cf9a51,18,1.0,0.0005063769281760227,2.0115287960499146,7.474735963542742,0.40843033720072164,3
0,entropy,8bc553dfe39d0fb3eb58,85,0.0,9.209837176179545e-12,1.6777308746214852,5.353394654891853,-0.0,1
0,entropy,627cfbc46552bafc42c4,114,0.0,1.6852716456356603e-11,1.3979457784788525,4.046878238063757,-0.0,1
0,entropy,cbafad76671fe9cc53f5,25,1.0,0.00019489405385051482,1.8498816244788145,6.359066720208765,0.24024963482530387,3
0,entropy,55bb9264b57c8aa8ab5d,84,0.0,2.1730271405044626e-07,2.0218921455045598,7.552602044222751,-0.0,1
0,entropy,72e460b19506cdb1190e,42,0.0,1.655720310638738e-05,2.0907338760315564,8.090850667456667,-0.0,1
0,entropy,37505bd5b446881d6911,84,0.0,3.322050814573141e-07,2.4088147051449984,11.12077193629907,-0.0,1
0,entropy,f0ac5208e3e46a39313d,47,0.0,3.496377471512508e-05,2.188556272321322,8.922322407784419,0.02111147083198043,2
0,entropy,6d4a145028559d98d41b,3,1.0,0.12610819178229804,1.9897319662404904,7.313573215050599,-0.0,1
0,entropy,7849316ada5e1e188377,26,1.0,3.620893568172227e-11,0.003184644980627368,1.0031897213498344,-0.0,1
0,entropy,6891723c461ee25d0c88,14,1.0,0.0011017986637335512,1.4166538583641235,4.123300184455362,0.06983117211747178,2
0,entropy,3e715b5c69591c6d0f9d,2,1.0,0.1343175060969397,1.2313312784790913,3.425787178615813,-0.0,1
0,entropy,831eb67ae9ad380e3ef7,92,0.0,6.498835428122067e-12,1.4670411967902655,4.336385629130319,-0.0,1
0,entropy,5b6b6d05eabcab57c0a7,88,0.0,1.0854802825875798e-08,1.9476925043110684,7.012487612164996,0.0702600132729874,2
0,entropy,4e50e7376a97e4742b6a,107,0.0,1.296202428994874e-07,2.2738895029846575,9.717122183563689,-0.0,1
0,entropy,379ff263dc0c30a5bd6a,35,0.0,0.000400148501652194,2.0074390890467146,7.444228908504872,0.709725431566612,3
0,entropy,4071e9934caedd2975c1,100,0.0,2.21607982794857e-08,2.2024264630523085,9.046938951128723,-0.0,1
0,entropy,334af5847cbabc9d6832,29,1.0,0.00032040733521407274,2.119811395074291,8.329566342288294,-0.0,1
0,entropy,836b2b23b614762424ad,101,0.0,9.515842783901993e-11,1.8298328282556,6.2328446159200865,-0.0,1
0,entropy,5cb3625e015164f0aa3f,30,1.0,5.996349105843638e-07,1.2014333020978825,3.324879065266299,-0.0,1
0,entropy,4ea0efede6677639fb38,76,0.0,1.3592764864304125e-05,2.4034267603532102,11.061014959272558,0.5872523174800182,2
0,entropy,940cb52ef095b94849b5,57,0.0,3.8779341555802496e-10,1.3875248445862038,4.004924963286798,-0.0,1
0,entropy,4a6cf8a85b6f265bf091,108,0.0,3.5616544589843726e-14,1.5832855787348612,4.870933384223352,-0.0,1
0,entropy,a1794f5349fba1ec3252,8,1.0,0.01127057156871279,1.4012632360760235,4.06032587867501,0.0025238312890696227,3
0,entropy,d40dc07408c3c6b715bd,17,1.0,0.002475898875939236,1.946380137823911,7.003290694614365,-0.0,1
0,entropy,1f6abb906a0ad190c3cf,43,0.0,1.723533373899365e-05,2.099984604566335,8.166044191808227,0.012657302446824613,2
0,entropy,75a63811aff753f61d7d,24,1.0,0.00014347881120362784,1.6733821074715136,5.330164535875284,-0.0,1
0,entropy,be02b56bcd01579bc1b2,106,0.0,7.456002849616171e-12,1.6733977095991208,5.330247698431294,-0.0,1
0,entropy,dd32d909f28437c19930,34,0.0,0.000419905919029984,2.2969719864884817,9.944026175427483,-0.0,1
0,entropy,9e3c3213f8ee2b569dd5,61,0.0,1.8148695269220025e-05,1.822019610804465,6.184335797344359,-0.0,1
0,entropy,ebd8017ffdc0f0612110,3,1.0,0.05973881830656941,1.2338608413764611,3.434463892276967,0.0011031962793839024,2
0,entropy,e2ef2ceca6cfc68e940f,12,1.0,0.005806635735036278,2.1170567109933054,8.306652593043486,-0.0,1
0,entropy,e2e855ae712c8bb184d3,5,1.0,0.037949999480240346,1.41476659375106,4.115525764429658,-0.0,1
0,entropy,c4157f898ae834d540dc,45,0.0,1.3498890185962375e-06,1.783231712791789,5.9490510104309315,0.5898339831380334,3
0,entropy,3818a84ffe39208bdd64,4,1.0,0.056912350030665845,1.4327972605670973,4.190404466113046,0.0007185058497715428,2
0,entropy,77c9b1c09ce9c8682fa4,9,1.0,0.0011388460658354727,0.5951596538780963,1.8133204254893578,-0.0,1
0,entropy,b6194697b0598a2068dc,14,1.0,3.88103539331176e-09,0.0020811085578908727,1.0020832755673057,-0.0,1
0,entropy,7931e1b452ad33af04c7,11,1.0,0.006389247907346666,1.9336204695038133,6.914498711007585,-0.0,1
0,entropy,db7333a5f663c6f7c83a,69,0.0,1.8551630388323079e-07,2.1194923459336925,8.326909225203229,0.7163596298792881,3
0,entropy,01a8c7fbd73ac81f0c42,6,1.0,2.0245366278255063e-06,0.0020059314190066456,1.0020079446453418,-0.0,1
0,entropy,cd5dee5529f7b13ad12e,71,0.0,1.4076639422266815e-10,1.6197261234152274,5.051706582940188,-0.0,1
0,entropy,d7b0c3162feac7140536,83,0.0,2.372179403168061e-08,1.7218448141831297,5.594840390462302,-0.0,1
0,entropy,6f18f6aa1ab30df5993b,10,1.0,0.029426062374429192,2.4460464614787303,11.542622190471965,-0.0,1
0,entropy,9cd36733fe55e7254545,87,0.0,9.860163153390762e-09,1.7990715679000595,6.0440333840631375,-0.0,1
0,entropy,8f5db82e15f798ab850f,19,1.0,4.89679495120079e-06,1.049079846298506,2.8550228492004033,-0.0,1
0,entropy,1b5bd329e27453251f53,85,0.0,2.5496461183777847e-10,0.7487747639281328,2.1144077802032446,-0.0,1
0,entropy,f0e163289a1a41cf0db4,61,0.0,1.9913046207795617e-05,1.961158898943221,7.107559236996296,-0.0,1
0,entropy,ba91d716a19191298219,80,0.0,2.2948361632828828e-06,2.2207379894079002,9.214128286439985,-0.0,1
0,entropy,3cbab136a6cf8058d08b,28,1.0,1.4858558025308625e-06,1.4502377986142405,4.264128398438114,-0.0,1
0,entropy,177786251dc02d4bc7a6,89,0.0,1.1123802309932056e-06,1.9189315548929533,6.81367454152029,0.6701307898812672,3
0,entropy,ced5f4bd566fc0036b89,69,0.0,1.1049496756894343e-09,1.8277593225003212,6.219934166308631,-0.0,1
0,entropy,ba76632d3e38aa272bdb,48,0.0,7.316090878559512e-07,1.8564125786727943,6.400733407185017,0.7924075046324991,3
0,entropy,429f24d8c2925f6f2ed3,29,1.0,0.0020058608864035794,2.5311210951258083,12.56758770312274,-0.0,1
0,entropy,289524951137076b4c47,108,0.0,1.5487909683965566e-16,0.015098912891025412,1.0152134773496329,-0.0,1
0,entropy,89888ae30b16266253e8,38,0.0,0.0003245009721376791,2.44148014553587,11.490035086781685,0.7529463890490719,3
0,entropy,572a1c5c103f4f08ff18,26,1.0,0.0007835093838722304,2.3508138218267076,10.494106583504857,-0.0,1
0,entropy,b7bfb7bd45105555f608,6,1.0,0.026776676712878384,2.1908474347299705,8.942788333910412,-0.0,1
0,entropy,7c40274f959bc7b2d0c2,15,1.0,0.0037919111907334046,1.9965342087783706,7.363491499538466,-0.0,1
0,entropy,391ea258fa7f454044d6,29,1.0,1.1310193124791661e-07,1.1334662217792835,3.106405350293894,0.13205765934612712,3
0,entropy,422620b26977786f0b49,2,1.0,0.2675586386797252,2.0326789626712225,7.634511558869207,-0.0,1
0,entropy,b63a9b2d40aaa1015b2e,10,1.0,0.004329054604768911,1.1716600644545474,3.2273457960444314,0.0071264687676448,2
0,entropy,5a29ae82756007edf3bd,49,0.0,6.737504492478481e-06,1.9064662516468485,6.729267196673065,0.0028683173948752926,2
0,entropy,70dfb260ed2776ceaa2c,52,0.0,1.7632905026887416e-07,1.8214747306731807,6.180966993523678,0.6312650402910769,2
0,entropy,1681a3726a5863abe7e9,49,0.0,2.0447101147022547e-05,1.8775823310076156,6.537679794290661,-0.0,1
0,entropy,db3a9dcac609d4c8afa1,34,0.0,5.106241617172532e-05,1.8634194882595394,6.445740262801234,0.43222408890770314,3
0,entropy,b8776c46b6cf9a2bea75,22,1.0,3.6261133344761285e-08,0.026841109404270178,1.0272045766491653,0.09460295473308591,3
0,entropy,f5ebd7f19b65fcee959f,2,1.0,0.2507409334540133,1.1772273173544487,3.245363353900273,-0.0,1
0,entropy,28b2151e6de8325245cd,39,0.0,7.719400412197604e-12,0.0019921331829966527,1.001994118798624,-0.0,1
0,entropy,9768ffa1b345cc699e06,1,1.0,0.49400634583935166,1.1063621715705165,3.0233399729179706,-0.0,1
0,entropy,3be8f03bdf09ead05f4e,75,0.0,9.066226382627618e-07,2.508629230780466,12.28807439638705,-0.0,1
0,entropy,3b79a778854f7b2ed892,47,0.0,1.5902907008807e-05,1.6730173657238152,5.328220756857176,-0.0,1
0,entropy,0ddca1a8369702e2e9d2,91,0.0,2.94161379545627e-09,1.804140944892194,6.074750660785425,-0.0,1
0,entropy,b6a00d6a348e82948063,63,0.0,1.886241600078656e-09,0.1989669791767956,1.22014167515212,0.007224455672056186,3
0,entropy,59b599300c75e5e139b9,38,0.0,2.2463682597854794e-06,1.3261411321435599,3.7664809560966366,0.10212535852658261,2
0,entropy,2b4e8a111fbbefdeda5a,4,1.0,0.06919881911182667,2.1789238261427473,8.836791216030413,-0.0,1
0,entropy,612fb8503649bab35597,103,0.0,2.6577037677288847e-08,2.471672128148287,11.842232034879558,-0.0,1
0,entropy,2fd80e0728994c09734c,96,0.0,1.1004454149993559e-11,1.5559556771368885,4.739613902103447,-0.0,1
0,entropy,1f4c8775893e4ffa5c63,76,0.0,8.71256586211761e-09,1.893314591982149,6.64134558952166,-0.0,1
0,entropy,9e2e4aa1630181d7a2f3,41,0.0,7.439206241265941e-07,1.6817782662967404,5.375105847063382,-0.0,1
0,entropy,bea63064500a69348d19,27,1.0,1.9173045111885916e-10,0.0021992440009647144,1.0022016641118656,0.004261773919797644,3
0,entropy,ca6dc7dffa5ec8f05c56,6,1.0,0.000992125046206922,0.36971637462262996,1.4473240586117186,-0.0,1
0,entropy,5f48a4ee45622847740b,29,1.0,3.328390089246989e-07,1.2735157531608772,3.5733936738152816,-0.0,1
0,entropy,93b98a9087f68c46f0df,27,1.0,8.662422931603892e-06,1.538908079829733,4.659499690544722,-0.0,1
0,entropy,bdea88a12f267cc56149,56,0.0,1.8761868263568874e-07,1.8351754166916174,6.266233250937954,0.9347211564190498,3
0,entropy,07d650338d32a0e0c373,25,1.0,2.5408206347198607e-06,1.6349554547129495,5.129229508937341,-0.0,1
0,entropy,df14879810ae64f725d4,6,1.0,7.790188197426332e-07,0.0010779018212824965,1.0010784829662376,-0.0,1
0,entropy,27d2affe59f9cb0e38f4,105,0.0,1.0779780625697035e-06,2.6582494428330725,14.271284519693358,-0.0,1
0,entropy,a8d148da1f7acf8c0b2c,21,1.0,0.0004428486535753279,1.9500521966380853,7.0290544640261095,0.12051531097217963,3
0,entropy,40d494b8510a649df932,23,1.0,5.82135134535e-05,1.8132294005510565,6.130212411876079,-0.0,1
0,entropy,36beee8e0d2453749728,15,1.0,0.009584291587949021,2.3209192188030934,10.185032277582389,-0.0,1
0,entropy,87a0fc3697da3a6dfb5e,102,0.0,7.670597706378115e-10,1.6622947204521674,5.271393350290648,-0.0,1
0,entropy,da852f11659b3b1cb031,77,0.0,6.789072275914528e-07,1.8229192950018707,6.189902250182035,0.9528923214060683,3
0,entropy,9d8c87e544ef609c7381,4,1.0,0.04381102190216358,1.272363812630328,3.5692797067884103,-0.0,1
0,entropy,b0763a111f92bee7b7a7,18,1.0,0.0007089067540331499,2.0496460641144756,7.765152253837507,-0.0,1
0,entropy,7f194743d1051af8c479,61,0.0,1.0018458665079998e-08,1.5037067820736696,4.498332542849434,0.18502552166419534,2
0,entropy,c452d90b2d3ae13b926c,73,0.0,5.60536197516592e-09,0.8999357112844424,2.459444991514861,-0.0,1
0,entropy,659d15afc253c96c35ea,34,0.0,4.6792031755898887e-07,1.61160206823546,5.0108324963838475,-0.0,1
0,entropy,4fc6c603c96cc6cf300f,91,0.0,3.407313455401445e-09,1.9698778705951525,7.169800791370001,-0.0,1
0,entropy,0b374082c73de237e6e7,76,0.0,1.7500244423427347e-07,2.0408506990179465,7.697154376165116,-0.0,1
0,entropy,63780c0cf420754c8243,23,1.0,0.0006095898875472289,1.9509033669014462,7.035039933130721,-0.0,1
0,entropy,ecf24127e60f9c9f1965,74,0.0,7.225729850436285e-07,2.280680426659414,9.783334987239414,-0.0,1
0,entropy,16fa7688ab05d6cefe69,99,0.0,3.1957144892516486e-11,1.429216036565018,4.175424528326967,-0.0,1
0,entropy,7e1e2af8777e514bb3b5,33,0.0,0.00036105282447780634,1.9734328890055526,7.195334925448569,0.6772856923807042,2
0,entropy,f6a354fda626356e7a06,18,1.0,0.0010830609302086831,1.2739623054190023,3.574989737165818,-0.0,1
0,entropy,86536693a4edf6280909,2,1.0,0.2408519826661613,1.5946337722892785,4.926524511905508,-0.0,1
0,entropy,f50b78b4ccd51e8cab47,7,1.0,0.010430489171910277,1.313901413624827,3.720661271431168,-0.0,1
0,entropy,9b9bb1f3c08b3283c459,3,1.0,0.10004815343947096,2.4454935071576265,11.536241411956983,-0.0,1
0,entropy,c7164af00829e21bd96a,116,0.0,3.8019840318721166e-20,0.0026368451299814805,1.0026403246637596,-0.0,1
0,entropy,70548eddd605b3646bc2,91,0.0,1.1399378168022471e-11,1.2611549152824393,3.5294954025788243,-0.0,1
0,entropy,715fc4817bdda771da7d,103,0.0,2.140616375182968e-06,2.3173336936666824,10.148578979497849,-0.0,1
0,entropy,791458aaccf524be16e5,25,1.0,8.757821205076475e-05,1.4549556936447832,4.284293639961041,-0.0,1
0,entropy,23b0524c8d0eb85f04ab,79,0.0,5.997695441501956e-08,1.910525098311862,6.756635765230863,0.8994934306900404,3
0,entropy,05483c2d70b82309b015,7,1.0,6.844665840689068e-06,0.03050015107014325,1.0309700457975617,-0.0,1
0,entropy,922374426ae358b83cd3,16,1.0,0.002091519963186149,1.8863185847785842,6.595044836980789,-0.0,1
0,entropy,db1b47020b5e5d2e9b1a,74,0.0,1.1210960543507493e-15,0.002743938984539905,1.0027477070307567,-0.0,1
0,entropy,6820c3bd9880b45314a4,20,1.0,0.0033628318657657895,2.2780442855766108,9.757578699472438,-0.0,1
0,entropy,901b21d724ff4576b4fb,2,1.0,0.17937877614088144,1.7894367524084214,5.986079871598656,-0.0,1
0,entropy,89a9ef5706a0635a6f62,20,1.0,0.00015164107922247512,1.6038162486784642,4.971970541136429,-0.0,1
0,entropy,7428587da99249bc297a,60,0.0,9.412508994559936e-10,1.5030427220551386,4.495346371665852,4.1857650104846105e-05,2
0,entropy,6f4ff7205c218489f853,117,0.0,8.349307140442041e-13,1.4784750198287608,4.3862516313057744,-0.0,1
0,entropy,5db88a995b362e06009d,46,0.0,8.469021077396287e-07,2.0218356492332754,7.552175362421837,0.2693587142235694,4
0,entropy,b677c59b83f7058df65e,7,1.0,0.024661139511215863,2.0814469164595395,8.016059095107945,-0.0,1
0,entropy,0908bad38760815ae56e,57,0.0,7.759311159095906e-08,1.3773706167672561,3.964463816320071,-0.0,1
0,entropy,c8014d0d7f5e88c45f67,10,1.0,0.005164354890506207,1.759654959180825,5.8104322121973695,0.3485455090045355,2
0,entropy,ee540a75850005db9cc8,85,0.0,1.7306449034409424e-08,1.5224879940054097,4.5836150270604605,0.6846938716917013,3
0,entropy,42023b12da866193209c,81,0.0,7.911925744988897e-09,1.5514517693684142,4.718315118113666,0.18319869317662213,2
0,entropy,efd1542f06dfee125ece,40,0.0,6.846710484421115e-05,1.3581626566126466,3.8890412292149565,0.44679750542922836,2
0,entropy,7214084a726e8f2e6dd2,105,0.0,1.682493885666906e-07,2.805555154809001,16.536253538998455,-0.0,1
0,entropy,a78e483c80b2c4a57c09,5,1.0,0.05482229228815674,1.949758290827492,7.026988887633476,-0.0,1
0,entropy,82e05f1ff0b2b9d49567,23,1.0,0.0031055436427226903,2.4691612392827884,11.812534805144605,-0.0,1
0,entropy,aea682bfd3bdb3b1f876,25,1.0,1.612098793642099e-05,1.3170548203339585,3.732412548186521,0.03719546860120441,2
0,entropy,fdab523cd370ea600d12,97,0.0,2.043341788216609e-08,2.01252561982134,7.48219067293481,-0.0,1
0,entropy,540566fb6e72831f3c04,3,1.0,0.21132375835968997,1.704935042451225,5.501028322289939,0.009179910177933725,2
0,entropy,63c2fb3368221f9c9139,42,0.0,1.5119198602606676e-05,1.7233714293388367,5.603388081453379,-0.0,1
0,entropy,f67fa6f79c0b11e93d27,9,1.0,0.02174058486574226,2.256501273440262,9.54961914354433,-0.0,1
0,entropy,0942f28c611cd8f3dbb1,35,0.0,1.0390438358909417e-06,1.8647030288507742,6.454018943944163,0.237536897216269,3
0,entropy,bcc0fc4b743e97f0491a,113,0.0,5.3420500312499445e-11,1.8143648042864462,6.13717663079919,-0.0,1
0,entropy,ec107394a9a1725fa1fb,2,1.0,0.304099842131941,1.4705452578907694,4.351607242486956,0.039197007331131725,2
0,entropy,5c7b47771ce8b8d038b8,32,1.0,8.498181404789978e-07,1.732692248470338,5.6558604109415755,-0.0,1
0,entropy,acb2587dedd2719abd68,82,0.0,2.418653138205461e-07,2.1978344584281584,9.005490603965034,-0.0,1
0,entropy,73e4869bf1ebb900d8ee,17,1.0,0.003072679365008545,2.073181042339087,7.950072454029288,0.09888753592919883,4
0,entropy,ffae8fb274ec7d92de60,8,1.0,0.03443692101059929,2.302051911124236,9.994669602463846,-0.0,1
0,entropy,3bba1bcefb095ff9fc13,38,0.0,9.118380798071849e-06,1.9702932382754215,7.172779513482324,0.25591358421187244,2
0,entropy,25660a3c93d7e63c8746,2,1.0,0.2672707663794309,1.5201168035750698,4.572759278581796,0.001945946575104854,2
0,entropy,cda8f9ae038027806c81,33,0.0,2.0518471698260955e-05,1.3218069730576558,3.7501917539349536,0.6666345704701546,3
0,entropy,af4f8a2e92999b5d9167,76,0.0,2.1721679217266467e-08,1.9128794738616344,6.772562164280719,0.5212873853138213,2
0,entropy,84819bf45bf5cab1426f,29,1.0,2.0821890342244167e-06,1.6953192253085863,5.448384950001014,-0.0,1
0,entropy,ad18df95318206d0e1a8,23,1.0,0.0002910947329621795,1.5896700248082072,4.902131079773117,0.2918980445265179,3
0,entropy,f191f1abac1409f1f88b,8,1.0,1.5622212211939378e-06,0.014045933890320482,1.0141450414957303,-0.0,1
0,entropy,16a645ca4d1a8f2362c8,93,0.0,5.167267177889341e-09,1.8025249702347363,6.06494194511971,-0.0,1
0,entropy,84ce3b5aa27ede0b1548,40,0.0,1.7861104303893797e-05,1.9009891847995777,6.692511299540923,0.6156267460262694,3
0,entropy,a52cf51e0ac9153375b0,4,1.0,0.016230536825872038,0.3661870583287699,1.4422249976215382,-0.0,1
0,entropy,6c3f0e04f9e72788d5af,45,0.0,3.144354924450672e-06,1.964709498116268,7.132840185644019,-0.0,1
0,entropy,73d839845ad7e2476252,59,0.0,4.3292268920233854e-07,1.9310885189186626,6.89701368689978,-0.0,1
0,entropy,0a88279f8d7e6f9be6fe,97,0.0,9.507470049287798e-07,2.987364290313396,19.83333861752748,0.9273306493177151,3
0,entropy,336196a627839b3b2bfc,33,0.0,1.758525197385137e-09,0.004459306937582548,1.0044692644424527,0.055976351701791154,3
0,entropy,776f017058fcd9cb4773,3,1.0,0.1023335994067173,1.8952867423477489,6.654456245497242,-0.0,1
0,entropy,b63de6876ac97a6647f7,2,1.0,0.22278864596895118,1.4923896815469933,4.447711443575279,-0.0,1
0,entropy,72c0c6b77de4493d6ff3,3,1.0,0.14018615977521529,1.9739283843292537,7.198901063686041,-0.0,1
0,entropy,5b5eae81cf8b4a09a499,72,0.0,1.1454302387801091e-07,1.864242466606737,6.45104715089665,0.9239250076297204,4
0,entropy,7d69d324dcd08bc73483,1,1.0,0.2536583353672296,2.3487034332272074,10.471983293189869,-0.0,1
0,entropy,43c79300945138a8bf5e,92,0.0,3.852781429188638e-09,1.923118790260472,6.8422648158746595,-0.0,1
2,control,8a61ad46e804311fe613,27,1.0,9.013725285374868e-07,0.18300747849120355,1.2008233883943984,0.8037911738138269,3
2,control,e1ccb28b68370a131790,9,1.0,7.856561668373538e-06,0.029309232108176188,1.029742974836867,-0.0,1
2,control,41d5751f7feb05a0a20c,111,0.0,6.146874668190697e-13,1.2197546705344304,3.3863568585880928,-0.0,1
2,control,1612a3ed78e5acc9b886,35,0.0,4.9935833382987645e-09,0.021496992631912945,1.0217297176154152,0.03234930126837952,3
2,control,e85367e66d4d8e86b868,36,0.0,4.382319494744729e-05,2.0600994906406402,7.846750449713834,0.1327617490077496,3
2,control,3ad3743c776bb63c12b3,29,1.0,0.0012741930676449687,2.566371266252817,13.018497962377669,0.04344828178470716,2
2,control,add63841c2db75a154c9,52,0.0,4.126402259633032e-06,1.2129044466070205,3.3632388280537593,-0.0,1
2,control,e6f3f5d9530353d2dc81,11,1.0,0.01557725507028184,2.352927753459041,10.516313871439202,-0.0,1
2,control,4601e02dc2eb265e5469,7,1.0,0.021503056561059917,1.843922419433859,6.321284425759066,-0.0,1
2,control,48145613f144656fc5cf,47,0.0,1.1724481985071949e-05,1.6353806565637656,5.131410930557191,0.06523692077650609,2
2,control,dd3591f14331a97e98bb,62,0.0,2.2806395918405172e-07,1.4046621776072727,4.074150169603626,0.005367524391363527,2
2,control,1ae49bfa2700d01f84e7,12,1.0,0.0002797988836505682,0.8417637690429589,2.3204561182373578,0.04937294680089654,3
2,control,047c77d5a41972c9f613,10,1.0,0.012796281420311853,1.621703160296696,5.061703872417678,0.014012340087440596,2
2,control,730d9e4c7cf9444db51b,113,0.0,8.724267780520542e-14,0.4987953908171768,1.6467364016532846,-0.0,1
2,control,3fb0cfd9bee35f13a9b5,85,0.0,3.8300886482479753e-07,2.1546816091819454,8.625143575226494,-0.0,1
2,control,911b01ade86ebbb2e10c,23,1.0,0.0009512740212265178,2.0507660118213975,7.773853689965306,-0.0,1
2,control,a19a9f0e33a810d7e2eb,6,1.0,2.7617890749494675e-05,0.004901276362481289,1.004913307265034,7.371631309311042e-07,2
2,control,d7d221c58a2f374d6e77,25,1.0,0.000781171966067059,2.1110958584367907,8.257285143916787,0.0015469575856672556,2
2,control,b49127b433dd36c36aea,33,0.0,4.763799237976669e-05,1.9796662704788497,7.24032627129957,0.6244463587285505,3
2,control,d19645d54c6fcf6fb6cb,34,0.0,7.039311431832379e-07,1.8065206448402864,6.089223958840731,0.14626586623678306,3
2,control,d783fa8ba59213453d5e,40,0.0,3.313829118051563e-06,2.0431421362381865,7.7148121453010265,0.009619553880859765,2
2,control,6c43c50dcecdf5c0a908,106,0.0,5.506812428925551e-13,0.8495287592438497,2.338544574713737,-0.0,1
2,control,db78e7ed38e71483ecbc,27,1.0,6.976461123179681e-10,0.011492924789287044,1.0115592221896343,-0.0,1
2,control,9c305719906ef91f5612,30,1.0,4.307093495871953e-06,1.6541427707870144,5.228595895388854,-0.0,1
2,control,369ce6c7ebae19423022,27,1.0,1.6770601742963777e-05,1.4821324462971397,4.40232339685375,-0.0,1
2,control,42810fae0ed73cc70f98,7,1.0,0.0025115481948525505,1.2387607246333454,3.4513336605947997,-0.0,1
2,control,966f5302a35b8fc5fda0,4,1.0,0.015389854929015373,1.3849477518786606,3.9946171881206034,-0.0,1
2,control,3df98b23d9f2f1b24c08,29,1.0,1.1045363913296182e-07,0.23167932835005933,1.2607153883178475,0.9223631989231843,3
2,control,7cae5fd9cf7fbd506998,4,1.0,0.014886234935022363,1.0472746750525987,2.849873692999248,-0.0,1
2,control,df839542ea7c18093957,19,1.0,0.0032744788416647934,2.1433414432123383,8.527885519095719,0.20981961290745862,3
2,control,0be04f8707ecaa3905e3,24,1.0,0.00010373261249896484,1.3807817357789665,3.978010165184094,0.24544585633442853,3
2,control,e611f3d12592ece7fe9c,92,0.0,1.2615963424304298e-07,2.558054510972901,12.910675289596993,-0.0,1
2,control,69d8af99aade81141dd7,93,0.0,3.4053370330871555e-09,1.9775890029545808,7.225301787010334,-0.0,1
2,control,b18c5c602fd9b59a622f,33,0.0,0.00010576148715348279,2.238104127621428,9.375539600824858,0.758338433126254,4
2,control,4d4f7b10ce0015ed6dd6,13,1.0,0.00022455134839700336,1.1515155789738822,3.162983029444648,-0.0,1
2,control,7542b430cd4c93d07e40,12,1.0,0.00017915956770241177,0.389938167611147,1.4768894714552379,-0.0,1
2,control,c06bdcde8378f1eb931a,64,0.0,5.9164155665166794e-08,1.9773962431530283,7.2239091734959775,0.47447700494894307,3
2,control,e471ea894dc9ea8d478a,13,1.0,0.024646109581288766,3.3130793292693768,27.46958326024663,-0.0,1
2,control,70cf77ecee258fc92911,96,0.0,5.046567047545394e-07,2.455989358137325,11.657961744498593,0.004106238235584966,2
2,control,cf55965cf78b657f6abd,120,0.0,9.247295338760338e-10,2.2523496390350264,9.510054801321084,-0.0,1
2,control,0835e8c02e2f5ccfff9f,2,1.0,0.19561995513382413,1.501176663707132,4.486965614964264,0.003897702453545179,2
2,control,ec5060662b60cf082a05,52,0.0,2.0489162752249157e-05,2.254541432278444,9.530921734827428,1.051787639959968,4
2,control,89c7c21d1d4ce3b17d2b,11,1.0,2.5521040724703156e-05,0.11129552047713664,1.1177251687276515,0.4336644236195456,3
2,control,64d19e6c5056e589d9e1,23,1.0,3.900853933569234e-06,1.004270598386516,2.729915341800404,-0.0,1
2,control,beb6c608ea962ba734f4,24,1.0,0.0004676976624305443,1.1373465867326253,3.11848275395865,-0.0,1
2,control,2b42be4ae2973c852732,83,0.0,2.1984468010152624e-07,1.7481111244504997,5.74374320703539,-0.0,1
2,control,4a8a0e325e2bcc818bf1,49,0.0,7.858642369772912e-06,2.0535669054253414,7.795657948493109,0.6909330982810078,2
2,control,48623fde69f067997dbb,61,0.0,8.74704382778653e-10,0.23956075125545992,1.2706908783472364,-0.0,1
2,control,49c98dac61e644912fc2,45,0.0,2.7532026231014627e-06,2.118272874251685,8.316760984208335,-0.0,1
2,control,251fe469afdd2e52ce67,11,1.0,0.00504394662893775,1.7286983817680313,5.6333167066146075,-0.0,1
2,control,e9b5ba4263351d5c028d,57,0.0,2.8289094501564837e-06,2.085609162074941,8.049493434627058,0.18561465140829703,2
2,control,db296ec1c14ecc423bf6,120,0.0,1.4616074324835834e-22,0.01431637176047545,1.0144193418097052,-0.0,1
2,control,43538138944f27d8f9d4,96,0.0,2.201692048689705e-09,1.0991968306145221,3.0017541384730486,-0.0,1
2,control,760af2bad2c4f0f0ea10,51,0.0,1.3082921165487744e-09,1.061510909954115,2.890735332161211,0.30508153378397307,2
2,control,3a6b12cce16c723c33d7,7,1.0,0.05284191981609642,2.2083834404049933,9.100992198715103,0.0013588744818687714,2
2,control,0baeed6cc6af3abc628a,41,0.0,1.0846879075190142e-07,1.1413631964000148,3.1310336711295914,-0.0,1
2,control,f3333e1fa99ec20e21f0,29,1.0,4.330176051481232e-06,0.5154175456199608,1.6743374681383647,-0.0,1
2,control,e2337ce4a5f06ee4f5c0,4,1.0,0.13975173123160545,1.9435298751937866,6.9833578972078865,0.0007330650797429349,3
2,control,5897e4535fd8a6c68c24,21,1.0,0.0009655555760929097,1.9494783254072945,7.025021849101059,0.031072623637664828,3
2,control,51bfe71090b9fe865449,91,0.0,6.04730399418347e-08,2.0126237213452773,7.482924723247352,-0.0,1
2,control,b6739b0f8d02d9b2cd3a,17,1.0,0.00448984535233931,2.3443705710480525,10.426707789928276,-0.0,1
2,control,cbc29560a6bd00e1e129,120,0.0,3.303623456682012e-11,2.946581105640184,19.04074402685021,-0.0,1
2,control,1435cc6f803a156dfdc8,62,0.0,8.773234115911001e-09,1.8918137010749194,6.6313851309652225,-0.0,1
2,control,22b67a3c9426b819ff9b,103,0.0,1.9166994854555554e-10,1.9976133007020203,7.371441672457718,-0.0,1
2,control,52d8062f5c9b0b7138e6,94,0.0,3.628898759908397e-09,1.9370222454575265,6.938060339423745,-0.0,1
2,control,5efa8d9b2b1b3c0d9dec,34,0.0,0.000370408118364681,1.92278980391926,6.840014174442724,-0.0,1
2,control,f3bf1f2434b6ba1b86f1,53,0.0,1.0851964658976325e-10,0.6187468191763987,1.8565999279503749,-0.0,1
2,control,72a6d7e8c5bcfe4aa473,2,1.0,0.12004350842693214,2.8401606977706515,17.118516223519354,-0.0,1
2,control,20b793bf381585f76e32,33,0.0,8.777933941803704e-05,1.7330633145327596,5.657959498219811,0.0783651841973273,2
2,control,e46921131e6ccf22447e,9,1.0,0.029730505422354593,2.619835145790833,13.733459379865977,-0.0,1
2,control,0325d3174f2cd6182121,11,1.0,0.0022171418490154514,1.7958375267575637,6.024518304726247,-0.0,1
2,control,665634bf003cfedb8364,67,0.0,3.9754963451390225e-11,0.8569606134473798,2.355989039107838,0.03767543831197136,2
2,control,b600ccd23dba2db91bde,111,0.0,7.10070189955327e-13,1.022638493804599,2.780521482668415,-0.0,1
2,control,ad247a448a0d49713092,6,1.0,0.020069348451426963,1.6119265558789755,5.012458713442052,-0.0,1
2,control,55375a134742ea269def,49,0.0,1.0905186156520512e-12,0.006096911356485364,1.006115535350906,-0.0,1
2,control,fb5ccf055b82d24c819e,91,0.0,7.87915733586957e-10,2.02254980857878,7.5575707453880705,-0.0,1
2,control,0b8f438bde933d339b03,31,1.0,2.2133267760227654e-07,0.6395087651997858,1.8955494906830774,-0.0,1
2,control,7f4d76c995683a010d8f,13,1.0,4.423534852234907e-05,0.9405857660782388,2.56148140788366,-0.0,1
2,control,63eecd425c3c371d9367,31,1.0,2.9840483377383843e-07,1.2900618884210457,3.6330113901339915,-0.0,1
2,control,28a1d28147ae4fd8d82c,13,1.0,4.7540055447974644e-05,0.2502766088361003,1.2843806385902683,-0.0,1
2,control,639c5e3220069b6f3151,35,0.0,0.0037153920505599044,3.0512168100202075,21.141053423526976,6.891960866215412e-08,2
2,control,eedfc10899d7922136bd,5,1.0,0.03046091369242039,0.7952011301157262,2.2148864323717823,-0.0,1
2,control,22281e3b98067f3937c2,33,0.0,1.609936627972719e-05,1.659007133839044,5.254091644091958,-0.0,1
2,control,e4174c3adf8937d89c65,23,1.0,0.0010459987763200413,2.391831372299023,10.933498926229575,-0.0,1
2,control,241698207d99b128e1a1,34,0.0,2.6233568380424944e-05,1.7933173425249527,6.009354524471397,-0.0,1
2,control,a0489298b32db79656b8,65,0.0,2.8473431480099506e-06,2.587556940286047,13.297245922463514,-0.0,1
2,control,3bb6e8859bee7ef81207,29,1.0,9.101367726626103e-06,1.5875170032882737,4.891588039833458,-0.0,1
2,control,a00cb0ffdefe19e5fd9c,20,1.0,0.0004511407846511129,1.9705143545517065,7.174365707139113,-0.0,1
2,control,9b35ae9ef39c004467ff,27,1.0,1.5586361662805842e-10,0.0037613790979686987,1.0037684619619893,0.015855462825518665,3
2,control,4eae24837f7212fa522f,47,0.0,8.773680378423033e-13,0.002141069707020841,1.0021433634334833,-0.0,1
2,control,cf974435b947bb9050e2,32,1.0,1.4143616996034876e-05,1.8130349534342223,6.129020525630186,0.3477249597806411,2
2,control,8f536a17337788a855c0,33,0.0,4.809621799555935e-08,0.8248008902302747,2.2814264658048162,-0.0,1
2,control,b62d5c227bf1d025f8e0,24,1.0,1.0708520058927787e-08,0.37164462575619894,1.4501175552843875,0.22837207077273242,3
2,control,4a7c2c1e139dc8b11bc0,3,1.0,0.18523282955754405,1.69531100418308,5.4483401583286515,0.0005073223162747666,3
2,control,853b845f4006856f3181,23,1.0,0.001912360720866922,2.49560345225401,12.129050613540416,-0.0,1
2,control,c2c4814aba626e78cc07,24,1.0,0.002216243276130558,2.1311640074351654,8.424667481894623,0.688987996521422,2
2,control,a84b94ccf85ec5c58405,83,0.0,6.13529512063091e-08,1.9035481231992712,6.709658954234592,-0.0,1
2,control,283872fbc1d216bb561a,23,1.0,0.0008114604179496372,2.148374191595496,8.570912402074208,0.5258789194128861,3
2,control,42f13858593d618b5998,106,0.0,2.691919917143295e-08,2.3276789462592973,10.254113542122541,0.5331083843283921,3
2,control,875b7649303611e744c8,58,0.0,2.8481583013714286e-10,0.09567368827111394,1.100399931998398,-0.0,1
2,control,a55f0333bad8dacb83e8,120,0.0,2.7051141246947447e-22,0.0010919063147372381,1.0010925026614692,-0.0,1
2,control,99b9a10cc8724ff39e53,54,0.0,2.6166441886007798e-08,1.3895330078439174,4.012975587226077,0.021772762460615446,2
2,control,9062ea5cb960d0518b56,20,1.0,3.3061626843452864e-05,1.312934535138886,3.717065582671519,-0.0,1
2,control,f5708a5e43def47eedd1,3,1.0,0.03842543881142617,0.6306279942086496,1.8787900781546925,0.5442365641713015,2
2,control,12cf2e4605aa4c679a70,59,0.0,2.8999086841441842e-05,2.5215574657681157,12.447968859276683,-0.0,1
2,control,c2d7963a98e29790e073,92,0.0,2.1678484410972e-12,0.6441911186362406,1.9044459352495213,-0.0,1
2,control,0c314874ae0ac6b5d870,96,0.0,2.3936682305283873e-07,2.002764330224828,7.409510147885744,0.6812777851746171,3
2,control,da2fbec8b689d14bad07,69,0.0,8.392215646791862e-07,1.5502365611773612,4.712584865364374,0.12435428201699394,2
2,control,1c286cbfb8bd4e52b72f,18,1.0,0.004456848649119658,2.440953066103172,11.483980521365089,-0.0,1
2,control,1001146576ba6710e007,28,1.0,0.0002122282075884349,2.006995641810344,7.4409285175971815,-0.0,1
2,control,9db2680634b8d7b2e194,100,0.0,1.2176552469150472e-15,0.8378243416312745,2.3113328318585395,-0.0,1
2,control,62cdb19ab6ddf5ee07cb,27,1.0,5.495559924469623e-10,0.015825194815875833,1.015951076368091,-0.0,1
2,control,38238fc33812c2e0f229,90,0.0,1.735882797218367e-11,1.1791962363276387,3.2517595060690434,-0.0,1
2,control,cb06b9052f1a46bd201d,30,1.0,8.77491035377552e-05,2.0144258793161347,7.496422294407317,-0.0,1
2,control,0f77b4c4246618e58b3a,7,1.0,0.0049710346247216625,0.9986490664129812,2.7146120895828614,0.37302364402763133,3
2,control,202b6550608505521a6a,24,1.0,0.00026301495585584115,1.9558922722348242,7.07022477532029,0.32031582405534315,3
2,control,405d6eb792d2fbbe92ab,1,1.0,0.6751724722275948,0.8713255325182836,2.3900768793503917,-0.0,1
2,control,5a3d7dcc8ff25af0518a,93,0.0,4.7183696307267885e-09,2.0661177000057864,7.8941162223634995,0.6156031915234763,2
2,control,7092264cbb9b21923709,46,0.0,7.630843290524238e-10,0.12107084586365696,1.1287048736064336,-0.0,1
2,control,819a2bb347b547122f3f,42,0.0,4.708499869286817e-06,1.1772448327485554,3.2454201982162596,-0.0,1
2,control,dca54f488dcde962dc3d,34,0.0,3.208080694857884e-11,0.004389431779613522,1.0043990794460471,-0.0,1
2,control,07e058f49b735b01bf2c,57,0.0,1.9141574198676726e-10,1.2122899076634694,3.361172621764599,0.2126433489721661,2
2,control,88654da9a4a40fbe03d7,95,0.0,2.2844002166571947e-08,1.8770581139341305,6.534253529053345,-0.0,1
2,control,ccd97841e676c94fb091,15,1.0,0.0001335171696447172,1.2694790663268782,3.558998077424529,-0.0,1
2,control,bb2053150afc5136ae72,26,1.0,7.506299673260493e-05,0.8329409553154349,2.3000732156400687,-0.0,1
2,control,ad7073a03430e9c999c3,18,1.0,0.00010952867231287609,1.4633104463612883,4.3202377970793675,-0.0,1
2,control,ef820251edec5f67df68,27,1.0,5.83474427758515e-06,1.1607091094649364,3.192196090191415,0.24501907016461366,3
2,control,f8bc3db588751db4c9fe,92,0.0,1.3932075082462523e-08,2.3619150836384057,10.611253444076624,-0.0,1
2,control,5d69829acfa9d929270b,9,1.0,0.03298540336468194,2.741545192863152,15.5109339732343,-0.0,1
2,control,b479ee9ad622084ca732,46,0.0,1.1903340883565496e-08,1.2679631910454179,3.5536071672182636,-0.0,1
2,control,c7884150eef8bd2a8a74,12,1.0,0.0011509661383351031,1.725060077426324,5.612858225640641,0.11518297841800423,2
2,control,17786d84c860ba333860,57,0.0,1.3051311991430041e-14,0.0016469074707782644,1.0016482643676792,-0.0,1
2,control,0195e7b60586389c5776,7,1.0,0.0209573274372617,1.3908297331957098,4.018182689767451,-0.0,1
2,control,b92902c6ce723f10b794,88,0.0,4.99931782332546e-16,0.017636212676828765,1.0177926489703553,0.004107540036194804,2
2,control,bbc381bb9cf98cdf8beb,4,1.0,0.04343666825224506,1.4528751389660257,4.275389199083374,-0.0,1
2,control,3e9d107d39fd29b3f446,3,1.0,0.05406865851762592,1.128992010425054,3.092537682776729,-0.0,1
2,control,7863627d5d52f373a084,8,1.0,0.014118862289979882,1.9827434083521684,7.262640067190359,-0.0,1
2,control,59d28ba4a7907082af0f,79,0.0,2.2899352336507895e-08,1.9946845017409722,7.349883786513024,-0.0,1
2,control,e9d1fd7db3f13144cbfd,1,1.0,0.3390518210184534,1.7816940492139413,5.939910400761729,-0.0,1
2,control,5e3a81c2bc577a0d75d7,1,1.0,0.32527996601912856,1.7909760985884362,5.995301616690328,0.0015598476725709038,2
2,control,86543c24243c532abe79,43,0.0,2.5426504035315977e-07,1.055170493486648,2.872464848702602,-0.0,1
2,control,cd9ae8a3602659cf7831,60,0.0,8.909937513859351e-08,2.0003837183983992,7.391891959753805,-0.0,1
2,control,73988f9b0bb268524722,32,1.0,1.0110436096134577e-06,1.2667810777002257,3.5494088826753045,0.290370442390108,3
2,control,8e2d81aa0321770b3e7e,34,0.0,4.865409615620693e-07,0.8000160400823438,2.22557662663852,-0.0,1
2,control,81ab7967381e97b4469e,110,0.0,7.668803310526538e-14,0.8726742621625739,2.3933026217279014,-0.0,1
2,control,97c0475dde25dfac6e7d,31,1.0,9.244862787906306e-11,0.001905197307568647,1.0019070133490817,-0.0,1
2,control,f98fb4f6ac8493d85a1a,79,0.0,3.179099534444137e-14,0.014404164127836279,1.0145084039946521,-0.0,1
2,control,3a2aeb9d33e9100f2493,107,0.0,6.117169579060597e-13,1.306630740088235,3.693707662169732,-0.0,1
2,control,4c5ff27ac3e1ad036d7a,9,1.0,2.1048661987079535e-06,0.0574336646234142,1.0591150115312877,0.41979540511947433,3
2,control,cf559befab671b6ee0c2,81,0.0,8.367009296326267e-07,1.931960176942527,6.903028145115241,0.7541372143817383,4
2,control,4cb8e3d03e026b6c8679,6,1.0,0.08754655388184523,2.314331881653533,10.118160531273848,-0.0,1
2,control,b6fa2d2ee01312b527c3,25,1.0,5.3432637566542995e-06,1.1020779230545772,3.0104149399222098,-0.0,1
2,control,3c46f24d76bbf8eec115,39,0.0,2.1270032594477374e-05,1.8431156135465951,6.316186433091081,-0.0,1
2,control,1d0a7c29799391b921e2,107,0.0,3.397442933063324e-10,1.9016475434731388,6.696918823109368,-0.0,1
2,control,f6535da18c8f9d097a6c,38,0.0,3.3592541884048806e-10,0.016136028686974637,1.016266917458517,0.03660694264157356,3
2,control,d0506faba53bcda5af70,8,1.0,0.0008290093183342139,1.1490735827311753,3.1552684600794207,-0.0,1
2,control,7ab42cd07543a3b097f0,24,1.0,0.00019232780041337737,1.9990414514481238,7.381976723411918,-0.0,1
2,control,015e019c4ae1165b22ec,24,1.0,0.002671309217383263,2.123984087708275,8.364395677929673,-0.0,1
2,control,976b78dfe0d5368a83a5,27,1.0,1.1549114164336166e-05,1.6500616673577158,5.207300937768389,-0.0,1
2,control,1cbea1e61ea7508a183c,25,1.0,5.7824338767341294e-05,1.9342367817708517,6.91876151485782,0.3651174714475389,3
2,control,078e6886f0e719d539b0,1,1.0,0.8327088566943723,0.5055837563459356,1.6579530786551848,-0.0,1
2,control,30aff85917ec042b3f9f,7,1.0,0.032819692473961534,2.2838339408929826,9.814235570480024,0.014884930521274469,3
2,control,119b6a4e307fb99cd54c,4,1.0,0.029125337235916617,1.1186829329584047,3.060820241916469,-0.0,1
2,control,a649f57dc9f0a522aead,1,1.0,0.7134509652737647,0.819676377115068,2.269765170708656,-0.0,1
2,control,cfb387bca06f17478363,17,1.0,0.0031489900376774176,1.8980349108344885,6.672768964140186,-0.0,1
2,control,6710d2fa420cb3580330,86,0.0,7.251991366860061e-15,0.04540888872771507,1.0464556563641234,0.00854215887785251,2
2,control,3ca0d9a8b843d065474d,38,0.0,2.295376230752714e-05,2.078424588936802,7.991868513425311,0.5979776036335692,3
2,control,a3732a7ac1527a0acccf,34,0.0,9.762562612692992e-07,1.4366410057128065,4.206542307944953,-0.0,1
2,control,2eff5d41c26fa60e4a50,97,0.0,3.6163901741718306e-11,1.6716129009201894,5.320742710893616,-0.0,1
2,control,fa81b76aea885501136f,16,1.0,0.011118934174326916,2.7123848646642386,15.065161077076061,-0.0,1
2,control,d46afe93a3db9a422f12,30,1.0,1.765999321749676e-06,1.2248573883291416,3.403680643593343,-0.0,1
2,control,7b2987cfd608937b6537,18,1.0,2.669433953357185e-05,1.1793753992213887,3.252342152904718,-0.0,1
2,control,48eb404210b4c0b4d33c,62,0.0,3.9647288116218807e-10,1.118868116759169,3.061387108727979,-0.0,1
2,control,a7d65aca1f7b2ffe8681,5,1.0,0.07521189266358458,2.3208551273358307,10.184379524837764,-0.0,1
2,control,961a1672998e90527900,9,1.0,0.0005317258659412736,1.24190345600752,3.462197337039604,-0.0,1
2,control,968e33cf3cd24223bb4d,46,0.0,3.5759626182589927e-08,0.24632726578105993,1.2793181821039634,-0.0,1
2,control,29605f929fe20bea8539,21,1.0,2.188416466569305e-05,1.4707265171482165,4.352396083074601,-0.0,1
2,control,37d97ef084456d017a99,120,0.0,1.979977127824112e-21,0.003024820764034061,1.0030294001504716,-0.0,1
2,control,197b70fb1f844000062a,119,0.0,3.951652720075259e-15,0.30855453515445125,1.3614557547229518,-0.0,1
2,control,4aa033a662070792dc21,95,0.0,2.196990336612692e-10,0.8898809382285007,2.434839737698917,-0.0,1
2,control,e97c87f43ee6d3900041,12,1.0,0.0049194095449714755,1.860972614674497,6.429987631424446,-0.0,1
2,control,f485641931030284aea2,20,1.0,9.349872126144679e-07,0.6952311223987235,2.00417222950944,-0.0,1
2,control,ac7da5d38f40ebb233b3,3,1.0,0.08037854848985769,2.1265238480938873,8.385666238351833,0.27160182363150837,3
2,control,5f3ecdbde5a435094684,64,0.0,8.068469463033141e-16,0.0012172017095722543,1.0012179428002284,-0.0,1
2,control,1a5f7445e642af7486d9,31,1.0,7.96482770503014e-07,1.3416286693339075,3.825268532287586,-0.0,1
2,control,2ae301064b3446690b5b,51,0.0,3.657718562856291e-11,0.04013316042543486,1.040949378225958,-0.0,1
2,control,43ff5378329d31a908d6,16,1.0,0.001457619146831351,1.9499965765345044,7.02866351816107,0.03991943639473618,3
2,control,8cd3e07a8695ec84de4a,103,0.0,5.766345042005048e-09,2.1683003075421503,8.743410295390275,-0.0,1
2,control,c23d855160bb42211b92,53,0.0,9.048194325569809e-08,0.20080803543922848,1.2223900937216756,0.5226797229249464,2
2,control,ea6a90b744445c8e98c6,35,0.0,1.0243124439244425e-05,1.8998604437477171,6.684961449011782,0.12223646776800819,3
2,control,ae761a49eb671d8bcd4f,27,1.0,3.058514598420611e-11,0.0017085098195168103,1.0017099701539653,-0.0,1
2,control,49cc1c4ade0e21325d88,7,1.0,3.694479145272818e-06,0.0036550132764510044,1.0036617009828794,-0.0,1
2,control,b8237c7c2df9ef5af6cf,114,0.0,3.591260854758738e-11,2.0990123893237533,8.15810889720558,-0.0,1
2,control,42ac69f188af158bd62a,36,0.0,7.698718690445078e-10,0.015606069302532041,1.015728479956117,0.02855694583427362,3
2,control,01bb20645d8c9c0b5a70,17,1.0,1.852356823260029e-09,0.003977589627332055,1.003985510735778,-0.0,1
2,control,c248fe0da6c4946deebf,59,0.0,4.7094079416956734e-07,1.928169116179186,6.876907888988782,0.6887579414830837,2
2,control,ce67f80f51575bb9afcd,20,1.0,8.587092349182616e-10,0.003983822951721676,1.0039917689226534,-0.0,1
2,control,a10fd8aa3b3070764b5f,1,1.0,0.2662944268036688,1.9835109462882572,7.268216558768738,-0.0,1
2,control,d7233fcba80d5032045a,22,1.0,4.2335858566379145e-05,1.087690883073583,2.9674140493043666,-0.0,1
2,control,7a57f90fca8b0fbb618f,28,1.0,0.00042515233405382175,1.845806071984606,6.333202750759289,-0.0,1
2,control,98721dc886cb160c07d8,49,0.0,7.764355610222548e-09,0.16934595000327457,1.1845298561566604,-0.0,1
2,control,583bed514edf1ea8a863,10,1.0,3.901398057735646e-06,0.036032602651274094,1.036689644770932,0.5535678193777275,3
2,control,c4fa4dd22392907643c3,32,1.0,6.638358020923311e-05,1.9009837103677913,6.69247466194462,0.14578928736824262,3
2,control,ee1281990a1b84511ee1,9,1.0,0.023183712433077517,2.455595733072871,11.653373781583351,-0.0,1
2,control,cdb8d51acbdb8cc0b537,8,1.0,0.006095818235315993,1.3136782150383135,3.7198309177648183,-0.0,1
2,control,8fd61a032004203f5aaf,92,0.0,2.7199796540331317e-08,2.432836571682134,11.391148104060619,-0.0,1
2,control,4dcf25737278d8b047f7,109,0.0,5.77009568988554e-09,2.1243076331092614,8.367102377529791,-0.0,1
2,control,8ddb75f8606e3b11d463,31,1.0,8.469907803949013e-07,1.1261450764365706,3.0837459528124973,0.41679171331799547,2
2,control,ab7d83b5ce1ad6c7eb5d,1,1.0,0.22828059110492147,2.5161447032077193,12.380772981207372,0.000741068828835572,2
2,control,111748e7fd991d25a812,108,0.0,5.1086356085693884e-14,0.8539831018659995,2.3489844876997066,-0.0,1
2,control,853790fc3cd328480841,30,1.0,0.00021890123287188635,2.168825693173564,8.748005164462429,-0.0,1
2,control,6fbd5a52dafe90b8939f,20,1.0,0.005001362505107825,2.46241544687461,11.733118063121832,-0.0,1
2,control,f6bb5ff5948e95975ac6,38,0.0,0.0002046039777920049,2.1104453470517743,8.25191543263986,0.005728126415733705,3
2,control,74f7adb1790af4e21ed1,72,0.0,1.0274271858741303e-06,2.3824395406953274,10.831294042265037,0.843073792165406,3
2,control,3061fcd0b38439300453,54,0.0,7.403832297961706e-15,0.0012461478667159407,1.0012469246315898,-0.0,1
2,control,5b7d37fe0fb9e3fe3329,1,1.0,0.5744629634045244,1.602104650696149,4.963467805098791,-0.0,1
2,control,9b6df06fe8420bdb65e9,83,0.0,6.5365692566534505e-09,1.9892849980901544,7.310305011204245,0.4733660786659231,2
2,control,88c27b5f4811cf2ae42d,88,0.0,5.7808453955250084e-09,1.8136494095881137,6.1327876972718585,-0.0,1
2,control,ff0c79f40b5bf5b3eedf,58,0.0,2.233573264985246e-15,0.0011825048927481486,1.0011832043273265,-0.0,1
2,control,273d1eb57d156008da5c,28,1.0,6.130929155069124e-11,0.0019469201961568785,1.0019488166758472,0.058056730692147396,3
2,control,c7e2ff8571b0daf0f3bd,36,0.0,2.6701158487229713e-11,0.006211139885133103,1.006230469012385,-0.0,1
2,control,2000e0a8b364cfdfff20,21,1.0,0.001809069564709906,1.9701240713361818,7.171566218953742,6.727355969441235e-06,2
2,control,19d7e820450c66593530,116,0.0,6.261886854648485e-20,0.003843905737830834,1.0038513030186047,-0.0,1
2,control,9d18d238ac68cdbb22f2,18,1.0,3.803832741509761e-05,0.6274537869254556,1.8728358639594054,-0.0,1
2,control,f43be2ef382b82ab43fe,27,1.0,2.0755953019073258e-09,0.014544979271656369,1.0146512722002345,-0.0,1
2,control,13145daea2153b37fb96,50,0.0,1.3625181224778738e-05,2.315409315637134,10.129068056295662,-0.0,1
2,control,665110b43645d2dc4143,28,1.0,2.9807238208963613e-06,1.4631752434164005,4.319653727691427,-0.0,1
2,control,ca706e174b5be8e12102,42,0.0,3.072430369051499e-06,1.632185236852697,5.1150400887092795,0.5085442487543393,3
2,control,137d588db61eecaf1f31,9,1.0,0.021416113255535125,2.362180043684387,10.614065374785282,0.03426868539497558,3
2,control,829aa1b381637c18dd5b,121,0.0,4.1524125470773824e-11,2.5410745653889313,12.693303429574563,-0.0,1
2,control,4258a8bc79dcb27db460,39,0.0,6.703985662835263e-08,1.4016268983725457,4.061802734630815,-0.0,1
2,control,304c1fb8ad1d35558462,1,1.0,0.33688394357132523,1.8894029184080068,6.6154175575419485,-0.0,1
2,control,55f25dc94db5d9e5da70,3,1.0,0.0037861615848397805,0.12571575471006274,1.1339597997372717,-0.0,1
2,control,ee62ea9f9a0b464346ec,96,0.0,8.435205004448615e-07,2.6901147195922253,14.7333660292394,0.6609708611960694,3
2,control,f6cea12943a60a861722,14,1.0,0.005791686957001281,2.127683499328879,8.395396327225743,0.04433853881499171,3
2,control,dd7598e26e11f0846052,118,0.0,4.713475999421819e-09,3.2442896091247237,25.643486689182126,-0.0,1
2,control,1431167bfbe011d0287a,87,0.0,7.066933252261612e-08,2.5056877099095836,12.2519818785587,-0.0,1
2,control,3140bee1dd67e67235b7,83,0.0,2.781461678876865e-07,1.6533462033225041,5.224432624396765,0.10256463839528937,3
2,control,89a895095ca19a6e35d0,65,0.0,8.348913392719149e-14,0.0040554221925251785,1.0040636565446002,-0.0,1
2,control,41764ad539eb835d7de7,108,0.0,7.760870506406932e-13,0.488429536747798,1.629754739198126,-0.0,1
2,control,fee7ad23b0dc778be3c6,23,1.0,0.000823369399850243,1.0831980656781734,2.954111904274324,-0.0,1
2,control,00c5e55894ae0130975b,64,0.0,3.961374970525255e-07,2.2224533142231593,9.229947072640268,-0.0,1
2,control,24a967b9d706ed579681,36,0.0,0.0003579289616129697,2.7107587191651032,15.040682841177476,0.00035474065482178635,2
2,control,c671adcabc2780906da7,109,0.0,3.7181716604449357e-13,1.0790379687268015,2.941848039467586,-0.0,1
2,control,4ad2b37d053bbb4d9190,10,1.0,0.0026137001315758765,1.1430078316505607,3.1361873162473497,-0.0,1
2,control,04a09271b4e0bccb5df4,28,1.0,1.3420338703625282e-05,1.154180939985137,3.1714247662310266,-0.0,1
2,control,c535bda5f186dd7af874,68,0.0,1.777996442362307e-08,1.78405469502996,5.9539489889447,0.6445945629710695,2
2,control,32891c5755f142099ffa,112,0.0,1.4389751627728965e-12,1.250354898521673,3.4915818948530966,-0.0,1
2,control,9c04000f1abf03398095,6,1.0,1.5062781341484381e-05,0.0028682951403374898,1.002872412634632,-0.0,1
2,control,da19714589c0bb7a102a,34,0.0,5.2840187213858466e-06,1.8317442628640526,6.244769684191397,0.02723687024030165,2
2,control,d089a22be080a3f595f5,67,0.0,3.116836336148103e-11,0.18694927469649586,1.205566130791025,-0.0,1
2,control,c7ec16b21c60a2f33095,5,1.0,0.05664736439955289,1.8553843796986187,6.394155561908166,-0.0,1
2,control,3bdd6e1aeb4e251f1b71,4,1.0,0.07932961245441213,1.910200205974972,6.754440942607415,-0.0,1
2,control,aac13f01060dfcd040c1,1,1.0,0.3113340234908029,1.6962272863872325,5.453334663296471,0.0008426520427237254,3
2,control,b7bc142c8ded869371ed,4,1.0,0.07554854148922094,2.012741784530257,7.483808233327122,-0.0,1
2,control,9e612c3df8e89db9dd3a,37,0.0,1.346201077596131e-05,2.097716298470264,8.147542096128477,0.20036799592884375,3
2,control,69e826f56dded7285c04,97,0.0,1.1097026854860747e-12,0.9800372939730562,2.664555611941653,0.47565629414654964,2
2,control,65504323aa70c036c417,99,0.0,2.883891851571889e-10,1.6139252597201166,5.022487152527549,-0.0,1
2,control,be1e1e141a404f5ce54d,1,1.0,0.19777068915586177,2.8006800183892584,16.45583323637623,-0.0,1
2,control,97352671a9cebe4d6b16,109,0.0,7.277818242193201e-09,2.3374779408554756,10.355087458781433,-0.0,1
2,control,fb4b5683b3cfe950fe1f,39,0.0,7.90647670119427e-05,2.183739107317479,8.879445464098472,0.6725770453521356,3
2,control,ec979c3a14a8c586ecc9,5,1.0,7.656509277419541e-05,0.008709633877121647,1.008747673093941,-0.0,1
2,control,1007006ba9b21b4dc7c4,22,1.0,0.0024061051501118053,2.236621215980766,9.361646807451702,-0.0,1
2,control,4b217fa3f46998e5c12f,55,0.0,3.363255238413183e-14,0.0016137225260967891,1.0016150252769576,-0.0,1
2,control,d9c8c72eea8de1c1dd07,2,1.0,0.2961491223653658,1.4414016045471034,4.226615711151745,0.00010046795467326786,2
2,control,a9f31556ae16fdc71564,27,1.0,8.676150911386544e-05,1.890485654591365,6.622584188584764,-0.0,1
2,control,613c24f46ff8cc0dcfad,44,0.0,5.380791725093368e-05,2.4541022963475094,11.63598319430669,-0.0,1
2,control,74858f85a8b3af16abcc,11,1.0,0.002604004699372801,1.6564331391645177,5.240585030613455,-0.0,1
2,control,e984477d5e98c58e98a5,81,0.0,1.7212471739612868e-08,1.0839383401597764,2.956299567568609,-0.0,1
2,control,e2c5b92cb65ea2a6da32,67,0.0,3.612153337241185e-09,0.28654490868351296,1.3318179767432454,-0.0,1
2,control,0d685122e0d52ae8300d,33,0.0,0.00015034056962406835,1.9233321213123473,6.843724639132318,0.2931874990280992,3
2,control,726986e2427a420574c3,107,0.0,1.5994331487640727e-10,2.029185925993106,7.607890451294841,-0.0,1
2,control,36b673691993bb06ff12,108,0.0,1.6462096272211728e-09,1.6168430166856371,5.037162949193419,-0.0,1
2,control,50568adaf9b36025a742,65,0.0,2.1135790982717333e-07,1.5801653143270828,4.8557584713341635,0.2404550765936163,2
2,control,d256aeb4667b1dffcf06,22,1.0,0.005512134380612317,2.6553666915584215,14.230203198119055,-0.0,1
2,control,1d99ed93714593cec761,19,1.0,0.0012298194374645948,2.0195762180871384,7.535131004714222,0.26649148853707477,3
2,control,4e6e5fb53d21a4d4ccea,117,0.0,2.312932092543817e-20,0.006304871584821101,1.0063247891248468,-0.0,1
2,control,c066e4495d39a81b940b,23,1.0,0.00015708725003774594,1.8832356144982432,6.574743819547162,0.2092000400483895,3
2,control,c823170a57cfae104e63,110,0.0,3.196680093869608e-13,1.0317051461220463,2.8058461356422844,-0.0,1
2,control,a4d64e3326563200acf7,6,1.0,0.038281638849054306,1.860742287540804,6.428506801347839,-0.0,1
2,control,3c5ddd208f6b17942161,53,0.0,4.772912001785246e-06,2.1732447462768842,8.786748605445291,-0.0,1
2,control,4af19cac715ae96d93be,105,0.0,2.8898714627538844e-12,1.2368049589804768,3.444590257172688,0.61520605658556,2
2,control,61e4a1530d0b8b1a6b73,16,1.0,0.0002293758328991711,1.3328935596563787,3.791999906199585,-0.0,1
2,control,d910b9a053a4adc81368,86,0.0,1.426451985383002e-09,1.8433201557013474,6.317478491609635,-0.0,1
2,control,60a576ec64346da30cee,26,1.0,0.0006601859157551869,1.7830820309380455,5.948160612087576,-0.0,1
2,control,837aa71620c56eb3f239,8,1.0,0.019740424985929525,2.0804492164122785,8.008065460857619,-0.0,1
2,control,5ebe288b8534024abe90,82,0.0,3.162574129067414e-17,0.002140025558971084,1.002142317047991,0.4904655501349655,2
2,control,163b4df263a7e8b79f86,23,1.0,0.0009932251025940593,2.0613700308513825,7.856726397763433,-0.0,1
2,control,78b1295c2260b3392059,77,0.0,3.839887202035702e-09,1.2875346309212383,3.6238414271609733,-0.0,1
2,control,425c9c810105dbcb5d8f,88,0.0,7.169189678056624e-08,2.0204117805114796,7.541429708157748,0.5026453384189192,2
2,control,df3ee0b554606ef0073f,5,1.0,0.031321955106848806,1.3691085000544028,3.931843893928506,-0.0,1
2,control,3f0b5640a35184119195,34,0.0,2.8856380728821367e-05,2.0723529568968653,7.943491839796965,0.35407230334084205,3
2,control,54b40b27f9a9a4a11b4d,36,0.0,7.238385452545996e-07,1.6030119219563148,4.967973060224324,-0.0,1
2,control,8151ae80e9d2d3495aab,49,0.0,4.883808909227772e-09,0.29629912692744886,1.344872384214634,-0.0,1
2,control,9ae495d99cbcf0175fce,109,0.0,1.379087066138994e-11,1.54767640280499,4.700535332703229,-0.0,1
2,control,4db4275b1c0eb4a55b94,13,1.0,0.001045113481744435,1.898745861007306,6.677514657164158,-0.0,1
2,control,5b60a33c3353500963a6,38,0.0,0.00013467518887066865,2.2806074014212045,9.782620582956579,-0.0,1
2,control,18b5d5d3406d971b3f72,47,0.0,1.275293914762125e-05,2.3079650894426846,10.053944946179048,0.03745243263349217,2
2,control,519d4d6609661667e610,32,1.0,0.0004908774296373435,2.5304857487425076,12.55960546773945,-0.0,1
2,control,38f93c52c7a7d131ecf4,27,1.0,1.0606803009537665e-10,0.00403485398528146,1.0040430049676101,0.008893896009299147,3
2,control,cd08463e4d7fb3d243d6,21,1.0,9.323675067594452e-06,0.8455154656803122,2.32917811656884,-0.0,1
2,control,2c05582c1ae8af5fbbcd,78,0.0,1.8054526971817825e-11,1.0874417588114589,2.9666748865444283,-0.0,1
2,control,e2cf878639f88094e78c,21,1.0,2.863142360429441e-05,0.5743870919896572,1.7760416431055595,0.045794019525013004,2
2,control,aa31f470e0ed15e77eb4,9,1.0,0.03584267140621921,2.5645028817092443,12.994197110741268,-0.0,1
2,control,393b59d76679bdd9647e,34,0.0,1.9474138831824655e-05,1.8474945710888206,6.343905391087265,-0.0,1
2,control,a40ab3053878372fa93c,34,0.0,0.000554858423009764,2.538240099560178,12.657375636854063,-0.0,1
2,control,9f78378b825da5ddc651,25,1.0,0.00020664497324004018,1.9758147935583739,7.212493953938009,0.09444238659531617,3
2,control,6f7134e9cc924c4a0dfd,19,1.0,2.3941170645989567e-05,0.8702009234635631,2.38739048810349,-0.0,1
2,control,e2e5a6594cd815644231,119,0.0,4.162450605864298e-14,0.20373098829373296,1.2259683092655207,-0.0,1
2,control,6bc6940b6d877564560f,16,1.0,0.0032788071329580416,2.0859347911681465,8.052115010682492,0.03511248343292823,3
2,control,d9c40ef22595f5e73664,66,0.0,1.2172982114010916e-09,0.36576360186137513,1.4416144074071684,0.06365151839347505,3
2,control,f1709e6e950c34430d76,52,0.0,8.035443448940984e-06,2.238962640002074,9.383592073726659,-0.0,1
2,control,c13dc0bb9a1f1cf6c8a2,10,1.0,0.0001319490837271505,0.4382489680302942,1.5499907575312213,0.03121870447939727,2
2,control,615b02cefd27009e644f,97,0.0,1.9562577430758602e-14,0.057629719831045076,1.0593226769010518,-0.0,1
2,control,6a78ec7ba01c048475e4,8,1.0,0.02394638271671981,2.710764068738471,15.040763302629054,-0.0,1
2,control,ea94fa5eba5ba4dc4a41,34,0.0,0.0005012000619148896,2.0612967251103127,7.856150475721916,0.9180807110659274,3
2,control,0c05147fdaf76093bf88,6,1.0,0.04886386435100973,2.1655785307039417,8.719645040292987,-0.0,1
2,control,5e54b9e3ef9b323b73e7,1,1.0,0.21727689802745678,2.4683297183099597,11.802716517333693,-0.0,1
2,control,d2851440615378991b92,2,1.0,0.17086130029531968,2.313629103439825,10.1110522065701,-0.0,1
2,control,90dfd117d1c47f33d2f3,100,0.0,2.8447868314438423e-14,0.26213779199683723,1.2997056191239904,-0.0,1
2,control,c2f90e26abf8894247d0,106,0.0,1.4251428119103047e-14,1.2666497174921687,3.548942662208076,-0.0,1
2,control,458466b925bd5485bc22,3,1.0,0.1781936761975493,2.07124512732259,7.9346966772839105,-0.0,1
2,control,6e536b686bac93b80f72,4,1.0,0.029149334836917864,0.9344970015059714,2.5459325353838103,-0.0,1
2,control,7caf73ba34d676d6ed16,3,1.0,0.01869530774110603,0.5275300965996707,1.6947412877714678,0.4598323397466905,2
2,control,307029c1f16cbfd0be27,2,1.0,0.15537635445565576,1.3880407303268605,4.006991579990968,-0.0,1
2,control,4e69a15e1c4bff6a4aae,86,0.0,4.066452721526483e-09,1.8289673494373815,6.227452554621759,-0.0,1
2,control,3f76eb6a06c080cea705,69,0.0,2.8999656715699557e-08,1.4116591836200323,4.102756987163288,-0.0,1
2,control,d85755f7bb26b6f5bf22,86,0.0,1.1312264238997312e-09,0.22038899402677156,1.2465615412805968,0.33381904465359286,3
2,control,ce04bd6d93517bc53d37,30,1.0,0.00012048054698910506,1.621788462841421,5.062135667054969,0.041185286515626446,2
2,control,dcce06994bb623d7e47c,22,1.0,0.0016408432797562274,1.8970495897726762,6.666197382429819,-0.0,1
2,control,7f3b4572f89dfdd5837e,16,1.0,0.005319931654412585,2.3363135400889203,10.343037004147519,0.02975072115194175,3
2,control,17b3450c686999fbadf6,99,0.0,1.6250649668992543e-08,1.9430185162535019,6.979787807590357,0.5733124358884313,2
2,control,bf12b76dc37f7228118d,26,1.0,5.112310663888987e-06,1.3286728826885699,3.7760288276245126,-0.0,1
2,control,3af5ba92c0cc21a4be5a,119,0.0,3.4104994658306025e-12,1.2726783672241135,3.5704026167156653,-0.0,1
2,control,4d20d24d1eb3b522da7a,51,0.0,2.2710385266156976e-09,1.2354318836541076,3.439863820900203,-0.0,1
2,control,4b6d8e46194af1ba87c9,8,1.0,2.3070081041682504e-07,0.0017669759349372089,1.0017685379567973,-0.0,1
2,control,ed1339646d16e8b81a5a,59,0.0,2.4089413162841304e-09,0.8415982320515661,2.3200720287042755,0.24919856047815836,2
2,control,25548cbc6e95d3cc19f5,22,1.0,0.0001859117805397954,1.5539203657721619,4.729977122314481,-0.0,1
2,control,28778af0a74a55cfb1c9,81,0.0,2.1369784794199333e-10,0.6959508368641458,2.0056151804482614,-0.0,1
2,control,0e03f97b7981e1fe5ccb,17,1.0,0.002664566698130851,1.855595542379666,6.395505911506355,-0.0,1
2,control,31a7caefed418dca0380,24,1.0,2.4300920653978227e-06,0.2663004074524122,1.3051270697005477,-0.0,1
2,control,11df2975071e529a7bdb,84,0.0,2.5790308906356625e-06,2.867408794155787,17.591376214630827,-0.0,1
2,control,f03f443c6ee76e57bcfe,19,1.0,0.004006360547575636,2.3981145966129613,11.002412826545987,0.3454089145911435,3
2,control,1f0606dc425e233ab114,78,0.0,9.39923688160234e-07,2.4211742359704207,11.259072363507947,-0.0,1
2,control,bd3b1a1c227f193ddb7c,49,0.0,9.1576896473216e-06,2.2860554740966457,9.836062456267483,-0.0,1
2,control,fa57f74e02c88f3d167d,56,0.0,9.122627111389759e-10,0.2648399719376001,1.3032224069337222,-0.0,1
2,control,a008b65d8153a9cfb869,105,0.0,1.3828791146812349e-11,1.405321934950782,4.076839006989153,-0.0,1
2,control,a743ede844e3452799e1,90,0.0,6.5946785447305706e-09,2.0540752197407484,7.799621600331484,-0.0,1
2,control,730322d827fea05f49df,44,0.0,1.1051761843109954e-06,0.8353366558870307,2.305590108130107,0.11308199737538448,3
2,control,d0c2a97828296e7436de,106,0.0,3.0850413370886633e-10,1.5242941369863672,4.591901171897611,-0.0,1
2,control,55bc437fde1194326052,32,1.0,4.7585629231423264e-11,0.0016698715636795257,1.001671266575588,0.024624512546152395,3
2,control,a5689b5923cfc815726b,40,0.0,8.023931367832823e-12,0.003063497462363282,1.0030681947662157,-0.0,1
2,control,de5070e1bce2d6f62416,60,0.0,4.2525977102797505e-06,2.392720336631777,10.94322273822786,0.35321344458391446,2
2,control,d52b73402d207dc824df,29,1.0,1.9628248561928046e-06,1.436434129375296,4.205672163887914,-0.0,1
2,control,c096132131731e6ea5a5,6,1.0,0.03332311646023601,1.919585840927409,6.818134092367961,-0.0,1
2,control,c4f8a1d1d26a81d3a2d8,22,1.0,0.0011975219080341663,2.336762506905404,10.347681727129268,-0.0,1
2,control,39aafe83992a91ec9601,88,0.0,1.2872327689247456e-08,2.075343537675098,7.967283050842798,-0.0,1
2,control,1871b5ba3aaa23f50cf9,23,1.0,0.0013892006673804627,2.32510525118249,10.22775651260958,-0.0,1
2,control,1db4e1edfd6ef49ae4ef,113,0.0,1.2943035114317653e-17,0.009197505870363592,1.0092399329020145,-0.0,1
2,control,6261f30b4fb0c0a62414,1,1.0,0.3485221022683976,1.8844899140688238,6.582995691974853,-0.0,1
2,control,7bb593fd3117896fb37e,34,0.0,0.00014563405309925902,2.191807880505168,8.951381523169795,-0.0,1
2,control,dcd5db9bb5b60ffa1d3a,3,1.0,0.12145051685735757,2.5622121220140035,12.964464595753432,-0.0,1
2,control,245a9144bc6c295fe27f,81,0.0,1.5264306196011473e-11,0.7796004763240885,2.180600889759,-0.0,1
2,control,720c066b52eb1fe60ea5,103,0.0,8.457766543107842e-10,2.0953654266603463,8.128410765558362,-0.0,1
2,control,214279241e92a8707564,28,1.0,2.564705716641751e-05,1.7207361576427846,5.588641071164147,-0.0,1
2,control,9b3cadcdb85f3b3b3c02,102,0.0,6.484527644327412e-09,2.114455410244795,8.285072571667378,0.7040879086282837,3
2,control,40352932a4361f60b40e,31,1.0,6.661745637189192e-07,1.281567774067401,3.6022828664899467,-0.0,1
2,control,3f5f6f52e19162657183,101,0.0,1.335499808455545e-08,1.9077322089865532,6.737791556470991,-0.0,1
2,control,72d09753b5e092d3c450,32,1.0,1.6448322207483678e-05,0.8801208511197199,2.4111910839525588,-0.0,1
2,control,25975b13e19a8dd61eac,15,1.0,0.0043944597136701714,2.2235519660171588,9.240093143028806,-0.0,1
2,control,20264f24734eb0f77815,19,1.0,0.005855816765700086,2.490682289749176,12.069508213520686,0.06525438947734169,2
2,control,beaeb2422cfad48de8bb,52,0.0,4.653402721462965e-05,2.3135011347522836,10.109758391275253,0.09559879002617988,2
2,control,6c7faf81a8c4bec88562,33,0.0,1.2314506460392425e-06,1.37371760389913,3.950007998703191,-0.0,1
2,control,81536c7fae90dd54425b,43,0.0,9.072500669756741e-10,0.029714691202023677,1.0301605781451486,0.5637565900535162,3
2,control,ffc49248cd8f55c6cb58,20,1.0,0.001399673334055928,2.1010957223228752,8.175122671206259,-0.0,1
2,control,1939fdb459d4c64cfea9,42,0.0,2.919347866633477e-10,0.025741981459755897,1.0260761676407752,-0.0,1
2,control,641306a640214a0e1115,73,0.0,7.234494534787848e-09,0.8537089870212013,2.3483406844234764,-0.0,1
2,control,36be1d5a2e5b7e665a34,5,1.0,0.01637639934432568,1.2426090993706536,3.464641275785513,0.5369933523034504,2
2,control,2f043140fdd858a1ed6d,36,0.0,6.0191160953058925e-06,1.9409730368283948,6.965525386955113,0.13288323475642405,2
2,control,77b18cf7d5182e1260fb,77,0.0,1.1197754999724226e-16,0.0024828090027335975,1.002485893725403,-0.0,1
2,control,a019de159606bb234a3e,40,0.0,2.0704652007716945e-05,1.2331099387303028,3.431885912279256,0.11479082723707547,3
2,control,d5f57304f48dbfa4d191,20,1.0,0.0012972774958236928,2.175528380981759,8.806837258345993,-0.0,1
2,control,485733c17a3fd79d1606,46,0.0,2.2467085877100292e-11,0.00501748380492817,1.0050300924558748,-0.0,1
2,control,3014eab85e89abf00e56,15,1.0,1.622589245465133e-05,0.3024535978509406,1.3531748847416438,-0.0,1
2,control,b9f3da2cd775c889a6a2,34,0.0,4.1415026760708667e-07,1.3075389729139426,3.697063932623869,-0.0,1
2,control,6b6449d2c5076a473ea7,53,0.0,6.347324852732796e-06,2.2109935458877943,9.124777776281539,-0.0,1
2,control,8a96e745b5a8ac00479e,107,0.0,7.4101500641576955e-09,2.0566044752232995,7.819373804681731,-0.0,1
2,control,3c0c0997fbd8118c3ca2,78,0.0,1.1716239211895557e-10,0.8337008192745334,2.301821622571502,-0.0,1
2,control,e476ce383ce72ed72105,5,1.0,0.02563485505865013,1.6458366068991215,5.185346189209986,-0.0,1
2,control,1c3f2d8232aa01a99ff4,88,0.0,1.6086801717779e-09,1.950329289491674,7.031002434657483,0.5647080467775687,2
2,control,7c17e2d21129e0e0212f,10,1.0,0.0007876938907842081,1.1301062565933624,3.0959854515149523,-0.0,1
2,control,d6f2d65fd9b95e093e8a,7,1.0,2.4179801469368347e-06,0.004918437684462914,1.0049305530538435,-0.0,1
2,control,2dcca4917a443a2f3d0e,37,0.0,3.1038534758240324e-05,2.013832405890252,7.491974686885369,0.8562163750123937,3
2,control,1be8b9f42f4f2020c053,95,0.0,1.1196921221687e-11,0.7634824813945513,2.145735708877005,-0.0,1
2,control,4241eb29f4384f3fe079,77,0.0,6.7181761816529356e-06,2.541998364410691,12.705034908795907,0.8476098030074857,3
2,control,883a6a656384ffa7817b,19,1.0,0.0063008536827156535,2.684289797000964,14.64779477751962,-0.0,1
2,control,c460f82f95a5f043e734,54,0.0,1.5228055779501597e-06,0.9528519861407821,2.593094593287324,0.7487212283520166,3
2,control,61a23efb6ddb1908e9d0,46,0.0,2.247808680174408e-10,0.012369363064499669,1.0124461800347317,-0.0,1
2,control,73cc0c5706b7bb529f4f,116,0.0,2.260088287726572e-11,1.0493327815622822,2.8557450764923775,-0.0,1
2,control,ef3881467065ce2b5009,15,1.0,0.004751728877022278,2.1940783218599615,8.971728199189437,-0.0,1
2,control,c997fc0681eceadf7474,120,0.0,7.034770035000704e-22,0.003948118791140756,1.0039559228792443,-0.0,1
2,control,dee280b0fac8da0588b0,111,0.0,7.26330292596248e-11,1.527645968427626,4.607318273950458,-0.0,1
2,control,515cd0282b1956b92a38,35,0.0,4.68588991029945e-06,1.801340238605067,6.0577608712278455,-0.0,1
2,control,f67bd7dd159bd5e5197c,13,1.0,0.004940513885531582,1.951329573104842,7.038038949845725,0.034647444210201536,3
2,control,e1ffc02cd61a729e4215,50,0.0,1.0435117130683323e-11,0.0074538515032568095,1.0074817006057295,-0.0,1
2,control,c766bc58880dcc7d1f4a,73,0.0,4.0562529274402945e-09,0.6982787738359132,2.010289564903174,-0.0,1
2,control,7da55376f80067401d17,40,0.0,8.324399603884189e-05,2.2225942800675553,9.231248271633246,0.8568956204514222,3
2,control,e4c1ff47445e15555390,18,1.0,1.42093986205827e-05,0.42049273849879426,1.5227116694605793,-0.0,1
2,control,ac5b457dd0358c2e5583,41,0.0,9.57970890750122e-12,0.006986242292673581,1.0070107030130209,-0.0,1
2,control,f1d91b14ae2f6fa63c6a,7,1.0,0.038527355290790745,2.4635104913760926,11.745973386833283,-0.0,1
2,control,70a4a88e4284f8357760,11,1.0,4.2632497480238114e-07,0.012990926335477776,1.0130756750092944,-0.0,1
2,control,025bee713a67f58345a9,113,0.0,1.1855087588958044e-10,1.313657054696156,3.71975220570262,-0.0,1
2,control,6661a4a61b50681206ab,37,0.0,3.536676090085056e-06,1.9962916650369116,7.361705747330232,0.5057181335491511,6
2,control,114e753e11e22a4110f6,52,0.0,3.057690954862991e-07,1.571452778606348,4.8136362642699275,0.3343800149874422,2
2,control,8125e9a3b36b72bbebff,18,1.0,0.00036155377148292786,1.5693717772456788,4.803629496314329,-0.0,1
2,control,c94817f760e2a4b01f1d,9,1.0,1.3984527039279008e-07,0.008237259583239134,1.0082712791511423,-0.0,1
2,control,639c4a5e00be163d1082,64,0.0,1.142077791435913e-06,2.1848381619007724,8.889209824132335,0.6291566876470283,3
2,control,e2539547bd7a4524eea5,37,0.0,1.1537551899487741e-06,0.99549957422765,2.706075889424454,-0.0,1
2,control,1e63d4325f5634d93727,3,1.0,0.11123294510288818,2.006738171880007,7.439012948861371,-0.0,1
2,control,01be3188b8e7055c08e5,5,1.0,0.04771891928742701,1.931369980241804,6.898955202715808,-0.0,1
2,control,298a1fb6254a5a4c9f3f,40,0.0,3.1861924649030276e-06,1.8766271487050101,6.531438099703719,0.402477221428922,2
2,control,a7e753ef877a91cc933d,9,1.0,0.008815598032429654,1.942077781801433,6.973224768254247,-0.0,1
2,control,c6b4970bc061df81f39b,26,1.0,1.3425145631682697e-07,0.11819961158658238,1.1254687455487515,0.05767324121240007,3
2,control,4a32c8eb4e3454c72310,9,1.0,0.0010910970434554312,0.7836300502600021,2.189405509788974,-0.0,1
2,control,f99f8c77eb35ecd4d057,3,1.0,0.1017635618118927,2.836138409701871,17.049798913014303,0.3049468494794607,2
2,control,d069e6c63238d2575018,1,1.0,0.35892679425182983,1.3357526800856212,3.802857204364437,0.0001347422724248884,2
2,control,a407d29f2fc4a76928d6,42,0.0,2.5991864421374895e-12,0.0030038523926783547,1.0030083684780293,0.31191106402205454,2
2,control,a24a7524ae37220c203a,19,1.0,0.0012038273402672733,2.1800623125659873,8.846857511938195,0.20428562773473807,3
2,control,555e8dd023466ced86eb,16,1.0,0.00733365527480322,2.2357409952061142,9.353410117031649,-0.0,1
2,control,9e6f2a8623e2b0c0494d,91,0.0,1.0391371879323749e-09,1.8756467160723609,6.525037602793365,-0.0,1
2,control,f836bcfaac9eee21c0d2,108,0.0,3.313240802001092e-11,1.8364262994099392,6.274076478276595,0.5068669681109511,2
2,control,7ae8d73f778b09a36d15,21,1.0,0.0032470946657774556,2.2142976948391344,9.154977265532635,-0.0,1
2,control,3201e3fe0c64b5cc5293,50,0.0,9.434612395707234e-06,2.10157450398753,8.179037707196475,-0.0,1
2,control,a300a0c0994bb7f8de84,73,0.0,2.1447661612977713e-07,1.67023699582897,5.313426907987999,-0.0,1
2,control,d7339581a75f18df4685,9,1.0,0.0075294614252648705,1.452122857267371,4.272174111511673,-0.0,1
2,control,680e3332bd1e56fd6831,21,1.0,0.0007719247647112078,1.1937231796608756,3.2993424124489525,-0.0,1
2,control,9225f54ca8a05473e0d2,35,0.0,2.9406384183174317e-05,2.088018648001984,8.068911960715566,0.2539049961114397,2
2,control,a3aed3b8ea33a12527fc,46,0.0,1.2441356874249456e-07,0.2553643354529632,1.2909318674506105,0.6235570990884991,3
2,control,f7650e8320b125a5e004,45,0.0,0.00018635278936576335,2.7811083044868594,16.136895634736085,-0.0,1
2,control,aa12bb594aee256f0bcf,35,0.0,0.0005824175005160544,2.6192734697980593,13.725747791344382,-0.0,1
2,control,bf6aadaf3f7f926407e3,95,0.0,1.9723506460066364e-10,1.949171936229591,7.022869788134295,-0.0,1
2,control,9af2fe90b97aadb2d6c1,104,0.0,1.0494861191469313e-10,2.257521690508978,9.559368711384879,-0.0,1
2,control,226e33215cf8169e598f,69,0.0,5.429251740947482e-08,1.74662859142605,5.735234227027428,1.0160473676696578,3
2,control,a292a9293b14f16d3d8b,3,1.0,0.05666007828306868,1.133299277855009,3.105886798080104,-0.0,1
2,control,cddbc5837412b0382d59,81,0.0,4.683315897459908e-09,2.521395286562828,12.44595022127462,0.5751450347209921,2
2,control,bef52484111cc4162a3d,110,0.0,1.7721836086998998e-13,1.0772139718104485,2.936487008453567,-0.0,1
2,control,e245ddd15ce116a42086,24,1.0,1.3560009901822955e-06,0.21116548605312546,1.235116732743351,-0.0,1
2,control,e4c952a8b4f5b94ec479,17,1.0,0.0007772268174195287,1.7020088907762239,5.484955006998469,-0.0,1
2,control,bd4148359fe4f9402b50,38,0.0,0.00014517852924738857,1.457236204435243,4.294075167036236,-0.0,1
2,control,f562c8e522d9b0e70ea9,28,1.0,0.00020618138811564736,1.9301944601535752,6.890850107071931,-0.0,1
2,control,da722d8a53f61f2567e3,47,0.0,1.2705347791912502e-05,2.2058041267559743,9.07754813311404,-0.0,1
2,control,f1483e4af9fcfe053e84,107,0.0,2.2017184831752936e-09,1.9317495368420734,6.901574243703665,-0.0,1
2,control,70112a6d472b5c3238a7,21,1.0,0.0012517862895127833,1.6701292711797742,5.312854551767298,0.09489469087018432,3
2,control,5b82673caa26822e9652,108,0.0,4.9413920060841955e-15,0.40333835317699024,1.4968132575145456,-0.0,1
2,control,c0bead00d3265c4ff14e,84,0.0,3.7587696088781515e-08,1.2316919311901855,3.4270229208729157,0.0707246961951671,2
2,control,d1bad52e43029e9b5de2,27,1.0,0.00028897804205100673,1.9610669533301728,7.1069057581476915,-0.0,1
2,control,d89c36162741f1fb288f,2,1.0,0.20386992218302702,2.392186921127898,10.937387010129182,0.2893395461003986,5
2,control,3b95a726ea3c9dcbfe79,31,1.0,0.0005184070626642215,2.0442793650000795,7.723590642198748,0.0806387130410037,2
2,control,030a705a36551f407a40,52,0.0,4.6301162663868454e-11,0.012507998900900255,1.0125865510877157,-0.0,1
2,control,46f1a581144dd6cd98c0,48,0.0,3.1253863193487463e-07,1.974207509768294,7.200910740568974,0.6685986766349313,3
2,control,e450d557fcbef689b75f,29,1.0,0.0004063749633948363,1.993304473196945,7.339747732722788,0.0016826069569159394,2
2,control,258577d42fe1fe82ae5c,48,0.0,6.112310155671955e-06,1.9221834584071988,6.835868019673814,0.6593738482957437,3
2,control,b3aaeb32c4b7a4d0788d,26,1.0,0.00040770179530026093,2.24400279612018,9.431006229728633,-0.0,1
2,control,de66b22f0020d0377ebb,77,0.0,4.28140516706826e-12,0.025781678097207807,1.026116900222868,0.6195351395274953,2
2,control,53d0864b369d380d3f34,17,1.0,2.1756759668435035e-08,0.010024238932835494,1.0100746499190463,-0.0,1
2,control,f603a33d0240a956d53e,122,0.0,6.755930009551885e-20,0.010760323763116931,1.010818424253223,-0.0,1
2,control,047fd83e3105ea304107,58,0.0,2.408582740749528e-07,1.9192874632932058,6.816100017124171,-0.0,1
2,control,6673b9e44e285e2a751b,105,0.0,9.252091770259127e-08,2.1240073720803356,8.364590439898148,-0.0,1
2,control,01f4d144409f49635d7a,4,1.0,0.09524986886851383,2.500057483011546,12.183194267272146,-0.0,1
2,control,410e98e619fc57e698a8,61,0.0,2.47816754674145e-09,1.36628061638004,3.920740803294308,-0.0,1
2,control,7ca2e50cca6c239e72ff,20,1.0,0.0014554772968971143,1.3965327278711825,4.0411638326331625,0.6106692794663217,2
2,control,40572b96c45693c2dacf,73,0.0,1.6080583156761077e-07,2.1842390268876932,8.883885582417172,0.0006733730363441762,2
2,control,b9fd07e13bbfec03efdb,109,0.0,9.639971886011781e-19,0.015667623726165144,1.0157910044615786,-0.0,1
2,control,f874a5cf0dca614e2893,5,1.0,0.03880537110142738,2.1284600731946774,8.401918504755022,0.3911596405086291,3
2,control,0c71f7d783bcd7cdbdb3,75,0.0,1.9476844754849097e-11,0.5201258581531276,1.682239359914836,-0.0,1
2,control,cc9fe07aa36c340c1f7c,122,0.0,9.156359034999704e-11,2.384272219503348,10.85116252603327,-0.0,1
2,control,8929666336c731529a48,22,1.0,0.00022915037266538,1.7476024888553432,5.740822477647288,-0.0,1
2,control,958b86520bba639a20d0,115,0.0,1.8121611590852507e-15,0.6337597376215556,1.8846831896461884,-0.0,1
2,control,cd6a688a118138356cb3,40,0.0,7.198113336837322e-08,1.166539409715634,3.210861912656385,-0.0,1
2,control,273742735ef058291ba6,76,0.0,2.365180369653439e-10,1.2939720428285797,3.6472448349823443,-0.0,1
2,control,2afa97628183c6a0f69f,20,1.0,0.00014773426219993272,1.5228567946383613,4.585305778939666,-0.0,1
2,control,be5d3783ed3cc04567c5,17,1.0,0.004346832874615306,2.508564659637664,12.287280966997034,-0.0,1
2,control,c4ce2429b05616c6a98c,33,0.0,0.0001322194515791496,2.151311201181323,8.596122256628892,-0.0,1
2,control,b85299f2ad6796d63fe9,50,0.0,2.4843292163961118e-05,1.5647226958286766,4.781348864056585,-0.0,1
2,control,72817762ca5e5bb7dcf6,23,1.0,0.0002903356691491883,2.0466221984297066,7.741706942001949,-0.0,1
2,control,25c78a6139ff941064c0,75,0.0,2.813604205104495e-08,1.830353172354777,6.236088683779656,0.6116503786643505,3
2,control,964281f58b17073f9d17,46,0.0,2.940676836054119e-08,1.248154992836779,3.483909186704867,0.35959162225270896,2
2,control,c2b96660947f203953fe,36,0.0,4.223788601526619e-08,0.9461120588944,2.575676090046466,0.42517691497165694,3
2,control,714e233998b633e37321,58,0.0,3.5371957026809476e-07,1.986839000192808,7.29244587113154,-0.0,1
2,control,ade7912ad6dbc657f483,48,0.0,3.050298513992786e-06,2.078973741083825,7.996258470445023,0.39270326170523634,2
2,control,921d39915ef9c12bcdbc,6,1.0,0.007468942156499548,1.285687157682201,3.617152657665587,-0.0,1
2,control,03844162a5a3e9dc1d7e,6,1.0,0.009775910747629905,1.2139681621754999,3.366818260967425,-0.0,1
2,control,a30e518dc0c8a9c1cf64,104,0.0,1.614674696294205e-09,2.230762911084965,9.30696375750868,0.5864025400018386,3
2,control,c891b93f57712e57a938,9,1.0,0.001371953073231547,0.7124610551897841,2.0390031881777255,0.011284055150191739,2
2,control,4cc82c4b95c1cc0db9f1,16,1.0,7.925269117802507e-05,0.49955698741438237,1.6479910281922865,-0.0,1
2,control,a7a9c0a4debd9b8fe48b,5,1.0,0.04001954850850963,1.3546754046377578,3.875502782215972,-0.0,1
2,control,31512ee29b9425062937,46,0.0,8.9352473600338e-05,2.5728747164032506,13.103439020497456,-0.0,1
2,control,11912185673dc1ef359d,46,0.0,7.121157092093634e-06,2.231077281570607,9.309890052171212,0.22457751222554218,2
2,control,0c4d16adc6124fcbf8a8,24,1.0,9.996751766213945e-10,0.0040134134561347875,1.0040214779850734,-0.0,1
2,control,94c2f55cd60b03149fd0,53,0.0,1.1267949458819789e-05,1.6378343721277846,5.144017413459521,0.596865162807932,2
2,control,df44527dced5b9af3b37,105,0.0,3.1779474305367737e-13,0.9897077808132272,2.6904481568941643,-0.0,1
2,control,41c01c482d8dcc50c516,15,1.0,0.00023423378183005825,1.4627337097940696,4.317746876334296,-0.0,1
2,control,bd976651220ec445ad46,75,0.0,5.801163188968831e-08,2.1632175770510877,8.699082645465513,0.09726911487440504,2
2,control,5916ad029942a4fd1237,2,1.0,0.26537589119370625,1.3353010272988903,3.8011400211250344,0.0010183025708514388,2
2,control,e072b64e02db2391ba9f,30,1.0,4.7931711915058947e-05,1.9836948317991006,7.269553201374405,0.02387349720163419,2
2,control,40ba46be06455291aac0,28,1.0,0.0003237677207008882,2.1596254753083084,8.667890711374186,-0.0,1
2,control,29ed5d73829c1a1e15dc,5,1.0,0.05544013209452314,1.286187235998959,3.618961969639226,-0.0,1
2,control,1ad1b172bce2cf3fcc1b,42,0.0,4.954749750575412e-12,0.0038264854028707434,1.0038338157449735,-0.0,1
2,control,938c3eeef37add68cf53,115,0.0,2.3985096606765985e-13,0.8932108581095031,2.4429610731423512,-0.0,1
2,control,133db7962e5ae1d5cfbc,9,1.0,2.9153020650313066e-07,0.002454621811381795,1.0024576368619318,-0.0,1
2,control,f20ebf3c56d8e51d0a84,39,0.0,1.9038939163191483e-12,0.0037572856399609496,1.0037643530863505,-0.0,1
2,control,ca3705a5acfd06fd6eae,91,0.0,1.653486004827035e-17,0.0018975521661042756,1.0018993536575103,0.0014846507865893402,2
2,control,b09905378179d3db9811,99,0.0,2.739144076867715e-17,0.0040180556729454845,1.0040261388812752,-0.0,1
2,control,b46d7da8f32c0a70e23d,35,0.0,0.00013185676457271682,2.189738526552782,8.93287709914035,0.045594998630538446,2
2,control,0e816dc81dd8d4791998,21,1.0,0.005825106680000611,2.6401440767482707,14.015222729993063,-0.0,1
2,control,3801556000c80201715b,19,1.0,0.002788453931898961,2.3259471432881256,10.236370805719785,-0.0,1
2,control,b4458066828a733ca87e,5,1.0,0.04152131206093424,1.1361244371648984,3.114673829620652,-0.0,1
2,control,2ac20f51b6b7bb0adff6,8,1.0,8.6633947734651e-07,0.001477317978337643,1.0014784097501073,-0.0,1
2,control,c8a18aa59b6b453539c8,16,1.0,1.3271550915958597e-09,0.0031910370604410474,1.0031961338390962,-0.0,1
2,control,6a7d1347e1fbffde3908,10,1.0,0.003235615933295366,1.300724373818517,3.671955572962083,-0.0,1
2,control,27029288cd286891202f,37,0.0,2.1030894443984218e-07,1.2692460383700446,3.5581688279970742,-0.0,1
2,control,06a68587c7336d51468b,71,0.0,4.2772309849515225e-09,0.9393814957622395,2.5583985485297465,-0.0,1
2,control,7660e772a0732901d0bd,19,1.0,0.0022869691031959048,2.3292366329986898,10.270098685502086,-0.0,1
2,control,e14d2b3664577017426a,81,0.0,4.025484560567164e-06,2.6526796064014917,14.192016758409826,0.5455331050910154,2
2,control,b04ca6fc4f8085cfa06e,32,1.0,3.921066351588601e-05,1.6761831997930823,5.345115748917699,-0.0,1
2,control,ee38112aa013e202605b,20,1.0,0.0007870325832072424,2.0046413357978694,7.423430900304694,-0.0,1
2,control,1dc629346c6fb59de0c1,28,1.0,6.279552200034715e-06,1.8441623970827021,6.322801574766872,-0.0,1
2,control,96030904d4c4a0d5b8db,29,1.0,1.1464101600640024e-10,0.0029313025673394504,1.0029356030356746,0.014718185523524802,3
2,control,04951ba6f9206accf65a,11,1.0,0.000880051453041518,1.4515288973540246,4.26963736478411,-0.0,1
2,control,ed2c9a1b99314c50236d,19,1.0,0.004376411760464876,2.4338156189673255,11.402306037868243,-0.0,1
2,control,6a2412137a26c27b71cf,43,0.0,2.9989439911109294e-10,0.026973615661570104,1.0273406967012786,-0.0,1
2,control,bff323270e7be838f60e,47,0.0,3.6260633761173295e-08,1.6945717602519823,5.444313994274076,-0.0,1
2,control,319f6e84f154090a8007,54,0.0,0.00010092315470165231,2.720139712428998,15.18244327281124,-0.0,1
2,control,140248210bad8ec9e196,72,0.0,7.132877194507579e-11,0.20348131313608078,1.225662253643461,-0.0,1
2,control,58fff2969a7ee4c0e023,25,1.0,1.1140806102441395e-08,0.053307173655389326,1.0547535878785916,0.002413152294742497,2
2,control,7349b21202b41293e978,7,1.0,0.03991019431396871,2.31294614096488,10.10414909488225,-0.0,1
2,control,103d7e2d41daab21d0fb,22,1.0,0.0021752413359621262,2.272060601742523,9.699366768132009,0.0007447213114489044,2
2,control,330261806778d575227b,28,1.0,2.1946501949278935e-10,0.003065801680860652,1.003070506057167,0.007769160329581917,3
2,control,97157960bfeedf62bf03,83,0.0,1.6997117451714078e-07,2.4623543967594244,11.732401776777499,-0.0,1
2,control,4244597e68dec36d9d88,38,0.0,6.317736252536451e-06,1.9660824954916796,7.142640282712383,-0.0,1
2,control,354717d2e56e01b4fbbf,50,0.0,1.859847353430907e-07,1.8476447108244232,6.344857934870918,-0.0,1
2,control,bf4b6eabf232a6114736,6,1.0,0.026593481755103992,1.6610501111952671,5.264836606468536,-0.0,1
2,control,5cc4a42ee3087b8c7536,28,1.0,0.0008874279572902908,2.3206881599674993,10.1826792077431,-0.0,1
2,control,8c85c2c261868318e04a,4,1.0,0.10672153254922112,1.9606532346882388,7.103966106885272,-0.0,1
2,control,8d810dae82890e6b853a,17,1.0,0.00047445762218808384,1.6416245785863934,5.163551296823893,-0.0,1
2,control,9e8a192d784a1cbf6e25,89,0.0,1.6912046193395076e-07,2.137533725963811,8.478501514249773,-0.0,1
2,control,9480f0c4ed3c6f65d27a,106,0.0,8.190153030000833e-10,1.805066390027519,6.080375111391567,0.005992489191423361,2
2,control,4e0fe6236c23d79ef0c3,7,1.0,0.05468282654579259,2.5245841211611606,12.485701644621487,0.045443964508006515,2
2,control,8d88008e7fd7f44f31da,60,0.0,9.356606569748767e-10,0.030638735238581533,1.0311129318246852,-0.0,1
2,control,56007be65986e1b1f80e,84,0.0,2.681081210897922e-07,2.4241418557478926,11.292534636423465,-0.0,1
2,control,c6573efea1bee184dd89,16,1.0,0.0036983375306872406,1.8618146279584935,6.435404046452728,-0.0,1
2,control,0f5e9867c870c8136a6a,30,1.0,5.0518466064631475e-05,1.9603216361739615,7.1016108328030265,-0.0,1
2,control,5db8bf06dc5c7ea7001d,67,0.0,5.352754946921314e-08,0.9689790799225795,2.635252703160245,0.17162967039535337,3
2,control,549e30e35f2e9c41ad06,58,0.0,4.2660137943783744e-05,2.6021670592857435,13.4929463902194,-0.0,1
2,control,94ade7de182e6f2a124f,38,0.0,0.00026183904552848125,2.175470661631804,8.806328948094091,-0.0,1
2,control,cdfe02c71fe119b6c829,73,0.0,3.242550657019798e-09,1.8694501928815075,6.484730068226434,-0.0,1
2,control,c600aceaf24b26995ffc,68,0.0,2.519087383136038e-06,1.7290896341262065,5.635521186286232,0.14777408123721142,2
2,control,db325878a03c8eb51800,10,1.0,1.732853785538642e-07,0.0029651136034321885,1.0029695139008252,-0.0,1
2,control,244e82179ae1d2a3a28e,17,1.0,4.096411433674238e-05,0.9365836841616267,2.5512506353116122,-0.0,1
2,control,ee0c5ef43070a263b1fa,19,1.0,0.003003874547829944,2.0535478824137385,7.7955096530120205,-0.0,1
2,control,b7d5f4c34f73404be85b,9,1.0,0.005474625526892264,1.8793308799094934,6.549121247170617,0.06582085844677071,2
2,control,83dba251f8a20b3fbde3,84,0.0,1.8632750341227085e-10,1.130049190119207,3.095808779582268,0.698236947702378,3
2,control,e80ae5bdbe941c14972c,18,1.0,0.009884369502606974,2.8624666631733584,17.5046518074246,0.002760692892396037,2
2,control,e2614d339bc9aa6914c3,102,0.0,1.8700092306904794e-09,1.8977081632949735,6.67058900946621,-0.0,1
2,control,f293e22e13851effbe49,42,0.0,5.273635421347265e-09,0.7696221718080491,2.158950387344588,-0.0,1
2,control,5b5d5fc8134d52da977a,4,1.0,0.0954239011621617,2.3652936001220386,10.647164367414279,-0.0,1
2,control,70a2ae4667672add8dfa,89,0.0,1.0172350272234612e-09,0.7400816806462676,2.0961067188536697,-0.0,1
2,control,17e4e78e1f893078b40b,56,0.0,9.32632900845206e-06,2.400507113450895,11.028767799277787,-0.0,1
2,control,5b7651d4e656be2fe151,2,1.0,0.22590070588495614,2.2403837506763242,9.396936676418258,-0.0,1
2,control,70dbd8e1a3ed0072590a,2,1.0,0.18472303621968178,2.2742668673686244,9.7207897713554,-0.0,1
2,control,9f4af663d82de4a667f0,109,0.0,1.7957827101567138e-07,2.8877825407645985,17.953454375999,-0.0,1
2,control,fae14267664a39587ce4,29,1.0,0.0025293525955722824,2.9298577047289442,18.724965833004177,0.09955441384093966,3
2,control,39f2970fe4b7add3a03b,6,1.0,0.01677870164911366,1.784678819355249,5.957666153205885,-0.0,1
2,control,d7cc00e5c0570e177493,27,1.0,0.00772852338814968,3.2234011299120797,25.113388992484886,0.0680725128209276,3
2,control,ea1aa711fcec9b1347aa,32,1.0,4.185071248435627e-05,2.0484586801586477,7.755937508439803,0.028480964329203377,2
2,control,83d69f4e77b11a7a1460,29,1.0,8.073171035340922e-06,1.013866195991343,2.756236593021613,0.92709720004656,3
2,control,159f79655e501c6548b6,86,0.0,2.6931155133977413e-08,1.9461147658050557,7.001432463796242,-0.0,1
2,control,7a5f9755b2b808b95db3,89,0.0,4.3706063953196865e-08,1.6471419501838542,5.192119265670291,0.003076864796095614,2
2,control,da33b959bdccc5cc4ac6,8,1.0,0.01144184243186405,1.777203807021094,5.9132985559855475,-0.0,1
2,control,d5c80011ca15fbcd7763,51,0.0,6.639775513533847e-08,1.9848094442559938,7.277660453311361,0.48725086656841715,3
2,control,eaa0c06461fca2288e0b,9,1.0,0.0010321966419742634,1.3268929264595237,3.769313639734927,-0.0,1
2,control,8b55e84a663bfb8af59b,108,0.0,5.651571918528366e-11,1.986616181929037,7.290821162018045,-0.0,1
2,control,0523488ecd76f7a66b3f,104,0.0,2.803912723181178e-10,1.9577316138739578,7.083241301397007,-0.0,1
2,control,2ce4c13ce00ba98da453,94,0.0,4.476341723841298e-16,0.004707991883592741,1.0047190918901245,0.004117358122718532,2
2,control,e8600e3be9868edd5911,14,1.0,0.0008767807313872652,1.0278923283214083,2.7951683247599486,-0.0,1
2,control,c19854ff69a3e4e69173,114,0.0,1.1149042940200653e-11,0.19232916586876145,1.2120694231928257,-0.0,1
2,control,8fe7945b8d25f8b5670d,20,1.0,0.00024221861464343765,1.9021568752950302,6.700330645775771,0.5801391470832491,3
2,control,6a42b4cf79cdd775cbf8,36,0.0,0.0005330762039492082,2.733877057535276,15.392448892860395,-0.0,1
2,control,5da28245f3752c6b61c7,3,1.0,0.16853659051843095,1.2173116238222317,3.378093928070763,0.003789932890908717,2
2,control,c81bb3e92d0a6621a993,11,1.0,0.009755506199799232,1.9760412782325376,7.2141276582785885,0.017980225143565388,3
2,control,aca49218821c4080028f,40,0.0,2.078061837313672e-07,0.6555513074424995,1.9262041553916445,0.7112237676218908,3
2,control,574ce306b5c270d5a852,97,0.0,9.451044120278339e-10,1.3998617795996688,4.054639494217102,-0.0,1
2,control,c30fd6bf1c1bbea154b5,36,0.0,3.603726891020957e-06,1.2757093921259732,3.5812410133838983,-0.0,1
2,control,dcdf831510c69c76dd84,55,0.0,1.877908213870962e-11,0.034589245410168015,1.035194410603486,-0.0,1
2,control,2b888f4d84b969a5381c,15,1.0,0.00018543456275211596,1.4370253406390092,4.208159339793449,6.515895830392724e-08,2
2,control,5035a13358d151d34181,33,0.0,0.00011826970940910243,1.6661386485634782,5.291695201806509,-0.0,1
2,control,edec4a91c0a482f6f5b3,33,0.0,2.2696343165228622e-05,1.259522981070271,3.523740195616512,0.0019667414575364472,2
2,control,208ea89e979cf8a161e8,69,0.0,3.1067822580561144e-07,2.0742665800307227,7.958707243175982,0.8279928929977471,3
2,control,6312491e41bfbfcf4d16,53,0.0,3.7553264595520353e-06,2.2697694745031383,9.677169722562473,-0.0,1
2,control,fdf64351ee9c3a132fa7,3,1.0,0.00028780692348910234,0.015850955617973908,1.0159772484198157,-0.0,1
2,control,54298b63e98a4c765f49,77,0.0,2.097194080924032e-06,2.2889209396904895,9.864287774841522,0.8634659489319202,3
2,control,73d5b3f423fbbe3d4d6f,24,1.0,0.0022015154338223654,2.422303614155571,11.271795297369964,-0.0,1
2,control,1ef0c6463503237e5869,26,1.0,0.0003321073202596724,1.9691559126020242,7.164626364463719,-0.0,1
2,control,b3dc05b42e62ba419de7,81,0.0,2.2350603228467095e-08,1.9723367101828566,7.187451873087977,-0.0,1
2,control,276d4a9630084f170b91,83,0.0,5.616576547878732e-09,1.8289369494613794,6.227263243091092,-0.0,1
2,control,5cd55e586c0fb571d9c5,3,1.0,0.06604374351326145,1.1569821036129644,3.180320899880616,-0.0,1
2,control,4fabc2fb476baf6a81e1,7,1.0,2.2734036961862234e-05,0.0075521718997794834,1.0075807614757946,0.020361452020369694,5
2,control,cfaa600d7119f9a3b90b,2,1.0,0.13410309049070562,1.0928509896079721,2.9827657961912855,-0.0,1
2,control,425ccc801a0bcda731f7,37,0.0,2.6918087807694406e-05,1.8095872973055336,6.107926154415793,0.36554952058417783,4
2,control,9781915e10076de2175b,84,0.0,6.716178985867615e-07,2.5294220311428264,12.546252697405816,-0.0,1
2,control,1eb7ce10678adfc75dee,62,0.0,7.963134952790466e-10,0.6929306335156306,1.9995669528006084,0.5209133602758093,2
2,control,c043ebd0563135299f9b,38,0.0,0.0004904857019819972,2.2150027759226183,9.161434543006871,0.8450994061097596,3
2,control,c93ea954ed7273bd52d9,9,1.0,0.0001613991460798584,1.1195690082093952,3.0635335609054386,-0.0,1
2,control,c10cd159b11a27b3b2d3,104,0.0,3.691577170148743e-09,1.7138620731621175,5.550356018409298,-0.0,1
2,control,9729e796c1709f4c4031,114,0.0,2.6047588575939643e-17,1.1356650866873477,3.113243431261837,-0.0,1
2,control,be61c5b6f5151aeee3c7,54,0.0,1.317803485474017e-07,2.1067310804843973,8.22132246941297,0.7597509086518839,3
2,control,4fef6e648145176fa50a,8,1.0,0.038914543088691037,2.3910037140005835,10.924453468902572,-0.0,1
2,control,9c2d14a854125f7b8a28,18,1.0,0.001345188852791586,1.9261218460976217,6.862843403027033,-0.0,1
2,control,cb1c0b23cf6ebcc0298d,94,0.0,2.5436583353512065e-10,1.6609603689953314,5.264364149649143,-0.0,1
2,control,1ee9b030ffa14c7e2ed9,70,0.0,9.272649790269437e-07,2.3082678856700927,10.056989703726606,0.6629750403755504,3
2,control,04be1fcc5c6289055791,34,0.0,0.00018234088381865302,2.394980214701953,10.967981052159562,-0.0,1
2,control,b1424b7404bcd8974f34,11,1.0,0.008657012084520941,2.2651837665751864,9.632894642525667,0.09154027362057843,3
2,control,b82123efd7dea3bda35f,9,1.0,0.014820201920160835,2.189713522256035,8.932653741623021,-0.0,1
2,control,45bb2e0d88c5a6ebb32c,1,1.0,0.30577299617864745,2.302534029611285,9.999489379209518,-0.0,1
2,control,a2cd2c09d72366ba8caf,19,1.0,0.0016713915373621445,2.097927317610768,8.149261564872848,0.1993313626610797,3
2,control,c98a43ddee6613faab65,80,0.0,1.987103001440329e-08,1.4822220759034936,4.40271799305034,-0.0,1
2,control,e45c7f6d5329da76e835,101,0.0,8.937449365914021e-09,1.8428608145460568,6.314577280114706,-0.0,1
2,control,ddb3ce228d2d809808ca,89,0.0,2.0006365546756622e-08,1.9026122982935745,6.703382825413355,-0.0,1
2,control,8e384e24af4ef515fc14,46,0.0,2.4733096164815818e-08,0.6334846124385161,1.8841647371616033,0.08112768922253212,3
2,control,b72caf47f7bf8a8bbaa1,26,1.0,1.3070606761172529e-06,0.7369313368415674,2.08951365270332,0.5067098382308971,2
2,control,10708df2eeb640a373e8,29,1.0,1.925365250766102e-05,1.8772176307552482,6.53529593554315,0.2700774048706815,3
2,control,360ffcf944eed8b1c494,47,0.0,1.9549408447923762e-09,0.09497498047508716,1.099631342528159,0.07580012040968338,3
2,control,9f2103af7b276f833477,20,1.0,0.0016722238327382573,2.0733232739618126,7.95120328615335,0.11403360131845934,3
2,control,1a5ce236777a6493d1bf,33,0.0,7.774623153594472e-12,0.0015622797986752778,1.0015635007935224,-0.0,1
2,control,db3a5f3ccb2bc313172c,21,1.0,0.0006123298250836325,1.934742099813054,6.92225857336994,-0.0,1
2,control,a5dfa2cb2cd841c546dd,3,1.0,0.08542624665496806,1.2373793666204218,3.4465694245028877,-0.0,1
2,control,b02695d5bdac14066eee,38,0.0,2.6047512952313786e-06,1.8532364902277607,6.380436361439212,0.07346543225306218,2
2,control,bd44ab262620253ffba5,34,0.0,0.00041114386137213577,2.206850464296905,9.08705128338975,-0.0,1
2,control,4a91b91d738b1867955f,4,1.0,0.044830714182549684,1.0473480491286176,2.8500828075199407,-0.0,1
2,control,b07b916de5f8b78101db,40,0.0,1.490534703421051e-11,0.00652076344277463,1.0065420699070076,-0.0,1
2,control,47160869ae64afc13221,56,0.0,2.8247716075593116e-08,1.954640011239481,7.061376549905914,0.6850573407507212,2
2,control,cd31284b297a778aa92c,4,1.0,0.0025723855044320313,0.1009153182259607,1.1061829642612653,-0.0,1
2,control,23c44349c0f6271a5288,99,0.0,2.0970748260674688e-10,2.0674569652273362,7.9046956204036185,0.3468387038962739,2
2,control,feebc95648fd587f735e,27,1.0,1.8238719074034234e-06,0.9300673875225816,2.534679977667126,-0.0,1
2,control,29fbb3ded159e2837076,19,1.0,0.012619772034171337,2.9674333175426257,19.441954178054758,-0.0,1
2,control,d2a5f63d4cda7d9470ee,10,1.0,0.00021394581699721638,0.6866295008173776,1.9870070285236063,-0.0,1
2,control,d15832281cf04c100401,3,1.0,0.049524256592418645,0.9249211253444184,2.5216693567120214,-0.0,1
2,control,571c0af8675223f6dd19,73,0.0,5.119803648602709e-08,2.0115273200328665,7.474724930713172,-0.0,1
2,control,d31127c2e506f3c499d8,21,1.0,1.224708922026511e-05,1.3111986013937456,3.7106186004796102,-0.0,1
2,control,be302f7153059295ca43,34,0.0,0.00045670489067261926,2.598987651838345,13.450114941373313,0.27303715420870783,2
2,control,e6f8ea089bcbf05f931e,113,0.0,3.104531826466085e-19,0.0027219746840812117,1.0027256826207116,-0.0,1
2,control,83d8ebe9c21baf573178,19,1.0,0.000878642843639857,1.7286597238565502,5.633098938565275,0.09080486582761331,3
2,control,c32e25a7d4069709d28b,26,1.0,1.9253967684322842e-10,0.0011598220558984797,1.0011604949096042,-0.0,1
2,control,300cf3812169f279cd5a,111,0.0,1.18062537542524e-08,2.218898667312479,9.197196113326365,-0.0,1
2,control,50336e8ae225738039fe,3,1.0,0.10625219415331741,1.9543083642751788,7.059035054105792,0.0012569471844025761,3
2,control,b821b3331f776d8bf887,106,0.0,9.118880262374845e-10,2.0270691501328937,7.5918032849099975,-0.0,1
2,control,85766add2ca3abd7de29,1,1.0,0.9305462917141235,0.3350261194512367,1.3979768991350503,-0.0,1
2,control,7b5ecadc1371bbcca841,27,1.0,5.320662676479747e-05,0.9205129509205173,2.5105778629286593,-0.0,1
2,control,e5d586ca55ffc42da51a,80,0.0,1.4712761327647505e-08,1.945791636736105,6.999170462921694,-0.0,1
2,control,dbf75f0ea3196a5b8b00,10,1.0,0.00013048489173319162,0.156557807463449,1.169478364942892,-0.0,1
2,control,715dc08311a316786a07,1,1.0,0.849822606351708,0.5450584608720606,1.7247092074335637,-0.0,1
2,control,23ab437e39cde13786f1,30,1.0,3.830460391792442e-06,1.8424866155948698,6.312214813963044,-0.0,1
2,control,e74a8a512043cb5b5d1f,95,0.0,4.172288348761361e-10,1.2096222579725133,3.3522181396798536,-0.0,1
2,control,3beae05d3e898ccb72df,49,0.0,2.048542499343108e-06,1.6982788785573173,5.4645341664707985,-0.0,1
2,control,b71999890875cc0fa3f4,10,1.0,0.00033259854948538057,1.100421820417872,3.0054335098209277,-0.0,1
2,control,1a9c9f88a4446cfa87ac,20,1.0,0.0008106492365502732,2.1660395160886723,8.723665595854076,0.05831084343927913,3
2,control,f70105e866c214417a02,84,0.0,4.777684948088295e-07,2.4554694620965734,11.65190239159767,-0.0,1
2,control,fd53e254927807335a20,3,1.0,0.0004183978933723344,0.011788260937192341,1.0118580163138748,2.644275859247501e-06,2
2,control,f0a74700dfc5bab4258f,2,1.0,0.2143500277840816,1.2835222132350346,3.609330193760031,0.0003958927308498082,2
2,control,9322090e26b810a7fdb0,65,0.0,4.696997627400429e-07,2.121838003374171,8.346464227485672,0.4723049621305019,2
2,control,289802620d8f8496057c,4,1.0,0.13780891289897212,1.8062799187228364,6.087758300017092,-0.0,1
2,control,7840c5631f4605dcf991,30,1.0,1.0521080517992533e-10,0.0026761551413489923,1.0026797392410083,0.027564425761700366,3
2,control,a9eb854227232bc76563,26,1.0,0.0003870913896780537,1.8342657727542884,6.2605358015693495,-0.0,1
2,control,0c2c932ba902d005ba0d,4,1.0,0.04286188609333979,1.2811813689153317,3.6008911947230104,-0.0,1
2,control,bd43fb7d21dad17f3f3f,26,1.0,0.0016938359600228805,2.6927198160867087,14.771797907074312,-0.0,1
2,control,c11f5e113fddb86950d5,72,0.0,1.586101438433125e-07,1.6790577286529245,5.360502542693564,0.692678337868446,2
2,control,cf3baddb617eed0396b0,4,1.0,4.38336574077989e-05,0.0037392540874567263,1.0037462538198954,-0.0,1
2,control,950b439aa8892f2cc982,2,1.0,0.13856675132756016,1.0422149247349624,2.835490462139825,0.0007004186701863389,2
2,control,d4095ac50f9f8942c966,5,1.0,0.05434708263550415,2.6196096706827596,13.730363175699683,-0.0,1
2,control,82da3ab878cd503cabcd,8,1.0,6.646598641452127e-07,0.00183401582091792,1.0018356986565589,-0.0,1
2,control,3bd96be610366f02d8ed,13,1.0,0.005378633186172251,2.0777790096424593,7.986710793627621,-0.0,1
2,control,0275f98eede9fed5cca3,4,1.0,0.05155405783853508,1.649828209688656,5.206085395323739,-0.0,1
2,control,6565f139671bd035843f,11,1.0,0.009650393141454095,1.6390524683753471,5.150287139557939,0.001529248188619238,2
2,control,ed6be4c43d8c18be5b94,35,0.0,0.00032712583901953326,2.3041598797227403,10.015760273564709,0.3625587157663315,3
2,control,0090a232de93e6469d04,5,1.0,0.04418803377092446,1.2814089775691997,3.601710882000986,-0.0,1
2,control,168978705d57281e8a6b,29,1.0,5.3892149748498786e-11,0.0014259426719508432,1.0014269598116061,0.020883059203077616,3
2,control,d38744c3e8e109d43fd9,84,0.0,1.0416433117537063e-07,2.3652616285189203,10.646823965942406,-0.0,1
2,control,78f2c06d7a156823dac6,29,1.0,1.236790628219227e-08,0.4993564924577851,1.647660647423562,-0.0,1
2,control,3d5dae19ee548d12fcc8,33,0.0,6.398963345264333e-05,2.0575259931271983,7.8265828187476325,0.38031989708301595,2
2,control,6c3695cb80311d1ab4db,20,1.0,0.0011663103940358504,2.113921448327032,8.28064983931861,-0.0,1
2,control,8b4a0e1a3fe4f9df1ca9,26,1.0,0.00017333592295584055,2.1685954216724936,8.745990980095366,-0.0,1
2,control,e102c45843bd450b33dd,6,1.0,0.02466391185174722,0.850170991770791,2.3400469464896916,0.10850110501757951,2
2,control,0778ba3bda71761df9fb,43,0.0,2.288114418522093e-06,0.6708575057031555,1.9559138089801333,-0.0,1
2,control,a11dcaaa1815d94f2dd2,68,0.0,7.739539776725964e-09,0.540869141782481,1.7174989637777978,0.2167489017575147,3
2,control,0ca7148d0b34a678841c,46,0.0,8.684675931197422e-08,1.5725386256737897,4.818865975910894,-0.0,1
2,control,985a831879d1d5eb95e4,13,1.0,0.0013107112957270598,1.5748959962578504,4.830239229030262,6.84269243061017e-06,4
2,control,a3e17063eacf8f001676,16,1.0,0.0019871763109156524,2.045286261516938,7.7313714152732995,-0.0,1
2,control,726a974f34b3e6a69e08,71,0.0,2.089701532896005e-09,0.3174376231240768,1.3736035610941375,-0.0,1
2,control,ab2b45ce65a139358d19,10,1.0,0.006838245342873625,1.7844905618212035,5.956544683233115,-0.0,1
2,control,06dd7cc987ed9076c020,26,1.0,0.0006989877597137951,2.387231413290697,10.883320776546368,0.3251910521201817,3
2,control,0c5fd49c906130807aeb,77,0.0,4.064212385391568e-09,1.3797070350016132,3.9737372910091073,-0.0,1
2,control,c8c90e6c24337ea31534,15,1.0,0.0014891580238141314,2.0780413469348717,7.988806280562669,-0.0,1
2,control,fe53155ef0a4932dc223,24,1.0,0.003585883203194191,2.1659296127573375,8.722706888627165,0.47041248949806613,3
2,control,ce8f9f818202541af586,82,0.0,9.667388330660907e-13,0.2618137942730109,1.2992845856723731,0.37945259496100353,2
2,control,58ca790b7e449d196844,7,1.0,0.02236436778247854,1.7032231712592523,5.491619326171243,-0.0,1
2,control,fb177781bc906efa216b,21,1.0,0.006950149877492586,2.7397306235410612,15.482813828980884,0.16311023985722783,3
2,control,7f64697c3fca381c3736,39,0.0,1.0594615836113611e-06,1.8996221919872205,6.683368934894882,-0.0,1
2,control,cf4083c4fcad419610a9,9,1.0,0.00010531853867635757,0.2562548813170383,1.29208201353888,-0.0,1
2,control,1062de1df9f08d87354e,31,1.0,8.464411498336726e-08,1.346963366669044,3.84572971070459,0.3124641871144562,3
2,control,98101c5bcb2ebb0be283,44,0.0,3.0611826247491314e-09,0.9944657251062352,2.703279660931937,-0.0,1
2,control,7070cb8adeef0230ceff,35,0.0,3.640083933163953e-05,2.2043867428992856,9.064690876918032,0.6674381709296617,2
2,control,fe2ad70479f404252943,37,0.0,4.915238505421175e-07,1.239255325031981,3.453041113817869,-0.0,1
2,control,6b58a51742e0ea8ba418,31,1.0,1.1498646573815172e-06,1.2997012631970881,3.6682006773782856,-0.0,1
2,control,555ea7b3858a13cf4068,8,1.0,2.9119436304068288e-06,0.007746739598559746,1.0077768232189128,-0.0,1
2,control,8a981c15533807e6c1ca,111,0.0,1.1264602474422061e-14,0.9676198195067301,2.631673141804238,-0.0,1
2,control,73a84fb21dde1ed62733,34,0.0,7.085839873109849e-10,0.007273385337107566,1.0072999006506196,0.045675567202572716,4
2,control,6b3d1d3d89381815b4e7,31,1.0,1.7633203124394655e-07,0.9305988896759325,2.5360275236133747,-0.0,1
2,control,daa5fcd12d84b4acdfca,13,1.0,0.0017490819470322094,1.711787233487673,5.53885185830599,-0.0,1
2,control,ec2c0e335dde0a9d2860,30,1.0,0.0009255216416180945,2.3801679258775557,10.806717439079385,0.18594613969769067,2
2,control,17f2d8aaf54e7894b35b,7,1.0,1.1178240497340663e-06,0.0034390450926434822,1.0034449653929993,-0.0,1
2,control,90e907e4e06212b6f1c2,8,1.0,0.026169247286988807,2.0965372498558037,8.137941408859493,-0.0,1
2,control,e4436bcc85677b3e8b7e,44,0.0,1.2509377218034233e-07,1.1700366282016443,3.22211065648594,0.3593100504193881,3
2,control,81e1a72cb45e51f34b7c,40,0.0,1.8600828466411306e-05,2.0847880948448365,8.04288697189512,0.03450265361278351,2
2,control,e04eaab9cf897cc95b3f,21,1.0,0.0031142324328861186,2.4066185868331598,11.09637620317103,0.2856046489175405,3
2,control,e1cf410b0a2f7cec53eb,45,0.0,8.073439848798252e-05,2.6571626565948847,14.255783108961753,0.13907049967456356,2
2,control,2d71bc0ef4c8625fd71d,34,0.0,5.709345324727269e-08,0.9325970056811534,2.5410998666753186,-0.0,1
2,control,c1f659171db6051bb24d,32,1.0,6.788731009394815e-05,2.0552793952850172,7.809019371064404,-0.0,1
2,control,ea74450ff2b16ddb2a72,29,1.0,7.379579548128621e-12,0.0007368948540632604,1.0007371664277793,0.026532048687487944,3
2,control,83e968762fc9bd27ec91,56,0.0,1.059691132705478e-06,2.0317187754420107,7.6271845165982555,-0.0,1
2,control,c4db4640c8e2068a365b,7,1.0,0.00125198832976737,1.0428687054653665,2.8373448572830706,-0.0,1
2,control,0fd4a40dd83ef307ddf5,58,0.0,5.165784457635494e-10,1.2662938375644355,3.5476798894609844,-0.0,1
2,control,55b6b62ac3d6768d8185,75,0.0,2.3065451259923437e-11,0.05913457190374202,1.060918000889285,-0.0,1
2,control,b96f18a9ffed7689f215,9,1.0,0.008203423332213673,1.7595242984925026,5.8096730667213885,0.0057732446726161514,4
2,control,7583516b19c42e7d16a0,34,0.0,1.0127865980147421e-10,0.00805590010563202,1.0080884361793232,0.009469708825151907,3
2,control,bdee65fe34d9b0e768f6,9,1.0,0.00566780068428541,1.6924201853070715,5.432612737271491,-0.0,1
2,control,548f255842c96101ae5c,4,1.0,0.02845571753884562,0.7163316161167429,2.046910567372443,-0.0,1
2,control,af582908a5a3922600a0,109,0.0,1.0183394596828672e-10,1.70980001572901,5.527855882848037,-0.0,1
2,control,a6516c31578a88b71242,24,1.0,1.4925646240592183e-05,1.3835232982849686,3.988931092062999,-0.0,1
2,control,6bcdd31e916c525ef8ee,5,1.0,0.016598743609202018,1.4177330386399527,4.127752370609394,-0.0,1
2,control,7944d479dd21b97b5adf,26,1.0,0.00125009955412005,2.447446988807658,11.558799273876668,0.20238471986628745,3
2,control,e69e45e86980938697e7,2,1.0,0.14113209681619587,2.6687651934844028,14.422149628879598,0.08559443450045541,2
2,control,ea80ead46a8ac55d4f26,20,1.0,1.679353349262539e-05,1.177109949929808,3.24498247631315,-0.0,1
2,control,91d6a5a04567a3892e7f,43,0.0,1.4827828620798744e-07,0.7825502627270448,2.1870426929145927,0.1330697070573498,3
2,control,7164c245e901b9fad54d,4,1.0,0.07683444096424134,2.2787244581416197,9.764217794413897,-0.0,1
2,control,eb68cd553cf29d146e56,81,0.0,6.70923994411642e-05,3.02688102921227,20.632779092094136,-0.0,1
2,control,97607421b8607b8f06bb,99,0.0,6.343928286932228e-07,2.4386862088894095,11.45797746102501,-0.0,1
2,control,485a8e227e846366239a,78,0.0,5.413296653072097e-08,2.1484609747943,8.57165624554522,-0.0,1
2,control,6d53845726102912264d,15,1.0,0.009513035786681515,2.523550411194724,12.472801718933052,0.04337907240851203,3
2,control,42932f35bb872625d11b,48,0.0,1.3514524234003743e-08,1.3585408173259512,3.8905121899325152,0.3339883219373496,2
2,control,40e49aa33c666df54a5e,33,0.0,3.649815125076721e-11,0.003296259607730332,1.00330169824551,0.09006861289036976,3
2,control,b93ca1bed4aab9c45cfb,78,0.0,9.359328925498437e-10,1.70142593339899,5.481758443833909,-0.0,1
2,control,9f4741e042db6167d5c6,118,0.0,1.015473265668648e-09,3.521786351233462,33.84483325533175,-0.0,1
2,control,eec6e7bd245e7cdf2257,38,0.0,5.807135405011913e-05,1.8176057114352273,6.157098916115959,-0.0,1
2,control,7b6bf458ff2123f8d3cf,4,1.0,0.031325055515798776,0.8832859245195995,2.4188347707482754,-0.0,1
2,control,8703c6a1add4701870dd,34,0.0,4.898430079579459e-07,1.4451584707480156,4.242524405568062,-0.0,1
2,control,69d5e7bf846669b6644b,27,1.0,3.896960434938395e-05,2.0869040423004397,8.059923315766932,-0.0,1
2,control,74d5add664872eeb8da4,62,0.0,3.446719232191597e-09,0.5278361216936571,1.6952600004988483,-0.0,1
2,control,d2d3f7a76ae386833fa7,88,0.0,3.255838727465481e-08,2.427651063711163,11.332232101487376,-0.0,1
2,control,4bde3657d7d5da03db26,64,0.0,1.325220942715579e-06,2.054566832695743,7.8034569380278676,-0.0,1
2,control,512deda84a719f7419ea,28,1.0,1.7527987052890466e-09,0.013546741702590953,1.0136389145516094,0.11029103953985316,3
2,control,8b5f228e369b54cb8a20,65,0.0,5.5130247055845965e-09,1.7392990487038942,5.693351261734158,-0.0,1
2,control,6e272a14fcc60243c326,50,0.0,7.739880276091e-07,2.1597841103665876,8.669265851792199,-0.0,1
2,control,482b7bc2470792b3eef9,28,1.0,1.360265490255033e-10,0.0032137961740457636,1.0032189659536923,-0.0,1
2,control,ddff56e2c6de482b0bc9,30,1.0,1.639290195291986e-11,0.0016614377629263664,1.0016628187153294,0.11287759220914685,3
2,control,f6aff5eee5f19ae4b4d0,29,1.0,7.377722636028971e-11,0.0018483257988022375,1.0018500350058264,0.09840306164613526,3
2,control,b5e136345ec3f2fa5e2c,4,1.0,0.09260184947347881,1.6806640757258282,5.36912028995579,-0.0,1
2,control,bfad15d88596cab73ec0,30,1.0,1.0527503911523261e-11,0.0012526964656567664,1.0012534814176088,0.04911589105718112,3
2,control,3948de97d50c5d6cc37e,45,0.0,1.5252913729949422e-11,0.023595118124884216,1.0238756852503357,-0.0,1
2,control,c921e5415ee91b176f8e,29,1.0,4.416473211147768e-06,0.6906347811534024,1.9949815080547961,-0.0,1
2,control,3ee93a31437e17150d27,67,0.0,2.919260331562596e-07,2.24593717714368,9.449267045205321,-0.0,1
2,control,ecd2d2239d4a48dcf080,23,1.0,0.0005629037517646104,1.8739374021215804,6.513893791838597,0.33087168791579363,4
2,control,a73734d1bd43f1e18f46,51,0.0,8.453843505471616e-14,0.005059281757548496,1.005072101534002,-0.0,1
2,control,5117857e9b4fe47b12ee,106,0.0,6.616093530246588e-13,0.9670753497317974,2.630240665326484,-0.0,1
2,control,b399be817650c526ba66,106,0.0,1.9926259200136133e-09,2.065812130063875,7.891704386239069,-0.0,1
2,control,3d5cf849838e9593e5af,52,0.0,2.140794952066785e-14,0.0024130061456567255,1.0024159197880607,-0.0,1
2,control,4c7e6b2e59b287c66e4f,4,1.0,0.04778858544863707,1.4306974345023091,4.181614577441515,-0.0,1
2,control,dcb7176abba1f89a660f,118,0.0,1.1737296954458856e-11,1.5277417254459476,4.6077594781346916,-0.0,1
2,control,57185b25b522b0f4ff22,60,0.0,7.27295582315102e-06,2.7215813605611885,15.204346798592491,-0.0,1
2,control,19350220f29d27ced781,16,1.0,0.005881204524056609,2.1538471638310908,8.617949366274242,-0.0,1
2,control,425c82979a29a4f46031,29,1.0,2.2092779311605316e-06,1.0224894575691894,2.7801071150928216,-0.0,1
2,control,e067cd26286f3c9a543f,3,1.0,0.11127071553176346,1.9280227573213875,6.8759014662562015,-0.0,1
2,control,534f520648bbbab541aa,62,0.0,5.87521866120149e-15,0.0027705314221330704,1.0027743728911311,-0.0,1
2,control,69dc92bc496291df0a7d,5,1.0,0.04114655728542066,1.627668430267088,5.091988540833151,0.18536227259175023,5
2,control,052ab7b30e358b2a1dcd,19,1.0,8.31936053173152e-09,0.009051327728135015,1.009092414865779,-0.0,1
2,control,9adc6f692292aab62be7,102,0.0,1.54173215844406e-07,2.2936530967254103,9.91107775508162,-0.0,1
2,control,467c7bab7dd29718f744,80,0.0,1.1962216689838691e-08,1.8478952992248794,6.346448081899818,-0.0,1
2,control,6fcb0cb47b1bbcea5e76,14,1.0,0.00466932233307778,2.194613808324741,8.976533724737894,-0.0,1
2,control,7ff999fa12e6fbc53ffc,18,1.0,0.0028444825921169767,2.2452031237321055,9.442333323666231,-0.0,1
2,control,ca787c996fa5e4d0adf7,17,1.0,5.284463844603795e-10,0.002246640248307872,1.0022491658355184,-0.0,1
2,control,b046b55c4b9b1c55fd8c,8,1.0,0.02687720821462887,1.8655039257576778,6.459190018225754,-0.0,1
2,control,b9204dc01c2dc1629b4c,78,0.0,1.8898624284763193e-10,0.25386689543674357,1.2890002210373435,0.401700546698891,2
2,control,8fa8ffcff3457eee9086,88,0.0,6.440510116720493e-08,2.4488056716848714,11.574514690247215,0.6559168568246974,3
2,control,8c5d84b6536eb7926956,1,1.0,0.6865406753651322,0.9079390633073936,2.479207774327197,0.0006141577792894514,2
2,control,1c449e20ff612dc5bc79,46,0.0,1.93038573891668e-09,0.2576410245897974,1.2938742662023177,-0.0,1
2,control,634371a54d39e2c8df0e,44,0.0,8.683673552606457e-06,2.2108074722311963,9.123080053470707,0.01317199057334773,2
2,control,a2f2f7c562a1b45e6774,4,1.0,0.06557946858324644,1.2790909751067105,3.593371776075298,-0.0,1
2,control,bbc470c61a4ceafdc153,36,0.0,2.869266700179557e-11,0.0034031856278393686,1.0034089830387378,-0.0,1
2,control,18bd447a049abd1b359f,121,0.0,4.955153333989291e-13,1.2685466565026147,3.5556811792471326,-0.0,1
2,control,8e84d7bb391741fe291f,10,1.0,0.0006667290293988322,0.37882319344747367,1.4605647754903563,0.21890790254972461,3
2,control,6652e08ca13e7ba7369e,114,0.0,1.7805159545403258e-17,0.01229267636695502,1.0123685418576889,-0.0,1
2,control,6670a54cd7b545ec4e45,113,0.0,2.678730994901973e-09,2.2270679540227794,9.272638380495321,-0.0,1
2,control,7f74f09e8b15b0e2be24,41,0.0,4.07899436466261e-06,1.4939890298417602,4.454830574755823,0.334266444584115,3
2,control,204b463e708b9c74b6fa,65,0.0,3.2738686128895832e-09,1.1816407319257138,3.2597181413289507,-0.0,1
2,control,166e6f5a385bcaa39daf,4,1.0,3.3359985848080745e-05,0.00490548010998381,1.0049175316757188,-0.0,1
2,control,80d21b56e58f999cea78,76,0.0,4.2179549470096443e-11,1.3566276663656405,3.8830761681843966,-0.0,1
2,control,3509a3e96a94d669c72a,29,1.0,0.00019278807985622555,2.1083374275612883,8.234539379360196,0.00750755883053211,2
2,control,adc9d5a15c17c341dd3a,2,1.0,0.0005563409488573456,0.01289546925285708,1.0129789743763375,-0.0,1
2,control,4447a5a2ab589825a0bc,68,0.0,7.105991064852016e-07,2.1920599356972192,8.95363804973141,0.7907688831024471,3
2,control,f26856e00e320cb81c9b,6,1.0,0.009816943628433508,1.2717418037788926,3.5670602735426584,-0.0,1
2,control,e634e7d94ed583649891,48,0.0,3.2592236218299436e-07,2.06747842007946,7.904865216298559,0.5984124023101486,3
2,control,c4ae41293505733a5131,92,0.0,8.19199980685777e-11,1.7317592884973518,5.650586180270986,0.5922964579284662,3
2,control,cc5a48f8f1012e46f9f8,31,1.0,3.3370882953511043e-11,0.0022970189811002068,1.0022996591503193,0.03939729894680498,3
2,control,910a96b440ccbae7669b,94,0.0,2.2966666540205535e-08,1.7024957196793087,5.487625891707181,0.2767672743635154,2
2,control,1e1c4c50d7ed6b0b8212,40,0.0,1.0793977739041575e-09,0.7415763063457245,2.0992419562440094,-0.0,1
2,control,353f41817b0e1e5ba521,76,0.0,4.920064620952517e-07,1.824720116269672,6.201059200621466,0.7470533345112107,3
2,control,304d5c8aa2fbe373b3e9,2,1.0,0.2182028177789963,2.3863324751910104,10.873541740881617,-0.0,1
2,control,371dea23c895a8dba3dc,51,0.0,4.6229037272531905e-10,0.07036730209590768,1.0729021881124121,-0.0,1
2,control,b9f875570dc1e530a972,2,1.0,0.16844308544977024,1.6604592260819886,5.261726611809189,-0.0,1
2,control,1916fb82806608853146,94,0.0,1.3545538788391727e-09,1.6168823771481826,5.037361218158971,0.023092392572674068,2
2,control,eb502cc7a3d71606b508,26,1.0,0.00013824545017846208,2.0719982876325993,7.9406750269384405,0.47916272141244826,3
2,control,52026f55866815898217,23,1.0,0.0010072195997147778,1.6394985314452653,5.152585004908706,0.16618529759887965,2
2,control,ad1ac1cb2d50bef19a59,28,1.0,3.063844858274871e-06,1.7417614289568628,5.70738773192548,-0.0,1
2,control,82efabdc004ef00fcd39,23,1.0,0.004579625226986297,2.5982604896238306,13.440338081119554,0.08201163534577909,2
2,control,0e0c81052e0499aa711a,6,1.0,7.0163790843342445e-06,0.003396231997142244,1.0034020057274904,-0.0,1
2,control,18dddc8b3865ae4a3526,103,0.0,1.707549315728901e-11,0.5379134559616191,1.7124300711604197,-0.0,1
2,control,376363ef9ac0bf255417,12,1.0,0.018940173942018183,2.4853082411154146,12.004820063712083,0.19002456608160384,2
2,control,58a5ab5d102026b20da4,4,1.0,0.023351097474560975,1.237775603662679,3.4479353535755632,-0.0,1
2,control,bf01bcc9a3f2c2398d47,5,1.0,0.004805936432012237,0.7385080756583143,2.092810868728805,-0.0,1
2,control,d01d65fe0d3697b272b6,83,0.0,5.962631630866029e-12,1.1992558366314152,3.3176471324209453,-0.0,1
2,control,15ab8652628105a6fedf,41,0.0,5.530921954206742e-12,0.0018731230105629008,1.0018748784013192,-0.0,1
2,control,1c9d7a03f6a547b885e3,43,0.0,6.85134284591821e-08,0.1103207918107664,1.1166362207651839,0.13655504976759225,3
2,control,c4ef24f33950819e8a20,37,0.0,4.2740007586916244e-05,2.284819883012089,9.82391661038406,0.053368268673227796,2
2,control,3b861f9b9ca6c638e8fa,95,0.0,1.2698498297271691e-08,1.878722483803668,6.545137999126425,0.12636054987960782,2
2,control,1bacd95a3f74e1e0de81,14,1.0,0.0011899895179630726,1.9209807377464299,6.827651322158675,-0.0,1
2,control,e0596c956d622647e893,92,0.0,7.779910057718952e-08,2.1219424921133645,8.34733638457403,-0.0,1
2,control,474d230ca39bc9382334,54,0.0,2.4841377182998068e-06,1.1532511942172066,3.1684775177845057,-0.0,1
2,control,49008f87a19b3410da5d,73,0.0,5.686286813015569e-08,1.4537623666587878,4.279184126011329,-0.0,1
2,control,4d5cb4557f81a98df011,103,0.0,3.0407416003622034e-08,2.8109920157686457,16.626403695149964,0.023496578839660564,2
2,control,d84f12c9f417d2cf9a51,16,1.0,0.001054586998052084,2.0075161385445517,7.444802504701422,0.4435888481218571,3
2,control,8bc553dfe39d0fb3eb58,85,0.0,1.9268374975361735e-11,1.1391965523583072,3.1242571794552405,-0.0,1
2,control,627cfbc46552bafc42c4,109,0.0,6.835420027424047e-10,1.9417107118191834,6.970665576492315,-0.0,1
2,control,cbafad76671fe9cc53f5,22,1.0,0.0006182319129525283,1.961225673459996,7.10803385667587,0.28569399962932746,3
2,control,55bb9264b57c8aa8ab5d,109,0.0,6.706313350876214e-09,2.157668287502106,8.650942612085114,-0.0,1
2,control,72e460b19506cdb1190e,37,0.0,3.853575438878586e-05,1.842927186256808,6.314996403320267,-0.0,1
2,control,37505bd5b446881d6911,111,0.0,4.594058946346762e-08,2.2018038098060675,9.041307598594166,-0.0,1
2,control,f0ac5208e3e46a39313d,49,0.0,4.889089216750877e-05,2.3127047892367427,10.101710735299829,0.004236805907787537,2
2,control,6d4a145028559d98d41b,2,1.0,0.23232328592808352,2.0838778043250876,8.035568939406318,-0.0,1
2,control,7849316ada5e1e188377,23,1.0,4.8472396667281335e-11,0.0020089495951272425,1.0020109688863568,-0.0,1
2,control,6891723c461ee25d0c88,19,1.0,0.00014461529585547706,0.9357821801903168,2.5492066170494048,0.20460561213891923,2
2,control,3e715b5c69591c6d0f9d,2,1.0,0.09516261269943979,0.9147465559639448,2.496142539289929,-0.0,1
2,control,831eb67ae9ad380e3ef7,107,0.0,2.283393231341405e-13,1.0565181660225265,2.8763386003775473,-0.0,1
2,control,5b6b6d05eabcab57c0a7,79,0.0,2.3650641623598063e-08,1.9516848238205042,7.040539662383176,0.030839968452915405,2
2,control,4e50e7376a97e4742b6a,108,0.0,1.0430498799636655e-07,2.445642019190887,11.53795480985221,-0.0,1
2,control,379ff263dc0c30a5bd6a,13,1.0,0.00564463258052927,1.9951223095674602,7.3531023276583785,0.2746820899748776,3
2,control,4071e9934caedd2975c1,97,0.0,2.9405903498760615e-08,2.8101900315841073,16.613074927785416,-0.0,1
2,control,334af5847cbabc9d6832,35,0.0,0.00019769473980761395,2.285147807085174,9.827138637393823,-0.0,1
2,control,836b2b23b614762424ad,98,0.0,2.1011434167975263e-10,1.4942737282212277,4.456099038357456,-0.0,1
2,control,5cb3625e015164f0aa3f,35,0.0,1.3756942672333225e-07,0.8490566342414962,2.337440749943036,-0.0,1
2,control,4ea0efede6677639fb38,84,0.0,8.335567602080494e-06,2.7732443541857337,16.010493550712884,0.6905814879918211,2
2,control,940cb52ef095b94849b5,51,0.0,3.981945835123389e-10,0.937096678925858,2.5525597492853667,-0.0,1
2,control,4a6cf8a85b6f265bf091,107,0.0,1.1244935347216296e-13,1.2442829831824782,3.4704455392068794,-0.0,1
2,control,a1794f5349fba1ec3252,2,1.0,0.22367932276479568,1.8493624667250173,6.355766218228783,0.0005518765300185843,3
2,control,d40dc07408c3c6b715bd,29,1.0,0.0003181532021081286,2.1026725416911742,8.188023531462584,-0.0,1
2,control,1f6abb906a0ad190c3cf,40,0.0,2.5006215624828174e-05,2.1346659157428305,8.454221612664076,0.0039498187246925325,2
2,control,75a63811aff753f61d7d,10,1.0,0.003013059341207435,1.8628797807421877,6.442262386928801,-0.0,1
2,control,be02b56bcd01579bc1b2,102,0.0,1.617596187855632e-11,1.2036245510539318,3.3321726912037595,-0.0,1
2,control,dd32d909f28437c19930,30,1.0,0.0009543221883739538,2.2334382030641495,9.331895938561344,-0.0,1
2,control,9e3c3213f8ee2b569dd5,47,0.0,8.756560015111846e-05,1.4357879369783937,4.202955368392578,-0.0,1
2,control,ebd8017ffdc0f0612110,4,1.0,0.03998191856209878,0.9788561692178666,2.6614102972170084,0.0020069436959235113,2
2,control,e2ef2ceca6cfc68e940f,9,1.0,0.01813500561628075,1.8338688346282501,6.258051249359651,-0.0,1
2,control,e2e855ae712c8bb184d3,5,1.0,0.036581105961959834,1.5406734716972437,4.667732798597798,-0.0,1
2,control,c4157f898ae834d540dc,42,0.0,2.1035721948481466e-06,1.944750310951059,6.991885839735963,0.5920351189329645,3
2,control,3818a84ffe39208bdd64,2,1.0,0.2904205980821948,1.256972250665028,3.5147635377434763,0.00015930259447292233,2
2,control,77c9b1c09ce9c8682fa4,15,1.0,3.369466175539671e-05,0.2714177487487893,1.3118229683384341,-0.0,1
2,control,b6194697b0598a2068dc,13,1.0,5.268619446360618e-09,0.0020570153766296118,1.0020591324841515,-0.0,1
2,control,7931e1b452ad33af04c7,27,1.0,0.0010646883244278,2.1639749832598385,8.705673880477688,-0.0,1
2,control,db7333a5f663c6f7c83a,65,0.0,4.849092210546104e-07,2.310249480381968,10.07693833986912,0.5443379895468919,3
2,control,01a8c7fbd73ac81f0c42,6,1.0,4.211555357635792e-06,0.0014695397257727088,1.0014706200283932,-0.0,1
2,control,cd5dee5529f7b13ad12e,72,0.0,1.039765269501515e-10,1.2133059763887664,3.3645895397636885,-0.0,1
2,control,d7b0c3162feac7140536,100,0.0,1.0209470629477595e-09,1.6192908876839782,5.049508378134845,-0.0,1
2,control,6f18f6aa1ab30df5993b,3,1.0,0.10450019587965213,2.4767737896317574,11.902801464924655,-0.0,1
2,control,9cd36733fe55e7254545,100,0.0,3.430598219393801e-09,2.069987718943088,7.924725793243385,-0.0,1
2,control,8f5db82e15f798ab850f,20,1.0,1.2183199937718556e-06,0.8011649772231524,2.2281351437908223,-0.0,1
2,control,1b5bd329e27453251f53,75,0.0,6.910456356202064e-10,0.5234495961263047,1.6878399851047161,-0.0,1
2,control,f0e163289a1a41cf0db4,53,0.0,2.8564468736890678e-05,1.858896801474487,6.416654022052281,-0.0,1
2,control,ba91d716a19191298219,105,0.0,8.514399830230833e-08,2.1028673612772795,8.189618874214965,-0.0,1
2,control,3cbab136a6cf8058d08b,30,1.0,4.1450911517656194e-07,1.101097197543589,3.0074639964612584,-0.0,1
2,control,177786251dc02d4bc7a6,88,0.0,8.56358736815307e-07,2.281927018027766,9.795538412950448,0.6563150549849486,3
2,control,ced5f4bd566fc0036b89,89,0.0,3.450562928969144e-11,1.7087761454321557,5.522198971870042,-0.0,1
2,control,ba76632d3e38aa272bdb,43,0.0,1.103633471562751e-06,1.917563426472878,6.8043589336618835,0.7497490879508765,3
2,control,429f24d8c2925f6f2ed3,40,0.0,0.0001291239356766415,1.8435146161206117,6.3187071105808155,-0.0,1
2,control,289524951137076b4c47,95,0.0,4.1245469454138385e-16,0.01681391598846377,1.0169560654527323,-0.0,1
2,control,89888ae30b16266253e8,16,1.0,0.004992008662572269,2.147787507424127,8.565885458192112,0.4361195716215128,3
2,control,572a1c5c103f4f08ff18,29,1.0,0.0007967859497039196,2.632454244987345,13.907861349637898,-0.0,1
2,control,b7bfb7bd45105555f608,9,1.0,0.014816508184889282,1.9202060252677466,6.82236390385822,-0.0,1
2,control,7c40274f959bc7b2d0c2,15,1.0,0.006370668647030839,2.2491402909861606,9.479582649525355,-0.0,1
2,control,391ea258fa7f454044d6,34,0.0,1.8252479520628807e-07,0.8480948730854667,2.33519377092699,0.6486319752998381,3
2,control,422620b26977786f0b49,1,1.0,0.2397355880827189,2.394587513284531,10.963674756053754,-0.0,1
2,control,b63a9b2d40aaa1015b2e,10,1.0,0.008409687276453323,1.8119202065779008,6.1221920259982845,0.012816681026957497,2
2,control,5a29ae82756007edf3bd,42,0.0,0.00014090470256126065,2.0611868471693677,7.855287305506441,0.0012166461706391238,2
2,control,70dfb260ed2776ceaa2c,52,0.0,3.2639489658485716e-07,1.9095807117150418,6.750257901033332,0.3873520117534572,2
2,control,1681a3726a5863abe7e9,55,0.0,7.057635820899694e-06,2.232419287993602,9.32239237163875,-0.0,1
2,control,db3a9dcac609d4c8afa1,34,0.0,6.619650789086385e-05,2.048854932523539,7.759011426002799,0.5815523464808386,3
2,control,b8776c46b6cf9a2bea75,23,1.0,1.1150470657324563e-08,0.028192515874783153,1.0285936859748444,0.43551256876856825,3
2,control,f5ebd7f19b65fcee959f,1,1.0,0.7445054277615435,0.7098447032397242,2.0336754109195527,-0.0,1
2,control,28b2151e6de8325245cd,36,0.0,3.335862372098446e-12,0.0015646797538345376,1.0015659045038978,-0.0,1
2,control,9768ffa1b345cc699e06,1,1.0,0.8477972910223702,0.5070745603836113,1.6604266051126189,-0.0,1
2,control,3be8f03bdf09ead05f4e,77,0.0,5.901210304638342e-07,2.718652419673377,15.15987931868108,-0.0,1
2,control,3b79a778854f7b2ed892,49,0.0,9.595076334277478e-06,2.0454293264339283,7.732477582408016,-0.0,1
2,control,0ddca1a8369702e2e9d2,72,0.0,2.2846457668957586e-08,1.72449839860572,5.609706487267452,-0.0,1
2,control,b6a00d6a348e82948063,63,0.0,5.640758742533308e-10,0.15685050503150136,1.1698207185167857,0.010291103812204584,3
2,control,59b599300c75e5e139b9,48,0.0,7.227312856959309e-07,1.334088509910318,3.796533865839041,0.22381210808648477,2
2,control,2b4e8a111fbbefdeda5a,12,1.0,0.02181642432929701,2.547152307999005,12.77068497504986,-0.0,1
2,control,612fb8503649bab35597,99,0.0,7.579921888834391e-08,2.4465059955476494,11.547927637536624,-0.0,1
2,control,2fd80e0728994c09734c,100,0.0,2.4513589520530235e-12,0.9585901195316348,2.60801688807321,-0.0,1
2,control,1f4c8775893e4ffa5c63,83,0.0,1.5093671718900398e-09,1.8872894334121812,6.601450736325441,-0.0,1
2,control,9e2e4aa1630181d7a2f3,36,0.0,1.5501575461107307e-06,1.4173149639069151,4.126027022326398,-0.0,1
2,control,bea63064500a69348d19,30,1.0,3.0284014585120625e-11,0.0017948421420284594,1.0017964538352866,0.027044777335463968,3
2,control,ca6dc7dffa5ec8f05c56,5,1.0,0.0008777513852875091,0.3402475653637121,1.4052954499820431,-0.0,1
2,control,5f48a4ee45622847740b,19,1.0,1.8868286782651346e-06,1.114470916971886,3.0479551311717925,-0.0,1
2,control,93b98a9087f68c46f0df,22,1.0,1.7288527520953e-05,1.2447984393236529,3.4722348627919732,-0.0,1
2,control,bdea88a12f267cc56149,48,0.0,1.7180860713798508e-08,0.6771695056321222,1.9682985820279746,0.8880880950570226,3
2,control,07d650338d32a0e0c373,21,1.0,4.692612645857716e-06,1.0966696316101074,2.9941776860367275,-0.0,1
2,control,df14879810ae64f725d4,6,1.0,1.2444085461725743e-06,0.00095217647249252,1.0009526299364244,-0.0,1
2,control,27d2affe59f9cb0e38f4,103,0.0,8.538346737588223e-07,2.8577746756862044,17.422712579415993,-0.0,1
2,control,a8d148da1f7acf8c0b2c,21,1.0,0.0006785933390059796,1.8769687728640938,6.533669777928031,0.11976592209762361,3
2,control,40d494b8510a649df932,15,1.0,0.00016008825413821152,1.4095156033596055,4.093971817494361,-0.0,1
2,control,36beee8e0d2453749728,14,1.0,0.01001876865651991,2.4577857466672195,11.678922794716657,-0.0,1
2,control,87a0fc3697da3a6dfb5e,96,0.0,1.507902512512465e-09,1.9001808159896942,6.687103468202157,-0.0,1
2,control,da852f11659b3b1cb031,76,0.0,1.3854110545445191e-06,1.997772687744902,7.372616678385539,1.0523372605855923,3
2,control,9d8c87e544ef609c7381,6,1.0,0.0015078324240630954,1.2131009407005031,3.363899749549902,-0.0,1
2,control,b0763a111f92bee7b7a7,18,1.0,0.0004911485694042137,2.0685508360031393,7.913347066853957,-0.0,1
2,control,7f194743d1051af8c479,59,0.0,1.3378717623377076e-10,0.18148755622868173,1.1989996165398435,0.14822140228362138,2
2,control,c452d90b2d3ae13b926c,68,0.0,1.901140575979456e-09,0.4883360979837249,1.6296024640438649,-0.0,1
2,control,659d15afc253c96c35ea,41,0.0,3.05036902630502e-08,1.258936959228512,3.5216758118432665,-0.0,1
2,control,4fc6c603c96cc6cf300f,93,0.0,1.1559889389753107e-09,1.0863416805868829,2.9634131065378666,-0.0,1
2,control,0b374082c73de237e6e7,86,0.0,3.1546730739560564e-08,2.691122702995228,14.74822450495764,-0.0,1
2,control,63780c0cf420754c8243,26,1.0,0.00028656877706674674,2.108694765840739,8.237482421293542,-0.0,1
2,control,ecf24127e60f9c9f1965,91,0.0,6.267455819104543e-08,2.6371408136890855,13.973194471849181,-0.0,1
2,control,16fa7688ab05d6cefe69,109,0.0,1.4187212791428141e-12,1.1265327998791443,3.0849418252282486,-0.0,1
2,control,7e1e2af8777e514bb3b5,40,0.0,0.0001142853873953278,2.2753548754406188,9.731371824728654,0.6475239386366298,2
2,control,f6a354fda626356e7a06,8,1.0,0.016526316557138297,1.8989111744263012,6.67861863119087,-0.0,1
2,control,86536693a4edf6280909,2,1.0,0.2526593935481265,2.064574874771855,7.881946371046902,-0.0,1
2,control,f50b78b4ccd51e8cab47,4,1.0,0.02759674344677422,0.9528710806930186,2.5931441077402164,-0.0,1
2,control,9b9bb1f3c08b3283c459,8,1.0,0.04357984698729288,2.4998098627606375,12.180177835131074,-0.0,1
2,control,c7164af00829e21bd96a,116,0.0,7.616211456374348e-21,0.0022915968387787894,1.0022942245536521,-0.0,1
2,control,70548eddd605b3646bc2,107,0.0,3.430321754838826e-13,0.9188197683475333,2.506330592959473,-0.0,1
2,control,715fc4817bdda771da7d,91,0.0,8.233351132543344e-06,2.9932005078937425,19.949428731108814,-0.0,1
2,control,791458aaccf524be16e5,36,0.0,1.170349054019361e-05,1.6593684578750874,5.255990416705978,-0.0,1
2,control,23b0524c8d0eb85f04ab,75,0.0,1.3525397665317627e-07,1.8331833790091543,6.253763102801163,0.8368170830575252,3
2,control,05483c2d70b82309b015,7,1.0,1.5810192555877767e-05,0.03677907150878078,1.0374637902074357,-0.0,1
2,control,922374426ae358b83cd3,20,1.0,0.0010511416761347385,1.9401948156157054,6.960106776053903,-0.0,1
2,control,db1b47020b5e5d2e9b1a,68,0.0,9.15018756618321e-16,0.0024799211181074764,1.002482998665983,-0.0,1
2,control,6820c3bd9880b45314a4,25,1.0,0.001015914361571822,2.4439848693292046,11.51885052333977,-0.0,1
2,control,901b21d724ff4576b4fb,4,1.0,0.09093576932440652,1.887230315730827,6.601060485399814,-0.0,1
2,control,89a9ef5706a0635a6f62,15,1.0,0.0005650801859379535,1.5066737223781215,4.511698645382948,-0.0,1
2,control,7428587da99249bc297a,57,0.0,1.3142366979482937e-09,1.165781819358434,3.208430315826511,4.169033732137266e-05,2
2,control,6f4ff7205c218489f853,113,0.0,3.3541231291302635e-12,1.662175178516937,5.27076323539152,-0.0,1
2,control,5db88a995b362e06009d,82,0.0,6.016098368035407e-08,2.18811547054123,8.91839029888848,0.6819310737613736,4
2,control,b677c59b83f7058df65e,15,1.0,0.0033092082661402285,1.9543819869411874,7.059554778217425,-0.0,1
2,control,0908bad38760815ae56e,50,0.0,3.917914125877699e-07,1.3762578965483876,3.960054930657692,-0.0,1
2,control,c8014d0d7f5e88c45f67,14,1.0,0.003441719262244528,1.8493546217722434,6.355716357738536,0.5683867654661555,2
2,control,ee540a75850005db9cc8,94,0.0,6.676178180458154e-09,1.8519176122166272,6.372026890972496,0.6831542371237997,3
2,control,42023b12da866193209c,70,0.0,3.748351491493582e-08,1.4896894678324697,4.4357178720275305,0.0636212800315586,2
2,control,efd1542f06dfee125ece,50,0.0,3.089482426680541e-05,2.048884263323938,7.759239007355785,0.5870125940193587,2
2,control,7214084a726e8f2e6dd2,107,0.0,8.329414950370047e-08,2.7884792313507734,16.256278954617052,-0.0,1
2,control,a78e483c80b2c4a57c09,3,1.0,0.1127973326541614,2.702545520655667,14.917656638175949,-0.0,1
2,control,82e05f1ff0b2b9d49567,17,1.0,0.009822511415168836,2.689112807793063,14.718611888381451,-0.0,1
2,control,aea682bfd3bdb3b1f876,21,1.0,6.926256122183509e-05,1.792100922135095,6.002049067252316,0.03495914139933482,2
2,control,fdab523cd370ea600d12,86,0.0,5.15819811238212e-08,1.5545207143363515,4.7328176098445045,-0.0,1
2,control,540566fb6e72831f3c04,3,1.0,0.13177227346582226,1.8189269054780852,6.165239014665993,0.005453775529271676,2
2,control,63c2fb3368221f9c9139,45,0.0,1.3002656028522555e-05,1.796486611119674,6.028429994718158,-0.0,1
2,control,f67fa6f79c0b11e93d27,19,1.0,0.011200434531210071,2.9754721490209994,19.59887465488415,-0.0,1
2,control,0942f28c611cd8f3dbb1,34,0.0,1.2172542356877023e-06,1.784397956505324,5.955993101071288,0.2592641589631648,3
2,control,bcc0fc4b743e97f0491a,103,0.0,8.882487989523735e-11,1.6242241009976055,5.074480225173149,-0.0,1
2,control,ec107394a9a1725fa1fb,1,1.0,0.7524567247625242,0.9312213530893966,2.537606599369819,0.0012673240013417574,2
2,control,5c7b47771ce8b8d038b8,33,0.0,2.488367857701889e-07,1.4972653009435346,4.469449742532871,-0.0,1
2,control,acb2587dedd2719abd68,85,0.0,4.210697519405278e-08,2.2530436578136066,9.516657248784778,-0.0,1
2,control,73e4869bf1ebb900d8ee,16,1.0,0.005643928692414313,2.225850382369565,9.261355149317872,0.08249448100053576,4
2,control,ffae8fb274ec7d92de60,6,1.0,0.06352481767363612,2.536000471281993,12.629059541050573,-0.0,1
2,control,3bba1bcefb095ff9fc13,35,0.0,1.083862226987516e-05,1.9705989750776167,7.174972831425549,0.19642247743376845,2
2,control,25660a3c93d7e63c8746,1,1.0,0.5192291113300953,1.3048991705336346,3.687317284726542,0.000100068600777545,2
2,control,cda8f9ae038027806c81,31,1.0,2.7758903863136993e-05,1.1362715684123272,3.1151321291808043,0.5207733308807893,3
2,control,af4f8a2e92999b5d9167,84,0.0,4.337105378588582e-09,2.043002111666162,7.713731957660303,0.5005288746271237,2
2,control,84819bf45bf5cab1426f,27,1.0,2.999748448101079e-06,1.5177552225809043,4.561973078434182,-0.0,1
2,control,ad18df95318206d0e1a8,19,1.0,0.0005450804036403996,1.184210960291038,3.2681071375585957,0.16097119162577,3
2,control,f191f1abac1409f1f88b,8,1.0,3.7877872636288386e-06,0.0197132549841155,1.0199088443151523,-0.0,1
2,control,16a645ca4d1a8f2362c8,95,0.0,5.958896240118527e-10,1.7688022681849411,5.8638258628995,-0.0,1
2,control,84ce3b5aa27ede0b1548,39,0.0,2.8861515183515393e-05,2.059902553659272,7.845205286521598,0.6569933737099205,3
2,control,a52cf51e0ac9153375b0,4,1.0,0.0046430958685195305,0.1572597008497613,1.1702995022143792,-0.0,1
2,control,6c3f0e04f9e72788d5af,44,0.0,1.5175109890064387e-06,1.9823594331608982,7.259851928903655,-0.0,1
2,control,73d839845ad7e2476252,58,0.0,2.935112861155802e-07,2.0414345505989386,7.701649684085402,-0.0,1
2,control,0a88279f8d7e6f9be6fe,102,0.0,3.631123193437779e-07,3.0820876154964463,21.803873020293103,0.9638197370113211,3
2,control,336196a627839b3b2bfc,33,0.0,2.738812481239669e-10,0.0021913306148639436,1.0021937333345263,0.09953926674404823,3
2,control,776f017058fcd9cb4773,3,1.0,0.15388712070147176,1.990227484774324,7.317198124157858,-0.0,1
2,control,b63de6876ac97a6647f7,2,1.0,0.14846685813315935,1.2128471304746924,3.3630460657362877,-0.0,1
2,control,72c0c6b77de4493d6ff3,3,1.0,0.13342016423521946,2.016324243311926,7.510666748890204,-0.0,1
2,control,5b5eae81cf8b4a09a499,68,0.0,8.357735552851477e-08,1.8326374354732307,6.250349833071042,0.8931158138187912,4
2,control,7d69d324dcd08bc73483,1,1.0,0.22006633013623733,2.5269278926754724,12.514999596913567,-0.0,1
2,control,43c79300945138a8bf5e,93,0.0,1.6631330320243385e-09,2.064210358474956,7.879073796725257,-0.0,1
2,entropy,8a61ad46e804311fe613,24,1.0,9.891304591060684e-06,0.4285710946929505,1.5350624967307942,0.45405188184525774,3
2,entropy,e1ccb28b68370a131790,10,1.0,1.8079919178192762e-05,0.06349693651652584,1.0655562214825915,-0.0,1
2,entropy,41d5751f7feb05a0a20c,112,0.0,3.842747954930093e-13,1.2554143630685004,3.5092921941990056,-0.0,1
2,entropy,1612a3ed78e5acc9b886,39,0.0,3.506179995051707e-08,0.09276406147326667,1.0972028323069092,0.03847479762589138,3
2,entropy,e85367e66d4d8e86b868,35,0.0,1.863592006504778e-05,1.8562632186913437,6.399777465153569,0.15893897256114092,3
2,entropy,3ad3743c776bb63c12b3,24,1.0,0.004391856038307101,2.8504977308401345,17.2963886445054,0.02213926308717543,2
2,entropy,add63841c2db75a154c9,42,0.0,5.559434586641881e-06,1.1550347529201253,3.1741337260266653,-0.0,1
2,entropy,e6f3f5d9530353d2dc81,12,1.0,0.0051822129489917665,1.8918116529536,6.631371549097867,-0.0,1
2,entropy,4601e02dc2eb265e5469,6,1.0,0.01154540432451126,1.6743423580621195,5.3352852877279,-0.0,1
2,entropy,48145613f144656fc5cf,46,0.0,5.327448572301908e-05,2.124163050544872,8.365892727860773,0.05617555037734044,2
2,entropy,dd3591f14331a97e98bb,64,0.0,1.426665652349423e-07,1.156469709088253,3.1786917382870765,0.0027387884440743435,2
2,entropy,1ae49bfa2700d01f84e7,10,1.0,0.00032303445784948173,0.9144589741497087,2.495424797299606,0.03781030657814036,3
2,entropy,047c77d5a41972c9f613,13,1.0,0.008607725559069352,1.7907233507799092,5.993786508823413,0.08741971092875679,2
2,entropy,730d9e4c7cf9444db51b,114,0.0,3.4270871832892067e-13,0.9072614160788315,2.47752831515459,-0.0,1
2,entropy,3fb0cfd9bee35f13a9b5,89,0.0,7.63585410884783e-07,2.616194089704951,13.683546007847173,-0.0,1
2,entropy,911b01ade86ebbb2e10c,10,1.0,0.025088688039934196,2.507427347452675,12.273314436291114,-0.0,1
2,entropy,a19a9f0e33a810d7e2eb,6,1.0,7.753604630972785e-05,0.013233571663471048,1.0133215229144557,5.794431782741683e-07,2
2,entropy,d7d221c58a2f374d6e77,22,1.0,0.002590566825566634,2.426683323715532,11.32127075196662,0.0014421928885976934,2
2,entropy,b49127b433dd36c36aea,35,0.0,0.0001418230354776669,2.3065232789232124,10.039459507731602,0.8184982093150528,3
2,entropy,d19645d54c6fcf6fb6cb,34,0.0,7.224161709160755e-07,1.7195774205291057,5.58216905574634,0.5756005486698433,3
2,entropy,d783fa8ba59213453d5e,43,0.0,9.17509657785744e-06,2.2181024768705617,9.189876308054675,0.007153892232212521,2
2,entropy,6c43c50dcecdf5c0a908,99,0.0,7.33232659146329e-12,1.1441406799050644,3.139742153739908,-0.0,1
2,entropy,db78e7ed38e71483ecbc,32,1.0,1.3213743558499457e-09,0.04887231994113133,1.050086267103906,-0.0,1
2,entropy,9c305719906ef91f5612,33,0.0,4.851896708816778e-06,1.8375135278561154,6.280901542226793,-0.0,1
2,entropy,369ce6c7ebae19423022,30,1.0,2.0763130973357523e-05,1.6943839611792444,5.443291653154619,-0.0,1
2,entropy,42810fae0ed73cc70f98,7,1.0,0.0042337108805601585,1.1380703613507286,3.1207406496281798,-0.0,1
2,entropy,966f5302a35b8fc5fda0,6,1.0,0.006637465081730813,1.2612513730689834,3.5298358663129,-0.0,1
2,entropy,3df98b23d9f2f1b24c08,29,1.0,3.185704907803342e-07,0.2927478976149849,1.3401049041999893,0.8599327101798723,3
2,entropy,7cae5fd9cf7fbd506998,5,1.0,0.015159506809306389,1.0904054470517046,2.97548022771625,-0.0,1
2,entropy,df839542ea7c18093957,18,1.0,0.004739538394354863,2.269995093579999,9.679353322983594,0.18021653721514813,3
2,entropy,0be04f8707ecaa3905e3,21,1.0,0.0001309623833632769,1.2306770329595194,3.423546605725505,0.19981253808500116,3
2,entropy,e611f3d12592ece7fe9c,97,0.0,7.436721313492513e-08,2.77632498012109,16.059891942299263,-0.0,1
2,entropy,69d8af99aade81141dd7,90,0.0,4.6467633120474285e-08,2.017426707891078,7.518951558962362,-0.0,1
2,entropy,b18c5c602fd9b59a622f,37,0.0,0.00022077140225548996,2.4267097897420613,11.321570384983719,0.7715711414125042,4
2,entropy,4d4f7b10ce0015ed6dd6,14,1.0,0.00040146916990082854,1.4352884006970568,4.200856364005298,-0.0,1
2,entropy,7542b430cd4c93d07e40,9,1.0,0.00026352472481467107,0.537117562821495,1.7110677020358767,-0.0,1
2,entropy,c06bdcde8378f1eb931a,69,0.0,1.1687344164011033e-07,2.2475152344093297,9.46419030150068,0.4879102219628886,3
2,entropy,e471ea894dc9ea8d478a,16,1.0,0.018158652062066735,3.220633507554905,25.043980707909018,-0.0,1
2,entropy,70cf77ecee258fc92911,93,0.0,4.833168435852505e-07,1.9461270764519025,7.001518656489268,0.0030252234177484422,2
2,entropy,cf55965cf78b657f6abd,119,0.0,5.996986993111772e-09,2.721706625301626,15.206251486440367,-0.0,1
2,entropy,0835e8c02e2f5ccfff9f,2,1.0,0.3093609025684573,1.4513360814061984,4.268814189971911,0.006379247570635436,2
2,entropy,ec5060662b60cf082a05,52,0.0,2.5255165344870853e-05,2.4809282065649483,11.952353523569732,1.0160286718496594,4
2,entropy,89c7c21d1d4ce3b17d2b,12,1.0,5.7881003335907834e-05,0.18369937428746305,1.2016545205441422,0.5414926500311438,3
2,entropy,64d19e6c5056e589d9e1,25,1.0,4.8248423424674136e-06,1.2821551810647442,3.6043994942522506,-0.0,1
2,entropy,beb6c608ea962ba734f4,28,1.0,0.00029405918010848384,1.2589677950481937,3.5217844072778837,-0.0,1
2,entropy,2b42be4ae2973c852732,74,0.0,3.713628633278163e-07,1.5930876612961349,4.918913443494092,-0.0,1
2,entropy,4a8a0e325e2bcc818bf1,40,0.0,2.718174399865179e-05,1.6901374336671187,5.4202255754223465,0.4941555761388172,2
2,entropy,48623fde69f067997dbb,61,0.0,5.071693189356345e-09,0.5049336738324576,1.6568756226061974,-0.0,1
2,entropy,49c98dac61e644912fc2,52,0.0,3.673156360062196e-06,2.317277891243168,10.148012679996155,-0.0,1
2,entropy,251fe469afdd2e52ce67,9,1.0,0.008414994993414847,2.024992233836917,7.576052107552185,-0.0,1
2,entropy,e9b5ba4263351d5c028d,49,0.0,2.6831905911270398e-05,2.465537124907775,11.769802308451146,0.09042259757410986,2
2,entropy,db296ec1c14ecc423bf6,120,0.0,2.434698274848786e-21,0.03700700546267504,1.0377002903833459,-0.0,1
2,entropy,43538138944f27d8f9d4,87,0.0,1.1963677191755979e-08,1.0538561297635753,2.8686918651891635,-0.0,1
2,entropy,760af2bad2c4f0f0ea10,48,0.0,8.419086255309018e-09,1.384777665402319,3.9939378155364245,0.2360639953639747,2
2,entropy,3a6b12cce16c723c33d7,12,1.0,0.006946370090293874,2.044762458167668,7.727322757474359,0.010293812975418367,2
2,entropy,0baeed6cc6af3abc628a,41,0.0,2.3127631148148013e-07,1.3758862559885487,3.9585834870672656,-0.0,1
2,entropy,f3333e1fa99ec20e21f0,30,1.0,1.7898648870945463e-05,0.8240529951266785,2.2797208360174124,-0.0,1
2,entropy,e2337ce4a5f06ee4f5c0,4,1.0,0.08017429161495208,1.621218888999799,5.059253227955153,0.0017607657189902455,3
2,entropy,5897e4535fd8a6c68c24,22,1.0,0.0013050853613144572,2.1839465529518307,8.881287657366332,0.11951314354407579,3
2,entropy,51bfe71090b9fe865449,85,0.0,1.0929081975383598e-07,1.9648570375375296,7.133892638394186,-0.0,1
2,entropy,b6739b0f8d02d9b2cd3a,19,1.0,0.0032975689859223545,2.0873931117583053,8.06386614217281,-0.0,1
2,entropy,cbc29560a6bd00e1e129,119,0.0,1.9791394767468385e-10,3.1636019018909094,23.655647985743496,-0.0,1
2,entropy,1435cc6f803a156dfdc8,60,0.0,2.322418670334521e-08,1.9954417874946424,7.35545185683975,-0.0,1
2,entropy,22b67a3c9426b819ff9b,100,0.0,2.179609763107094e-09,2.2830870062015816,9.806907714518456,-0.0,1
2,entropy,52d8062f5c9b0b7138e6,88,0.0,1.43514980769925e-09,1.4827143230880655,4.40488575207975,-0.0,1
2,entropy,5efa8d9b2b1b3c0d9dec,32,1.0,0.0007260659696130569,2.3614205548736718,10.606007171341952,-0.0,1
2,entropy,f3bf1f2434b6ba1b86f1,52,0.0,3.330065553796048e-10,0.6724774925915012,1.9590849316004353,-0.0,1
2,entropy,72a6d7e8c5bcfe4aa473,4,1.0,0.09584095986980838,2.549472179812663,12.800345718423488,-0.0,1
2,entropy,20b793bf381585f76e32,32,1.0,0.001966755942027513,2.3237414276620574,10.213817165281913,0.0988942543906898,2
2,entropy,e46921131e6ccf22447e,15,1.0,0.009777860087029374,2.268070456848315,9.660741999802388,-0.0,1
2,entropy,0325d3174f2cd6182121,13,1.0,0.0027579701115343445,1.9440701586607034,6.987131909449714,-0.0,1
2,entropy,665634bf003cfedb8364,64,0.0,3.1149884448984523e-10,1.105682306568886,3.0212852084427255,0.02655305881492308,2
2,entropy,b600ccd23dba2db91bde,103,0.0,1.1090361877673214e-11,1.27782205936084,3.588814981753328,-0.0,1
2,entropy,ad247a448a0d49713092,5,1.0,0.025236847926702208,1.7175200865000961,5.570696474904345,-0.0,1
2,entropy,55375a134742ea269def,44,0.0,3.04201723204871e-11,0.01600487656196316,1.016133640632674,-0.0,1
2,entropy,fb5ccf055b82d24c819e,89,0.0,6.059317971652946e-09,2.1625133039379474,8.692958272318137,-0.0,1
2,entropy,0b8f438bde933d339b03,30,1.0,7.622950802472424e-07,0.9250124643045045,2.5218996938879634,-0.0,1
2,entropy,7f4d76c995683a010d8f,13,1.0,2.7932194884588688e-05,0.8504106444198755,2.340607812143185,-0.0,1
2,entropy,63eecd425c3c371d9367,34,0.0,1.4698445628967105e-07,1.286181652374183,3.6189417627699223,-0.0,1
2,entropy,28a1d28147ae4fd8d82c,12,1.0,0.000104720694567741,0.2889226964716853,1.3349885252163107,-0.0,1
2,entropy,639c5e3220069b6f3151,35,0.0,0.004230843518788291,3.216058356484723,24.929662423890534,1.991942726248266e-07,2
2,entropy,eedfc10899d7922136bd,5,1.0,0.0375195029703915,1.1131236487282592,3.0438514829937238,-0.0,1
2,entropy,22281e3b98067f3937c2,34,0.0,9.961714493330587e-06,1.4997262383762964,4.48046232378696,-0.0,1
2,entropy,e4174c3adf8937d89c65,25,1.0,0.002923455446851001,2.8093943515928257,16.599861494001278,-0.0,1
2,entropy,241698207d99b128e1a1,32,1.0,0.00012342131855456852,1.9480934172091058,7.015299572533967,-0.0,1
2,entropy,a0489298b32db79656b8,70,0.0,1.377066935013476e-06,2.491942874046405,12.084732439744151,-0.0,1
2,entropy,3bb6e8859bee7ef81207,33,0.0,2.2255006939250214e-06,1.49879228636374,4.476279740452564,-0.0,1
2,entropy,a00cb0ffdefe19e5fd9c,19,1.0,0.0008403710753293121,2.089823550997257,8.083488714938543,-0.0,1
2,entropy,9b35ae9ef39c004467ff,28,1.0,9.77605117632684e-10,0.009429926155686818,1.0094745279964525,0.014080006497217908,3
2,entropy,4eae24837f7212fa522f,51,0.0,2.076102666449979e-12,0.005098846212820517,1.0051118674508615,-0.0,1
2,entropy,cf974435b947bb9050e2,18,1.0,0.0032262046462578553,2.060662989336422,7.851173329384801,0.08686816709965872,2
2,entropy,8f536a17337788a855c0,35,0.0,8.564410928357687e-08,1.1408661018723727,3.1294776382055773,-0.0,1
2,entropy,b62d5c227bf1d025f8e0,24,1.0,2.0860944920977808e-08,0.42478844716188346,1.5292668646946357,0.14641457136416575,3
2,entropy,4a7c2c1e139dc8b11bc0,3,1.0,0.12065174886743986,1.6067502144345414,4.986579553135097,0.0018853542298325947,3
2,entropy,853b845f4006856f3181,24,1.0,0.0020036310809816373,2.648256771535914,14.129386415804419,-0.0,1
2,entropy,c2c4814aba626e78cc07,11,1.0,0.0171855560220971,2.448064685035521,11.565941306162882,0.6222043609106721,2
2,entropy,a84b94ccf85ec5c58405,80,0.0,9.942022815443052e-08,2.0875695638328424,8.065289153625354,-0.0,1
2,entropy,283872fbc1d216bb561a,23,1.0,0.001160845800876219,2.2641495591710816,9.622937381387514,0.47254945554190003,3
2,entropy,42f13858593d618b5998,110,0.0,1.2329335782982308e-08,2.3367590115249954,10.347645558108498,0.7385540635501965,3
2,entropy,875b7649303611e744c8,56,0.0,3.6861715399815685e-09,0.2526342654216497,1.2874123395116939,-0.0,1
2,entropy,a55f0333bad8dacb83e8,118,0.0,3.668834839102588e-21,0.003135190855470771,1.0031401107065347,-0.0,1
2,entropy,99b9a10cc8724ff39e53,47,0.0,2.7490633493250657e-07,1.7557542589234125,5.787811604558503,0.015366252269488382,2
2,entropy,9062ea5cb960d0518b56,20,1.0,1.7921162057795453e-05,1.3341329078104933,3.796702427712498,-0.0,1
2,entropy,f5708a5e43def47eedd1,2,1.0,0.06959295922645528,0.9463768516164041,2.576358200634324,0.5369087907964057,2
2,entropy,12cf2e4605aa4c679a70,64,0.0,3.168357357683401e-05,2.655944011369801,14.238420948252015,-0.0,1
2,entropy,c2d7963a98e29790e073,93,0.0,1.6474938814070737e-12,0.7920125923864839,2.2078354305826218,-0.0,1
2,entropy,0c314874ae0ac6b5d870,99,0.0,4.187285363548948e-07,2.492245191838747,12.088386421680429,0.6846367395437111,3
2,entropy,da2fbec8b689d14bad07,76,0.0,2.996586934394173e-07,1.758170083996557,5.80181084800455,0.16331404137731648,2
2,entropy,1c286cbfb8bd4e52b72f,25,1.0,0.003910230754125014,2.7049807335256726,14.95402857634293,-0.0,1
2,entropy,1001146576ba6710e007,30,1.0,0.0005510897535445105,2.3479406563853424,10.463998552520207,-0.0,1
2,entropy,9db2680634b8d7b2e194,103,0.0,8.369857517002119e-15,1.0462190098806983,2.846866768029466,-0.0,1
2,entropy,62cdb19ab6ddf5ee07cb,25,1.0,2.4474030706546827e-09,0.030797146096954272,1.031276284247352,-0.0,1
2,entropy,38238fc33812c2e0f229,87,0.0,7.599264933095991e-11,1.4002285093034026,4.056126723646499,-0.0,1
2,entropy,cb06b9052f1a46bd201d,31,1.0,0.00039503906995947975,2.3125266768803465,10.099911656021012,-0.0,1
2,entropy,0f77b4c4246618e58b3a,6,1.0,0.01010502013156734,1.2890124839554975,3.629200891484639,0.32506608793646724,3
2,entropy,202b6550608505521a6a,25,1.0,0.000507560331125507,2.1896972107025694,8.932508037352259,0.3332844232389996,3
2,entropy,405d6eb792d2fbbe92ab,1,1.0,0.42583716470334537,1.1954422344935385,3.3050190407874314,-0.0,1
2,entropy,5a3d7dcc8ff25af0518a,88,0.0,5.407201224212982e-08,2.33272843558033,10.306022525583925,0.5590422551832609,2
2,entropy,7092264cbb9b21923709,55,0.0,1.6191617267370153e-09,0.36206042437910596,1.4362857260116022,-0.0,1
2,entropy,819a2bb347b547122f3f,49,0.0,2.5844842069067853e-06,1.2107354103335377,3.3559517468680067,-0.0,1
2,entropy,dca54f488dcde962dc3d,31,1.0,2.399563974213905e-10,0.011149556116593108,1.0112119440677856,-0.0,1
2,entropy,07e058f49b735b01bf2c,56,0.0,7.831901305616852e-10,1.4450606395672272,4.242109374697753,0.1447935300828968,2
2,entropy,88654da9a4a40fbe03d7,81,0.0,9.024499262548041e-07,2.235515449235223,9.351300730956368,-0.0,1
2,entropy,ccd97841e676c94fb091,14,1.0,9.279563633813858e-05,1.3156518149487386,3.727179625049608,-0.0,1
2,entropy,bb2053150afc5136ae72,19,1.0,0.00018472990010441793,0.8403977760071764,2.317288555267025,-0.0,1
2,entropy,ad7073a03430e9c999c3,13,1.0,0.00015367696204645508,1.4021077800545496,4.0637564508773405,-0.0,1
2,entropy,ef820251edec5f67df68,21,1.0,2.570196446344814e-05,1.4071691848159296,4.084376907344264,0.16930466584560658,3
2,entropy,f8bc3db588751db4c9fe,79,0.0,7.210140019024572e-08,1.8596851723963788,6.4217147200905815,-0.0,1
2,entropy,5d69829acfa9d929270b,5,1.0,0.06014445540287077,2.960316335087241,19.30407734673706,-0.0,1
2,entropy,b479ee9ad622084ca732,47,0.0,2.3345331279734965e-08,1.5690770095461175,4.8022137501665245,-0.0,1
2,entropy,c7884150eef8bd2a8a74,12,1.0,0.0015243346704959364,1.4385308287331853,4.214499444856764,0.09489401136915182,2
2,entropy,17786d84c860ba333860,56,0.0,9.071265688882265e-14,0.004634335977165875,1.0046450911200373,-0.0,1
2,entropy,0195e7b60586389c5776,7,1.0,0.030303253341187854,1.6529635171406356,5.222433688730229,-0.0,1
2,entropy,b92902c6ce723f10b794,85,0.0,7.738238919309159e-15,0.0280830886489002,1.0284811359793564,0.0033566616722811096,2
2,entropy,bbc381bb9cf98cdf8beb,5,1.0,0.04770349889612161,1.6435640064645523,5.173575349480821,-0.0,1
2,entropy,3e9d107d39fd29b3f446,5,1.0,0.05457084135161124,1.354118366728411,3.873344581404138,-0.0,1
2,entropy,7863627d5d52f373a084,7,1.0,0.023560905528785155,2.236639692999608,9.3618197843742,-0.0,1
2,entropy,59d28ba4a7907082af0f,87,0.0,2.2097543324432363e-08,1.8277122328907227,6.219641278933041,-0.0,1
2,entropy,e9d1fd7db3f13144cbfd,1,1.0,0.28979499347152887,1.9282845984661257,6.8777020958964075,-0.0,1
2,entropy,5e3a81c2bc577a0d75d7,1,1.0,0.4408593769465972,1.5813448129578518,4.861489210837754,0.0047113681945848696,2
2,entropy,86543c24243c532abe79,43,0.0,1.1706968501761174e-07,1.0629690183345588,2.8949534120361564,-0.0,1
2,entropy,cd9ae8a3602659cf7831,69,0.0,1.9311690175755276e-07,2.2926926879013223,9.901563638001722,-0.0,1
2,entropy,73988f9b0bb268524722,29,1.0,1.2434191262136566e-06,1.2266493057565024,3.409785226076169,0.2803466999484723,3
2,entropy,8e2d81aa0321770b3e7e,28,1.0,7.092001017343579e-07,0.8387720055939575,2.31352423688284,-0.0,1
2,entropy,81ab7967381e97b4469e,105,0.0,1.1698279080201405e-12,1.1847000226684279,3.269705836704792,-0.0,1
2,entropy,97c0475dde25dfac6e7d,30,1.0,4.4266385538534287e-10,0.004715365861686689,1.004726500694015,-0.0,1
2,entropy,f98fb4f6ac8493d85a1a,87,0.0,4.860983607834161e-14,0.05526354471793645,1.0568190970684472,-0.0,1
2,entropy,3a2aeb9d33e9100f2493,99,0.0,9.071745136307324e-12,1.5690933250259307,4.80229210122719,-0.0,1
2,entropy,4c5ff27ac3e1ad036d7a,8,1.0,1.0139536343879642e-05,0.10823708320122968,1.1143118987041862,0.5173184955145665,3
2,entropy,cf559befab671b6ee0c2,82,0.0,2.6145123789451294e-06,2.195663007374914,8.985956837891996,0.7483226099561067,4
2,entropy,4cb8e3d03e026b6c8679,7,1.0,0.056873501834442265,2.4538676319081625,11.633252963190753,-0.0,1
2,entropy,b6fa2d2ee01312b527c3,27,1.0,5.324955152219997e-06,1.3702081787757616,3.936170037242273,-0.0,1
2,entropy,3c46f24d76bbf8eec115,41,0.0,5.324012695176109e-05,2.1583553524997945,8.656888414293284,-0.0,1
2,entropy,1d0a7c29799391b921e2,107,0.0,2.809304630826261e-10,1.7426448760525575,5.7124321349447635,-0.0,1
2,entropy,f6535da18c8f9d097a6c,37,0.0,2.3400252547962483e-09,0.06416218506574456,1.066265317049291,0.037528345805541055,3
2,entropy,d0506faba53bcda5af70,7,1.0,0.0043583470679573015,1.2379907223702675,3.4486771487568233,-0.0,1
2,entropy,7ab42cd07543a3b097f0,24,1.0,0.00040565562165893737,2.1537355436515444,8.616987482902454,-0.0,1
2,entropy,015e019c4ae1165b22ec,10,1.0,0.022654940575526167,2.7536217053095697,15.699387601342334,-0.0,1
2,entropy,976b78dfe0d5368a83a5,28,1.0,8.71071262155285e-06,1.8258145721991141,6.207849701906781,-0.0,1
2,entropy,1cbea1e61ea7508a183c,27,1.0,0.00010893494338892981,2.211881883377763,9.132887259913714,0.33556800621270805,3
2,entropy,078e6886f0e719d539b0,1,1.0,0.8046205488846278,0.5753471816533391,1.7777476211442709,-0.0,1
2,entropy,30aff85917ec042b3f9f,5,1.0,0.063169880584484,2.718638452901925,15.159667585590016,0.018371487622304058,3
2,entropy,119b6a4e307fb99cd54c,4,1.0,0.02661703716510934,1.209499908181817,3.3518080215815385,-0.0,1
2,entropy,a649f57dc9f0a522aead,1,1.0,0.6395703148645401,0.9268495105559805,2.526536798250728,-0.0,1
2,entropy,cfb387bca06f17478363,20,1.0,0.0011084402663508873,2.070620765867529,7.929744104779587,-0.0,1
2,entropy,6710d2fa420cb3580330,84,0.0,1.234332731632199e-13,0.08941591407124368,1.0935353785084225,0.00883432909800513,2
2,entropy,3ca0d9a8b843d065474d,43,0.0,5.3859956352633317e-05,2.3106241596225545,10.080714666885228,0.7518088573665596,3
2,entropy,a3732a7ac1527a0acccf,43,0.0,1.9611434963051267e-07,1.3727917653190724,3.9463526213122715,-0.0,1
2,entropy,2eff5d41c26fa60e4a50,83,0.0,8.402980149630088e-10,1.871209667069325,6.4961498268356355,-0.0,1
2,entropy,fa81b76aea885501136f,19,1.0,0.0011641004237114166,1.6405397161639645,5.157952591517291,-0.0,1
2,entropy,d46afe93a3db9a422f12,32,1.0,2.1986214004820025e-06,1.4669208330299195,4.335863716859979,-0.0,1
2,entropy,7b2987cfd608937b6537,15,1.0,4.7204550062089035e-05,1.2924513079680982,3.6417025578521995,-0.0,1
2,entropy,48eb404210b4c0b4d33c,66,0.0,9.945042191834973e-10,1.2976450505512125,3.6606658260409386,-0.0,1
2,entropy,a7d65aca1f7b2ffe8681,5,1.0,0.0915284395932241,2.612153313333472,13.628365419750672,-0.0,1
2,entropy,961a1672998e90527900,8,1.0,0.0008817885075733587,1.2969478584938388,3.658114528377901,-0.0,1
2,entropy,968e33cf3cd24223bb4d,52,0.0,4.787057433580216e-08,0.5132874777324427,1.6707748113620489,-0.0,1
2,entropy,29605f929fe20bea8539,26,1.0,7.994810890580072e-06,1.3709659694570324,3.9391539606682833,-0.0,1
2,entropy,37d97ef084456d017a99,120,0.0,1.5820863811008965e-20,0.005697252517526824,1.0057135127254884,-0.0,1
2,entropy,197b70fb1f844000062a,120,0.0,6.688941710993927e-14,0.5333545069608149,1.7046409583732838,-0.0,1
2,entropy,4aa033a662070792dc21,100,0.0,1.5102121624256124e-10,0.9344369507452334,2.5457796547886167,-0.0,1
2,entropy,e97c87f43ee6d3900041,12,1.0,0.006671340842252018,2.0825628142134383,8.025009190214066,-0.0,1
2,entropy,f485641931030284aea2,19,1.0,1.5893755456989581e-06,0.7569138638965811,2.1316873813103787,-0.0,1
2,entropy,ac7da5d38f40ebb233b3,2,1.0,0.09913401116295564,2.2021809395881715,9.044717987998045,0.3054887379585881,3
2,entropy,5f3ecdbde5a435094684,68,0.0,3.717852026352274e-15,0.003197372515928819,1.0032024895636809,-0.0,1
2,entropy,1a5f7445e642af7486d9,35,0.0,9.743382231138042e-07,1.5851973568021933,4.880254434885901,-0.0,1
2,entropy,2ae301064b3446690b5b,54,0.0,1.986309717996024e-10,0.09442081271367439,1.0990221311069464,-0.0,1
2,entropy,43ff5378329d31a908d6,13,1.0,0.005131052956374765,2.1196157211496183,8.32793662280328,0.03541671219075669,3
2,entropy,8cd3e07a8695ec84de4a,96,0.0,1.0099549351937124e-08,1.8760249968918474,6.527506366278428,-0.0,1
2,entropy,c23d855160bb42211b92,53,0.0,5.7100602890293565e-06,0.9595092423872789,2.610415077949678,0.4314277876713851,2
2,entropy,ea6a90b744445c8e98c6,34,0.0,8.022548847894232e-06,2.0656202527220358,7.890190292243667,0.20704346727859124,3
2,entropy,ae761a49eb671d8bcd4f,24,1.0,2.650266685649208e-10,0.004897901238725773,1.0049099155639822,-0.0,1
2,entropy,49cc1c4ade0e21325d88,7,1.0,1.2685749986693864e-05,0.010864960852993351,1.0109241988854087,-0.0,1
2,entropy,b8237c7c2df9ef5af6cf,116,0.0,1.3773128312664117e-10,2.212988788966675,9.143002100918876,-0.0,1
2,entropy,42ac69f188af158bd62a,36,0.0,2.712562272109861e-09,0.024996638122810978,1.0253116735467078,0.023068984981374663,3
2,entropy,01bb20645d8c9c0b5a70,17,1.0,1.0785077831703767e-08,0.011590274376792461,1.0116577018560515,-0.0,1
2,entropy,c248fe0da6c4946deebf,50,0.0,3.865340794647193e-06,2.179438651059387,8.841341787604877,0.469990721445794,2
2,entropy,ce67f80f51575bb9afcd,19,1.0,6.083942261786869e-09,0.009691746782276607,1.0097388638526787,-0.0,1
2,entropy,a10fd8aa3b3070764b5f,2,1.0,0.27576635093941787,1.8480599810213403,6.34749331243395,-0.0,1
2,entropy,d7233fcba80d5032045a,26,1.0,3.903653522147113e-05,1.2359734835673366,3.4417273554466434,-0.0,1
2,entropy,7a57f90fca8b0fbb618f,30,1.0,0.0003412386001034949,2.026937478053386,7.5908037221929545,-0.0,1
2,entropy,98721dc886cb160c07d8,54,0.0,1.0821905491097305e-08,0.330296120362368,1.3913800834411416,-0.0,1
2,entropy,583bed514edf1ea8a863,8,1.0,1.0425978344635517e-05,0.05721368609073337,1.0588820545888133,0.6176500618169568,3
2,entropy,c4fa4dd22392907643c3,28,1.0,8.534950151814158e-05,2.051570206645314,7.7801078973281905,0.12602566508040614,3
2,entropy,ee1281990a1b84511ee1,19,1.0,0.010051446071723284,2.5972070731232697,13.426187261873611,-0.0,1
2,entropy,cdb8d51acbdb8cc0b537,10,1.0,0.005321572449625313,1.6128078694767507,5.016878208659054,-0.0,1
2,entropy,8fd61a032004203f5aaf,98,0.0,2.2305550408646705e-08,2.596816513215169,13.42094455527262,-0.0,1
2,entropy,4dcf25737278d8b047f7,113,0.0,1.8859507165296345e-08,2.427952388945891,11.335647303502782,-0.0,1
2,entropy,8ddb75f8606e3b11d463,30,1.0,1.5479043799584395e-06,1.3943741629949187,4.032450126258462,0.4675173545477012,2
2,entropy,ab7d83b5ce1ad6c7eb5d,1,1.0,0.47366333066375865,1.678940865449983,5.359876133799837,0.0020853118186522084,2
2,entropy,111748e7fd991d25a812,105,0.0,6.188861235905891e-13,1.180479062661442,3.2559336255573985,-0.0,1
2,entropy,853790fc3cd328480841,31,1.0,0.0007141749099244758,2.6502139329048373,14.157066983897465,-0.0,1
2,entropy,6fbd5a52dafe90b8939f,21,1.0,0.0057364923149802955,2.8792756353986535,17.80137382320478,-0.0,1
2,entropy,f6bb5ff5948e95975ac6,33,0.0,0.0023851440323583413,2.840154705061112,17.118413637531262,0.013721853837541821,3
2,entropy,74f7adb1790af4e21ed1,77,0.0,1.6424785983033988e-06,2.6154853984215154,13.673852033488213,0.8533404360846779,3
2,entropy,3061fcd0b38439300453,60,0.0,2.0938148830721578e-14,0.003314301611132417,1.0033197999814583,-0.0,1
2,entropy,5b7d37fe0fb9e3fe3329,3,1.0,0.2374912959488108,1.648928546762511,5.201403779557063,-0.0,1
2,entropy,9b6df06fe8420bdb65e9,79,0.0,6.72138117480312e-08,2.240706902868982,9.399973807810916,0.5025710910484656,2
2,entropy,88c27b5f4811cf2ae42d,82,0.0,3.679693515777041e-08,1.9294845180844282,6.88595973883321,-0.0,1
2,entropy,ff0c79f40b5bf5b3eedf,63,0.0,8.57424887476059e-15,0.003649297138438626,1.0036559639304758,-0.0,1
2,entropy,273d1eb57d156008da5c,27,1.0,4.4473864605269555e-10,0.005760550652351581,1.0057771745298274,0.037879046731349786,3
2,entropy,c7e2ff8571b0daf0f3bd,35,0.0,1.5109055174817983e-10,0.01615425047240109,1.0162854358249414,-0.0,1
2,entropy,2000e0a8b364cfdfff20,12,1.0,0.001682474647243371,1.8054543253130502,6.082734361035046,4.774285982607248e-06,2
2,entropy,19d7e820450c66593530,116,0.0,5.021201660599027e-19,0.008915755309167014,1.0089556190392133,-0.0,1
2,entropy,9d18d238ac68cdbb22f2,21,1.0,5.461905832386476e-05,0.8271008560636296,2.286679707550008,-0.0,1
2,entropy,f43be2ef382b82ab43fe,21,1.0,1.3743561349542401e-08,0.026229646453189977,1.026576671097419,-0.0,1
2,entropy,13145daea2153b37fb96,55,0.0,1.184773390752925e-05,2.399208601160588,11.014456102711382,-0.0,1
2,entropy,665110b43645d2dc4143,32,1.0,2.8776585081400428e-06,1.3417064909635787,3.8255662325023065,-0.0,1
2,entropy,ca706e174b5be8e12102,47,0.0,7.38609601815254e-06,1.4824231127702872,4.4036031906567334,0.9040453884992135,3
2,entropy,137d588db61eecaf1f31,10,1.0,0.0343169312065976,2.586647012405734,13.285151890850017,0.039369062834833414,3
2,entropy,829aa1b381637c18dd5b,121,0.0,3.86902352169439e-10,2.7204288429551124,15.186833615282838,-0.0,1
2,entropy,4258a8bc79dcb27db460,42,0.0,8.224829021499496e-08,1.5475614409947362,4.6999949817126785,-0.0,1
2,entropy,304c1fb8ad1d35558462,1,1.0,0.3100248312918362,2.007110765586439,7.441785194696787,-0.0,1
2,entropy,55f25dc94db5d9e5da70,3,1.0,0.008719955969830134,0.25962991376684647,1.2964501995006281,-0.0,1
2,entropy,ee62ea9f9a0b464346ec,94,0.0,1.4632510015903846e-06,2.717467189743719,15.14192201984875,0.6742535009399315,3
2,entropy,f6cea12943a60a861722,9,1.0,0.017272001877359548,2.322259493144111,10.198692166961276,0.037051201331563165,3
2,entropy,dd7598e26e11f0846052,118,0.0,1.001704877145915e-08,3.316205718638811,27.555598261465537,-0.0,1
2,entropy,1431167bfbe011d0287a,83,0.0,5.952975383128023e-07,2.851770515007273,17.31841722996438,-0.0,1
2,entropy,3140bee1dd67e67235b7,75,0.0,4.432659811913542e-06,1.791752244488571,5.999956651719686,0.12705269310830436,3
2,entropy,89a895095ca19a6e35d0,75,0.0,1.7727216182486143e-12,0.013170402957534466,1.013257514726834,-0.0,1
2,entropy,41764ad539eb835d7de7,109,0.0,2.485983772639889e-12,0.8314211771872456,2.2965802695975164,-0.0,1
2,entropy,fee7ad23b0dc778be3c6,22,1.0,0.0012192272273664883,1.2241993129847233,3.4014415021242246,-0.0,1
2,entropy,00c5e55894ae0130975b,58,0.0,5.331822716275972e-06,2.7182573971140713,15.1538920069933,-0.0,1
2,entropy,24a967b9d706ed579681,32,1.0,0.000616177511892918,2.074411463606982,7.959860412679419,0.00011914656544521688,2
2,entropy,c671adcabc2780906da7,102,0.0,4.617324168284719e-12,1.4297108619215106,4.177491145522832,-0.0,1
2,entropy,4ad2b37d053bbb4d9190,6,1.0,0.008612428933442672,1.159857626857764,3.1894791476207587,-0.0,1
2,entropy,04a09271b4e0bccb5df4,24,1.0,1.0284016161506038e-05,1.1477379579322529,3.1510570183559468,-0.0,1
2,entropy,c535bda5f186dd7af874,61,0.0,1.0114394719738429e-07,1.96214277977504,7.114555669554146,0.688358845096473,2
2,entropy,32891c5755f142099ffa,117,0.0,4.369474183863355e-13,1.333755927309284,3.7952714146773094,-0.0,1
2,entropy,9c04000f1abf03398095,6,1.0,4.184366824308956e-05,0.007848009995261642,1.0078788863454866,-0.0,1
2,entropy,da19714589c0bb7a102a,30,1.0,2.8330442124794666e-05,1.93960979709358,6.956036175478403,0.017368407283371547,2
2,entropy,d089a22be080a3f595f5,73,0.0,7.566375185883403e-10,0.7314614115333262,2.078115371385986,-0.0,1
2,entropy,c7ec16b21c60a2f33095,6,1.0,0.055962365964090925,2.0107011584301833,7.4685521501930205,-0.0,1
2,entropy,3bdd6e1aeb4e251f1b71,4,1.0,0.08526140926237519,2.211203217358401,9.126691182443183,-0.0,1
2,entropy,aac13f01060dfcd040c1,2,1.0,0.21403902557424453,1.6604551701108194,5.261705270441032,0.0030598847436567357,3
2,entropy,b7bc142c8ded869371ed,4,1.0,0.07950227591214634,2.1586041230911537,8.659042261439245,-0.0,1
2,entropy,9e612c3df8e89db9dd3a,39,0.0,6.496913440830742e-06,2.1545691572069163,8.624173715328903,0.27892118094654134,3
2,entropy,69e826f56dded7285c04,95,0.0,4.997419127914872e-12,1.2136248484390426,3.3656625844014507,0.4509273483665094,2
2,entropy,65504323aa70c036c417,97,0.0,2.5667881657893474e-09,2.0360072420120248,7.6599636783540745,-0.0,1
2,entropy,be1e1e141a404f5ce54d,1,1.0,0.18612801835168705,2.9941779815639316,19.96893830592326,-0.0,1
2,entropy,97352671a9cebe4d6b16,103,0.0,3.621780830263237e-08,2.062290741123179,7.863963497585373,-0.0,1
2,entropy,fb4b5683b3cfe950fe1f,41,0.0,9.526271655547961e-05,2.3082403752800698,10.056713035823037,0.8321073082256282,3
2,entropy,ec979c3a14a8c586ecc9,5,1.0,0.00021600404719612356,0.020529088021571888,1.0207412591551321,-0.0,1
2,entropy,1007006ba9b21b4dc7c4,25,1.0,0.0021248247087438674,2.577420721669052,13.16314292760193,-0.0,1
2,entropy,4b217fa3f46998e5c12f,59,0.0,1.3253502184069542e-13,0.004544756963617181,1.0045551000345248,-0.0,1
2,entropy,d9c8c72eea8de1c1dd07,3,1.0,0.22811326670021828,1.4269360186701874,4.165915330374065,0.0004059803967771712,2
2,entropy,a9f31556ae16fdc71564,29,1.0,0.0001163334889601671,2.1054249046885154,8.21059098712024,-0.0,1
2,entropy,613c24f46ff8cc0dcfad,40,0.0,2.4986818917333977e-05,1.6493311694678068,5.203498404461602,-0.0,1
2,entropy,74858f85a8b3af16abcc,9,1.0,0.005025917014656904,1.8727341535116784,6.5060606717290295,-0.0,1
2,entropy,e984477d5e98c58e98a5,82,0.0,8.075050084362785e-08,1.3762865374262427,3.9601683517314927,-0.0,1
2,entropy,e2c5b92cb65ea2a6da32,68,0.0,5.048794610425672e-09,0.21466170999694598,1.2394425350181273,-0.0,1
2,entropy,0d685122e0d52ae8300d,32,1.0,0.0006115936139515499,2.301984029095746,9.993991167044186,0.3129987482722884,3
2,entropy,726986e2427a420574c3,103,0.0,2.736274904541598e-09,2.2351482975559365,9.347868015391684,-0.0,1
2,entropy,36b673691993bb06ff12,111,0.0,2.480638526868725e-10,1.3987944327573674,4.050314096316809,-0.0,1
2,entropy,50568adaf9b36025a742,57,0.0,1.013238219455177e-06,1.7378651470346804,5.685193406035751,0.18832639775215343,2
2,entropy,d256aeb4667b1dffcf06,25,1.0,0.0061541760001033756,3.0848559579181063,21.86431723346912,-0.0,1
2,entropy,1d99ed93714593cec761,20,1.0,0.001624100405431413,2.1635916899207563,8.702337693077128,0.26209724667047185,3
2,entropy,4e6e5fb53d21a4d4ccea,117,0.0,1.6281134204890274e-19,0.014071206913412258,1.0141706723306654,-0.0,1
2,entropy,c066e4495d39a81b940b,22,1.0,0.0002849814251473194,2.0300111223408326,7.614171045714543,0.20952620047848902,3
2,entropy,c823170a57cfae104e63,109,0.0,7.582132948942668e-12,1.3175585425983947,3.7342931210905603,-0.0,1
2,entropy,a4d64e3326563200acf7,7,1.0,0.04370734860745605,2.002588983477221,7.408211028281477,-0.0,1
2,entropy,3c5ddd208f6b17942161,53,0.0,5.845205731987843e-06,2.3731208738170566,10.730829645354348,-0.0,1
2,entropy,4af19cac715ae96d93be,108,0.0,1.1797250060050209e-11,1.4911341889243903,4.442130878582529,0.6241683036742656,2
2,entropy,61e4a1530d0b8b1a6b73,15,1.0,0.0001611065314702811,1.4210242274833846,4.141359963455842,-0.0,1
2,entropy,d910b9a053a4adc81368,92,0.0,8.213298596252337e-09,2.10779656950514,8.230086866595439,-0.0,1
2,entropy,60a576ec64346da30cee,34,0.0,0.0004660083507903721,2.2794107346390566,9.770921047481488,-0.0,1
2,entropy,837aa71620c56eb3f239,9,1.0,0.003931958657038221,1.690848234848463,5.42407964774182,-0.0,1
2,entropy,5ebe288b8534024abe90,81,0.0,4.77328590014426e-16,0.006251626846446401,1.006271209051171,0.3794951421554452,2
2,entropy,163b4df263a7e8b79f86,20,1.0,0.007969525222385088,2.7540319174876617,15.705829002405245,-0.0,1
2,entropy,78b1295c2260b3392059,82,0.0,6.926525618363077e-09,1.2737896721046396,3.574372628107002,-0.0,1
2,entropy,425c9c810105dbcb5d8f,79,0.0,1.3567207304038743e-06,2.7537921267003607,15.702063340807065,0.5360778974612931,2
2,entropy,df3ee0b554606ef0073f,5,1.0,0.03319341310118683,1.5557163975022263,4.738479944692379,-0.0,1
2,entropy,3f0b5640a35184119195,36,0.0,6.307156739535747e-05,2.2747034820702265,9.725034937764352,0.4233305959540533,3
2,entropy,54b40b27f9a9a4a11b4d,39,0.0,8.727820931264645e-07,1.8291146390885484,6.228369861489434,-0.0,1
2,entropy,8151ae80e9d2d3495aab,47,0.0,2.29128891070491e-08,0.5782798999838951,1.782968906717573,-0.0,1
2,entropy,9ae495d99cbcf0175fce,108,0.0,6.732632980463469e-11,1.6290251355331582,5.098901556903552,-0.0,1
2,entropy,4db4275b1c0eb4a55b94,14,1.0,0.001552427576732364,1.8987728794418823,6.677695075594356,-0.0,1
2,entropy,5b60a33c3353500963a6,43,0.0,8.081431994789616e-05,2.467619940233072,11.794342180213988,-0.0,1
2,entropy,18b5d5d3406d971b3f72,26,1.0,0.00200082206236227,2.7187968965379654,15.16206972874056,0.010965638932589823,2
2,entropy,519d4d6609661667e610,28,1.0,0.0027579541781076176,2.7686183578318655,15.936600113085788,-0.0,1
2,entropy,38f93c52c7a7d131ecf4,30,1.0,1.0981976460403307e-09,0.015610726102600971,1.015733210011586,0.008121908199183878,3
2,entropy,cd08463e4d7fb3d243d6,23,1.0,1.024611201162398e-05,1.119877403970801,3.0644784873687154,-0.0,1
2,entropy,2c05582c1ae8af5fbbcd,75,0.0,6.546001211921814e-11,1.3222748512167763,3.7519467972903446,-0.0,1
2,entropy,e2cf878639f88094e78c,16,1.0,7.371375322996846e-05,0.7526359316026842,2.1225876449270764,0.03288636620032137,2
2,entropy,aa31f470e0ed15e77eb4,10,1.0,0.038492041908645344,2.8696114340415164,17.630166386232677,-0.0,1
2,entropy,393b59d76679bdd9647e,34,0.0,6.635319369171509e-05,2.1368803577218975,8.472963739921287,-0.0,1
2,entropy,a40ab3053878372fa93c,33,0.0,0.0013580873052522634,2.826935565194718,16.893612048770237,-0.0,1
2,entropy,9f78378b825da5ddc651,20,1.0,0.0002698774743370972,1.905390357052246,6.722031107802989,0.07414332462786703,3
2,entropy,6f7134e9cc924c4a0dfd,23,1.0,1.84517602415119e-05,1.0562159382748075,2.8754694223921464,-0.0,1
2,entropy,e2e5a6594cd815644231,119,0.0,8.004841969408284e-14,0.27634024480039665,1.3182963312007379,-0.0,1
2,entropy,6bc6940b6d877564560f,10,1.0,0.011442807663241532,2.223698741970365,9.241449466042955,0.02573032705098587,3
2,entropy,d9c40ef22595f5e73664,63,0.0,9.650030510583786e-09,0.7183778644998187,2.051103343078508,0.05327462627038302,3
2,entropy,f1709e6e950c34430d76,64,0.0,6.7204953706140635e-06,2.7149126881900014,15.103291318622906,-0.0,1
2,entropy,c13dc0bb9a1f1cf6c8a2,8,1.0,0.00046709451356094755,0.48064700960544615,1.6171203561888807,0.022922691884511005,2
2,entropy,615b02cefd27009e644f,94,0.0,1.280983670409327e-12,0.11459751236779762,1.121421988245899,-0.0,1
2,entropy,6a78ec7ba01c048475e4,13,1.0,0.02780027822629737,3.107255563378556,22.35959562510602,-0.0,1
2,entropy,ea94fa5eba5ba4dc4a41,33,0.0,0.001008289803075689,2.426650583495582,11.320900097139782,0.7913763440819043,3
2,entropy,0c05147fdaf76093bf88,7,1.0,0.03810736530650723,2.366178208969008,10.656587110315229,-0.0,1
2,entropy,5e54b9e3ef9b323b73e7,2,1.0,0.15373634098476516,2.683664060943185,14.638631991202244,-0.0,1
2,entropy,d2851440615378991b92,6,1.0,0.01616964503759757,1.5738130660049912,4.825011248120863,-0.0,1
2,entropy,90dfd117d1c47f33d2f3,100,0.0,3.3478991845251256e-14,0.3629823354997751,1.4376104643465455,-0.0,1
2,entropy,c2f90e26abf8894247d0,108,0.0,2.5821176391375898e-14,1.3091925799840245,3.703182481124709,-0.0,1
2,entropy,458466b925bd5485bc22,3,1.0,0.134440067281139,2.3226420027379207,10.202594010758217,-0.0,1
2,entropy,6e536b686bac93b80f72,5,1.0,0.0356664086064737,1.2655710405562484,3.545116563544626,-0.0,1
2,entropy,7caf73ba34d676d6ed16,3,1.0,0.03126844863993514,0.7078585557358762,2.029640240127205,0.23646308381176373,2
2,entropy,307029c1f16cbfd0be27,2,1.0,0.15278981491680654,1.574943614320136,4.830469241139047,-0.0,1
2,entropy,4e69a15e1c4bff6a4aae,73,0.0,4.398914840686745e-08,1.9836683997237152,7.2693610545356,-0.0,1
2,entropy,3f76eb6a06c080cea705,75,0.0,1.5037766715019207e-08,1.1707278341755942,3.2243385685047774,-0.0,1
2,entropy,d85755f7bb26b6f5bf22,76,0.0,2.097313697613995e-08,0.33412596203045464,1.3967190660640318,0.27329920028795235,3
2,entropy,ce04bd6d93517bc53d37,29,1.0,0.0001592193010549169,2.0895906894368546,8.081606600287468,0.03875112446614524,2
2,entropy,dcce06994bb623d7e47c,19,1.0,0.003109405044103909,2.3863719779351835,10.873971284103273,-0.0,1
2,entropy,7f3b4572f89dfdd5837e,14,1.0,0.003879995836760617,2.0632344314744504,7.871388146794704,0.04079046221743296,3
2,entropy,17b3450c686999fbadf6,106,0.0,1.9406565474093013e-08,2.120097952642919,8.331953584591906,0.6560849498991568,2
2,entropy,bf12b76dc37f7228118d,27,1.0,5.099263668042305e-06,1.590051228547815,4.904000146697791,-0.0,1
2,entropy,3af5ba92c0cc21a4be5a,117,0.0,2.1299639931635266e-11,1.4748305930421848,4.370295351774983,-0.0,1
2,entropy,4d20d24d1eb3b522da7a,54,0.0,4.884139443645974e-09,1.4836514442325217,4.409015598437876,-0.0,1
2,entropy,4b6d8e46194af1ba87c9,7,1.0,6.706063042331147e-07,0.0043639973655256814,1.004373533468826,-0.0,1
2,entropy,ed1339646d16e8b81a5a,42,0.0,4.087071178538284e-06,1.846122761154095,6.335208725097042,0.08630464919278688,2
2,entropy,25548cbc6e95d3cc19f5,27,1.0,0.00012315667875056646,1.7744220250326521,5.896871906841462,-0.0,1
2,entropy,28778af0a74a55cfb1c9,82,0.0,5.765838565461316e-10,0.8508538599609756,2.3416454358296335,-0.0,1
2,entropy,0e03f97b7981e1fe5ccb,22,1.0,0.0006850711181800097,1.4468244044324359,4.249598060366194,-0.0,1
2,entropy,31a7caefed418dca0380,26,1.0,2.963761866332253e-06,0.4385225698468599,1.5504148958380017,-0.0,1
2,entropy,11df2975071e529a7bdb,90,0.0,1.1812344098742244e-06,2.7395187720048146,15.479534118503912,-0.0,1
2,entropy,f03f443c6ee76e57bcfe,21,1.0,0.004982818764097546,2.504161046910581,12.233291501743754,0.44196488441880144,3
2,entropy,1f0606dc425e233ab114,92,0.0,3.468649465166219e-07,2.865056113735715,17.550037975149483,-0.0,1
2,entropy,bd3b1a1c227f193ddb7c,46,0.0,4.169946213994525e-05,2.469775147328627,11.819788841731116,-0.0,1
2,entropy,fa57f74e02c88f3d167d,60,0.0,3.744779753407287e-09,0.5505878380465353,1.7342721894601407,-0.0,1
2,entropy,a008b65d8153a9cfb869,111,0.0,5.012172692731533e-11,1.659541363240138,5.25689928421945,-0.0,1
2,entropy,a743ede844e3452799e1,78,0.0,4.8510756918748446e-08,2.1907573488192673,8.941982750965508,-0.0,1
2,entropy,730322d827fea05f49df,53,0.0,4.527690832838557e-06,1.4617064271390343,4.313313607359439,0.07274089392201664,3
2,entropy,d0c2a97828296e7436de,106,0.0,3.7676797085591313e-10,1.3574977911296648,3.8864563993170655,-0.0,1
2,entropy,55bc437fde1194326052,31,1.0,2.269532296742818e-10,0.003770125449166937,1.0037772413118728,0.015889271975568577,3
2,entropy,a5689b5923cfc815726b,43,0.0,5.526971816912836e-11,0.009728666440156707,1.0097761437542567,-0.0,1
2,entropy,de5070e1bce2d6f62416,46,0.0,2.3629325477704633e-05,2.4178661992838593,11.221888475814064,0.18532031653785794,2
2,entropy,d52b73402d207dc824df,31,1.0,2.4560050784201007e-06,1.6432869772484988,5.1721423164627325,-0.0,1
2,entropy,c096132131731e6ea5a5,5,1.0,0.06732749172620116,1.8635867995575952,6.446818798194596,-0.0,1
2,entropy,c4f8a1d1d26a81d3a2d8,21,1.0,0.0020636613559121245,2.476388459315888,11.898215838223678,-0.0,1
2,entropy,39aafe83992a91ec9601,98,0.0,2.420436661196078e-08,2.3747437989359477,10.74825911787111,-0.0,1
2,entropy,1871b5ba3aaa23f50cf9,25,1.0,0.0013537132977376916,2.5523375483913666,12.837076024643585,-0.0,1
2,entropy,1db4e1edfd6ef49ae4ef,113,0.0,7.430398430964738e-17,0.01699890788503176,1.017144211486216,-0.0,1
2,entropy,6261f30b4fb0c0a62414,1,1.0,0.30895997858267166,2.0379468247788233,7.6748352295389015,-0.0,1
2,entropy,7bb593fd3117896fb37e,29,1.0,0.000579378023927482,2.478473313662328,11.923047761706107,-0.0,1
2,entropy,dcd5db9bb5b60ffa1d3a,6,1.0,0.050371714718270635,2.1480390829632556,8.568040696535629,-0.0,1
2,entropy,245a9144bc6c295fe27f,80,0.0,7.361385722283881e-11,0.7989093872668217,2.223115048306007,-0.0,1
2,entropy,720c066b52eb1fe60ea5,101,0.0,2.6437247217129657e-09,2.251742150340624,9.504279304998112,-0.0,1
2,entropy,214279241e92a8707564,31,1.0,3.765326945072583e-05,1.8482076429232421,6.348430664572669,-0.0,1
2,entropy,9b3cadcdb85f3b3b3c02,100,0.0,8.015145276967312e-08,2.727199831415504,15.290012407450646,0.7011275099269823,3
2,entropy,40352932a4361f60b40e,34,0.0,9.605245458074879e-07,1.4996751862118043,4.480233592326073,-0.0,1
2,entropy,3f5f6f52e19162657183,102,0.0,1.1659570595508181e-08,2.0230106924661073,7.561054710762037,-0.0,1
2,entropy,72d09753b5e092d3c450,30,1.0,2.8711500566255333e-05,0.9519999471461905,2.590886116564929,-0.0,1
2,entropy,25975b13e19a8dd61eac,17,1.0,0.005598782940546865,2.4235067294299033,11.285364727618976,-0.0,1
2,entropy,20264f24734eb0f77815,29,1.0,0.0005172187376736075,1.7804511611553249,5.9325323430550645,0.09148993810904003,2
2,entropy,beaeb2422cfad48de8bb,49,0.0,6.96125344870095e-05,2.3530331391501043,10.51742219884388,0.132720948050122,2
2,entropy,6c7faf81a8c4bec88562,37,0.0,1.3668276600236e-06,1.629734849805214,5.1025216045580875,-0.0,1
2,entropy,81536c7fae90dd54425b,40,0.0,5.956607517567976e-08,0.10911865810488454,1.1152946812434896,0.5286201074068448,3
2,entropy,ffc49248cd8f55c6cb58,20,1.0,0.0008533892705429229,1.792931504911803,6.007036336715879,-0.0,1
2,entropy,1939fdb459d4c64cfea9,43,0.0,5.350470602311631e-10,0.052880218966613615,1.0543033520107408,-0.0,1
2,entropy,641306a640214a0e1115,77,0.0,5.8678493619519955e-09,0.9256563506642546,2.523524033590485,-0.0,1
2,entropy,36be1d5a2e5b7e665a34,4,1.0,0.02912891518395045,1.1169541351101806,3.055533273834747,0.2860602352418286,2
2,entropy,2f043140fdd858a1ed6d,29,1.0,0.00010453661875827714,2.057307774062461,7.824875095500499,0.07724107196273154,2
2,entropy,77b18cf7d5182e1260fb,77,0.0,1.8880736351152246e-15,0.00618923047258145,1.0062084233354223,-0.0,1
2,entropy,a019de159606bb234a3e,56,0.0,3.1417186933446927e-06,1.1595697043403665,3.1885609569456173,0.28315406282331507,3
2,entropy,d5f57304f48dbfa4d191,20,1.0,0.0006752855975243255,2.2099202159044005,9.114989132864428,-0.0,1
2,entropy,485733c17a3fd79d1606,44,0.0,3.855927796571377e-10,0.01128162777283498,1.0113455053236844,-0.0,1
2,entropy,3014eab85e89abf00e56,17,1.0,2.7524336571579004e-05,0.6793184520266975,1.9725328981990105,-0.0,1
2,entropy,b9f3da2cd775c889a6a2,35,0.0,5.201171839952404e-07,1.5681616813945936,4.797820159826579,-0.0,1
2,entropy,6b6449d2c5076a473ea7,55,0.0,1.0475592673819609e-05,2.403659102131549,11.06358519373329,-0.0,1
2,entropy,8a96e745b5a8ac00479e,106,0.0,3.4093736453733344e-08,2.242941462352655,9.421002094157808,-0.0,1
2,entropy,3c0c0997fbd8118c3ca2,85,0.0,3.450934281832365e-10,0.9197043760493523,2.5085486932349585,-0.0,1
2,entropy,e476ce383ce72ed72105,6,1.0,0.019899847237819374,1.848798586561266,6.352183337985366,-0.0,1
2,entropy,1c3f2d8232aa01a99ff4,92,0.0,2.4913545078495256e-08,2.2197499963571135,9.205029287338016,0.596097465502801,2
2,entropy,7c17e2d21129e0e0212f,10,1.0,0.001147732691097988,1.4487102672212457,4.25761978077022,-0.0,1
2,entropy,d6f2d65fd9b95e093e8a,7,1.0,6.430234363002228e-06,0.009129371414905269,1.0091711712313056,-0.0,1
2,entropy,2dcca4917a443a2f3d0e,40,0.0,7.348453067657663e-05,2.2301487813212573,9.301249828781879,0.8450455625247575,3
2,entropy,1be8b9f42f4f2020c053,100,0.0,2.905766321729239e-12,0.9844667698382583,2.6763843749861738,-0.0,1
2,entropy,4241eb29f4384f3fe079,72,0.0,3.347863066909264e-06,1.7634165804908761,5.832330017632381,0.23522137143877428,3
2,entropy,883a6a656384ffa7817b,25,1.0,0.004243776258629891,2.943068906479341,18.973986443246083,-0.0,1
2,entropy,c460f82f95a5f043e734,55,0.0,6.714469606205971e-07,0.8747480077862564,2.3982708722292605,0.8685503638653645,3
2,entropy,61a23efb6ddb1908e9d0,45,0.0,1.8874617456395316e-09,0.04524697264733486,1.0462862320825812,-0.0,1
2,entropy,73cc0c5706b7bb529f4f,116,0.0,9.052243690305503e-11,1.4073527329680662,4.085126655983621,-0.0,1
2,entropy,ef3881467065ce2b5009,19,1.0,0.002907633441853359,2.4798130547093384,11.939032263353528,-0.0,1
2,entropy,c997fc0681eceadf7474,120,0.0,7.474978192514533e-21,0.009437020675998577,1.0094816897594001,-0.0,1
2,entropy,dee280b0fac8da0588b0,114,0.0,8.599269178582768e-11,1.4386580697987659,4.2150357363754445,-0.0,1
2,entropy,515cd0282b1956b92a38,35,0.0,8.60079431474798e-06,1.9686063190055987,7.160689813543705,-0.0,1
2,entropy,f67bd7dd159bd5e5197c,9,1.0,0.016735185443927582,2.1468820834266706,8.55813321000418,0.029929435872439014,3
2,entropy,e1ffc02cd61a729e4215,45,0.0,1.2564074501933611e-09,0.03450148367433479,1.035103564131567,-0.0,1
2,entropy,c766bc58880dcc7d1f4a,73,0.0,6.360611486099078e-09,1.1424223287923558,3.1343516070687487,-0.0,1
2,entropy,7da55376f80067401d17,41,0.0,0.0001797304323932968,2.4393405698195263,11.465477567434347,0.841359338332803,3
2,entropy,e4c1ff47445e15555390,18,1.0,1.6219988363258524e-05,0.5114004693868679,1.6676250181271417,-0.0,1
2,entropy,ac5b457dd0358c2e5583,47,0.0,2.6096673563718784e-11,0.015092210384735624,1.015206672897719,-0.0,1
2,entropy,f1d91b14ae2f6fa63c6a,9,1.0,0.015780509402045395,1.7672451385215453,5.854702230889881,-0.0,1
2,entropy,70a4a88e4284f8357760,12,1.0,6.351640930746048e-07,0.026707107542622146,1.0270669385456879,-0.0,1
2,entropy,025bee713a67f58345a9,116,0.0,3.1130105786756283e-09,1.646499061488241,5.188782383624918,-0.0,1
2,entropy,6661a4a61b50681206ab,41,0.0,7.5133519855783445e-06,2.158890980239764,8.661526525909533,0.5462730260206388,6
2,entropy,114e753e11e22a4110f6,50,0.0,2.7439032887458936e-06,1.7447828611317813,5.724658294631721,0.15663416131894503,2
2,entropy,8125e9a3b36b72bbebff,22,1.0,5.501561704085848e-05,1.388943992113821,4.0106125774739825,-0.0,1
2,entropy,c94817f760e2a4b01f1d,10,1.0,4.096548603602341e-07,0.016255169539394758,1.016388003578358,-0.0,1
2,entropy,639c4a5e00be163d1082,67,0.0,2.0276269027470723e-06,2.455031324838627,11.646798377245032,0.7189348894478108,3
2,entropy,e2539547bd7a4524eea5,37,0.0,1.3404046547969342e-06,1.2156413330504285,3.3724562385575085,-0.0,1
2,entropy,1e63d4325f5634d93727,3,1.0,0.11781736169133648,2.3150180015974056,10.125105185169991,-0.0,1
2,entropy,01be3188b8e7055c08e5,5,1.0,0.051059850578497414,2.0792165595867185,7.998200345707646,-0.0,1
2,entropy,298a1fb6254a5a4c9f3f,34,0.0,4.424081894158107e-05,2.084515800492731,8.040697237337755,0.1575462234911668,2
2,entropy,a7e753ef877a91cc933d,12,1.0,0.0010754383312191417,1.4466622307291237,4.248908943191008,-0.0,1
2,entropy,c6b4970bc061df81f39b,28,1.0,6.793691426786377e-07,0.29872513923052896,1.348139022014398,0.0620045068723792,3
2,entropy,4a32c8eb4e3454c72310,11,1.0,0.0004989293531207076,0.8491397101588108,2.3376349430437795,-0.0,1
2,entropy,f99f8c77eb35ecd4d057,4,1.0,0.07624993013072986,2.5092085357028346,12.295195000672729,0.6748141285786655,2
2,entropy,d069e6c63238d2575018,1,1.0,0.4244568853898992,1.3254713434291279,3.763959054324074,0.001558041812797818,2
2,entropy,a407d29f2fc4a76928d6,41,0.0,5.230323228623317e-11,0.00859904229939058,1.0086361202657563,0.12503360847487072,2
2,entropy,a24a7524ae37220c203a,21,1.0,0.0016286479195785802,2.4274505878713812,11.329960490449402,0.25157626877946665,3
2,entropy,555e8dd023466ced86eb,16,1.0,0.010296908637306442,2.4742874123237297,11.873243370974862,-0.0,1
2,entropy,9e6f2a8623e2b0c0494d,98,0.0,1.065734962078313e-09,2.008462606199077,7.451852105049551,-0.0,1
2,entropy,f836bcfaac9eee21c0d2,106,0.0,1.672805952459948e-10,1.9417187386144277,6.970721528822172,0.5883691487703623,2
2,entropy,7ae8d73f778b09a36d15,11,1.0,0.027914982218765313,2.696597369922058,14.829187542497927,-0.0,1
2,entropy,3201e3fe0c64b5cc5293,49,0.0,6.970608000375323e-05,2.582635306013208,13.231962523481208,-0.0,1
2,entropy,a300a0c0994bb7f8de84,78,0.0,1.449207486163513e-07,1.9023328043760932,6.701509532486288,-0.0,1
2,entropy,d7339581a75f18df4685,13,1.0,0.004890325789469329,1.5462549902191878,4.693858678885334,-0.0,1
2,entropy,680e3332bd1e56fd6831,21,1.0,0.0009497073198738335,1.381788720223536,3.9820179771042374,-0.0,1
2,entropy,9225f54ca8a05473e0d2,31,1.0,0.00031042141089439817,2.3190197600973708,10.165704591236814,0.17046446986742753,2
2,entropy,a3aed3b8ea33a12527fc,46,0.0,4.3166494311677246e-07,0.39567697937707824,1.4853894286300358,0.6163475688032142,3
2,entropy,f7650e8320b125a5e004,51,0.0,5.644070796092492e-05,2.200514173659279,9.029655116846612,-0.0,1
2,entropy,aa12bb594aee256f0bcf,34,0.0,0.0009737863523935216,2.792144813922302,16.31597703470757,-0.0,1
2,entropy,bf6aadaf3f7f926407e3,101,0.0,4.769897218676766e-10,2.024970199977532,7.575885179724392,-0.0,1
2,entropy,9af2fe90b97aadb2d6c1,104,0.0,4.064182271856763e-10,2.4029806502349706,11.056081629067306,-0.0,1
2,entropy,226e33215cf8169e598f,69,0.0,1.2713607522845317e-07,1.8758615551033766,6.52643958614427,0.977507960525295,3
2,entropy,a292a9293b14f16d3d8b,4,1.0,0.06281183074993905,1.3930080499520825,4.0269451046434614,-0.0,1
2,entropy,cddbc5837412b0382d59,74,0.0,4.0642950744153026e-08,2.5503876105891923,12.812068913912636,0.2702957302833221,2
2,entropy,bef52484111cc4162a3d,110,0.0,2.2108699553501148e-12,1.3605220818009711,3.898227964495115,-0.0,1
2,entropy,e245ddd15ce116a42086,26,1.0,8.811592731313088e-06,0.46388196754851796,1.5902352599961247,-0.0,1
2,entropy,e4c952a8b4f5b94ec479,15,1.0,0.0019879301897131733,1.8648237279596622,6.454797985293296,-0.0,1
2,entropy,bd4148359fe4f9402b50,41,0.0,0.0001377142574679527,1.5990800602560116,4.948478028220871,-0.0,1
2,entropy,f562c8e522d9b0e70ea9,17,1.0,0.0038055910332937906,2.2406554392700144,9.399490063776275,-0.0,1
2,entropy,da722d8a53f61f2567e3,43,0.0,4.7363979300658815e-05,2.3595184308925363,10.58585240526598,-0.0,1
2,entropy,f1483e4af9fcfe053e84,105,0.0,9.979625029458881e-09,2.0644466633108745,7.880935879966954,-0.0,1
2,entropy,70112a6d472b5c3238a7,15,1.0,0.004510100368875763,1.9693663201743532,7.166134014708662,0.06174859362324959,3
2,entropy,5b82673caa26822e9652,109,0.0,5.487997915421733e-15,0.5549037193840631,1.7417732776967356,-0.0,1
2,entropy,c0bead00d3265c4ff14e,83,0.0,5.840657455267233e-08,1.2102036265778149,3.3541675806813767,0.06574369566145295,2
2,entropy,d1bad52e43029e9b5de2,26,1.0,0.0006157385093253084,2.260632146851557,9.589149001560283,-0.0,1
2,entropy,d89c36162741f1fb288f,2,1.0,0.24984224803657296,2.1416119019200504,8.513148936392163,0.23113639108255588,5
2,entropy,3b95a726ea3c9dcbfe79,24,1.0,0.0022609937740091855,2.1186486718535096,8.319886990377169,0.04672196920289798,2
2,entropy,030a705a36551f407a40,66,0.0,1.885907743607076e-10,0.04701737627810391,1.0481402216974056,-0.0,1
2,entropy,46f1a581144dd6cd98c0,50,0.0,3.9830118132858463e-07,2.069063265792733,7.917403140764202,0.7115211739512743,3
2,entropy,e450d557fcbef689b75f,27,1.0,0.002048223958880603,2.663273615601894,14.343166340892411,0.0004967988209949662,2
2,entropy,258577d42fe1fe82ae5c,46,0.0,7.648157886577825e-06,1.5981107833256518,4.943683906418895,0.9166670918084965,3
2,entropy,b3aaeb32c4b7a4d0788d,26,1.0,0.0008310965869926404,2.388018729618959,10.891892766690566,-0.0,1
2,entropy,de66b22f0020d0377ebb,74,0.0,1.5300587044388904e-11,0.033149728393630125,1.0337053026892338,0.48114502158610806,2
2,entropy,53d0864b369d380d3f34,14,1.0,1.0847424024479619e-06,0.033157585050993484,1.0337134241895156,-0.0,1
2,entropy,f603a33d0240a956d53e,119,0.0,5.573147940011284e-19,0.018442958322165474,1.018614080056192,-0.0,1
2,entropy,047fd83e3105ea304107,52,0.0,5.298183105256137e-07,1.6409084570354207,5.159854890156891,-0.0,1
2,entropy,6673b9e44e285e2a751b,100,0.0,4.3235465073905336e-07,2.233187937427434,9.329560777899939,-0.0,1
2,entropy,01f4d144409f49635d7a,3,1.0,0.10888447063944653,2.5721333958267745,13.093728771177465,-0.0,1
2,entropy,410e98e619fc57e698a8,70,0.0,4.0225288386503915e-09,1.3913919229449567,4.020442305993265,-0.0,1
2,entropy,7ca2e50cca6c239e72ff,15,1.0,0.003390899060102016,1.6028005943293255,4.9669233011920095,0.5213989078984691,2
2,entropy,40572b96c45693c2dacf,61,0.0,5.776439737283791e-07,1.5988315832893185,4.947248598159523,0.0012617594459390655,2
2,entropy,b9fd07e13bbfec03efdb,110,0.0,6.550237021588434e-18,0.0364215496651086,1.0370929405377967,-0.0,1
2,entropy,f874a5cf0dca614e2893,6,1.0,0.021440975245597328,2.1893199783615964,8.929139041921536,0.455924963266196,3
2,entropy,0c71f7d783bcd7cdbdb3,64,0.0,1.8806632231998022e-08,1.5270973673028547,4.604791387153035,-0.0,1
2,entropy,cc9fe07aa36c340c1f7c,120,0.0,4.843715711675145e-10,2.668193027553207,14.413900126474513,-0.0,1
2,entropy,8929666336c731529a48,20,1.0,0.00011836079218165006,1.025728617441918,2.789126926921747,-0.0,1
2,entropy,958b86520bba639a20d0,115,0.0,3.137643289819881e-15,0.7039724147407114,2.021768078057654,-0.0,1
2,entropy,cd6a688a118138356cb3,41,0.0,1.0485858909682437e-07,1.4227048975222814,4.148326075294699,-0.0,1
2,entropy,273742735ef058291ba6,71,0.0,3.0387349194145707e-09,1.588965829988661,4.898680239636482,-0.0,1
2,entropy,2afa97628183c6a0f69f,24,1.0,0.00013856177447182572,1.7124150290645783,5.542330216738545,-0.0,1
2,entropy,be5d3783ed3cc04567c5,27,1.0,0.001500950899768564,2.4785663537051685,11.924157134187878,-0.0,1
2,entropy,c4ce2429b05616c6a98c,30,1.0,0.0003220980074700838,2.2508804365732367,9.49609286436277,-0.0,1
2,entropy,b85299f2ad6796d63fe9,54,0.0,1.6475690537274867e-05,1.449851163952885,4.262480057272255,-0.0,1
2,entropy,72817762ca5e5bb7dcf6,25,1.0,0.00022819599741188374,2.1950051489370868,8.980047294398888,-0.0,1
2,entropy,25c78a6139ff941064c0,83,0.0,5.086507239518559e-07,2.6711259309399074,14.456236757246868,0.7574784489540883,3
2,entropy,964281f58b17073f9d17,43,0.0,1.9858647846001726e-07,1.553740160075278,4.729124830287156,0.37451580015902436,2
2,entropy,c2b96660947f203953fe,34,0.0,1.5710405899917221e-07,1.0891291956901692,2.971685189251028,0.7703439350725152,3
2,entropy,714e233998b633e37321,52,0.0,8.153854589998905e-06,2.291563822295758,9.890392409963356,-0.0,1
2,entropy,ade7912ad6dbc657f483,49,0.0,2.6485931631423462e-06,2.165476297380234,8.718753647564764,0.2585179361714608,2
2,entropy,921d39915ef9c12bcdbc,5,1.0,0.03167646305182416,1.18980357161236,3.286435594731912,-0.0,1
2,entropy,03844162a5a3e9dc1d7e,5,1.0,0.008041116866870295,1.2592119726190207,3.5226444530370986,-0.0,1
2,entropy,a30e518dc0c8a9c1cf64,104,0.0,1.0574045919186951e-08,2.4797313364977294,11.938056666851168,0.6632851207167558,3
2,entropy,c891b93f57712e57a938,6,1.0,0.003481105425711967,0.9489832160195544,2.583081887320798,0.00633172891291909,2
2,entropy,4cc82c4b95c1cc0db9f1,14,1.0,0.0003250962297620857,0.9193658025276796,2.507699508833391,-0.0,1
2,entropy,a7a9c0a4debd9b8fe48b,5,1.0,0.04561730109945257,1.5905895711204743,4.906640889501446,-0.0,1
2,entropy,31512ee29b9425062937,42,0.0,0.00045992194280925077,2.83548848273384,17.03872138908193,-0.0,1
2,entropy,11912185673dc1ef359d,40,0.0,4.8734447832001305e-05,2.4503802697874413,11.592754255340402,0.1532815674431535,2
2,entropy,0c4d16adc6124fcbf8a8,22,1.0,1.7831019306075963e-08,0.011542514568014327,1.0116093864314388,-0.0,1
2,entropy,94c2f55cd60b03149fd0,48,0.0,5.781115369854093e-05,2.1406760541788894,8.50518565198193,0.5172093051328854,2
2,entropy,df44527dced5b9af3b37,109,0.0,5.179628070445175e-13,0.9592466553120249,2.6097297066779173,-0.0,1
2,entropy,41c01c482d8dcc50c516,22,1.0,1.8065505795995067e-05,1.3693312924279182,3.9327199763505436,-0.0,1
2,entropy,bd976651220ec445ad46,79,0.0,1.7158264634178727e-07,2.418928331619058,11.233813938514878,0.14403906723831963,2
2,entropy,5916ad029942a4fd1237,3,1.0,0.20439409472684436,1.279684695737658,3.595505868498078,0.0016626224070382025,2
2,entropy,e072b64e02db2391ba9f,31,1.0,0.00019950986557751432,2.140172029565512,8.500899909222635,0.015071231128610616,2
2,entropy,40ba46be06455291aac0,30,1.0,0.0007835492188967546,2.446498539116399,11.547841531529134,-0.0,1
2,entropy,29ed5d73829c1a1e15dc,5,1.0,0.07733428127164443,1.5728043936306313,4.820146846275216,-0.0,1
2,entropy,1ad1b172bce2cf3fcc1b,45,0.0,1.2487251110224143e-11,0.009518648031239885,1.0095640944430921,-0.0,1
2,entropy,938c3eeef37add68cf53,111,0.0,2.3567894932954214e-12,1.1961330451062555,3.307302971807105,-0.0,1
2,entropy,133db7962e5ae1d5cfbc,8,1.0,1.058325744763736e-06,0.005850070320064978,1.0058672153984392,-0.0,1
2,entropy,f20ebf3c56d8e51d0a84,41,0.0,7.853010910606488e-12,0.011004286309269678,1.0110650561729542,-0.0,1
2,entropy,ca3705a5acfd06fd6eae,90,0.0,3.0178809738246655e-16,0.004848889741317304,1.0048606646312006,0.0013781106654840434,2
2,entropy,b09905378179d3db9811,92,0.0,1.0200602195148263e-15,0.010715051575620605,1.010772663327852,-0.0,1
2,entropy,b46d7da8f32c0a70e23d,31,1.0,0.0005397743219236978,2.4376081687951636,11.445631957592534,0.03689263123093516,2
2,entropy,0e816dc81dd8d4791998,26,1.0,0.0017072283876863083,2.3950767330772362,10.969039714960239,-0.0,1
2,entropy,3801556000c80201715b,21,1.0,0.0029443201936472127,2.548703267790979,12.790507161695883,-0.0,1
2,entropy,b4458066828a733ca87e,5,1.0,0.05483311827824588,1.3745258577229948,3.953201898339363,-0.0,1
2,entropy,2ac20f51b6b7bb0adff6,7,1.0,2.539440979899746e-06,0.004037838763215152,1.0040460018174884,-0.0,1
2,entropy,c8a18aa59b6b453539c8,18,1.0,5.296455543046659e-09,0.007658143290258244,1.0076875418678413,-0.0,1
2,entropy,6a7d1347e1fbffde3908,23,1.0,0.0005546685938308209,1.2289935244996577,3.417787884839814,-0.0,1
2,entropy,27029288cd286891202f,39,0.0,4.791167256001362e-07,1.466459941596752,4.333865814860821,-0.0,1
2,entropy,06a68587c7336d51468b,73,0.0,2.550126594324444e-09,1.0285256412513395,2.7969391016701235,-0.0,1
2,entropy,7660e772a0732901d0bd,17,1.0,0.004304600744815319,2.3258960001444495,10.235847298923954,-0.0,1
2,entropy,e14d2b3664577017426a,76,0.0,1.5837398814286613e-05,2.921619498222338,18.57133936976693,0.5599870089759611,2
2,entropy,b04ca6fc4f8085cfa06e,40,0.0,1.925934412663556e-05,1.5348640023826277,4.640694363659967,-0.0,1
2,entropy,ee38112aa013e202605b,19,1.0,0.0007665327783093931,1.6553995285726726,5.235171104845854,-0.0,1
2,entropy,1dc629346c6fb59de0c1,29,1.0,3.0694512453096567e-06,1.7292975368855585,5.636692948493326,-0.0,1
2,entropy,96030904d4c4a0d5b8db,27,1.0,6.254041455122268e-10,0.00813462891957047,1.0081678049105107,0.009235182692675845,3
2,entropy,04951ba6f9206accf65a,13,1.0,0.0010235197098003301,1.7175727330519657,5.570989760585433,-0.0,1
2,entropy,ed2c9a1b99314c50236d,18,1.0,0.010374136636549004,2.862427702691953,17.503969831048497,-0.0,1
2,entropy,6a2412137a26c27b71cf,46,0.0,4.565965523971391e-09,0.08230329338120153,1.0857850713211488,-0.0,1
2,entropy,bff323270e7be838f60e,51,0.0,5.7513486333655896e-08,1.9140197425123338,6.780289109160845,-0.0,1
2,entropy,319f6e84f154090a8007,55,0.0,0.00021630580028326842,3.0413646376017285,20.933790790188013,-0.0,1
2,entropy,140248210bad8ec9e196,69,0.0,1.9271450238611878e-09,0.4578862305957431,1.5807291542167992,-0.0,1
2,entropy,58fff2969a7ee4c0e023,23,1.0,5.487617065410852e-08,0.0884357115612683,1.0924640175467937,0.0015466509535642364,2
2,entropy,7349b21202b41293e978,5,1.0,0.06507651716126885,2.6103733656574835,13.604129218378208,-0.0,1
2,entropy,103d7e2d41daab21d0fb,26,1.0,0.0026594947025496848,2.436481060371345,11.432738756779758,0.0014422219070389939,2
2,entropy,330261806778d575227b,23,1.0,2.157275350442737e-09,0.008692976054048139,1.0087308696936312,0.004564640246013623,3
2,entropy,97157960bfeedf62bf03,95,0.0,1.8988754658030916e-07,2.9545897423709087,19.19384668230836,-0.0,1
2,entropy,4244597e68dec36d9d88,36,0.0,4.506282578779129e-05,2.1950404778231385,8.980364555070691,-0.0,1
2,entropy,354717d2e56e01b4fbbf,55,0.0,2.487028885658054e-07,1.9635542648039304,7.124604848833575,-0.0,1
2,entropy,bf4b6eabf232a6114736,9,1.0,0.0026625231030792157,1.509723721730018,4.5254803297077775,-0.0,1
2,entropy,5cc4a42ee3087b8c7536,34,0.0,0.00039639781117738204,2.5013671753487294,12.199160956889635,-0.0,1
2,entropy,8c85c2c261868318e04a,4,1.0,0.10179871689147929,2.094564045674155,8.121899421105185,-0.0,1
2,entropy,8d810dae82890e6b853a,13,1.0,0.005873729539309621,1.8944745715408786,6.6490538845159515,-0.0,1
2,entropy,9e8a192d784a1cbf6e25,91,0.0,2.2932583483293157e-07,2.3190707249511227,10.166222698087099,-0.0,1
2,entropy,9480f0c4ed3c6f65d27a,96,0.0,4.649609104276003e-08,2.131988914576833,8.431619917429233,0.0035008081174575855,2
2,entropy,4e0fe6236c23d79ef0c3,12,1.0,0.016535162918498828,2.473280376992444,11.861292613830633,0.11117899238714202,2
2,entropy,8d88008e7fd7f44f31da,56,0.0,3.221394141905764e-08,0.12062492152629428,1.1282016688375576,-0.0,1
2,entropy,56007be65986e1b1f80e,89,0.0,1.7826108123116867e-07,1.7848531716442793,5.9587049764949525,-0.0,1
2,entropy,c6573efea1bee184dd89,14,1.0,0.006150965948397485,1.9873799267379515,7.296391615765053,-0.0,1
2,entropy,0f5e9867c870c8136a6a,37,0.0,7.0423710727969324e-06,1.7405349794301626,5.700392199653464,-0.0,1
2,entropy,5db8bf06dc5c7ea7001d,65,0.0,1.238430214430701e-07,1.0154828444665953,2.760696062433113,0.12806706144427438,3
2,entropy,549e30e35f2e9c41ad06,62,0.0,1.876096160722577e-05,2.0118558341164277,7.477180886509603,-0.0,1
2,entropy,94ade7de182e6f2a124f,33,0.0,0.0008057200629614643,2.390901432914439,10.92333616107694,-0.0,1
2,entropy,cdfe02c71fe119b6c829,75,0.0,6.28634415871356e-09,1.9625145515847362,7.117201152518125,-0.0,1
2,entropy,c600aceaf24b26995ffc,59,0.0,1.314877000824854e-05,2.0018971174956453,7.4030873117536435,0.13108295532886702,2
2,entropy,db325878a03c8eb51800,10,1.0,5.637400776986852e-07,0.007561552623313398,1.0075902133566887,-0.0,1
2,entropy,244e82179ae1d2a3a28e,15,1.0,0.00013954113479572276,1.0534609397327825,2.867558410742325,-0.0,1
2,entropy,ee0c5ef43070a263b1fa,20,1.0,0.0024204710630871674,2.0728579074699116,7.947503923420173,-0.0,1
2,entropy,b7d5f4c34f73404be85b,11,1.0,0.007021565911031806,2.027065398209287,7.591774801097471,0.10781865786491764,2
2,entropy,83dba251f8a20b3fbde3,86,0.0,6.589288760870275e-10,1.355890490681636,3.880214713680997,0.7602250986447278,3
2,entropy,e80ae5bdbe941c14972c,1,1.0,0.2393763183620439,2.8062481615157564,16.547717245359486,0.0037057307572135496,2
2,entropy,e2614d339bc9aa6914c3,92,0.0,4.592584586211059e-08,2.3195345585694906,10.170939227704226,-0.0,1
2,entropy,f293e22e13851effbe49,46,0.0,1.0066392640124523e-08,1.064113348876433,2.8982680918257997,-0.0,1
2,entropy,5b5d5fc8134d52da977a,6,1.0,0.04112338978920518,1.8623738873837947,6.439004113413185,-0.0,1
2,entropy,70a2ae4667672add8dfa,92,0.0,2.519108225788065e-08,1.8838675206436637,6.578899753513116,-0.0,1
2,entropy,17e4e78e1f893078b40b,54,0.0,2.492046059320397e-05,1.7705877281749973,5.874304841481061,-0.0,1
2,entropy,5b7651d4e656be2fe151,2,1.0,0.20245438390738454,2.395062577508088,10.968884443059045,-0.0,1
2,entropy,70dbd8e1a3ed0072590a,1,1.0,0.20022578552316395,2.6313358661634214,13.892315786553004,-0.0,1
2,entropy,9f4af663d82de4a667f0,115,0.0,8.298168846424207e-08,2.790219739174731,16.28459777273925,-0.0,1
2,entropy,fae14267664a39587ce4,29,1.0,0.0026825804690321984,2.8675058987453568,17.593084500937994,0.1414607003622777,3
2,entropy,39f2970fe4b7add3a03b,6,1.0,0.031231630965297772,1.9946682691843374,7.3497644800765265,-0.0,1
2,entropy,d7cc00e5c0570e177493,28,1.0,0.006777619882994334,3.3372394109231953,28.141332720485902,0.11541655636084593,3
2,entropy,ea1aa711fcec9b1347aa,31,1.0,0.00026103965940691863,2.302247911927239,9.996628757723407,0.022389500010321448,2
2,entropy,83d69f4e77b11a7a1460,25,1.0,5.5798557630844234e-05,1.404016798271844,4.0715216455635135,0.8013205044636647,3
2,entropy,159f79655e501c6548b6,76,0.0,7.712917299248575e-08,1.58238800824326,4.866563339656031,-0.0,1
2,entropy,7a5f9755b2b808b95db3,83,0.0,5.0433819408737375e-08,1.3392924891157432,3.81634244614591,0.0037110907273235527,2
2,entropy,da33b959bdccc5cc4ac6,7,1.0,0.02050627773329373,1.553170158693884,4.7264299907052125,-0.0,1
2,entropy,d5c80011ca15fbcd7763,55,0.0,1.3377691333089246e-07,2.150385121176795,8.588165244674059,0.5087114777328073,3
2,entropy,eaa0c06461fca2288e0b,9,1.0,0.0008120972386529482,0.8976286184721497,2.4537773640379275,-0.0,1
2,entropy,8b55e84a663bfb8af59b,113,0.0,1.4408438118293422e-10,2.073615561314529,7.9535276619890505,-0.0,1
2,entropy,0523488ecd76f7a66b3f,104,0.0,1.5132381072136544e-09,2.1996633438672246,9.021975684669332,-0.0,1
2,entropy,2ce4c13ce00ba98da453,89,0.0,5.705012093329967e-15,0.010653279539752203,1.0107102277710436,0.0038826258046646507,2
2,entropy,e8600e3be9868edd5911,15,1.0,0.00027435608113818456,1.1102655361561713,3.0351642332851205,-0.0,1
2,entropy,c19854ff69a3e4e69173,113,0.0,5.375639850875487e-11,0.2710482939992579,1.311338398631039,-0.0,1
2,entropy,8fe7945b8d25f8b5670d,20,1.0,0.0005327289182076808,2.0320312112240844,7.6295678942645635,0.45248086094022044,3
2,entropy,6a42b4cf79cdd775cbf8,46,0.0,0.000230814170611607,2.8070182382519255,16.56046516525514,-0.0,1
2,entropy,5da28245f3752c6b61c7,2,1.0,0.22817532008010336,1.248316537555521,3.4844720392962634,0.005054437934093699,2
2,entropy,c81bb3e92d0a6621a993,7,1.0,0.027071878223416144,2.2076964960821233,9.094742470645086,0.020427739311536932,3
2,entropy,aca49218821c4080028f,30,1.0,2.5318020091569932e-05,1.3456767718976812,3.840784996570491,0.5411725434828231,3
2,entropy,574ce306b5c270d5a852,100,0.0,6.319333048231188e-10,1.398481952949323,4.049048652668564,-0.0,1
2,entropy,c30fd6bf1c1bbea154b5,37,0.0,1.6235843035405397e-05,2.135483923166424,8.461140057987976,-0.0,1
2,entropy,dcdf831510c69c76dd84,57,0.0,1.0383559084638907e-10,0.08070328387287495,1.0840491939634995,-0.0,1
2,entropy,2b888f4d84b969a5381c,15,1.0,0.00019232680804097516,1.5430985144507432,4.679065986374709,1.0809768179893172e-07,2
2,entropy,5035a13358d151d34181,32,1.0,0.00010340523571798828,1.5001778321026211,4.482486129397981,-0.0,1
2,entropy,edec4a91c0a482f6f5b3,27,1.0,1.4932366230677848e-05,0.9640421949526687,2.622274825202373,0.0005027250651535933,2
2,entropy,208ea89e979cf8a161e8,74,0.0,6.194939917344894e-07,2.276294839451628,9.740523264359798,0.7918931312854542,3
2,entropy,6312491e41bfbfcf4d16,49,0.0,4.907219611427716e-05,2.5163175422927724,12.382913047619926,-0.0,1
2,entropy,fdf64351ee9c3a132fa7,3,1.0,0.001382770933084528,0.048693155932725586,1.0498981462918624,-0.0,1
2,entropy,54298b63e98a4c765f49,77,0.0,2.7659271897626336e-06,2.3707318696174404,10.705224246147576,0.7535066811674753,3
2,entropy,73d5b3f423fbbe3d4d6f,23,1.0,0.0043347671899317645,2.616606123226199,13.689185249190395,-0.0,1
2,entropy,1ef0c6463503237e5869,25,1.0,0.0013107709348954793,2.2475610411715112,9.464623835344378,-0.0,1
2,entropy,b3dc05b42e62ba419de7,85,0.0,3.6744124801456964e-08,1.9151348910907398,6.787854356325433,-0.0,1
2,entropy,276d4a9630084f170b91,79,0.0,8.270932356400374e-09,1.5607458686850904,4.762372024925656,-0.0,1
2,entropy,5cd55e586c0fb571d9c5,4,1.0,0.07030725973250958,1.3811104239597325,3.9793179050158964,-0.0,1
2,entropy,4fabc2fb476baf6a81e1,7,1.0,4.996255484087493e-05,0.014654238766827372,1.0147621385424999,0.022167311273533864,5
2,entropy,cfaa600d7119f9a3b90b,2,1.0,0.16380705257181336,1.3438647569264919,3.833831738262189,-0.0,1
2,entropy,425ccc801a0bcda731f7,39,0.0,1.733347527178006e-05,1.5792763247360364,4.851443670787066,0.6048398938444769,4
2,entropy,9781915e10076de2175b,76,0.0,2.182403861649955e-06,2.0078022629054786,7.446932948831755,-0.0,1
2,entropy,1eb7ce10678adfc75dee,71,0.0,3.398527533456837e-10,0.7822152629096296,2.1863101567183842,0.6914335425630128,2
2,entropy,c043ebd0563135299f9b,33,0.0,0.00035206833027102497,1.9055533874736668,6.723127092704311,0.7228242057008066,3
2,entropy,c93ea954ed7273bd52d9,9,1.0,0.0016737761261671291,1.236152661528447,3.4423440923880744,-0.0,1
2,entropy,c10cd159b11a27b3b2d3,107,0.0,3.460034349869376e-09,1.9709516532260962,7.177503733829881,-0.0,1
2,entropy,9729e796c1709f4c4031,112,0.0,5.6823927245015915e-16,1.2882605300025196,3.6264729253091517,-0.0,1
2,entropy,be61c5b6f5151aeee3c7,59,0.0,1.7588478045787333e-07,2.185933101217204,8.898948300007897,0.7739210175991549,3
2,entropy,4fef6e648145176fa50a,4,1.0,0.08629991230813794,2.436239898535444,11.429981948943576,-0.0,1
2,entropy,9c2d14a854125f7b8a28,20,1.0,0.0009181073600481183,2.0405130630403603,7.694555978603623,-0.0,1
2,entropy,cb1c0b23cf6ebcc0298d,95,0.0,5.482415685598635e-10,1.445429405181152,4.243674007239259,-0.0,1
2,entropy,1ee9b030ffa14c7e2ed9,71,0.0,1.6593061941023567e-06,2.479546703706996,11.935852713600113,0.7657306598006182,3
2,entropy,04be1fcc5c6289055791,48,0.0,4.9466148887871735e-05,1.8234597607274083,6.193248584400706,-0.0,1
2,entropy,b1424b7404bcd8974f34,14,1.0,0.013660162379762341,2.5803728127370493,13.202059138101601,0.08275168112161754,3
2,entropy,b82123efd7dea3bda35f,1,1.0,0.26965466916397884,2.549607971127643,12.80208401222072,-0.0,1
2,entropy,45bb2e0d88c5a6ebb32c,1,1.0,0.23111066630950755,2.6894596405146522,14.723717669975597,-0.0,1
2,entropy,a2cd2c09d72366ba8caf,19,1.0,0.002203650464923134,2.224087355528252,9.24504151651454,0.1907080181999535,3
2,entropy,c98a43ddee6613faab65,82,0.0,2.0253211308901144e-08,1.4816256140596282,4.400092722772793,-0.0,1
2,entropy,e45c7f6d5329da76e835,105,0.0,7.339975516338183e-10,1.3417124613714746,3.8255890727613298,-0.0,1
2,entropy,ddb3ce228d2d809808ca,95,0.0,2.0681621318395964e-08,2.067035882984277,7.901367794134525,-0.0,1
2,entropy,8e384e24af4ef515fc14,48,0.0,9.012650637173596e-08,1.056592087930666,2.8765512326743385,0.07822737541828914,3
2,entropy,b72caf47f7bf8a8bbaa1,27,1.0,2.217040442797271e-06,0.7427403459242816,2.101686979742025,0.6856095868155343,2
2,entropy,10708df2eeb640a373e8,26,1.0,0.0001354564900687097,2.045242277006464,7.731031362164897,0.21755754984141257,3
2,entropy,360ffcf944eed8b1c494,49,0.0,6.048711066865833e-09,0.22902141643980534,1.257368967088283,0.12393062500108373,3
2,entropy,9f2103af7b276f833477,20,1.0,0.0022554487785381517,2.22100476234454,9.216586694405311,0.11476838323434554,3
2,entropy,1a5ce236777a6493d1bf,32,1.0,5.426697804733879e-11,0.004705175617609819,1.004716262337908,-0.0,1
2,entropy,db3a5f3ccb2bc313172c,20,1.0,0.0010888028754803725,2.092847209551042,8.10796741369961,-0.0,1
2,entropy,a5dfa2cb2cd841c546dd,4,1.0,0.09702658987221029,1.4925583584109379,4.448461732869756,-0.0,1
2,entropy,b02695d5bdac14066eee,36,0.0,7.538737940712832e-05,2.109589445100212,8.2448556238,0.08258510804848662,2
2,entropy,bd44ab262620253ffba5,23,1.0,0.003706308593629626,2.732197143595322,15.366612610836482,-0.0,1
2,entropy,4a91b91d738b1867955f,4,1.0,0.05231796597192785,1.3477644443530628,3.8488116732354922,-0.0,1
2,entropy,b07b916de5f8b78101db,41,0.0,2.9673119290967543e-11,0.01631000716847333,1.0164437414149494,-0.0,1
2,entropy,47160869ae64afc13221,57,0.0,4.8756866479902896e-08,2.0312264286111645,7.623430220756897,0.5855707700285833,2
2,entropy,cd31284b297a778aa92c,4,1.0,0.004863653196269823,0.1934248845078186,1.2133982381223445,-0.0,1
2,entropy,23c44349c0f6271a5288,105,0.0,3.427029249457475e-10,2.1936295384711713,8.967702739952081,0.527977525642283,2
2,entropy,feebc95648fd587f735e,27,1.0,1.932026105748041e-06,1.2042668236665208,3.3343135418950256,-0.0,1
2,entropy,29fbb3ded159e2837076,32,1.0,0.005074646052817563,2.9198293852612114,18.53812431267755,-0.0,1
2,entropy,d2a5f63d4cda7d9470ee,9,1.0,0.00046975250685793316,0.7309436193068581,2.077039617933401,-0.0,1
2,entropy,d15832281cf04c100401,4,1.0,0.05788996503420165,1.2221471433057858,3.394468324527937,-0.0,1
2,entropy,571c0af8675223f6dd19,66,0.0,3.660344782945496e-07,2.1738131542062367,8.791744482739478,-0.0,1
2,entropy,d31127c2e506f3c499d8,25,1.0,1.3836502877718865e-05,1.5267936243096458,4.603392926431073,-0.0,1
2,entropy,be302f7153059295ca43,32,1.0,0.0010043575312497315,2.7980904498001866,16.413274855226383,0.23461669239704058,2
2,entropy,e6f8ea089bcbf05f931e,112,0.0,7.172018548374164e-17,0.018987479910585275,1.0191688884519168,-0.0,1
2,entropy,83d8ebe9c21baf573178,15,1.0,0.002780488022581791,1.8784292470151354,6.543219005252609,0.06611181782875981,3
2,entropy,c32e25a7d4069709d28b,23,1.0,1.24688620774697e-09,0.002977460768632063,1.0029818978075566,-0.0,1
2,entropy,300cf3812169f279cd5a,115,0.0,2.7237126872500708e-08,2.3589023934318964,10.57933313189601,-0.0,1
2,entropy,50336e8ae225738039fe,4,1.0,0.0789545325160303,1.631062957119539,5.109302802905402,0.002875142964990055,3
2,entropy,b821b3331f776d8bf887,107,0.0,4.1695962572311903e-10,1.7420517069278698,5.709044701335277,-0.0,1
2,entropy,85766add2ca3abd7de29,1,1.0,0.8792186751579171,0.5063079577945273,1.6591542055528676,-0.0,1
2,entropy,7b5ecadc1371bbcca841,24,1.0,5.415941634804867e-05,0.728609877742735,2.0721979959913117,-0.0,1
2,entropy,e5d586ca55ffc42da51a,79,0.0,5.492068622996552e-08,1.7693550889384966,5.867068403721096,-0.0,1
2,entropy,dbf75f0ea3196a5b8b00,8,1.0,0.00012860101834064714,0.11985269420275496,1.1273307769889378,-0.0,1
2,entropy,715dc08311a316786a07,1,1.0,0.8158395982320531,0.6303094699487043,1.878191733234201,-0.0,1
2,entropy,23ab437e39cde13786f1,35,0.0,5.028223667227494e-06,1.946850095476173,7.006582718162553,-0.0,1
2,entropy,e74a8a512043cb5b5d1f,99,0.0,2.1381028425622927e-10,1.156556164082637,3.178966563943313,-0.0,1
2,entropy,3beae05d3e898ccb72df,52,0.0,5.683022152403797e-07,1.2055274850906619,3.3385196330246503,-0.0,1
2,entropy,b71999890875cc0fa3f4,7,1.0,0.0023585208011152356,1.1026178306088603,3.012040724537005,-0.0,1
2,entropy,1a9c9f88a4446cfa87ac,23,1.0,0.00038250240865281477,1.7061105504651053,5.507498627370045,0.07369300549329827,3
2,entropy,f70105e866c214417a02,89,0.0,4.2588434408408346e-07,2.528326097915647,12.532510373908067,-0.0,1
2,entropy,fd53e254927807335a20,3,1.0,0.001972414703546007,0.04107217175169272,1.0419273005503864,4.8986034198132895e-06,2
2,entropy,f0a74700dfc5bab4258f,3,1.0,0.10419628955361697,1.2292912739214161,3.418805680722766,0.0019168802108197524,2
2,entropy,9322090e26b810a7fdb0,58,0.0,1.474619451526829e-06,2.272400013139562,9.70265940250438,0.4728998632152033,2
2,entropy,289802620d8f8496057c,6,1.0,0.038362625797509785,1.787932930564089,5.9770846392345005,-0.0,1
2,entropy,7840c5631f4605dcf991,27,1.0,5.642901792995034e-10,0.006277397593844694,1.0062971417464646,0.016124600608802712,3
2,entropy,a9eb854227232bc76563,21,1.0,0.00012637526404714463,1.8123553980908484,6.124856931838778,-0.0,1
2,entropy,0c2c932ba902d005ba0d,5,1.0,0.04698845318078991,1.555332448625956,4.736660959863322,-0.0,1
2,entropy,bd43fb7d21dad17f3f3f,34,0.0,0.0007303761110029166,2.6933770590401283,14.781509758331374,-0.0,1
2,entropy,c11f5e113fddb86950d5,59,0.0,5.866266965044982e-07,1.5061601804605151,4.509382293831652,0.5614724667502918,2
2,entropy,cf3baddb617eed0396b0,4,1.0,0.0001212145050438976,0.00962550212103296,1.0096719762591957,-0.0,1
2,entropy,950b439aa8892f2cc982,2,1.0,0.08479557232282849,1.0857558423781526,2.9616775343436954,0.0031353613538041194,2
2,entropy,d4095ac50f9f8942c966,3,1.0,0.0600300030772685,2.872989688519472,17.68982629120508,-0.0,1
2,entropy,82da3ab878cd503cabcd,7,1.0,1.7761482976187669e-06,0.004423331120811868,1.0044331284902575,-0.0,1
2,entropy,3bd96be610366f02d8ed,11,1.0,0.013251760065712246,2.209046301409573,9.107026891406884,-0.0,1
2,entropy,0275f98eede9fed5cca3,4,1.0,0.05861293339866895,1.7706162087279103,5.874472147313395,-0.0,1
2,entropy,6565f139671bd035843f,11,1.0,0.012248739893101514,1.782725886567871,5.9460425853567225,0.008942055986069874,2
2,entropy,ed6be4c43d8c18be5b94,35,0.0,0.00022621504412647856,1.8908697724976222,6.625128530389634,0.30044743248283223,3
2,entropy,0090a232de93e6469d04,6,1.0,0.05009229694237159,1.5752532558983714,4.8319651868500335,-0.0,1
2,entropy,168978705d57281e8a6b,29,1.0,3.717020815059281e-10,0.0043535933517531876,1.0043630840071092,0.013729819309912666,3
2,entropy,d38744c3e8e109d43fd9,81,0.0,6.754453848455802e-07,2.5727153284714173,13.101350656886474,-0.0,1
2,entropy,78f2c06d7a156823dac6,27,1.0,2.9618993210123526e-08,0.6661571801810938,1.9467419496333145,-0.0,1
2,entropy,3d5dae19ee548d12fcc8,37,0.0,6.625483993326575e-05,2.287788510894387,9.853123493881958,0.3908545257621747,2
2,entropy,6c3695cb80311d1ab4db,19,1.0,0.0017946834632291556,2.215733623255443,9.168132600338003,-0.0,1
2,entropy,8b4a0e1a3fe4f9df1ca9,24,1.0,0.00022261718290225615,2.281773377393585,9.794033535824637,-0.0,1
2,entropy,e102c45843bd450b33dd,6,1.0,0.03153764683763908,1.191307745381449,3.291382684656008,0.09931491069478658,2
2,entropy,0778ba3bda71761df9fb,42,0.0,3.7131716890292387e-06,0.6999011055074844,2.013553568265467,-0.0,1
2,entropy,a11dcaaa1815d94f2dd2,63,0.0,1.4875471903525258e-08,0.674213027721271,1.9624879444914607,0.30058801366239674,3
2,entropy,0ca7148d0b34a678841c,42,0.0,2.314399500532767e-07,1.456111862097516,4.289249869675935,-0.0,1
2,entropy,985a831879d1d5eb95e4,12,1.0,0.0010269468391756874,1.6703767144370791,5.31416934446476,3.133820730505607e-05,4
2,entropy,a3e17063eacf8f001676,17,1.0,0.001405845234059975,2.031744683619988,7.6273821256120105,-0.0,1
2,entropy,726a974f34b3e6a69e08,76,0.0,7.506486596831505e-09,0.6503742482375962,1.9162578509569284,-0.0,1
2,entropy,ab2b45ce65a139358d19,16,1.0,0.002013721750154413,1.527438909466869,4.606364386175691,-0.0,1
2,entropy,06dd7cc987ed9076c020,26,1.0,0.00117005255368997,2.5092794777330347,12.29606727770797,0.3020015334728556,3
2,entropy,0c5fd49c906130807aeb,63,0.0,8.511859552201954e-09,0.8277609016676726,2.2881895186561088,-0.0,1
2,entropy,c8c90e6c24337ea31534,18,1.0,0.00027090132608836295,1.6396540502024963,5.153386390838853,-0.0,1
2,entropy,fe53155ef0a4932dc223,22,1.0,0.003827147220628957,2.324221512114705,10.218721837339347,0.4218948299275399,3
2,entropy,ce8f9f818202541af586,81,0.0,8.544758446362981e-12,0.3407326171186889,1.4059772563486375,0.2865079880346893,2
2,entropy,58ca790b7e449d196844,6,1.0,0.0464272213836137,1.7846060411592977,5.957232580788675,-0.0,1
2,entropy,fb177781bc906efa216b,11,1.0,0.024011788145749707,2.913658189987894,18.424074202247677,0.07952349389828059,3
2,entropy,7f64697c3fca381c3736,44,0.0,1.1873833818531998e-06,2.1174895631739385,8.310248924015848,-0.0,1
2,entropy,cf4083c4fcad419610a9,10,1.0,0.0003169928548001961,0.5347306140242992,1.7069883415916889,-0.0,1
2,entropy,1062de1df9f08d87354e,32,1.0,1.5859832255469446e-07,1.435607489945163,4.202197025987926,0.6512347191480922,3
2,entropy,98101c5bcb2ebb0be283,57,0.0,1.5058109267534877e-09,1.146957983343018,3.148600232192339,-0.0,1
2,entropy,7070cb8adeef0230ceff,24,1.0,0.003219914615487507,2.5613359864614758,12.953110941797814,0.1903270766606654,2
2,entropy,fe2ad70479f404252943,39,0.0,6.444735866413438e-07,1.1404014670083988,3.128023911541039,-0.0,1
2,entropy,6b58a51742e0ea8ba418,33,0.0,1.2144375881044105e-06,1.559694635745264,4.757368293086011,-0.0,1
2,entropy,555ea7b3858a13cf4068,7,1.0,6.118213528217888e-06,0.016289704114977644,1.016423104712787,-0.0,1
2,entropy,8a981c15533807e6c1ca,110,0.0,1.4671193392016048e-14,1.0553921501881889,2.8731016203560027,-0.0,1
2,entropy,73a84fb21dde1ed62733,35,0.0,1.3044290772775965e-08,0.03676814286644249,1.037452452198688,0.036889364776532645,4
2,entropy,6b3d1d3d89381815b4e7,33,0.0,2.455912660503015e-07,1.1123588736656942,3.0415245112037934,-0.0,1
2,entropy,daa5fcd12d84b4acdfca,21,1.0,0.0024154905730297406,2.105546265645663,8.211587492768402,-0.0,1
2,entropy,ec2c0e335dde0a9d2860,17,1.0,0.00873470540765405,2.6652998013219555,14.372257722030598,0.1252846362286578,2
2,entropy,17f2d8aaf54e7894b35b,7,1.0,2.8691153320698962e-06,0.008751102039036484,1.0087895048731177,-0.0,1
2,entropy,90e907e4e06212b6f1c2,9,1.0,0.01755660924860681,2.178204653374053,8.830438321113537,-0.0,1
2,entropy,e4436bcc85677b3e8b7e,46,0.0,1.8912400868776378e-07,1.187713804727193,3.2795748815981645,0.661590705608908,3
2,entropy,81e1a72cb45e51f34b7c,36,0.0,0.0001405117792641293,2.411108530243426,11.146310321176745,0.02823624556769031,2
2,entropy,e04eaab9cf897cc95b3f,23,1.0,0.0037863853280766125,2.588588917044978,13.310975454273686,0.28910326448226614,3
2,entropy,e1cf410b0a2f7cec53eb,44,0.0,0.0001310159350641166,2.436630133864759,11.434443202126175,0.2099440536741305,2
2,entropy,2d71bc0ef4c8625fd71d,34,0.0,1.0456148372019932e-07,1.217141300565992,3.3775186091095404,-0.0,1
2,entropy,c1f659171db6051bb24d,34,0.0,9.066094208821426e-05,2.2862595779043478,9.838070238958679,-0.0,1
2,entropy,ea74450ff2b16ddb2a72,27,1.0,5.7063336219553595e-11,0.0021067477796648726,1.0021089685320164,0.017578189935345597,3
2,entropy,83e968762fc9bd27ec91,44,0.0,1.1323874778279333e-05,2.191117458576334,8.945203426065113,-0.0,1
2,entropy,c4db4640c8e2068a365b,5,1.0,0.016438377259846232,1.2286223798195421,3.4165196264168336,-0.0,1
2,entropy,0fd4a40dd83ef307ddf5,70,0.0,5.843067811692393e-10,1.3440566080720393,3.834567333833181,-0.0,1
2,entropy,55b6b62ac3d6768d8185,67,0.0,1.465894032604949e-09,0.14544279116999922,1.1565515677275178,-0.0,1
2,entropy,b96f18a9ffed7689f215,10,1.0,0.004303813567183116,1.8843103237259502,6.581813555674704,0.011811980280032752,4
2,entropy,7583516b19c42e7d16a0,30,1.0,5.558272197756558e-10,0.017840828692257702,1.0180009269544994,0.006522823003685752,3
2,entropy,bdee65fe34d9b0e768f6,14,1.0,0.0003574016197751217,1.393736531270758,4.029879727702784,-0.0,1
2,entropy,548f255842c96101ae5c,5,1.0,0.03335307933335422,0.9770485082118011,2.656603715245837,-0.0,1
2,entropy,af582908a5a3922600a0,97,0.0,1.4235998324094985e-09,1.7944557823917613,6.016199708911968,-0.0,1
2,entropy,a6516c31578a88b71242,27,1.0,1.5895599711795685e-05,1.6523599723629063,5.219282667137323,-0.0,1
2,entropy,6bcdd31e916c525ef8ee,15,1.0,0.00023653000764414217,1.0854676891459232,2.9608242403349707,-0.0,1
2,entropy,7944d479dd21b97b5adf,36,0.0,0.0009482449744851702,2.6473818883434825,14.117030258994955,0.4539821411144428,3
2,entropy,e69e45e86980938697e7,1,1.0,0.22894547564925904,2.246468367469886,9.45428773780309,0.09764882412814128,2
2,entropy,ea80ead46a8ac55d4f26,19,1.0,4.7391457838024045e-05,1.4769179491974598,4.379427242115957,-0.0,1
2,entropy,91d6a5a04567a3892e7f,47,0.0,3.0693460526828327e-07,1.0784817291872355,2.9402121222917272,0.14331320569638084,3
2,entropy,7164c245e901b9fad54d,8,1.0,0.026950166600174314,2.352746702647104,10.514410056623001,-0.0,1
2,entropy,eb68cd553cf29d146e56,75,0.0,9.816797321665216e-05,3.0699316804518473,21.540430992218234,-0.0,1
2,entropy,97607421b8607b8f06bb,95,0.0,2.3316167325613846e-06,2.545196432088311,12.745731510838723,-0.0,1
2,entropy,485a8e227e846366239a,68,0.0,6.791990279783427e-07,2.315047954606819,10.125408467082991,-0.0,1
2,entropy,6d53845726102912264d,18,1.0,0.012182236168645895,2.680985206033687,14.599469698494232,0.03349556787488431,3
2,entropy,42932f35bb872625d11b,43,0.0,5.340616103781877e-08,1.6258612633495169,5.082794777432162,0.3214636982878298,2
2,entropy,40e49aa33c666df54a5e,33,0.0,1.650443594257142e-10,0.008686564120315694,1.0087244017988768,0.06072828727819874,3
2,entropy,b93ca1bed4aab9c45cfb,64,0.0,1.1330557162223747e-08,1.9176540970690221,6.804975916913474,-0.0,1
2,entropy,9f4741e042db6167d5c6,118,0.0,2.6765106250515483e-09,3.605215822497372,36.789623028806886,-0.0,1
2,entropy,eec6e7bd245e7cdf2257,44,0.0,7.926296023833692e-05,2.4709347945213582,11.833503577270445,-0.0,1
2,entropy,7b6bf458ff2123f8d3cf,5,1.0,0.036820753002918906,1.166798700085214,3.211694566173242,-0.0,1
2,entropy,8703c6a1add4701870dd,32,1.0,1.3570487288018857e-06,1.718279768154469,5.574930038695178,-0.0,1
2,entropy,69d5e7bf846669b6644b,29,1.0,3.635438878117018e-05,2.2080992183685284,9.09840586374264,-0.0,1
2,entropy,74d5add664872eeb8da4,69,0.0,3.3835253357014047e-09,0.8332459223572465,2.3007747691345024,-0.0,1
2,entropy,d2d3f7a76ae386833fa7,81,0.0,3.2197618524200695e-07,2.7520425940110913,15.67461608464032,-0.0,1
2,entropy,4bde3657d7d5da03db26,59,0.0,2.065270276943714e-06,1.664878137646434,5.285029164424041,-0.0,1
2,entropy,512deda84a719f7419ea,27,1.0,1.1888640768508039e-08,0.03465295265734232,1.0352603620904475,0.08628783926312439,3
2,entropy,8b5f228e369b54cb8a20,63,0.0,3.3141775399175166e-08,1.9221158616822087,6.8354059530004925,-0.0,1
2,entropy,6e272a14fcc60243c326,49,0.0,8.399976393406005e-07,2.199317211328606,9.018853425711125,-0.0,1
2,entropy,482b7bc2470792b3eef9,29,1.0,5.509599782292675e-10,0.008162386001640072,1.0081957890953894,-0.0,1
2,entropy,ddff56e2c6de482b0bc9,29,1.0,7.64550514230863e-11,0.003973387527472574,1.0039812918972684,0.06871902462176459,3
2,entropy,f6aff5eee5f19ae4b4d0,30,1.0,3.620650339343391e-10,0.004943985191499242,1.004956226852168,0.058778207750582796,3
2,entropy,b5e136345ec3f2fa5e2c,4,1.0,0.09873868897588417,1.8556029466680906,6.395553265852057,-0.0,1
2,entropy,bfad15d88596cab73ec0,29,1.0,5.3485671804730675e-11,0.0029977862837476236,1.0030022841384618,0.03650754137723964,3
2,entropy,3948de97d50c5d6cc37e,48,0.0,3.282309278156042e-11,0.04305752627668491,1.0439979504381642,-0.0,1
2,entropy,c921e5415ee91b176f8e,29,1.0,3.8275651389934536e-06,0.5468142440271266,1.727740082808702,-0.0,1
2,entropy,3ee93a31437e17150d27,72,0.0,2.8205452160043196e-07,2.3328960672549583,10.307750286208305,-0.0,1
2,entropy,ecd2d2239d4a48dcf080,23,1.0,0.0007992737966223008,2.0709272106264125,7.932174505672574,0.3728692507640804,4
2,entropy,a73734d1bd43f1e18f46,54,0.0,2.3440156064690963e-13,0.011669136249904137,1.0117374862232986,-0.0,1
2,entropy,5117857e9b4fe47b12ee,101,0.0,5.393883938778537e-12,1.251194451961774,3.494514495309462,-0.0,1
2,entropy,b399be817650c526ba66,98,0.0,5.876010150652512e-09,1.836008115250261,6.271453307399253,-0.0,1
2,entropy,3d5cf849838e9593e5af,54,0.0,5.2164077099665766e-14,0.0066394328689091744,1.0066615227643845,-0.0,1
2,entropy,4c7e6b2e59b287c66e4f,4,1.0,0.01776207138495465,1.1867249936987347,3.276333604555924,-0.0,1
2,entropy,dcb7176abba1f89a660f,121,0.0,1.6600405246416944e-12,1.4277583301106755,4.169342419084348,-0.0,1
2,entropy,57185b25b522b0f4ff22,64,0.0,1.0172848194888972e-05,2.8373607542961152,17.070652385016484,-0.0,1
2,entropy,19350220f29d27ced781,17,1.0,0.004486987770273831,2.3725710283367043,10.724930969002298,-0.0,1
2,entropy,425c82979a29a4f46031,27,1.0,2.8837762890270747e-06,1.137314643743065,3.1183831418875583,-0.0,1
2,entropy,e067cd26286f3c9a543f,3,1.0,0.08971874597255919,2.4927642970719854,12.094663195345408,-0.0,1
2,entropy,534f520648bbbab541aa,70,0.0,2.1140751985824623e-14,0.0066802737151246405,1.0067026365123812,-0.0,1
2,entropy,69dc92bc496291df0a7d,6,1.0,0.042315721026381224,1.800427958361095,6.052237015697558,0.21559407397989375,5
2,entropy,052ab7b30e358b2a1dcd,15,1.0,7.873906004238618e-08,0.01678278428891369,1.01692440637485,-0.0,1
2,entropy,9adc6f692292aab62be7,102,0.0,5.626197436149892e-07,2.419778287348321,11.24336624197585,-0.0,1
2,entropy,467c7bab7dd29718f744,76,0.0,1.1649653776090877e-07,2.0153430984499145,7.50330131067104,-0.0,1
2,entropy,6fcb0cb47b1bbcea5e76,18,1.0,0.0009630510830657882,1.7782968450468053,5.919765549855869,-0.0,1
2,entropy,7ff999fa12e6fbc53ffc,15,1.0,0.005993868824113684,2.240569415288763,9.398681516996962,-0.0,1
2,entropy,ca787c996fa5e4d0adf7,21,1.0,1.1468117362775952e-09,0.006122236824603013,1.0061410160204727,-0.0,1
2,entropy,b046b55c4b9b1c55fd8c,9,1.0,0.024771172947587784,1.964369527895807,7.13041564455283,-0.0,1
2,entropy,b9204dc01c2dc1629b4c,84,0.0,3.867837781123528e-10,0.40414715605980134,1.4980243741035255,0.4320945158188253,2
2,entropy,8fa8ffcff3457eee9086,90,0.0,2.3830936014268178e-07,2.46829496458015,11.802306336040537,0.6974021056487889,3
2,entropy,8c5d84b6536eb7926956,1,1.0,0.6900441332831517,1.00319127503081,2.726970469933275,0.013575752294671457,2
2,entropy,1c449e20ff612dc5bc79,46,0.0,5.902366021110908e-09,0.4904164035438518,1.6329960637489143,-0.0,1
2,entropy,634371a54d39e2c8df0e,46,0.0,2.005667369286689e-05,2.4444250627610185,11.523922161851276,0.009690166801883955,2
2,entropy,a2f2f7c562a1b45e6774,4,1.0,0.03643554977326272,1.2776105619024816,3.5880560367664653,-0.0,1
2,entropy,bbc470c61a4ceafdc153,33,0.0,2.6150873560717684e-10,0.00964290023614218,1.009689542801273,-0.0,1
2,entropy,18bd447a049abd1b359f,118,0.0,4.172642300346521e-13,1.159157525748155,3.1872469711962035,-0.0,1
2,entropy,8e84d7bb391741fe291f,10,1.0,0.0007862305520957009,0.44565528630003187,1.561513098789874,0.29019457300989165,3
2,entropy,6652e08ca13e7ba7369e,112,0.0,3.7122999406985734e-15,0.05838718562143056,1.0601253815620646,-0.0,1
2,entropy,6670a54cd7b545ec4e45,115,0.0,4.615886136567174e-10,1.7097540437212857,5.5276017620559585,-0.0,1
2,entropy,7f74f09e8b15b0e2be24,37,0.0,4.71677039077182e-06,1.4610209178891467,4.310357804214877,0.6414646607088453,3
2,entropy,204b463e708b9c74b6fa,61,0.0,6.821877628806551e-09,1.2400023573717922,3.455621610937984,-0.0,1
2,entropy,166e6f5a385bcaa39daf,5,1.0,8.761710426462067e-05,0.012438277304570674,1.0125159543980375,-0.0,1
2,entropy,80d21b56e58f999cea78,77,0.0,2.0404721830000982e-10,1.6099992175174438,5.002807313222601,-0.0,1
2,entropy,3509a3e96a94d669c72a,34,0.0,1.4895260050096835e-05,0.7197429878704175,2.0539052642365565,0.014769982125969347,2
2,entropy,adc9d5a15c17c341dd3a,2,1.0,0.002167732434605399,0.03936670026204571,1.040151837676017,-0.0,1
2,entropy,4447a5a2ab589825a0bc,71,0.0,1.2094540464275496e-06,2.3969424231883694,10.989523646277409,0.769065048780467,3
2,entropy,f26856e00e320cb81c9b,6,1.0,0.008926869423003877,1.3432395979946754,3.831435733127973,-0.0,1
2,entropy,e634e7d94ed583649891,50,0.0,5.146014458241522e-07,2.231131976101867,9.310399266169183,0.5982460507150649,3
2,entropy,c4ae41293505733a5131,94,0.0,3.4091397460002813e-10,1.6767527273713574,5.348160806785689,0.6789985132590012,3
2,entropy,cc5a48f8f1012e46f9f8,29,1.0,2.3613713537786616e-10,0.006238778198556056,1.0062582799097848,0.020881121975393067,3
2,entropy,910a96b440ccbae7669b,90,0.0,9.502672368805841e-08,1.9518321689732296,7.041577128205902,0.20399251480989267,2
2,entropy,1e1c4c50d7ed6b0b8212,41,0.0,1.8341231237763046e-09,0.8676586649809657,2.3813288327958944,-0.0,1
2,entropy,353f41817b0e1e5ba521,71,0.0,1.913598377454925e-06,2.219578856965818,9.203454079022867,0.7258040438567058,3
2,entropy,304d5c8aa2fbe373b3e9,13,1.0,0.02756926603681016,2.859786191503554,17.457793912850345,-0.0,1
2,entropy,371dea23c895a8dba3dc,49,0.0,1.8570694535338652e-09,0.18084927111246946,1.1982345571192567,-0.0,1
2,entropy,b9f875570dc1e530a972,4,1.0,0.07859409054631519,1.4220535887112644,4.145625113646428,-0.0,1
2,entropy,1916fb82806608853146,94,0.0,4.6474718301362825e-09,2.060322400480499,7.848499762562273,0.015930068960676395,2
2,entropy,eb502cc7a3d71606b508,27,1.0,0.00020975244145935863,2.196142447492475,8.99026609902854,0.5043080519487889,3
2,entropy,52026f55866815898217,6,1.0,0.03285968070239421,2.399934739264115,11.022457023512352,0.056655058473524256,2
2,entropy,ad1ac1cb2d50bef19a59,29,1.0,7.638426776880019e-06,1.8850031414122232,6.586375132501917,-0.0,1
2,entropy,82efabdc004ef00fcd39,16,1.0,0.008826776867363263,2.6860087869535327,14.67299584355351,0.05081822287103377,2
2,entropy,0e0c81052e0499aa711a,6,1.0,1.6981713366081256e-05,0.00743545731555615,1.0074631689686613,-0.0,1
2,entropy,18dddc8b3865ae4a3526,106,0.0,4.074953422390287e-11,0.632032183010651,1.881430107259613,-0.0,1
2,entropy,376363ef9ac0bf255417,16,1.0,0.012099364809466977,2.9041577197791133,18.249865675943013,0.17255623693419142,2
2,entropy,58a5ab5d102026b20da4,5,1.0,0.022929590208846648,1.198231962150734,3.3142520165689913,-0.0,1
2,entropy,bf01bcc9a3f2c2398d47,4,1.0,0.017524194716072108,1.065272052690791,2.901628272469949,-0.0,1
2,entropy,d01d65fe0d3697b272b6,92,0.0,8.347569953644566e-12,1.2156644152069285,3.3725340830186017,-0.0,1
2,entropy,15ab8652628105a6fedf,44,0.0,2.2117212443160604e-11,0.005731234037917468,1.0057476889804056,-0.0,1
2,entropy,1c9d7a03f6a547b885e3,42,0.0,2.613606419563337e-07,0.2592057470668653,1.2959004051082956,0.15207475127455405,3
2,entropy,c4ef24f33950819e8a20,37,0.0,0.000351416228376351,2.5188729268907495,12.414596617512043,0.043543166812913155,2
2,entropy,3b861f9b9ca6c638e8fa,95,0.0,4.794452771953427e-08,2.064584019251934,7.882018447678027,0.12404668672743921,2
2,entropy,1bacd95a3f74e1e0de81,18,1.0,0.0013214174014673028,2.037071636248056,7.668121240202264,-0.0,1
2,entropy,e0596c956d622647e893,93,0.0,1.1253102850827981e-07,2.3366706852023773,10.346731628991186,-0.0,1
2,entropy,474d230ca39bc9382334,60,0.0,1.276187145707106e-06,1.1351416079878887,3.1116141411258877,-0.0,1
2,entropy,49008f87a19b3410da5d,77,0.0,7.555426803636368e-08,1.9620227146895148,7.1137015110975375,-0.0,1
2,entropy,4d5cb4557f81a98df011,101,0.0,1.1419192960732137e-07,2.9420457182543887,18.95458241241774,0.017516774823649005,2
2,entropy,d84f12c9f417d2cf9a51,17,1.0,0.0022309603851728543,2.083196912231213,8.0300994463243,0.2846471232995461,3
2,entropy,8bc553dfe39d0fb3eb58,88,0.0,3.994271557776206e-11,1.2697742930359557,3.5600489438288223,-0.0,1
2,entropy,627cfbc46552bafc42c4,110,0.0,7.212753613387518e-11,1.5828093553198221,4.868614283941446,-0.0,1
2,entropy,cbafad76671fe9cc53f5,22,1.0,0.0011367834831814449,2.1877008793373767,8.914693579084739,0.27615873482970227,3
2,entropy,55bb9264b57c8aa8ab5d,104,0.0,4.437459261307805e-08,2.4183527911453653,11.227350284145098,-0.0,1
2,entropy,72e460b19506cdb1190e,36,0.0,2.9682072260646832e-05,1.9550913961929817,7.064564668511797,-0.0,1
2,entropy,37505bd5b446881d6911,114,0.0,1.6727221902921282e-08,1.6492041495262775,5.202837498373534,-0.0,1
2,entropy,f0ac5208e3e46a39313d,42,0.0,0.00027496563603989914,2.627261660730252,13.835830781985944,0.002137305577273878,2
2,entropy,6d4a145028559d98d41b,2,1.0,0.22028906028771972,2.30025805115326,9.97675663622097,-0.0,1
2,entropy,7849316ada5e1e188377,25,1.0,8.480215014936172e-11,0.006245710594183025,1.0062652557144636,-0.0,1
2,entropy,6891723c461ee25d0c88,15,1.0,0.0017159961403700004,1.1893271036770228,3.2848700865363174,0.09299351618740728,2
2,entropy,3e715b5c69591c6d0f9d,2,1.0,0.10328513051372314,1.1718062055504486,3.2278174783611635,-0.0,1
2,entropy,831eb67ae9ad380e3ef7,98,0.0,2.6694315058737057e-12,1.341200746339421,3.823631962110514,-0.0,1
2,entropy,5b6b6d05eabcab57c0a7,76,0.0,7.869023296352988e-08,2.117078642969943,8.306834776351906,0.036496362596841116,2
2,entropy,4e50e7376a97e4742b6a,107,0.0,2.6066360710214107e-07,2.520227620417339,12.431425987930824,-0.0,1
2,entropy,379ff263dc0c30a5bd6a,14,1.0,0.003893426616405662,1.7565141168233358,5.792211190247778,0.23330238623642713,3
2,entropy,4071e9934caedd2975c1,101,0.0,2.4421402099628796e-08,2.7212331427548984,15.19905329600363,-0.0,1
2,entropy,334af5847cbabc9d6832,37,0.0,0.0001860481596232794,2.5032691254352013,12.222385230830406,-0.0,1
2,entropy,836b2b23b614762424ad,102,0.0,2.844612669130022e-10,1.3988546752327977,4.050558104614,-0.0,1
2,entropy,5cb3625e015164f0aa3f,34,0.0,4.968465600604171e-07,1.0956852658564125,2.991231770229309,-0.0,1
2,entropy,4ea0efede6677639fb38,80,0.0,1.3014781162404426e-05,2.4675704384796373,11.793758354045789,0.6727434194626201,2
2,entropy,940cb52ef095b94849b5,53,0.0,9.388416926646905e-10,1.2590838699479399,3.522193221775978,-0.0,1
2,entropy,4a6cf8a85b6f265bf091,108,0.0,3.121979293652369e-13,1.306202994108302,3.6921280314306246,-0.0,1
2,entropy,a1794f5349fba1ec3252,4,1.0,0.12455466621900506,1.668171429145006,5.3024629976313475,0.001508794512910914,3
2,entropy,d40dc07408c3c6b715bd,17,1.0,0.0054251147865948856,2.394166915124091,10.959064424236201,-0.0,1
2,entropy,1f6abb906a0ad190c3cf,35,0.0,0.0003173210243400785,2.538091123192548,12.655490127459611,0.0009202855058142085,2
2,entropy,75a63811aff753f61d7d,14,1.0,0.0005153012733960247,1.5464141303426167,4.694605719575347,-0.0,1
2,entropy,be02b56bcd01579bc1b2,106,0.0,1.8232927188065407e-11,1.3296083615398218,3.779562875490265,-0.0,1
2,entropy,dd32d909f28437c19930,30,1.0,0.0007207302045085792,2.048659204326356,7.757492917296801,-0.0,1
2,entropy,9e3c3213f8ee2b569dd5,54,0.0,2.2266231859854843e-05,1.2048480076039507,3.336251954600532,-0.0,1
2,entropy,ebd8017ffdc0f0612110,4,1.0,0.04887035845122281,1.209257881169743,3.3509968916626645,0.0014563066400596894,2
2,entropy,e2ef2ceca6cfc68e940f,10,1.0,0.0029572969181654563,1.2773639339094622,3.587171230820719,-0.0,1
2,entropy,e2e855ae712c8bb184d3,5,1.0,0.05148444715615559,1.5865204883385666,4.8867159271936815,-0.0,1
2,entropy,c4157f898ae834d540dc,42,0.0,5.753669888201168e-06,2.1039561641240394,8.198540610683734,0.7240558674239341,3
2,entropy,3818a84ffe39208bdd64,2,1.0,0.1765603835824135,1.3291156263289043,3.7777010105205187,0.0007387210035320268,2
2,entropy,77c9b1c09ce9c8682fa4,23,1.0,5.617163864533884e-06,0.25196451659992647,1.2865503852928653,-0.0,1
2,entropy,b6194697b0598a2068dc,12,1.0,3.685690974267364e-08,0.00454693682215151,1.0045572898249195,-0.0,1
2,entropy,7931e1b452ad33af04c7,13,1.0,0.024989843890306195,2.738581028875778,15.465025095675056,-0.0,1
2,entropy,db7333a5f663c6f7c83a,66,0.0,7.499170944206143e-07,2.4521029774976277,11.612742394395736,0.6038386747367407,3
2,entropy,01a8c7fbd73ac81f0c42,6,1.0,9.715224600283504e-06,0.004075503527295281,1.0040838196854684,-0.0,1
2,entropy,cd5dee5529f7b13ad12e,77,0.0,2.304700144060133e-10,1.3749797831323562,3.9549967644662063,-0.0,1
2,entropy,d7b0c3162feac7140536,94,0.0,2.117254166182297e-08,2.097857049323509,8.148688950338817,-0.0,1
2,entropy,6f18f6aa1ab30df5993b,6,1.0,0.0646026425109364,2.812408402168555,16.649969792633403,-0.0,1
2,entropy,9cd36733fe55e7254545,94,0.0,7.398848847197096e-09,1.7784879309869743,5.920896841905104,-0.0,1
2,entropy,8f5db82e15f798ab850f,20,1.0,1.2074245387252336e-06,0.8426148786569055,2.3224319214416114,-0.0,1
2,entropy,1b5bd329e27453251f53,75,0.0,2.2175844059099903e-09,0.8747973192158311,2.398389137310364,-0.0,1
2,entropy,f0e163289a1a41cf0db4,62,0.0,4.369975047413515e-06,1.2198839737261693,3.3867947536482794,-0.0,1
2,entropy,ba91d716a19191298219,103,0.0,3.3661643792119883e-07,2.160773831038014,8.677850250789641,-0.0,1
2,entropy,3cbab136a6cf8058d08b,36,0.0,1.556344102875696e-07,1.116628902267377,3.0545396756459566,-0.0,1
2,entropy,177786251dc02d4bc7a6,93,0.0,1.7935852824365206e-06,2.547750596150559,12.77832781063867,0.678486160800367,3
2,entropy,ced5f4bd566fc0036b89,81,0.0,6.647834171235611e-10,1.8403956865877957,6.299030209748918,-0.0,1
2,entropy,ba76632d3e38aa272bdb,44,0.0,3.268141586950141e-06,2.0428509836276536,7.712566284565124,0.8870514210585823,3
2,entropy,429f24d8c2925f6f2ed3,41,0.0,0.000346440404781503,2.4223308256521108,11.272102023961919,-0.0,1
2,entropy,289524951137076b4c47,89,0.0,5.251260864827833e-14,0.0556494599311639,1.0572270183420853,-0.0,1
2,entropy,89888ae30b16266253e8,22,1.0,0.003312328302490417,2.2747703271288437,9.725685030022307,0.4796557005025536,3
2,entropy,572a1c5c103f4f08ff18,31,1.0,0.0006269346997585744,2.5990217468504735,13.450573531023135,-0.0,1
2,entropy,b7bfb7bd45105555f608,12,1.0,0.010617213579052799,2.053220415053054,7.79295729597038,-0.0,1
2,entropy,7c40274f959bc7b2d0c2,20,1.0,0.004644767574622933,2.5993213990175534,13.454604628463555,-0.0,1
2,entropy,391ea258fa7f454044d6,30,1.0,1.5283891880987907e-07,0.876670168553723,2.4028851676977734,0.6824341766642494,3
2,entropy,422620b26977786f0b49,7,1.0,0.03903567415465238,2.48283347556422,11.97514767981082,-0.0,1
2,entropy,b63a9b2d40aaa1015b2e,15,1.0,0.0016184647791282788,1.789294051597522,5.985225714092803,0.052658820676957305,2
2,entropy,5a29ae82756007edf3bd,33,0.0,0.0008498958337018925,2.658044788714709,14.268364141385982,0.00011743256042878004,2
2,entropy,70dfb260ed2776ceaa2c,41,0.0,2.411398960857736e-06,2.0427075431953416,7.711460070062872,0.22972313345775597,2
2,entropy,1681a3726a5863abe7e9,57,0.0,4.551583546114914e-06,1.9829424204059942,7.264085563937195,-0.0,1
2,entropy,db3a9dcac609d4c8afa1,37,0.0,0.0001126904140721734,2.3016591731473146,9.990745086847781,0.6900892333798743,3
2,entropy,b8776c46b6cf9a2bea75,22,1.0,3.99260846100939e-08,0.05536642171847885,1.0569278250399776,0.30015915928565445,3
2,entropy,f5ebd7f19b65fcee959f,1,1.0,0.7044432555478097,0.8023499593788539,2.230777009149221,-0.0,1
2,entropy,28b2151e6de8325245cd,35,0.0,1.8509524477340844e-11,0.003973600818342088,1.003981506037334,-0.0,1
2,entropy,9768ffa1b345cc699e06,1,1.0,0.8146494775607503,0.5966510809371143,1.8160268783754607,-0.0,1
2,entropy,3be8f03bdf09ead05f4e,81,0.0,1.5055651858826277e-06,2.9662563542701545,19.41908517267175,-0.0,1
2,entropy,3b79a778854f7b2ed892,45,0.0,1.9638266686172295e-05,1.8454377685579388,6.330870639972967,-0.0,1
2,entropy,0ddca1a8369702e2e9d2,81,0.0,2.796536113454898e-08,1.9510636609606251,7.036167698622728,-0.0,1
2,entropy,b6a00d6a348e82948063,63,0.0,5.38681230811625e-09,0.3743786630546417,1.4540876554956617,0.013312810375535654,3
2,entropy,59b599300c75e5e139b9,44,0.0,1.1676378198204705e-06,1.2622775118204395,3.5334598267067094,0.5244895850076527,2
2,entropy,2b4e8a111fbbefdeda5a,5,1.0,0.05045994446176431,2.86443485185868,17.539138191775525,-0.0,1
2,entropy,612fb8503649bab35597,106,0.0,3.169985492817831e-08,2.59479452326068,13.393834957106021,-0.0,1
2,entropy,2fd80e0728994c09734c,99,0.0,3.6353698594281493e-12,1.0504671586477792,2.858986406366758,-0.0,1
2,entropy,1f4c8775893e4ffa5c63,76,0.0,1.0348137300410255e-08,1.9693546673962756,7.166050509825848,-0.0,1
2,entropy,9e2e4aa1630181d7a2f3,39,0.0,2.614535936358912e-06,1.741768451139885,5.707427810387431,-0.0,1
2,entropy,bea63064500a69348d19,30,1.0,1.937473075636639e-10,0.004630348294953323,1.0046410849226652,0.01764871363211976,3
2,entropy,ca6dc7dffa5ec8f05c56,9,1.0,0.0017485651349014436,0.640254389333228,1.8969633851808894,-0.0,1
2,entropy,5f48a4ee45622847740b,18,1.0,6.903077606400695e-06,1.264625167471706,3.5417649185708746,-0.0,1
2,entropy,93b98a9087f68c46f0df,27,1.0,5.469308843057694e-06,1.261955285255569,3.5323214355044352,-0.0,1
2,entropy,bdea88a12f267cc56149,41,0.0,1.5010642195323457e-07,0.6989444176924247,2.0116281472619972,0.7925255543376784,3
2,entropy,07d650338d32a0e0c373,18,1.0,1.8357202629714823e-05,1.2290501221046584,3.4179813289226804,-0.0,1
2,entropy,df14879810ae64f725d4,6,1.0,3.4375970388776726e-06,0.002476214729535407,1.0024792830813387,-0.0,1
2,entropy,27d2affe59f9cb0e38f4,105,0.0,1.90658748552446e-06,3.0196082616245215,20.48326603095793,-0.0,1
2,entropy,a8d148da1f7acf8c0b2c,18,1.0,0.0010161660888904783,1.981931651000938,7.25674695793746,0.120149664247902,3
2,entropy,40d494b8510a649df932,16,1.0,5.6679423125236465e-05,1.307659060366404,3.6975079302718643,-0.0,1
2,entropy,36beee8e0d2453749728,25,1.0,0.0013553925079885529,2.145212783437155,8.54385903558071,-0.0,1
2,entropy,87a0fc3697da3a6dfb5e,101,0.0,1.2382135495787987e-09,1.9388371817352272,6.950663910710346,-0.0,1
2,entropy,da852f11659b3b1cb031,75,0.0,3.8889716112139e-06,2.6118987227527275,13.624896207916928,0.7148024304369347,3
2,entropy,9d8c87e544ef609c7381,5,1.0,0.0024620598405823485,1.2050108982130254,3.3367954429768183,-0.0,1
2,entropy,b0763a111f92bee7b7a7,18,1.0,0.0008975932800250432,2.0990453317520132,8.158377649549315,-0.0,1
2,entropy,7f194743d1051af8c479,66,0.0,1.6061633456193631e-09,0.5369489875343358,1.7107792826175334,0.18940825219868518,2
2,entropy,c452d90b2d3ae13b926c,60,0.0,3.6124632038462366e-07,1.3729317226260644,3.9469049808500665,-0.0,1
2,entropy,659d15afc253c96c35ea,35,0.0,2.927723442253848e-07,1.4963679857122167,4.465441036008973,-0.0,1
2,entropy,4fc6c603c96cc6cf300f,95,0.0,3.957573534850917e-10,0.9660470204289258,2.6275373019888173,-0.0,1
2,entropy,0b374082c73de237e6e7,83,0.0,1.7963120326187536e-09,1.6429756773469368,5.170532479652774,-0.0,1
2,entropy,63780c0cf420754c8243,22,1.0,0.0015818944597109186,2.328527138374925,10.262814689982573,-0.0,1
2,entropy,ecf24127e60f9c9f1965,88,0.0,2.81632235440178e-07,2.771631036838115,15.984684368522256,-0.0,1
2,entropy,16fa7688ab05d6cefe69,105,0.0,9.3912928040215e-12,1.3905190282136626,4.016934414319706,-0.0,1
2,entropy,7e1e2af8777e514bb3b5,28,1.0,0.004517586744899605,2.641913312326315,14.040040908809846,0.31289985573333623,2
2,entropy,f6a354fda626356e7a06,11,1.0,0.019123941267461093,2.3227450521275737,10.203645436017338,-0.0,1
2,entropy,86536693a4edf6280909,2,1.0,0.21584114749175515,2.099587666390617,8.162803420359404,-0.0,1
2,entropy,f50b78b4ccd51e8cab47,6,1.0,0.03390371243124229,1.2447558751332228,3.4720870730713527,-0.0,1
2,entropy,9b9bb1f3c08b3283c459,9,1.0,0.023205869986821833,2.3668635300365977,10.663892797055116,-0.0,1
2,entropy,c7164af00829e21bd96a,116,0.0,3.372555520066482e-20,0.005484738275379784,1.005499806989075,-0.0,1
2,entropy,70548eddd605b3646bc2,104,0.0,3.730199285221699e-12,1.2216164427172567,3.3926673561201324,-0.0,1
2,entropy,715fc4817bdda771da7d,91,0.0,8.985068202196926e-06,2.5909284425393353,13.342153277138781,-0.0,1
2,entropy,791458aaccf524be16e5,34,0.0,5.124362248942359e-05,1.7955220653327284,6.022618101334085,-0.0,1
2,entropy,23b0524c8d0eb85f04ab,77,0.0,4.157597011065286e-07,2.39983485301121,11.021356086567616,0.888613595247608,3
2,entropy,05483c2d70b82309b015,7,1.0,2.923683501737998e-05,0.05302696102983286,1.054458074011709,-0.0,1
2,entropy,922374426ae358b83cd3,17,1.0,0.0023144897136951033,2.1765398463407135,8.815749575645048,-0.0,1
2,entropy,db1b47020b5e5d2e9b1a,71,0.0,4.825939902097612e-15,0.007297150949885061,1.007323840034475,-0.0,1
2,entropy,6820c3bd9880b45314a4,21,1.0,0.004597354839404868,2.636987224885458,13.971048510429434,-0.0,1
2,entropy,901b21d724ff4576b4fb,4,1.0,0.09041118976410614,2.158932261018915,8.661884087853327,-0.0,1
2,entropy,89a9ef5706a0635a6f62,20,1.0,0.00019669875484588809,1.7015752976172538,5.482577283549738,-0.0,1
2,entropy,7428587da99249bc297a,55,0.0,3.8844599385932625e-09,1.243230139382501,3.4667936249227624,8.274279308748702e-05,2
2,entropy,6f4ff7205c218489f853,114,0.0,3.5753440839190527e-12,1.1999525083562914,3.319959248670712,-0.0,1
2,entropy,5db88a995b362e06009d,69,0.0,4.3158252692438226e-07,2.232329205035168,9.32155262077842,0.5199616402593255,4
2,entropy,b677c59b83f7058df65e,21,1.0,0.00024269988785848752,1.642842251284294,5.169842641884439,-0.0,1
2,entropy,0908bad38760815ae56e,52,0.0,7.153222304528572e-07,1.6139295427512879,5.022508664042648,-0.0,1
2,entropy,c8014d0d7f5e88c45f67,15,1.0,0.004255502677749768,1.916966595751249,6.800299094848059,0.4851509527676866,2
2,entropy,ee540a75850005db9cc8,90,0.0,1.1186160425371204e-08,1.7589244051440258,5.806188927652251,0.673940285050095,3
2,entropy,42023b12da866193209c,72,0.0,1.3225962269416417e-07,1.737682569919399,5.684155514574358,0.02496310464224749,2
2,entropy,efd1542f06dfee125ece,39,0.0,0.00012393861021000875,2.0160153662397513,7.508347234375592,0.4163048714519952,2
2,entropy,7214084a726e8f2e6dd2,109,0.0,1.9189231062471072e-07,3.0742336161264108,21.633296147492793,-0.0,1
2,entropy,a78e483c80b2c4a57c09,6,1.0,0.0812916492083359,2.822099979169215,16.812118727206137,-0.0,1
2,entropy,82e05f1ff0b2b9d49567,25,1.0,0.00397618984136075,2.8356846650390626,17.0420644126324,-0.0,1
2,entropy,aea682bfd3bdb3b1f876,25,1.0,3.458954360149056e-05,1.6730308570742596,5.328292642235565,0.11219187478042228,2
2,entropy,fdab523cd370ea600d12,95,0.0,3.667281095925668e-08,1.686894677899998,5.402677574995456,-0.0,1
2,entropy,540566fb6e72831f3c04,3,1.0,0.13693592899798507,2.052357049197238,7.786232026327048,0.02248343333332801,2
2,entropy,63c2fb3368221f9c9139,40,0.0,6.814921357875233e-05,2.0781410029771687,7.989602453050308,-0.0,1
2,entropy,f67fa6f79c0b11e93d27,21,1.0,0.008196762050460236,2.933659108676389,18.796282457805965,-0.0,1
2,entropy,0942f28c611cd8f3dbb1,37,0.0,3.159254624428557e-06,1.9082440562201812,6.7412411591994275,0.279715073712327,3
2,entropy,bcc0fc4b743e97f0491a,108,0.0,2.6673512420330146e-10,1.8198860672840864,6.171155313344012,-0.0,1
2,entropy,ec107394a9a1725fa1fb,1,1.0,0.738843713899001,1.0196988100781281,2.7723596314230696,0.008048296751239274,2
2,entropy,5c7b47771ce8b8d038b8,33,0.0,5.678182805494177e-07,1.756003430211912,5.7892539407205215,-0.0,1
2,entropy,acb2587dedd2719abd68,91,0.0,2.1024932735035028e-07,2.8034916903896825,16.50216674872615,-0.0,1
2,entropy,73e4869bf1ebb900d8ee,17,1.0,0.006576753739388487,2.4108471821138244,11.143397634451539,0.12955145729940745,4
2,entropy,ffae8fb274ec7d92de60,9,1.0,0.03450374865449521,2.694037791610273,14.791279610538965,-0.0,1
2,entropy,3bba1bcefb095ff9fc13,28,1.0,0.00011596858774888209,2.1005727709863016,8.17084859754237,0.08346820390892468,2
2,entropy,25660a3c93d7e63c8746,1,1.0,0.5737679565503686,1.243444780679721,3.467537821868452,0.0004948748907595853,2
2,entropy,cda8f9ae038027806c81,35,0.0,1.8292300430612785e-05,1.1744291285451713,3.2362949080103083,0.5886496088299101,3
2,entropy,af4f8a2e92999b5d9167,83,0.0,6.188084097302034e-08,2.3278180031641176,10.25553954655897,0.4747065592248922,2
2,entropy,84819bf45bf5cab1426f,28,1.0,3.1596126728939937e-06,1.7491551317612455,5.749742848224271,-0.0,1
2,entropy,ad18df95318206d0e1a8,20,1.0,0.0001272132084605707,1.0962571145435638,2.992942791366049,0.19532616640149647,3
2,entropy,f191f1abac1409f1f88b,8,1.0,7.2046009372037325e-06,0.03798330218146164,1.0387138884776683,-0.0,1
2,entropy,16a645ca4d1a8f2362c8,100,0.0,4.44597035781892e-09,2.034497001348374,7.648404020854473,-0.0,1
2,entropy,84ce3b5aa27ede0b1548,40,0.0,7.716386387910985e-05,2.3230566786731255,10.206825658291704,0.8499186181852766,3
2,entropy,a52cf51e0ac9153375b0,4,1.0,0.007165651839423177,0.25354052455018256,1.2885795975357925,-0.0,1
2,entropy,6c3f0e04f9e72788d5af,52,0.0,1.644500717623215e-06,2.1366680413353967,8.471164981836738,-0.0,1
2,entropy,73d839845ad7e2476252,61,0.0,4.562276735264768e-07,2.2287127311680477,9.287902353655873,-0.0,1
2,entropy,0a88279f8d7e6f9be6fe,100,0.0,9.015374945704941e-07,3.1097349263115324,22.415101959434956,0.9491884616134424,3
2,entropy,336196a627839b3b2bfc,32,1.0,2.6389719090453546e-09,0.006598514282207315,1.0066203324403165,0.08072619588249338,3
2,entropy,776f017058fcd9cb4773,3,1.0,0.12040329295218355,2.264425635492193,9.625594413292971,-0.0,1
2,entropy,b63de6876ac97a6647f7,2,1.0,0.21860985053074403,1.48670823334695,4.422513649161348,-0.0,1
2,entropy,72c0c6b77de4493d6ff3,4,1.0,0.12232727844366367,2.205227533009215,9.072315584297012,-0.0,1
2,entropy,5b5eae81cf8b4a09a499,66,0.0,2.1344756881993325e-07,1.9027721664190012,6.704454568326154,0.8139392987806033,4
2,entropy,7d69d324dcd08bc73483,1,1.0,0.19926214386175475,2.6067564510242835,13.555013122244741,-0.0,1
2,entropy,43c79300945138a8bf5e,101,0.0,5.146760322000016e-09,2.341211295027107,10.393818921891604,-0.0,1
1,control,8a61ad46e804311fe613,34,0.0,5.201324531025479e-06,1.0576354899639995,2.8795541984573596,0.6608045852266546,3
1,control,e1ccb28b68370a131790,8,1.0,0.0002759816825382823,0.2229490122220008,1.2497568497866165,-0.0,1
1,control,41d5751f7feb05a0a20c,97,0.0,9.436073877285732e-12,1.3931740372086405,4.027613581691492,-0.0,1
1,control,1612a3ed78e5acc9b886,40,0.0,1.0895222102666315e-08,0.050203571020322024,1.0514851264901737,0.07427184906155848,3
1,control,e85367e66d4d8e86b868,29,1.0,8.768167689108333e-05,1.8124982346448784,6.125731847780349,0.1413352918230145,3
1,control,3ad3743c776bb63c12b3,24,1.0,0.001610575693559233,2.413716779787492,11.175420626957829,0.029382622309483266,2
1,control,add63841c2db75a154c9,68,0.0,4.977238192187184e-07,1.1339633366009263,3.1079499743314978,-0.0,1
1,control,e6f3f5d9530353d2dc81,9,1.0,0.0168141191514176,2.36516461991409,10.645791182498847,-0.0,1
1,control,4601e02dc2eb265e5469,5,1.0,0.05752523585934826,1.728073276275885,5.629796389801623,-0.0,1
1,control,48145613f144656fc5cf,48,0.0,1.0859096185318496e-05,1.7699825216953091,5.870750749715497,0.14334057197617178,2
1,control,dd3591f14331a97e98bb,58,0.0,2.732519610857472e-07,1.7419242548303047,5.7083171179799965,0.006843367498882699,2
1,control,1ae49bfa2700d01f84e7,12,1.0,0.0007955510807303771,1.046395993258871,2.847370660716279,0.018437937992252518,3
1,control,047c77d5a41972c9f613,10,1.0,0.010147011802792337,1.4376514229637807,4.210794818903271,0.04472561885384604,2
1,control,730d9e4c7cf9444db51b,114,0.0,1.6274558959214542e-13,1.5087238257277213,4.520957581533358,-0.0,1
1,control,3fb0cfd9bee35f13a9b5,75,0.0,1.9783686173799514e-06,2.6066108672284094,13.553039875621133,-0.0,1
1,control,911b01ade86ebbb2e10c,19,1.0,0.0027250720832101014,2.1645914882714123,8.711042626813596,-0.0,1
1,control,a19a9f0e33a810d7e2eb,6,1.0,3.5483313411666464e-05,0.009987330317901989,1.0100373701507148,2.1821559336379195e-07,2
1,control,d7d221c58a2f374d6e77,36,0.0,3.527723260277715e-05,2.038684267656615,7.6804970695023425,0.004464022413277909,2
1,control,b49127b433dd36c36aea,37,0.0,1.7257993408196176e-05,2.0022624256181913,7.405792213711792,0.9191526796854901,3
1,control,d19645d54c6fcf6fb6cb,36,0.0,1.7162368325556275e-06,1.8177623665642617,6.158063532795242,0.11981768080127483,3
1,control,d783fa8ba59213453d5e,41,0.0,8.25103139441593e-06,2.069736134006969,7.922732302387581,0.008818745577082345,2
1,control,6c43c50dcecdf5c0a908,99,0.0,1.0738733064491038e-12,0.8796318401431258,2.4100122732950067,-0.0,1
1,control,db78e7ed38e71483ecbc,32,1.0,8.532402965334373e-10,0.028354596025368946,1.0287604141056539,-0.0,1
1,control,9c305719906ef91f5612,39,0.0,5.67955640553005e-07,1.6144642041664832,5.025194723635019,-0.0,1
1,control,369ce6c7ebae19423022,28,1.0,1.2188314863359114e-05,1.4477348186783183,4.253468716662591,-0.0,1
1,control,42810fae0ed73cc70f98,7,1.0,0.0024819508605338006,1.157417025910361,3.1817043931870863,-0.0,1
1,control,966f5302a35b8fc5fda0,6,1.0,0.007950949398552896,1.1436576022873386,3.138225780872391,-0.0,1
1,control,3df98b23d9f2f1b24c08,31,1.0,1.9291634982015993e-07,0.7480346543882966,2.1128434657874298,0.9879431896710607,3
1,control,7cae5fd9cf7fbd506998,7,1.0,0.0019966822070062898,1.2112471921953198,3.3576697016726267,-0.0,1
1,control,df839542ea7c18093957,26,1.0,0.0005201394604142258,2.103836688862969,8.197561146415916,0.3755591957556877,3
1,control,0be04f8707ecaa3905e3,36,0.0,4.461156317755955e-05,2.0777056801118787,7.986125153346867,0.240028277183682,3
1,control,e611f3d12592ece7fe9c,91,0.0,1.3516079909467532e-07,2.458032352166146,11.681803236451158,-0.0,1
1,control,69d8af99aade81141dd7,84,0.0,2.9088824772470718e-08,1.7725197253500138,5.88566495215728,-0.0,1
1,control,b18c5c602fd9b59a622f,34,0.0,2.9610949546655625e-05,2.0967656334785576,8.139800193650132,0.7116684443475554,4
1,control,4d4f7b10ce0015ed6dd6,14,1.0,0.00013530668643786588,1.2408235042540465,3.458460349201084,-0.0,1
1,control,7542b430cd4c93d07e40,13,1.0,0.0001519314319707691,1.0197040525747534,2.772374165547179,-0.0,1
1,control,c06bdcde8378f1eb931a,73,0.0,3.950551604572737e-08,2.0096749659909134,7.460891909556943,0.6537360421350505,3
1,control,e471ea894dc9ea8d478a,8,1.0,0.04950205342477351,3.0151150809379765,20.39143747127703,-0.0,1
1,control,70cf77ecee258fc92911,92,0.0,3.153294132255642e-07,2.220574099206425,9.212618304837676,0.0050974539157472125,2
1,control,cf55965cf78b657f6abd,118,0.0,3.6975935856368666e-09,2.694603130344515,14.799644057982091,-0.0,1
1,control,0835e8c02e2f5ccfff9f,3,1.0,0.05687463038846371,1.1350445949576735,3.1113122886512454,0.011764632550656517,2
1,control,ec5060662b60cf082a05,49,0.0,8.724926710904484e-06,2.2654255185568597,9.63522369540998,0.7697499557218267,4
1,control,89c7c21d1d4ce3b17d2b,14,1.0,1.0020874709385655e-05,0.12802621733354014,1.1365828004768255,0.8228004794437769,3
1,control,64d19e6c5056e589d9e1,26,1.0,2.632597596184596e-06,1.1272253443908875,3.0870790247258286,-0.0,1
1,control,beb6c608ea962ba734f4,21,1.0,0.000676544534265585,1.2053258791160466,3.3378466353627165,-0.0,1
1,control,2b42be4ae2973c852732,62,0.0,6.992714192804205e-07,1.7572415958759064,5.7964264356222035,-0.0,1
1,control,4a8a0e325e2bcc818bf1,37,0.0,1.3505358998902087e-05,1.9365886024528778,6.935052350335573,0.6275914178037418,2
1,control,48623fde69f067997dbb,69,0.0,3.981177699954306e-12,0.08730265971632656,1.0912269001675958,-0.0,1
1,control,49c98dac61e644912fc2,47,0.0,2.2338530450015384e-06,2.0816630772497415,8.017792040066878,-0.0,1
1,control,251fe469afdd2e52ce67,13,1.0,0.0062375301883709515,1.8965303633385167,6.662737014968406,-0.0,1
1,control,e9b5ba4263351d5c028d,47,0.0,9.468648021443148e-06,2.1145422201522144,8.285791829269177,0.08856007120799995,2
1,control,db296ec1c14ecc423bf6,120,0.0,1.6041989539097723e-21,0.029142615047525383,1.0295714163818535,-0.0,1
1,control,43538138944f27d8f9d4,81,0.0,7.568873802338272e-07,1.4885285641222123,4.430571418538703,-0.0,1
1,control,760af2bad2c4f0f0ea10,50,0.0,2.130461209709717e-09,1.2120331711256835,3.360309796706885,0.3860131892062695,2
1,control,3a6b12cce16c723c33d7,3,1.0,0.086666285696977,1.8263990615257317,6.211479184392351,0.0011309423416835382,2
1,control,0baeed6cc6af3abc628a,51,0.0,2.3828889752310784e-08,1.2881830558297644,3.626191978202457,-0.0,1
1,control,f3333e1fa99ec20e21f0,28,1.0,2.9478033141635433e-05,1.1589424295127608,3.1865614800973483,-0.0,1
1,control,e2337ce4a5f06ee4f5c0,13,1.0,0.007678400133739838,1.876570478798394,6.531067974204126,0.004442965527111942,3
1,control,5897e4535fd8a6c68c24,19,1.0,0.0015028295661287357,1.8369580075840126,6.277413343065384,0.036086454656202686,3
1,control,51bfe71090b9fe865449,75,0.0,3.7691806524352275e-07,2.000125848414775,7.389986058443122,-0.0,1
1,control,b6739b0f8d02d9b2cd3a,21,1.0,0.002774266610485283,2.4431181581042205,11.508871331455776,-0.0,1
1,control,cbc29560a6bd00e1e129,118,0.0,3.4520330356530697e-10,3.399190677859136,29.939859248428395,-0.0,1
1,control,1435cc6f803a156dfdc8,53,0.0,1.229180451355584e-08,1.8230147115786481,6.190492897643666,-0.0,1
1,control,22b67a3c9426b819ff9b,99,0.0,1.6938336520429767e-10,1.9990808709355221,7.382267722885828,-0.0,1
1,control,52d8062f5c9b0b7138e6,76,0.0,2.0258611745344006e-08,1.7858831486166047,5.964845467144761,-0.0,1
1,control,5efa8d9b2b1b3c0d9dec,28,1.0,0.0006362994004189676,2.2140361694024775,9.15258331915826,-0.0,1
1,control,f3bf1f2434b6ba1b86f1,45,0.0,1.0034580737610114e-09,0.8886565081516723,2.431860271138298,-0.0,1
1,control,72a6d7e8c5bcfe4aa473,2,1.0,0.18763162925079369,2.6762030611195717,14.529819589918164,-0.0,1
1,control,20b793bf381585f76e32,16,1.0,0.005355088833043865,2.288145356769437,9.856640167775078,0.07972423037461683,2
1,control,e46921131e6ccf22447e,7,1.0,0.05484772212727023,2.526255552568767,12.506588088763168,-0.0,1
1,control,0325d3174f2cd6182121,13,1.0,0.001670798618964721,1.817413527185932,6.1559157323812075,-0.0,1
1,control,665634bf003cfedb8364,73,0.0,1.2212525729960469e-11,0.9190419829948007,2.5068875982131935,0.14524581325740776,2
1,control,b600ccd23dba2db91bde,109,0.0,1.6933110905422681e-12,1.2121659754333125,3.3607560899570323,-0.0,1
1,control,ad247a448a0d49713092,2,1.0,0.20299012919865658,2.1557417819446876,8.634292566418393,-0.0,1
1,control,55375a134742ea269def,48,0.0,6.2315793180919736e-12,0.01151663799414713,1.0115832097851085,-0.0,1
1,control,fb5ccf055b82d24c819e,83,0.0,3.0610164057915422e-09,1.9616137626077315,7.110792942828449,-0.0,1
1,control,0b8f438bde933d339b03,28,1.0,1.4075344250311227e-06,0.7951065474447938,2.2146769524039405,-0.0,1
1,control,7f4d76c995683a010d8f,10,1.0,0.000754400619619688,0.9578288009323751,2.6060321119284997,-0.0,1
1,control,63eecd425c3c371d9367,29,1.0,7.726735957112997e-07,1.367498582295028,3.925519041229006,-0.0,1
1,control,28a1d28147ae4fd8d82c,12,1.0,9.210799758825516e-05,0.27490599082029166,1.3164069147162027,-0.0,1
1,control,639c5e3220069b6f3151,24,1.0,0.010436669477054367,3.3067339063154764,27.295828991265132,2.198557509565165e-07,2
1,control,eedfc10899d7922136bd,7,1.0,0.010047295987171119,0.9668607655317353,2.6296763177895417,-0.0,1
1,control,22281e3b98067f3937c2,29,1.0,2.7319177159096696e-05,1.6908206419715077,5.423929983844342,-0.0,1
1,control,e4174c3adf8937d89c65,24,1.0,0.0005586554888065344,2.4180494281051947,11.223944837599266,-0.0,1
1,control,241698207d99b128e1a1,25,1.0,0.00014951475872864863,1.5959518156222856,4.933022165847386,-0.0,1
1,control,a0489298b32db79656b8,76,0.0,6.458122237612471e-07,2.549873257144193,12.80548067661572,-0.0,1
1,control,3bb6e8859bee7ef81207,24,1.0,6.615097502291497e-05,1.8784732597390172,6.543506996481578,-0.0,1
1,control,a00cb0ffdefe19e5fd9c,18,1.0,0.00041580949788076104,1.993936835111316,7.344390577474436,-0.0,1
1,control,9b35ae9ef39c004467ff,31,1.0,8.785562027792023e-11,0.007095218934060552,1.0071204496370765,0.03432993491981952,3
1,control,4eae24837f7212fa522f,52,0.0,3.4819003096604306e-13,0.004315593371335579,1.004324918954725,-0.0,1
1,control,cf974435b947bb9050e2,26,1.0,0.00015121297945870242,1.8566518095099487,6.402264843172473,0.19252042955063198,2
1,control,8f536a17337788a855c0,42,0.0,9.884678310969693e-09,0.9215110428966101,2.5130849014684062,-0.0,1
1,control,b62d5c227bf1d025f8e0,26,1.0,2.9126485147036927e-08,0.6492811358178467,1.9141643101467989,0.2972424953397511,3
1,control,4a7c2c1e139dc8b11bc0,6,1.0,0.03654901090060228,1.5558575754624353,4.739148960849519,0.0013904783252848157,3
1,control,853b845f4006856f3181,24,1.0,0.0010953171758857534,2.4113231109880138,11.148702361378573,-0.0,1
1,control,c2c4814aba626e78cc07,23,1.0,0.0009881753499355332,2.1061428838085066,8.21648813677361,0.4633612949574829,2
1,control,a84b94ccf85ec5c58405,60,0.0,4.4239758785416176e-07,1.6239599525278814,5.073139986005879,-0.0,1
1,control,283872fbc1d216bb561a,27,1.0,0.0001454163828604603,2.090776462115901,8.091195232442397,0.6634307737636786,3
1,control,42f13858593d618b5998,100,0.0,8.848042626560728e-09,1.950587630107186,7.032819062798432,0.711604584229967,3
1,control,875b7649303611e744c8,53,0.0,3.2704177851659634e-09,0.24891335894866565,1.2826308997658982,-0.0,1
1,control,a55f0333bad8dacb83e8,120,0.0,2.2616628041375357e-22,0.0026613056502241502,1.002664850067668,-0.0,1
1,control,99b9a10cc8724ff39e53,57,0.0,1.300123299150574e-08,1.2324642497055072,3.429670696458581,0.08045601352299009,2
1,control,9062ea5cb960d0518b56,21,1.0,4.1367493777507786e-05,1.4443698754913943,4.239180089774831,-0.0,1
1,control,f5708a5e43def47eedd1,5,1.0,0.03539402536792188,0.7620646749259581,2.142695626542525,0.6925318671956231,2
1,control,12cf2e4605aa4c679a70,59,0.0,0.00010667272483002612,2.9511059346346395,19.127095352660017,-0.0,1
1,control,c2d7963a98e29790e073,85,0.0,1.645283385931018e-11,0.9363093942956289,2.550550949079534,-0.0,1
1,control,0c314874ae0ac6b5d870,92,0.0,3.524092909465348e-07,2.08310597755774,8.029369265053095,0.5525736270835395,3
1,control,da2fbec8b689d14bad07,63,0.0,1.3306426445787362e-06,1.4777924861598355,4.383258888327133,0.10063165028501654,2
1,control,1c286cbfb8bd4e52b72f,24,1.0,0.0024584129368794665,2.5311038908256513,12.567371488431563,-0.0,1
1,control,1001146576ba6710e007,24,1.0,0.0004615199205791447,2.1293403739266887,8.409317976167268,-0.0,1
1,control,9db2680634b8d7b2e194,99,0.0,5.2586366262604905e-15,1.0438283840088336,2.8400691032541427,-0.0,1
1,control,62cdb19ab6ddf5ee07cb,26,1.0,9.20239293058773e-10,0.02535663059997428,1.025680844481325,-0.0,1
1,control,38238fc33812c2e0f229,76,0.0,6.659404534767924e-11,1.2596275165567519,3.524108570765895,-0.0,1
1,control,cb06b9052f1a46bd201d,30,1.0,5.881480421823601e-05,2.0341800864633446,7.645980511816874,-0.0,1
1,control,0f77b4c4246618e58b3a,6,1.0,0.018819811404403135,1.4204677515828514,4.139056037539824,0.08788652116404179,3
1,control,202b6550608505521a6a,28,1.0,6.192805617872936e-05,2.0195374974934466,7.5348392456167534,0.5598977667148942,3
1,control,405d6eb792d2fbbe92ab,3,1.0,0.18414948935189004,1.2671457757029592,3.550703581078311,-0.0,1
1,control,5a3d7dcc8ff25af0518a,76,0.0,5.772219167242155e-08,2.1545128962247504,8.623688524494094,0.6005809126368984,2
1,control,7092264cbb9b21923709,50,0.0,1.0453826603371384e-09,0.43286057678296547,1.5416612623431143,-0.0,1
1,control,819a2bb347b547122f3f,42,0.0,1.4129586291198448e-06,1.3314187375501583,3.786411502874462,-0.0,1
1,control,dca54f488dcde962dc3d,32,1.0,1.0970076168190565e-10,0.009034759036912523,1.00907569566365,-0.0,1
1,control,07e058f49b735b01bf2c,55,0.0,2.9949688664059216e-10,1.2526183225372078,3.4994937757589675,0.10998272186312737,2
1,control,88654da9a4a40fbe03d7,82,0.0,1.8090880078996578e-06,2.5294249922115495,12.546289847777272,-0.0,1
1,control,ccd97841e676c94fb091,14,1.0,0.00012013407277993397,1.317814659544257,3.7352496593272857,-0.0,1
1,control,bb2053150afc5136ae72,17,1.0,0.0021132608107739793,1.3952149845891784,4.035842123234708,-0.0,1
1,control,ad7073a03430e9c999c3,15,1.0,0.00011226601182022454,1.4547763123361688,4.283525186686554,-0.0,1
1,control,ef820251edec5f67df68,23,1.0,7.441956866497397e-06,1.1246903583309211,3.079263233079027,0.32886103407231415,3
1,control,f8bc3db588751db4c9fe,76,0.0,6.6550135482641e-08,2.187107613982583,8.909406368750101,-0.0,1
1,control,5d69829acfa9d929270b,4,1.0,0.08194725073861132,2.6023180231339227,13.494983491090167,-0.0,1
1,control,b479ee9ad622084ca732,57,0.0,2.3322014700898823e-09,1.4163960464161836,4.122237285422788,-0.0,1
1,control,c7884150eef8bd2a8a74,14,1.0,0.0004094620156795202,1.066077098465475,2.90396515657353,0.46503744003044517,2
1,control,17786d84c860ba333860,55,0.0,6.681556272121778e-14,0.004005658365351306,1.0040136917375546,-0.0,1
1,control,0195e7b60586389c5776,6,1.0,0.03517137631232546,1.5144428045335325,4.546886916109648,-0.0,1
1,control,b92902c6ce723f10b794,88,0.0,2.623819045864188e-15,0.03051808439015934,1.0309885346791028,0.008865383488690037,2
1,control,bbc381bb9cf98cdf8beb,7,1.0,0.012086526905197851,1.3674631672939104,3.925380021429481,-0.0,1
1,control,3e9d107d39fd29b3f446,7,1.0,0.017766569796987146,1.2534994689687944,3.502578701147736,-0.0,1
1,control,7863627d5d52f373a084,8,1.0,0.01754822731326706,2.031015322973391,7.621821041517505,-0.0,1
1,control,59d28ba4a7907082af0f,71,0.0,4.841510301594713e-08,1.9537897603965175,7.055375160246729,-0.0,1
1,control,e9d1fd7db3f13144cbfd,1,1.0,0.3095806236207442,1.7009960520679417,5.4794024446539025,-0.0,1
1,control,5e3a81c2bc577a0d75d7,2,1.0,0.1510621218467261,1.54260717097926,4.676767522563498,0.0045422529654895565,2
1,control,86543c24243c532abe79,39,0.0,3.5497309911522504e-07,1.0448866957050282,2.8430763726376145,-0.0,1
1,control,cd9ae8a3602659cf7831,60,0.0,9.904383166168507e-08,2.0952009458635263,8.127073908025473,-0.0,1
1,control,73988f9b0bb268524722,33,0.0,1.009520429145401e-06,1.3729113773835027,3.946824680927726,0.39215647273216414,3
1,control,8e2d81aa0321770b3e7e,30,1.0,2.1090201904281064e-06,1.017037844011855,2.764992282999614,-0.0,1
1,control,81ab7967381e97b4469e,106,0.0,3.253399118269792e-13,1.006785009436972,2.7367881079612753,-0.0,1
1,control,97c0475dde25dfac6e7d,27,1.0,3.910972630499471e-10,0.004213845849520578,1.004222736581614,-0.0,1
1,control,f98fb4f6ac8493d85a1a,85,0.0,9.599640993643299e-15,0.02831898123132154,1.0287237756678205,-0.0,1
1,control,3a2aeb9d33e9100f2493,96,0.0,4.960056739869857e-12,1.3513649873568612,3.862694462971293,-0.0,1
1,control,4c5ff27ac3e1ad036d7a,9,1.0,7.053205713694822e-06,0.19289902036558343,1.2127603232416457,0.6873441129517254,3
1,control,cf559befab671b6ee0c2,77,0.0,1.063483953827812e-06,1.865394989901005,6.458486419151986,0.7227958569662528,4
1,control,4cb8e3d03e026b6c8679,4,1.0,0.10487514078247491,2.2191220660223,9.199250984591306,-0.0,1
1,control,b6fa2d2ee01312b527c3,25,1.0,3.094126199164576e-06,1.2598421521788523,3.5248650511822492,-0.0,1
1,control,3c46f24d76bbf8eec115,33,0.0,0.00018955666688499467,1.9868850931101638,7.292782008983128,-0.0,1
1,control,1d0a7c29799391b921e2,98,0.0,2.3240605342472197e-09,1.5913101921786192,4.910177992553582,-0.0,1
1,control,f6535da18c8f9d097a6c,38,0.0,2.7037143352061973e-10,0.03952461899043012,1.0403161101020544,0.08746782550991729,3
1,control,d0506faba53bcda5af70,8,1.0,0.0019700058585127938,1.358949443812934,3.892102281115812,-0.0,1
1,control,7ab42cd07543a3b097f0,25,1.0,0.00020960493359206345,2.0060533316984115,7.433920157955551,-0.0,1
1,control,015e019c4ae1165b22ec,17,1.0,0.006123506086810465,2.482082649111859,11.966159796754303,-0.0,1
1,control,976b78dfe0d5368a83a5,28,1.0,1.1291598162329057e-05,1.6751403285575432,5.339544387063978,-0.0,1
1,control,1cbea1e61ea7508a183c,30,1.0,7.158125343436211e-05,2.0531573876688576,7.792466141735105,0.33878399350215127,3
1,control,078e6886f0e719d539b0,1,1.0,0.6456967907121545,0.8093794908598172,2.2465135718927494,-0.0,1
1,control,30aff85917ec042b3f9f,13,1.0,0.01223453282685041,2.30190270691991,9.993178466982913,0.039498282120944424,3
1,control,119b6a4e307fb99cd54c,6,1.0,0.003762283551963929,1.1947501142772958,3.3027323617139253,-0.0,1
1,control,a649f57dc9f0a522aead,2,1.0,0.2836359133369479,1.3404081620338404,3.820602612093252,-0.0,1
1,control,cfb387bca06f17478363,24,1.0,0.00020275939720290837,1.9563570615189108,7.073511703837346,-0.0,1
1,control,6710d2fa420cb3580330,85,0.0,3.7549090230714667e-14,0.08298563924528596,1.0865262050998779,0.015983966268892036,2
1,control,3ca0d9a8b843d065474d,40,0.0,3.3600597479207186e-05,2.1492421957347148,8.578355219246843,0.792370405345868,3
1,control,a3732a7ac1527a0acccf,29,1.0,1.9245645660338065e-06,1.4470998190338156,4.250768622909622,-0.0,1
1,control,2eff5d41c26fa60e4a50,109,0.0,8.247975280784541e-12,1.8171389753105418,6.154225846163469,-0.0,1
1,control,fa81b76aea885501136f,12,1.0,0.009073760900077709,2.3548810211192315,10.536875121503899,-0.0,1
1,control,d46afe93a3db9a422f12,40,0.0,2.945773163966983e-07,1.3339553804148003,3.7960284688431365,-0.0,1
1,control,7b2987cfd608937b6537,19,1.0,2.256223221693834e-05,1.3022803199847017,3.6776733853087804,-0.0,1
1,control,48eb404210b4c0b4d33c,63,0.0,6.39898708066741e-11,1.141829392407628,3.132493686827076,-0.0,1
1,control,a7d65aca1f7b2ffe8681,9,1.0,0.016356111591357456,2.204158730725944,9.062624252667211,-0.0,1
1,control,961a1672998e90527900,10,1.0,0.0005388839904318757,1.2176606517689519,3.379273183042805,-0.0,1
1,control,968e33cf3cd24223bb4d,52,0.0,4.906707624262248e-08,0.7445889825905168,2.105575828780688,-0.0,1
1,control,29605f929fe20bea8539,17,1.0,0.0001443510261334263,1.6787606711091447,5.3589104014652955,-0.0,1
1,control,37d97ef084456d017a99,120,0.0,7.165669515395668e-22,0.0062911464179745006,1.0063109772439995,-0.0,1
1,control,197b70fb1f844000062a,117,0.0,2.5620626414686662e-14,0.6920910224973345,1.997888798952031,-0.0,1
1,control,4aa033a662070792dc21,90,0.0,2.5643819892980675e-09,0.8783483335008104,2.406920990799358,-0.0,1
1,control,e97c87f43ee6d3900041,12,1.0,0.004508924500992217,1.8040144609982403,6.073982351257467,-0.0,1
1,control,f485641931030284aea2,14,1.0,1.6102267546813584e-05,0.8178829757966978,2.265698218787626,-0.0,1
1,control,ac7da5d38f40ebb233b3,7,1.0,0.035057429373501516,2.0187960740710746,7.529254809787825,0.40845024428057736,3
1,control,5f3ecdbde5a435094684,62,0.0,1.852167788325125e-15,0.001915348970202489,1.0019171844226982,-0.0,1
1,control,1a5f7445e642af7486d9,40,0.0,9.23854081044298e-08,1.315803931086251,3.727746632342372,-0.0,1
1,control,2ae301064b3446690b5b,49,0.0,8.610071175630431e-11,0.06669284898546124,1.0689670934180744,-0.0,1
1,control,43ff5378329d31a908d6,18,1.0,0.000598869110792101,1.9776905213784162,7.226035325492692,0.1111014135333381,3
1,control,8cd3e07a8695ec84de4a,88,0.0,2.6804432126174298e-08,1.9684196883031442,7.159353533673048,-0.0,1
1,control,c23d855160bb42211b92,45,0.0,6.171576054125343e-06,0.7468275623681665,2.110294607962553,0.1904484953036933,2
1,control,ea6a90b744445c8e98c6,39,0.0,1.0500676044452432e-06,1.8170540788231277,6.153703396183775,0.40476496802691597,3
1,control,ae761a49eb671d8bcd4f,26,1.0,6.900406664985188e-11,0.0031872184193399706,1.0031923030004213,-0.0,1
1,control,49cc1c4ade0e21325d88,7,1.0,7.885402246499528e-06,0.00853157520815957,1.008568072816119,-0.0,1
1,control,b8237c7c2df9ef5af6cf,113,0.0,4.293982286433558e-11,2.018793655312525,7.5292365983604075,-0.0,1
1,control,42ac69f188af158bd62a,36,0.0,7.956011456375342e-10,0.018787912219028226,1.0189655155635458,0.039563629624424265,3
1,control,01bb20645d8c9c0b5a70,17,1.0,1.4381651325403953e-08,0.010165620354247258,1.0102174658043022,-0.0,1
1,control,c248fe0da6c4946deebf,53,0.0,1.6941805461511521e-06,1.876033386984321,6.527561132890211,0.35868101496800486,2
1,control,ce67f80f51575bb9afcd,14,1.0,7.434750581416121e-09,0.007464518109858553,1.0074924470740023,-0.0,1
1,control,a10fd8aa3b3070764b5f,2,1.0,0.2723625789141033,1.8995466530924379,6.682864099659703,-0.0,1
1,control,d7233fcba80d5032045a,33,0.0,2.419770876639273e-05,1.0928460254506263,2.982750989309299,-0.0,1
1,control,7a57f90fca8b0fbb618f,28,1.0,0.000284922136936562,1.7311837723695425,5.647335112403393,-0.0,1
1,control,98721dc886cb160c07d8,52,0.0,7.979255138776803e-09,0.5293196728838377,1.6977768719824762,-0.0,1
1,control,583bed514edf1ea8a863,9,1.0,1.6512136407604945e-05,0.10130334941730432,1.106612281043496,0.7124598948209512,3
1,control,c4fa4dd22392907643c3,27,1.0,4.6238470100312424e-05,1.8755868930509185,6.52464726700459,0.17352821895756376,3
1,control,ee1281990a1b84511ee1,15,1.0,0.006830267315568082,2.1104088586467094,8.25161433890024,-0.0,1
1,control,cdb8d51acbdb8cc0b537,8,1.0,0.004688807115685041,1.3076942418582613,3.697638016405304,-0.0,1
1,control,8fd61a032004203f5aaf,91,0.0,3.032485156816674e-08,2.2273234860816484,9.275008139633659,-0.0,1
1,control,4dcf25737278d8b047f7,103,0.0,1.3967128326486877e-08,2.0987550265026385,8.156009573440363,-0.0,1
1,control,8ddb75f8606e3b11d463,32,1.0,7.8027178364848e-07,1.1633729911105162,3.200711059164574,0.6922706470027755,2
1,control,ab7d83b5ce1ad6c7eb5d,1,1.0,0.27188646310616016,2.1387617686258498,8.488919871603763,0.0014576375189675685,2
1,control,111748e7fd991d25a812,103,0.0,2.374343986148277e-13,0.9809926990411398,2.6671025583665164,-0.0,1
1,control,853790fc3cd328480841,29,1.0,0.00020342455828035292,2.366286215611854,10.657738154672307,-0.0,1
1,control,6fbd5a52dafe90b8939f,14,1.0,0.01620744214559451,2.8280993225790776,16.91328355875286,-0.0,1
1,control,f6bb5ff5948e95975ac6,48,0.0,2.417673986677021e-05,2.238349331015983,9.37783879683458,0.013952162870131733,3
1,control,74f7adb1790af4e21ed1,74,0.0,7.866105206464704e-07,2.3948916312578628,10.967009513654993,0.84937868859984,3
1,control,3061fcd0b38439300453,56,0.0,1.0041470053826136e-14,0.0020920362121839824,1.0020942260467454,-0.0,1
1,control,5b7d37fe0fb9e3fe3329,5,1.0,0.0444350251102778,1.7338509447724817,5.662417633666405,-0.0,1
1,control,9b6df06fe8420bdb65e9,73,0.0,1.1671259885513289e-08,2.0295970397051653,7.611018802389165,0.5734029103412935,2
1,control,88c27b5f4811cf2ae42d,72,0.0,4.676483004201236e-09,1.769094856234601,5.86554179929127,-0.0,1
1,control,ff0c79f40b5bf5b3eedf,64,0.0,1.5142345337013745e-15,0.0031370103260990627,1.0031419358921625,-0.0,1
1,control,273d1eb57d156008da5c,31,1.0,9.522080024163173e-11,0.005552788040402549,1.0055682333428433,0.05023078980137232,3
1,control,c7e2ff8571b0daf0f3bd,38,0.0,7.12381927382071e-12,0.010835075072172578,1.0108939870778284,-0.0,1
1,control,2000e0a8b364cfdfff20,23,1.0,0.0017251369843061125,2.07147557579769,7.936525426741739,0.0002132559772141378,2
1,control,19d7e820450c66593530,117,0.0,4.119290376153461e-20,0.007970713791823996,1.0080025644990505,-0.0,1
1,control,9d18d238ac68cdbb22f2,16,1.0,0.00015094639589904044,1.026819327216567,2.7921707145663923,-0.0,1
1,control,f43be2ef382b82ab43fe,19,1.0,9.260236079926916e-09,0.015703194773351723,1.0158271378539776,-0.0,1
1,control,13145daea2153b37fb96,41,0.0,5.784777117338798e-05,1.802940311180913,6.067461487043946,-0.0,1
1,control,665110b43645d2dc4143,33,0.0,5.966802318671066e-06,1.6765162579502788,5.346896279812746,-0.0,1
1,control,ca706e174b5be8e12102,41,0.0,7.935437987811913e-06,1.8913403320445,6.628246781472771,0.26059559362974705,3
1,control,137d588db61eecaf1f31,13,1.0,0.008757997828902353,2.243809864704345,9.429186867855657,0.07501988356209065,3
1,control,829aa1b381637c18dd5b,119,0.0,1.298192125633283e-10,2.4973858913174953,12.150689186146558,-0.0,1
1,control,4258a8bc79dcb27db460,53,0.0,5.582251294712471e-09,1.5088149306832133,4.521369481935403,-0.0,1
1,control,304c1fb8ad1d35558462,2,1.0,0.2946596204718775,1.6723025129959999,5.324413224789218,-0.0,1
1,control,55f25dc94db5d9e5da70,3,1.0,0.015520863507320591,0.372040286675026,1.4506914236498742,-0.0,1
1,control,ee62ea9f9a0b464346ec,88,0.0,9.375941410685139e-07,2.76474232672297,15.874948913446609,0.5298256495823969,3
1,control,f6cea12943a60a861722,12,1.0,0.0041484091688126,2.110407359418928,8.251601967860054,0.06751733586470456,3
1,control,dd7598e26e11f0846052,116,0.0,1.1920886089001073e-08,3.063242609803329,21.39682635374728,-0.0,1
1,control,1431167bfbe011d0287a,75,0.0,9.964795796440048e-08,2.3101340851794743,10.075775576618813,-0.0,1
1,control,3140bee1dd67e67235b7,66,0.0,4.646982583445612e-06,2.7095245253081335,15.022131173342382,0.27566954503625946,3
1,control,89a895095ca19a6e35d0,65,0.0,4.088548297123884e-12,0.018003585282572274,1.0181666267983127,-0.0,1
1,control,41764ad539eb835d7de7,109,0.0,4.971483443237453e-15,0.06035117541811031,1.0622095029212801,-0.0,1
1,control,fee7ad23b0dc778be3c6,28,1.0,0.00019709708348938744,1.0405981994583715,2.8309099567452876,-0.0,1
1,control,00c5e55894ae0130975b,51,0.0,7.004687391289311e-06,2.404113167056316,11.068609920401672,-0.0,1
1,control,24a967b9d706ed579681,25,1.0,0.0008685112556822395,1.8882269256945827,6.607642447330554,0.0003147416810664939,2
1,control,c671adcabc2780906da7,104,0.0,1.3428062150851388e-12,1.2618698258456884,3.5320195782975015,-0.0,1
1,control,4ad2b37d053bbb4d9190,7,1.0,0.00409432820587315,1.1724602651480487,3.229929353933143,-0.0,1
1,control,04a09271b4e0bccb5df4,21,1.0,8.074259944691324e-05,1.5240464502608184,4.590763959774287,-0.0,1
1,control,c535bda5f186dd7af874,56,0.0,3.973570865936802e-08,1.7109441799912029,5.534184277666958,0.6581173061289434,2
1,control,32891c5755f142099ffa,108,0.0,3.2032544620597043e-12,1.449279967386622,4.260046038517531,-0.0,1
1,control,9c04000f1abf03398095,5,1.0,6.683668710952045e-05,0.007021504693738038,1.0070462132543911,-0.0,1
1,control,da19714589c0bb7a102a,30,1.0,1.1875536374237662e-05,1.8621701763911311,6.437692551087844,0.019017980890642893,2
1,control,d089a22be080a3f595f5,59,0.0,1.667166912665728e-08,1.8627301978307027,6.4412988066337835,-0.0,1
1,control,c7ec16b21c60a2f33095,5,1.0,0.06483516410909537,1.931812597224655,6.902009473338618,-0.0,1
1,control,3bdd6e1aeb4e251f1b71,4,1.0,0.07332946676772811,2.0190267716717383,7.530991991181314,-0.0,1
1,control,aac13f01060dfcd040c1,5,1.0,0.06521122049478341,1.7116991789454874,5.538364158713771,0.003643429740452907,3
1,control,b7bc142c8ded869371ed,5,1.0,0.053984836485199965,1.737067214600355,5.680658815210806,-0.0,1
1,control,9e612c3df8e89db9dd3a,37,0.0,3.2967120864898207e-06,1.8878024350929323,6.6048381604514175,0.3250636271048747,3
1,control,69e826f56dded7285c04,88,0.0,4.346258202900012e-12,1.117891435068501,3.058398567655077,0.37858797745644324,2
1,control,65504323aa70c036c417,87,0.0,5.214654546868385e-09,1.9817045990705413,7.255099486570115,-0.0,1
1,control,be1e1e141a404f5ce54d,1,1.0,0.1821801986638348,2.5170553194442995,12.392052248868188,-0.0,1
1,control,97352671a9cebe4d6b16,78,0.0,1.2537299919274385e-07,2.2284491940883893,9.28545496949584,-0.0,1
1,control,fb4b5683b3cfe950fe1f,42,0.0,3.046778982683997e-05,2.1228012356284536,8.354507684275406,0.9375223935549974,3
1,control,ec979c3a14a8c586ecc9,4,1.0,0.00016165236815977402,0.013425613559582024,1.0135161417879768,-0.0,1
1,control,1007006ba9b21b4dc7c4,26,1.0,0.0012064523651059821,2.414772641461859,11.187226556910433,-0.0,1
1,control,4b217fa3f46998e5c12f,55,0.0,1.0879775679432044e-13,0.0036599931069524433,1.003666699060476,-0.0,1
1,control,d9c8c72eea8de1c1dd07,3,1.0,0.12425625966926773,1.4872508729201257,4.424914131319698,0.00022248896263575132,2
1,control,a9f31556ae16fdc71564,25,1.0,8.942407915253852e-05,1.8154388166655833,6.14377157536573,-0.0,1
1,control,613c24f46ff8cc0dcfad,45,0.0,2.405644955428873e-05,2.2883991061289914,9.859141601260157,-0.0,1
1,control,74858f85a8b3af16abcc,7,1.0,0.01944800488511216,1.6282209787755246,5.094802888966693,-0.0,1
1,control,e984477d5e98c58e98a5,80,0.0,1.8932463246362515e-07,1.330404787188549,3.7825742153002406,-0.0,1
1,control,e2c5b92cb65ea2a6da32,65,0.0,4.0295241731210655e-09,0.5006504442239231,1.6497940207717368,-0.0,1
1,control,0d685122e0d52ae8300d,40,0.0,0.0001052090298009811,2.1276759738229347,8.395333147858508,0.4438368668787243,3
1,control,726986e2427a420574c3,93,0.0,2.590319594077881e-09,2.0941415977936155,8.118469066532807,-0.0,1
1,control,36b673691993bb06ff12,101,0.0,1.76108693594172e-09,1.8346675666636327,6.2630517521366125,-0.0,1
1,control,50568adaf9b36025a742,52,0.0,2.297247848568423e-06,1.683636255549238,5.385102019473044,0.061107123008046424,2
1,control,d256aeb4667b1dffcf06,25,1.0,0.006989598819933894,2.830329009093507,16.95103695249406,-0.0,1
1,control,1d99ed93714593cec761,26,1.0,0.0002159392130012894,1.981350330645153,7.252529689124897,0.47704439716846403,3
1,control,4e6e5fb53d21a4d4ccea,118,0.0,1.4569768021036662e-19,0.012940437275587748,1.0130245270620826,-0.0,1
1,control,c066e4495d39a81b940b,27,1.0,1.7729933721673248e-05,1.8636636318017399,6.447314140779353,0.4363037944651034,3
1,control,c823170a57cfae104e63,108,0.0,2.121157406267726e-12,1.1921226697081488,3.294066005677502,-0.0,1
1,control,a4d64e3326563200acf7,5,1.0,0.031933963364539464,1.7267502564397736,5.62235298247815,-0.0,1
1,control,3c5ddd208f6b17942161,52,0.0,3.8803620131219375e-06,2.163782022077504,8.703994185415878,-0.0,1
1,control,4af19cac715ae96d93be,100,0.0,1.4715530051119623e-11,1.371461810238196,3.941107638161724,0.6051028797523508,2
1,control,61e4a1530d0b8b1a6b73,16,1.0,8.877673697424994e-05,1.468159859334282,4.341239295611326,-0.0,1
1,control,d910b9a053a4adc81368,70,0.0,9.992220753263647e-09,1.9199721639053005,6.820768603087436,-0.0,1
1,control,60a576ec64346da30cee,37,0.0,9.719945743340175e-05,1.7722585721210722,5.88412809243723,-0.0,1
1,control,837aa71620c56eb3f239,5,1.0,0.07539084560012142,2.16315078357027,8.698501622860176,-0.0,1
1,control,5ebe288b8534024abe90,81,0.0,2.0771365637563242e-16,0.00503201259988042,1.0050446944380833,0.14871146188981424,2
1,control,163b4df263a7e8b79f86,8,1.0,0.05684765263209387,2.67399294008251,14.497742390281758,-0.0,1
1,control,78b1295c2260b3392059,73,0.0,9.015691833812472e-09,1.8419649589767033,6.308922864038436,-0.0,1
1,control,425c9c810105dbcb5d8f,79,0.0,1.0829628354806069e-07,2.065502783100387,7.88926348901198,0.6053558341874039,2
1,control,df3ee0b554606ef0073f,7,1.0,0.01075387129407939,1.3566796320033288,3.8832779599567417,-0.0,1
1,control,3f0b5640a35184119195,36,0.0,9.491056694873384e-06,2.011161119254296,7.471988181754329,0.575066959375149,3
1,control,54b40b27f9a9a4a11b4d,47,0.0,1.0520442727077745e-07,1.7719892869089768,5.882543797079091,-0.0,1
1,control,8151ae80e9d2d3495aab,42,0.0,1.615031750796091e-07,0.9250835958919299,2.5220790869967,-0.0,1
1,control,9ae495d99cbcf0175fce,107,0.0,4.9198523508541925e-11,1.541774427890859,4.672874597861061,-0.0,1
1,control,4db4275b1c0eb4a55b94,9,1.0,0.00798308539835895,1.5806090286286918,4.857913518890407,-0.0,1
1,control,5b60a33c3353500963a6,40,0.0,9.697137864946363e-05,2.2872688318081957,9.84800436193664,-0.0,1
1,control,18b5d5d3406d971b3f72,31,1.0,0.0002582599682971356,2.4343644747411406,11.408565977116687,0.02422896919198548,2
1,control,519d4d6609661667e610,27,1.0,0.003229791820768492,2.476975222833679,11.905199325831864,-0.0,1
1,control,38f93c52c7a7d131ecf4,32,1.0,8.825061011932261e-11,0.006537069467011131,1.006558482740208,0.018949278186360177,3
1,control,cd08463e4d7fb3d243d6,23,1.0,4.674065099751281e-06,0.9288177895067831,2.5315146247176217,-0.0,1
1,control,2c05582c1ae8af5fbbcd,69,0.0,3.8844818088464706e-11,1.1451326240573816,3.142858147799638,-0.0,1
1,control,e2cf878639f88094e78c,18,1.0,0.00032635838074511643,1.3658556432504494,3.9190749478018003,0.014291881357114738,2
1,control,aa31f470e0ed15e77eb4,6,1.0,0.06328984402680543,2.638954928950137,13.998566464087062,-0.0,1
1,control,393b59d76679bdd9647e,35,0.0,8.853486413681682e-06,1.842267441323055,6.310831490477652,-0.0,1
1,control,a40ab3053878372fa93c,18,1.0,0.005010191432965293,2.517855729945375,12.401974948204682,-0.0,1
1,control,9f78378b825da5ddc651,25,1.0,0.00010437332933122257,1.9924404269745921,7.3334085904716515,0.1444017922502392,3
1,control,6f7134e9cc924c4a0dfd,21,1.0,7.499867267929971e-06,0.8721682767539912,2.392091951839463,-0.0,1
1,control,e2e5a6594cd815644231,117,0.0,2.2681349795268113e-13,0.2762512022763046,1.3181789519938545,-0.0,1
1,control,6bc6940b6d877564560f,16,1.0,0.001961938752769232,2.0829524133355704,8.028136335876722,0.06753717477873937,3
1,control,d9c40ef22595f5e73664,67,0.0,7.442051745217845e-10,0.33388387761060084,1.3963809830631897,0.03639274807664315,3
1,control,f1709e6e950c34430d76,53,0.0,5.9624408032067275e-06,2.2192297022281933,9.200241210355461,-0.0,1
1,control,c13dc0bb9a1f1cf6c8a2,6,1.0,0.0022858183418094005,0.9067963143666474,2.476376280420658,0.005887428588116303,2
1,control,615b02cefd27009e644f,92,0.0,2.0974054777274066e-13,0.08231011342940538,1.0857924764529256,-0.0,1
1,control,6a78ec7ba01c048475e4,17,1.0,0.011365446776446863,2.676007518538448,14.52697866926182,-0.0,1
1,control,ea94fa5eba5ba4dc4a41,34,0.0,0.00022748193240817237,1.812753993895515,6.127298760735039,0.5351442091949442,3
1,control,0c05147fdaf76093bf88,5,1.0,0.050653294935014685,1.9188067317922002,6.812824090615559,-0.0,1
1,control,5e54b9e3ef9b323b73e7,1,1.0,0.24681715096776827,2.3236186680767887,10.212563398280226,-0.0,1
1,control,d2851440615378991b92,6,1.0,0.014531487603002635,1.5327153685143649,4.630733915088496,-0.0,1
1,control,90dfd117d1c47f33d2f3,99,0.0,4.013107593421914e-14,0.6363646124810101,1.889598953199775,-0.0,1
1,control,c2f90e26abf8894247d0,112,0.0,8.598872038661352e-15,1.2321470968323398,3.4285831390132815,-0.0,1
1,control,458466b925bd5485bc22,3,1.0,0.11151730340078819,2.053544489321321,7.7954832021722,-0.0,1
1,control,6e536b686bac93b80f72,7,1.0,0.009426360640972093,1.0935890009307445,2.98496792361959,-0.0,1
1,control,7caf73ba34d676d6ed16,3,1.0,0.09050261328128417,1.1825740702605132,3.2627619814762783,0.1376881045996182,2
1,control,307029c1f16cbfd0be27,2,1.0,0.09454057277926824,1.5090626011718216,4.522489430407541,-0.0,1
1,control,4e69a15e1c4bff6a4aae,83,0.0,3.114984270943259e-09,1.7545420427607634,5.780799776569337,-0.0,1
1,control,3f76eb6a06c080cea705,65,0.0,4.654172730132743e-08,1.5451513923095803,4.688681403599877,-0.0,1
1,control,d85755f7bb26b6f5bf22,90,0.0,6.821013301026641e-10,0.4994938294263077,1.6478869476813731,0.39548442887202523,3
1,control,ce04bd6d93517bc53d37,40,0.0,2.0121566546094792e-06,1.8299452278454729,6.2335452244719765,0.07006299160369062,2
1,control,dcce06994bb623d7e47c,14,1.0,0.00590858088517426,2.018172640802589,7.524562284742599,-0.0,1
1,control,7f3b4572f89dfdd5837e,20,1.0,0.0016202222646029692,2.138393193288659,8.485791641629325,0.05193613159253206,3
1,control,17b3450c686999fbadf6,94,0.0,3.884643955836739e-09,1.7710011677261774,5.876734013561523,0.6483717904743651,2
1,control,bf12b76dc37f7228118d,27,1.0,2.695185653207206e-06,1.3530745828240829,3.869303755915323,-0.0,1
1,control,3af5ba92c0cc21a4be5a,115,0.0,2.132626821693573e-11,1.4721241263202314,4.358483284533993,-0.0,1
1,control,4d20d24d1eb3b522da7a,54,0.0,6.766721094814893e-10,1.3064293756043754,3.692963955513377,-0.0,1
1,control,4b6d8e46194af1ba87c9,8,1.0,4.879793714168674e-07,0.003716161203997627,1.003723074692271,-0.0,1
1,control,ed1339646d16e8b81a5a,39,0.0,5.60578873544166e-06,1.8781989730949396,6.541712446028876,0.08224012607321625,2
1,control,25548cbc6e95d3cc19f5,27,1.0,5.4484123100269706e-05,1.6538963937046174,5.227307847866326,-0.0,1
1,control,28778af0a74a55cfb1c9,82,0.0,9.36795135435213e-10,1.1498009946916232,3.157564475068848,-0.0,1
1,control,0e03f97b7981e1fe5ccb,15,1.0,0.003729227818295397,1.9263521464879867,6.864424100552406,-0.0,1
1,control,31a7caefed418dca0380,27,1.0,2.2399562797076944e-06,0.4810311587833702,1.6177416909792985,-0.0,1
1,control,11df2975071e529a7bdb,83,0.0,1.08240858473812e-06,2.4000886213607986,11.024153312820667,-0.0,1
1,control,f03f443c6ee76e57bcfe,32,1.0,0.0007069902431886499,2.1363803949114746,8.468728631943724,0.8190184067916424,3
1,control,1f0606dc425e233ab114,77,0.0,4.351353666363701e-07,2.423914551591317,11.289968088066937,-0.0,1
1,control,bd3b1a1c227f193ddb7c,42,0.0,5.2107466413276166e-05,2.320326874602475,10.17900101924645,-0.0,1
1,control,fa57f74e02c88f3d167d,58,0.0,1.575386532980386e-10,0.11030523164419836,1.1166188458547714,-0.0,1
1,control,a008b65d8153a9cfb869,102,0.0,3.545641501908641e-11,1.5633216135144588,4.774654491503649,-0.0,1
1,control,a743ede844e3452799e1,77,0.0,5.705766323683686e-09,1.9081493406607328,6.740602689008665,-0.0,1
1,control,730322d827fea05f49df,55,0.0,2.7817103198384697e-06,1.7476710094673453,5.741215855793953,0.06333725603681384,3
1,control,d0c2a97828296e7436de,107,0.0,1.0791495255649015e-09,1.926082437823707,6.8625729555433415,-0.0,1
1,control,55bc437fde1194326052,32,1.0,2.593767559717675e-11,0.002278786526342416,1.0022813849337224,0.041747217746546654,3
1,control,a5689b5923cfc815726b,41,0.0,7.775673718400844e-11,0.007594629400447979,1.0076235417448138,-0.0,1
1,control,de5070e1bce2d6f62416,38,0.0,1.558560595435488e-05,2.1797668865548907,8.844244306136194,0.1777263079006636,2
1,control,d52b73402d207dc824df,29,1.0,1.7790940806952802e-06,1.5843694719470518,4.876215818135513,-0.0,1
1,control,c096132131731e6ea5a5,7,1.0,0.009009604821068358,1.8165380217885796,6.150528553528053,-0.0,1
1,control,c4f8a1d1d26a81d3a2d8,16,1.0,0.004315624859787297,2.2270709525199326,9.272666184516794,-0.0,1
1,control,39aafe83992a91ec9601,80,0.0,3.041161427038418e-08,2.0636545151860144,7.8746954833730465,-0.0,1
1,control,1871b5ba3aaa23f50cf9,26,1.0,0.00043829102857022414,2.2008269588563456,9.03247990105409,-0.0,1
1,control,1db4e1edfd6ef49ae4ef,111,0.0,5.3170371317293333e-17,0.01784421952620398,1.0180043788324522,-0.0,1
1,control,6261f30b4fb0c0a62414,2,1.0,0.21621633890736597,1.9757624719335845,7.212116594407672,-0.0,1
1,control,7bb593fd3117896fb37e,30,1.0,4.4841460791778614e-05,2.0274208311026003,7.5944736471813306,-0.0,1
1,control,dcd5db9bb5b60ffa1d3a,3,1.0,0.14735476741595838,2.4500828471573635,11.589306820577903,-0.0,1
1,control,245a9144bc6c295fe27f,71,0.0,6.176864980833293e-10,0.7019525864459891,2.0176885750229867,-0.0,1
1,control,720c066b52eb1fe60ea5,90,0.0,3.0246600598568283e-09,1.9260208287028036,6.862150171480226,-0.0,1
1,control,214279241e92a8707564,32,1.0,2.885153387485926e-05,1.6528878061174992,5.2220383078999255,-0.0,1
1,control,9b3cadcdb85f3b3b3c02,92,0.0,7.488402399159849e-09,2.1801738953300633,8.847844723829656,0.589143046240595,3
1,control,40352932a4361f60b40e,39,0.0,9.567780232434162e-08,1.3661535592228264,3.9202426767596106,-0.0,1
1,control,3f5f6f52e19162657183,96,0.0,1.5912458502268122e-08,1.5874319159305785,4.891171845238915,-0.0,1
1,control,72d09753b5e092d3c450,26,1.0,7.450550962903032e-05,1.10889571289033,3.03100944101795,-0.0,1
1,control,25975b13e19a8dd61eac,10,1.0,0.013686924543480588,2.2468980127792433,9.458350600915491,-0.0,1
1,control,20264f24734eb0f77815,18,1.0,0.0024540694958001858,1.8727959676423918,6.506462850643863,0.05251975436695139,2
1,control,beaeb2422cfad48de8bb,54,0.0,2.531024140852838e-05,2.3662338472569378,10.657180041071895,0.34596581139439647,2
1,control,6c7faf81a8c4bec88562,43,0.0,1.1521347740576003e-07,1.5586998972074115,4.752638308445152,-0.0,1
1,control,81536c7fae90dd54425b,47,0.0,2.41969186555885e-08,0.30217712909898176,1.352800825880253,0.642074055323185,3
1,control,ffc49248cd8f55c6cb58,10,1.0,0.011167195480888055,2.2026680167402595,9.049124536554519,-0.0,1
1,control,1939fdb459d4c64cfea9,44,0.0,1.4429874677168103e-10,0.04151851690844957,1.042392463558585,-0.0,1
1,control,641306a640214a0e1115,46,0.0,5.658797882553691e-07,1.1175106577707952,3.0572342206057077,-0.0,1
1,control,36be1d5a2e5b7e665a34,4,1.0,0.05180932407431162,1.6966917303632059,5.4558680199853935,0.1748974833022434,2
1,control,2f043140fdd858a1ed6d,28,1.0,2.3389552436807714e-05,1.955530594008666,7.067668091341346,0.0513665107869063,2
1,control,77b18cf7d5182e1260fb,72,0.0,2.6820023085531528e-15,0.005808114591615873,1.0058250143919873,-0.0,1
1,control,a019de159606bb234a3e,24,1.0,0.0003384603816710386,1.5255481641143684,4.59766315262124,0.02658578151839647,3
1,control,d5f57304f48dbfa4d191,20,1.0,0.00035749924070395433,1.9193336869944582,6.816415089776925,-0.0,1
1,control,485733c17a3fd79d1606,41,0.0,6.199066355094543e-10,0.008756197389941628,1.0087946450227299,-0.0,1
1,control,3014eab85e89abf00e56,16,1.0,5.8809946120271855e-05,0.9188450806640367,2.5063940347956306,-0.0,1
1,control,b9f3da2cd775c889a6a2,43,0.0,6.709964004660577e-08,1.3878454532394768,4.006209182740672,-0.0,1
1,control,6b6449d2c5076a473ea7,57,0.0,3.695816092864599e-06,2.255863304642698,9.54352872745641,-0.0,1
1,control,8a96e745b5a8ac00479e,107,0.0,1.070631539264742e-08,2.107570457086423,8.228226152121033,-0.0,1
1,control,3c0c0997fbd8118c3ca2,68,0.0,3.2082021731718235e-10,0.8743594778714379,2.3973392532442035,-0.0,1
1,control,e476ce383ce72ed72105,4,1.0,0.13641168932774708,1.9018524647053763,6.698291304587289,-0.0,1
1,control,1c3f2d8232aa01a99ff4,83,0.0,4.110228033209279e-09,1.9497616467241046,7.02701246952125,0.6597859709120111,2
1,control,7c17e2d21129e0e0212f,13,1.0,0.0004451774990667495,1.2535113860721188,3.502620441988734,-0.0,1
1,control,d6f2d65fd9b95e093e8a,7,1.0,2.767221676859225e-06,0.003992337360262397,1.004000317355138,-0.0,1
1,control,2dcca4917a443a2f3d0e,32,1.0,0.0002751004697668511,2.1678788739191166,8.739726304645128,0.8120095901248962,3
1,control,1be8b9f42f4f2020c053,90,0.0,3.007593030615963e-11,1.3639403775184462,3.9115760613255826,-0.0,1
1,control,4241eb29f4384f3fe079,67,0.0,2.427120939991859e-06,2.1898247433422475,8.933647296326015,0.545020802077699,3
1,control,883a6a656384ffa7817b,23,1.0,0.0015163518591788591,2.6796743059910755,14.580343791859203,-0.0,1
1,control,c460f82f95a5f043e734,64,0.0,2.175164107494183e-06,1.9127604027333744,6.7717557956711705,0.950512087541441,3
1,control,61a23efb6ddb1908e9d0,46,0.0,3.2756973463430794e-10,0.023218399169816172,1.0234900445157167,-0.0,1
1,control,73cc0c5706b7bb529f4f,116,0.0,9.205973646622363e-11,1.9995250279542571,7.385547337187068,-0.0,1
1,control,ef3881467065ce2b5009,23,1.0,0.0005551646755319737,2.2175600636986177,9.184892949738426,-0.0,1
1,control,c997fc0681eceadf7474,120,0.0,9.69887706196331e-22,0.0072013028174815865,1.0072272945526084,-0.0,1
1,control,dee280b0fac8da0588b0,93,0.0,2.397014255720854e-09,1.759921690653066,5.811982244047634,-0.0,1
1,control,515cd0282b1956b92a38,34,0.0,5.098380329664544e-06,1.818361133942212,6.161751884472161,-0.0,1
1,control,f67bd7dd159bd5e5197c,14,1.0,0.0026469525672764057,1.9980782407133952,7.37486974749563,0.08652568497411683,3
1,control,e1ffc02cd61a729e4215,44,0.0,3.4414250743780136e-10,0.017061273469281647,1.0172076482573467,-0.0,1
1,control,c766bc58880dcc7d1f4a,74,0.0,5.21118801635531e-09,1.7005176563011166,5.476781748634571,-0.0,1
1,control,7da55376f80067401d17,36,0.0,0.00016810529656589903,2.2879605042729847,9.854818311625946,0.8596187885223529,3
1,control,e4c1ff47445e15555390,19,1.0,5.472220472360306e-05,1.031066534138237,2.804054860701037,-0.0,1
1,control,ac5b457dd0358c2e5583,49,0.0,1.622074484837107e-11,0.014675739526704154,1.014783956934128,-0.0,1
1,control,f1d91b14ae2f6fa63c6a,6,1.0,0.031457551141470835,2.114552464885468,8.285876715431082,-0.0,1
1,control,70a4a88e4284f8357760,12,1.0,4.402848992035248e-07,0.02539634008835749,1.0257215745515835,-0.0,1
1,control,025bee713a67f58345a9,95,0.0,8.934557651940024e-08,2.5806952661146743,13.206316873085909,-0.0,1
1,control,6661a4a61b50681206ab,38,0.0,4.7593006115116055e-06,1.964508807750407,7.131408836971282,0.5728661836664858,6
1,control,114e753e11e22a4110f6,48,0.0,1.8926645878785503e-06,1.4772317935937735,4.380801916520605,0.17054949763371763,2
1,control,8125e9a3b36b72bbebff,17,1.0,0.0002414408275294587,1.2458241445220017,3.4757981792843466,-0.0,1
1,control,c94817f760e2a4b01f1d,9,1.0,7.034967816439935e-07,0.019723886750939043,1.019919687805809,-0.0,1
1,control,639c4a5e00be163d1082,65,0.0,5.940373261302511e-07,2.0808173411534003,8.011013970558672,0.7424282013872967,3
1,control,e2539547bd7a4524eea5,35,0.0,5.697882476080989e-06,1.6879309316012954,5.408279021387994,-0.0,1
1,control,1e63d4325f5634d93727,5,1.0,0.09076580233839335,2.1499319697965054,8.584274387379539,-0.0,1
1,control,01be3188b8e7055c08e5,5,1.0,0.03569810581534345,1.768173405091559,5.860139478465349,-0.0,1
1,control,298a1fb6254a5a4c9f3f,30,1.0,1.980099645864032e-05,2.0142884724807817,7.4953923055087515,0.10471370810280636,2
1,control,a7e753ef877a91cc933d,12,1.0,0.0011980014975285307,1.4455278866840315,4.24409195121276,-0.0,1
1,control,c6b4970bc061df81f39b,31,1.0,1.1367683290798269e-07,0.21242350734612506,1.2366715136611806,0.1040352438749564,3
1,control,4a32c8eb4e3454c72310,6,1.0,0.004314685402969651,1.186359137959177,3.2751351583445714,-0.0,1
1,control,f99f8c77eb35ecd4d057,3,1.0,0.12855779463921835,2.6879755589385597,14.701882678312046,0.3218348545347758,2
1,control,d069e6c63238d2575018,2,1.0,0.34928701893238706,1.3451234800923533,3.838660509490706,0.0004356686175132447,2
1,control,a407d29f2fc4a76928d6,39,0.0,4.424952486501097e-11,0.008032007159793748,1.0080643502646602,0.11984764143033969,2
1,control,a24a7524ae37220c203a,31,1.0,0.0001536160618921028,2.178260841040367,8.830934496774674,0.45074444408944153,3
1,control,555e8dd023466ced86eb,24,1.0,0.0016638095128410767,2.246669305307343,9.456187652811835,-0.0,1
1,control,9e6f2a8623e2b0c0494d,84,0.0,6.136554422155177e-10,1.7503814490528402,5.756798182456271,-0.0,1
1,control,f836bcfaac9eee21c0d2,92,0.0,9.286531057924411e-11,1.7817595140544793,5.940299268777378,0.4895414115898423,2
1,control,7ae8d73f778b09a36d15,11,1.0,0.020804701563041258,2.2835693210708,9.811638872792498,-0.0,1
1,control,3201e3fe0c64b5cc5293,60,0.0,1.809091936962362e-06,2.26122157016615,9.594802735606558,-0.0,1
1,control,a300a0c0994bb7f8de84,84,0.0,3.339288775572604e-09,1.9316278985300148,6.9007347989174725,-0.0,1
1,control,d7339581a75f18df4685,11,1.0,0.005743675290511023,1.8890092051947855,6.6128134928995355,-0.0,1
1,control,680e3332bd1e56fd6831,21,1.0,0.0007286524627873825,1.0347609980439643,2.814433500123054,-0.0,1
1,control,9225f54ca8a05473e0d2,29,1.0,0.00013494260047171435,2.1548028160971775,8.626189065631735,0.08773495674368986,2
1,control,a3aed3b8ea33a12527fc,45,0.0,3.0699297126491014e-07,0.5101950045152984,1.6656159659130607,0.48960868807358326,3
1,control,f7650e8320b125a5e004,47,0.0,4.547820940185599e-05,2.6928272799357584,14.773385426633745,-0.0,1
1,control,aa12bb594aee256f0bcf,39,0.0,9.685511238188154e-05,2.2503632006151637,9.491182413712421,-0.0,1
1,control,bf6aadaf3f7f926407e3,92,0.0,2.1490138894472244e-10,1.894863882676553,6.651642939176097,-0.0,1
1,control,9af2fe90b97aadb2d6c1,97,0.0,5.53033868567226e-10,1.869799508516476,6.48699568151185,-0.0,1
1,control,226e33215cf8169e598f,67,0.0,8.644626069366169e-08,1.8009814952490428,6.055588079523506,0.9589315353424254,3
1,control,a292a9293b14f16d3d8b,7,1.0,0.016654919216307018,1.1507373287487705,3.160522394808883,-0.0,1
1,control,cddbc5837412b0382d59,73,0.0,3.654971781413908e-08,2.59097502710853,13.3427748300786,0.16794635592079063,2
1,control,bef52484111cc4162a3d,108,0.0,3.6025316833973656e-13,1.0933271015200952,2.9841862646420676,-0.0,1
1,control,e245ddd15ce116a42086,25,1.0,4.156056759774376e-06,0.4464437828060136,1.562744831957147,-0.0,1
1,control,e4c952a8b4f5b94ec479,21,1.0,0.001309555984825892,1.7843888924461697,5.95593911584216,-0.0,1
1,control,bd4148359fe4f9402b50,34,0.0,0.00012512891523384784,1.3168345200359985,3.7315903871545313,-0.0,1
1,control,f562c8e522d9b0e70ea9,21,1.0,0.0013237207337861267,2.0442815531934273,7.723607542926904,-0.0,1
1,control,da722d8a53f61f2567e3,43,0.0,1.8498012344592953e-05,2.0830445571386598,8.028876112972844,-0.0,1
1,control,f1483e4af9fcfe053e84,93,0.0,3.52783268421394e-08,2.2038519427078915,9.059844374572831,-0.0,1
1,control,70112a6d472b5c3238a7,15,1.0,0.002346954513806197,2.1981490326265902,9.008323944577823,0.11289234664911614,3
1,control,5b82673caa26822e9652,107,0.0,2.18492707205838e-14,0.916113740375271,2.4995575604079683,-0.0,1
1,control,c0bead00d3265c4ff14e,80,0.0,1.58993324796635e-07,1.6708495949559816,5.316682905882181,0.05697931519187696,2
1,control,d1bad52e43029e9b5de2,24,1.0,0.0002876460507040882,1.9685450032424336,7.160250763843471,-0.0,1
1,control,d89c36162741f1fb288f,4,1.0,0.1287423750039896,2.2357680493272207,9.353663168744744,0.6396996562477435,5
1,control,3b95a726ea3c9dcbfe79,16,1.0,0.005780983779779676,2.2914101389967336,9.888872538621557,0.014954235183581157,2
1,control,030a705a36551f407a40,62,0.0,6.281757247023741e-11,0.04018626896932254,1.0410046629997305,-0.0,1
1,control,46f1a581144dd6cd98c0,58,0.0,1.6760718390961455e-07,1.8831976457147919,6.574494189261939,0.8219628774304795,3
1,control,e450d557fcbef689b75f,27,1.0,0.0005351103003245262,2.2132216276163343,9.145131193039736,0.0023672471621946803,2
1,control,258577d42fe1fe82ae5c,45,0.0,7.910772032018137e-06,1.943926527009156,6.986128408222974,0.30264317107309535,3
1,control,b3aaeb32c4b7a4d0788d,21,1.0,0.0007400303558879473,2.0573997374263757,7.82559473042601,-0.0,1
1,control,de66b22f0020d0377ebb,76,0.0,1.899873837846783e-13,0.006562819893848113,1.0065844023844945,0.27155459650625347,2
1,control,53d0864b369d380d3f34,13,1.0,3.2210408010743397e-06,0.05194705401722063,1.0533199719758675,-0.0,1
1,control,f603a33d0240a956d53e,122,0.0,2.6969309430040454e-20,0.02001717507755759,1.020218862214367,-0.0,1
1,control,047fd83e3105ea304107,71,0.0,3.050857598381894e-08,1.7958372969464076,6.024516920224889,-0.0,1
1,control,6673b9e44e285e2a751b,105,0.0,3.523019894735929e-08,2.1501661829587366,8.586285172896293,-0.0,1
1,control,01f4d144409f49635d7a,12,1.0,0.019362489549985082,2.29583554166854,9.932731757348083,-0.0,1
1,control,410e98e619fc57e698a8,58,0.0,5.050446345253454e-09,1.5464629870558533,4.694835088183799,-0.0,1
1,control,7ca2e50cca6c239e72ff,19,1.0,0.0027344958509052724,1.781547339929047,5.939039024675541,0.3530801438736344,2
1,control,40572b96c45693c2dacf,67,0.0,4.911304107656577e-07,1.4357038387080383,4.20260192197804,0.0016263908652182544,2
1,control,b9fd07e13bbfec03efdb,109,0.0,5.686260138014436e-18,0.032245604100547866,1.032771126982296,-0.0,1
1,control,f874a5cf0dca614e2893,12,1.0,0.013683691165677622,2.1042644342463297,8.201068365396,0.4770572115402746,3
1,control,0c71f7d783bcd7cdbdb3,38,0.0,0.00024152190285068082,2.6815226456795713,14.607318141162299,-0.0,1
1,control,cc9fe07aa36c340c1f7c,118,0.0,4.71283304458396e-10,2.810830896757841,16.623725081226972,-0.0,1
1,control,8929666336c731529a48,32,1.0,1.9392602788707282e-05,1.2048816153641535,3.3363640804403367,-0.0,1
1,control,958b86520bba639a20d0,114,0.0,2.7159085316951448e-15,0.6053967379083567,1.8319788801962964,-0.0,1
1,control,cd6a688a118138356cb3,51,0.0,8.727766011927255e-09,1.2344713102383322,3.43656116563533,-0.0,1
1,control,273742735ef058291ba6,69,0.0,5.879864065931668e-10,1.3542193917990601,3.873735906080592,-0.0,1
1,control,2afa97628183c6a0f69f,23,1.0,6.267129074022143e-05,1.5377832886080722,4.654261672586018,-0.0,1
1,control,be5d3783ed3cc04567c5,16,1.0,0.004241756413964004,2.4004855553445084,11.02853004249106,-0.0,1
1,control,c4ce2429b05616c6a98c,33,0.0,2.0299224831367252e-05,2.0882419501921605,8.070713967617293,-0.0,1
1,control,b85299f2ad6796d63fe9,54,0.0,6.267267530648198e-06,1.7129267716465277,5.545167188951506,-0.0,1
1,control,72817762ca5e5bb7dcf6,31,1.0,0.00014274419000931922,2.218718032544356,9.195534929977306,-0.0,1
1,control,25c78a6139ff941064c0,80,0.0,2.657329632228107e-07,2.4492360179635035,11.579496811512918,0.7794905181407121,3
1,control,964281f58b17073f9d17,44,0.0,9.740349816904927e-08,1.2656717971398448,3.5454737753734396,0.38237288561267757,2
1,control,c2b96660947f203953fe,35,0.0,2.5060872370036995e-07,1.052496421469237,2.8647939316929616,0.36404353545310564,3
1,control,714e233998b633e37321,47,0.0,6.4286213873855714e-06,2.138631350630896,8.487812835885045,-0.0,1
1,control,ade7912ad6dbc657f483,43,0.0,4.2430644460970674e-07,1.7487578661870258,5.747459126982005,0.20723450683744388,2
1,control,921d39915ef9c12bcdbc,6,1.0,0.008496719927946698,1.041250862015492,2.83275818874694,-0.0,1
1,control,03844162a5a3e9dc1d7e,10,1.0,0.0009725468138792638,1.4222795955732606,4.146562159254756,-0.0,1
1,control,a30e518dc0c8a9c1cf64,97,0.0,1.6451092377803672e-09,2.1026097787454097,8.1875096431125,0.4789150549098724,3
1,control,c891b93f57712e57a938,5,1.0,0.010378277322736598,1.3279367098770014,3.7732500408250593,0.0012659065457466304,2
1,control,4cc82c4b95c1cc0db9f1,23,1.0,1.828830133699755e-07,0.06456708712875585,1.0666971374924763,-0.0,1
1,control,a7a9c0a4debd9b8fe48b,8,1.0,0.008333579288439277,1.4296399751970965,4.177195027354804,-0.0,1
1,control,31512ee29b9425062937,33,0.0,0.0003390030819540878,2.4895333754915034,12.055649346300632,-0.0,1
1,control,11912185673dc1ef359d,37,0.0,2.5982610001130286e-05,2.1564075202043353,8.640042659140839,0.1037749973289098,2
1,control,0c4d16adc6124fcbf8a8,19,1.0,3.440422861395673e-08,0.016450806660740995,1.0165868662533752,-0.0,1
1,control,94c2f55cd60b03149fd0,45,0.0,5.7858159760438156e-05,2.1455683327431254,8.546897338832418,0.32770417118071327,2
1,control,df44527dced5b9af3b37,110,0.0,5.299346461471296e-13,0.6804195080652642,1.9747059635716808,-0.0,1
1,control,41c01c482d8dcc50c516,14,1.0,0.0003182136353622122,1.4895988216084208,4.435315809174501,-0.0,1
1,control,bd976651220ec445ad46,80,0.0,1.0894780588760983e-08,1.9182217488519755,6.808839870211898,0.33201158604104736,2
1,control,5916ad029942a4fd1237,3,1.0,0.10190200792601749,1.5378807160602317,4.654715147532557,0.0009821342032546386,2
1,control,e072b64e02db2391ba9f,27,1.0,9.75608438583951e-05,1.9401273826759917,6.95963745141742,0.013532133059103122,2
1,control,40ba46be06455291aac0,19,1.0,0.002271414030420709,2.1473126638343967,8.561818967941749,-0.0,1
1,control,29ed5d73829c1a1e15dc,3,1.0,0.09379304393995097,1.4338247719493358,4.194712367227858,-0.0,1
1,control,1ad1b172bce2cf3fcc1b,43,0.0,8.370733875062585e-12,0.00816234489198922,1.0081957476488135,-0.0,1
1,control,938c3eeef37add68cf53,111,0.0,5.356224923168619e-13,0.9503525344073923,2.58662137163382,-0.0,1
1,control,133db7962e5ae1d5cfbc,8,1.0,9.256019748433847e-07,0.004971727751870174,1.0049841072976973,-0.0,1
1,control,f20ebf3c56d8e51d0a84,42,0.0,2.066993341069809e-12,0.007957757953979261,1.007989505065876,-0.0,1
1,control,ca3705a5acfd06fd6eae,91,0.0,6.260025187591415e-17,0.003730685000094963,1.0037376526674096,0.0033823049311755282,2
1,control,b09905378179d3db9811,91,0.0,6.770675764010456e-16,0.009281135270048872,1.0093243385610897,-0.0,1
1,control,b46d7da8f32c0a70e23d,27,1.0,0.0003940866404591149,2.0651973545298237,7.886854250485602,0.023834381830247945,2
1,control,0e816dc81dd8d4791998,18,1.0,0.012680592242203827,2.554004294374427,12.858490010421876,-0.0,1
1,control,3801556000c80201715b,17,1.0,0.002408023249266333,2.278966179370028,9.76657829841408,-0.0,1
1,control,b4458066828a733ca87e,3,1.0,0.07326245404392827,1.2917092956481797,3.6390013719693317,-0.0,1
1,control,2ac20f51b6b7bb0adff6,7,1.0,2.1640144061319854e-06,0.0030187820616254775,1.0030233431727051,-0.0,1
1,control,c8a18aa59b6b453539c8,20,1.0,2.7889673013125463e-09,0.006688406879558686,1.0067108242237561,-0.0,1
1,control,6a7d1347e1fbffde3908,8,1.0,0.010116467540605311,1.6875001918956363,5.4059499625192755,-0.0,1
1,control,27029288cd286891202f,37,0.0,6.393695007833904e-07,1.3707145740382183,3.938163799874726,-0.0,1
1,control,06a68587c7336d51468b,64,0.0,9.246915978463707e-09,1.0285980611932075,2.7971416631719324,-0.0,1
1,control,7660e772a0732901d0bd,19,1.0,0.001924069403932555,2.1910587151102954,8.944677969245173,-0.0,1
1,control,e14d2b3664577017426a,78,0.0,9.028918615935312e-07,2.3691549921133235,10.688356721362643,0.5662875729096168,2
1,control,b04ca6fc4f8085cfa06e,33,0.0,2.4762577100986327e-05,1.557815204584615,4.748435543746432,-0.0,1
1,control,ee38112aa013e202605b,30,1.0,0.00023579820481012273,1.6264067930719401,5.085568349520449,-0.0,1
1,control,1dc629346c6fb59de0c1,43,0.0,5.494701880511236e-07,1.615920075093376,5.032516086721794,-0.0,1
1,control,96030904d4c4a0d5b8db,32,1.0,9.811915052568668e-11,0.006097935609723538,1.0061165658685287,0.021694270337033403,3
1,control,04951ba6f9206accf65a,13,1.0,0.0008535712521637281,1.510151449101312,4.527416415541981,-0.0,1
1,control,ed2c9a1b99314c50236d,10,1.0,0.036417249928578026,2.7471632505462606,15.598320536546256,-0.0,1
1,control,6a2412137a26c27b71cf,37,0.0,2.4131473127318166e-08,0.10424101257821895,1.1098679148113195,-0.0,1
1,control,bff323270e7be838f60e,59,0.0,1.1355849058010304e-08,1.5884609656880408,4.896207695065597,-0.0,1
1,control,319f6e84f154090a8007,45,0.0,0.00034102787083862315,2.7217809018066648,15.207380995602993,-0.0,1
1,control,140248210bad8ec9e196,64,0.0,4.2531033467237237e-10,0.31979353360972274,1.3768434630878401,-0.0,1
1,control,58fff2969a7ee4c0e023,21,1.0,1.1312121989150201e-06,0.2662800961620645,1.3051005611549067,0.0006110832938363279,2
1,control,7349b21202b41293e978,4,1.0,0.11596230516519655,2.316355905303238,10.138660666861755,-0.0,1
1,control,103d7e2d41daab21d0fb,36,0.0,0.0019758188184364265,2.8342273415685866,17.01724670028815,0.005650916242812002,2
1,control,330261806778d575227b,27,1.0,6.950996442644342e-10,0.007252307555713072,1.0072786692272713,0.00842010293708436,3
1,control,97157960bfeedf62bf03,86,0.0,1.4493182928904502e-07,2.582593570955827,13.231410298289687,-0.0,1
1,control,4244597e68dec36d9d88,32,1.0,4.7019832284743984e-05,1.9452256672919832,6.99521026708611,-0.0,1
1,control,354717d2e56e01b4fbbf,56,0.0,8.925356078996682e-08,1.9033533590900888,6.7083522807361335,-0.0,1
1,control,bf4b6eabf232a6114736,3,1.0,0.14703281274469596,1.5643816664611951,4.779718561684061,-0.0,1
1,control,5cc4a42ee3087b8c7536,32,1.0,0.0003000263766723606,2.4260075038236817,11.313622196805392,-0.0,1
1,control,8c85c2c261868318e04a,2,1.0,0.19382335832285025,2.096486150511824,8.137525576016639,-0.0,1
1,control,8d810dae82890e6b853a,10,1.0,0.005205311244457343,1.5576776030751778,4.747782196799941,-0.0,1
1,control,9e8a192d784a1cbf6e25,79,0.0,4.6096496300121943e-07,2.3356431641269113,10.336105604347257,-0.0,1
1,control,9480f0c4ed3c6f65d27a,99,0.0,8.642668531448157e-08,2.1697166962482157,8.755803137454098,0.005444528924619707,2
1,control,4e0fe6236c23d79ef0c3,7,1.0,0.02884186964873833,1.9240603340568356,6.84871014166723,0.08794753133141639,2
1,control,8d88008e7fd7f44f31da,42,0.0,5.56340651739789e-07,0.2544468934784822,1.2897480554916412,-0.0,1
1,control,56007be65986e1b1f80e,67,0.0,1.073256563199951e-06,2.028890262623424,7.605641409263894,-0.0,1
1,control,c6573efea1bee184dd89,13,1.0,0.0089954337887315,2.083953259565863,8.036175288071215,-0.0,1
1,control,0f5e9867c870c8136a6a,22,1.0,0.0004026507608250651,1.8772443299386408,6.53547042493721,-0.0,1
1,control,5db8bf06dc5c7ea7001d,68,0.0,5.446138849300092e-08,1.4261458217480636,4.162624737181705,0.12991046609017864,3
1,control,549e30e35f2e9c41ad06,52,0.0,3.4762201568893694e-05,2.2988478055781307,9.962696875508422,-0.0,1
1,control,94ade7de182e6f2a124f,27,1.0,0.000576739776862958,1.958530008631462,7.088898782269192,-0.0,1
1,control,cdfe02c71fe119b6c829,65,0.0,5.074556743553052e-09,1.8181503884721357,6.160453459998117,-0.0,1
1,control,c600aceaf24b26995ffc,63,0.0,2.903413881464981e-06,2.3890826698204224,10.903487256103062,0.3131552243991536,2
1,control,db325878a03c8eb51800,10,1.0,3.6333724407070177e-07,0.00563180037038064,1.0056476887708496,-0.0,1
1,control,244e82179ae1d2a3a28e,15,1.0,9.09385228432093e-06,0.7571670743711592,2.1322272152267687,-0.0,1
1,control,ee0c5ef43070a263b1fa,25,1.0,0.0026768249101302936,2.716002462990408,15.119759476567095,-0.0,1
1,control,b7d5f4c34f73404be85b,6,1.0,0.011388060499297345,1.47440537816375,4.368437432203771,0.01921739873134377,2
1,control,83dba251f8a20b3fbde3,78,0.0,4.6169965619651963e-10,1.4181790377506183,4.129593755093131,0.732289199720438,3
1,control,e80ae5bdbe941c14972c,6,1.0,0.07849042524374511,2.6363084397478707,13.96156838819108,0.003225672812756088,2
1,control,e2614d339bc9aa6914c3,80,0.0,3.006898760444688e-08,2.165001543894741,8.714615371289696,-0.0,1
1,control,f293e22e13851effbe49,52,0.0,5.40371885932509e-10,0.8875856701369735,2.429257536515827,-0.0,1
1,control,5b5d5fc8134d52da977a,11,1.0,0.01779406677207443,2.214649021310345,9.158194216456266,-0.0,1
1,control,70a2ae4667672add8dfa,88,0.0,4.6397944441552794e-08,2.2823173028332726,9.799362208890969,-0.0,1
1,control,17e4e78e1f893078b40b,65,0.0,1.4021402787587119e-06,2.059041584830357,7.838453716176333,-0.0,1
1,control,5b7651d4e656be2fe151,2,1.0,0.20684951741406443,2.2182477902480127,9.191211817050666,-0.0,1
1,control,70dbd8e1a3ed0072590a,8,1.0,0.017602486728002197,1.5709190548841954,4.811067797892562,-0.0,1
1,control,9f4af663d82de4a667f0,100,0.0,1.682421430426979e-06,2.8920928288963292,18.03100595207191,-0.0,1
1,control,fae14267664a39587ce4,39,0.0,0.0004090343731620166,2.967431903849026,19.441926693108,0.17147552804097738,3
1,control,39f2970fe4b7add3a03b,4,1.0,0.0796231002022259,1.738810483785486,5.690570369418029,-0.0,1
1,control,d7cc00e5c0570e177493,50,0.0,0.00037251475028356364,2.8372137949081497,17.068143876718747,0.15283610883912097,3
1,control,ea1aa711fcec9b1347aa,29,1.0,0.00011755809855631326,2.092644804234941,8.106326484064343,0.020656384894199586,2
1,control,83d69f4e77b11a7a1460,26,1.0,4.187937095010152e-05,1.4678684147632872,4.33997424934162,0.781186225354977,3
1,control,159f79655e501c6548b6,72,0.0,2.532795091876628e-07,2.0233869004929037,7.563899775369788,-0.0,1
1,control,7a5f9755b2b808b95db3,77,0.0,5.4820328591228675e-08,1.6007208510177566,4.956604110031173,0.0016730209184556428,2
1,control,da33b959bdccc5cc4ac6,8,1.0,0.011902830153000287,1.4787079939697723,4.387273633557264,-0.0,1
1,control,d5c80011ca15fbcd7763,60,0.0,3.824973257783543e-08,2.0421690782809048,7.707308837123009,0.6940377110690348,3
1,control,eaa0c06461fca2288e0b,13,1.0,0.00027102085866290046,0.8241557419932284,2.2799550822237475,-0.0,1
1,control,8b55e84a663bfb8af59b,109,0.0,7.759822087563962e-11,1.911112495027326,6.760605756752787,-0.0,1
1,control,0523488ecd76f7a66b3f,92,0.0,1.7902607288988827e-09,1.9751538729969569,7.207728643304109,-0.0,1
1,control,2ce4c13ce00ba98da453,90,0.0,1.3881891212756147e-15,0.011713281765203469,1.0117821508818405,0.006176764274551664,2
1,control,e8600e3be9868edd5911,19,1.0,0.0006328627272878309,1.3629562593805589,3.907728501912935,-0.0,1
1,control,c19854ff69a3e4e69173,114,0.0,3.5833561527519916e-11,0.283969079712857,1.3283918558601526,-0.0,1
1,control,8fe7945b8d25f8b5670d,22,1.0,6.309716732364314e-05,1.809544408411912,6.107664197838262,0.6419625255803088,3
1,control,6a42b4cf79cdd775cbf8,37,0.0,0.0003414682823469234,2.8131547746912426,16.662401511359725,-0.0,1
1,control,5da28245f3752c6b61c7,2,1.0,0.2872052282757827,1.209643098953904,3.3522880039237375,0.00206846469275505,2
1,control,c81bb3e92d0a6621a993,11,1.0,0.00503232371947413,2.01861169817308,7.527866724639697,0.04392455703273249,3
1,control,aca49218821c4080028f,24,1.0,0.00017416356452105826,2.2744923306922527,9.722981700016017,0.24788629989485086,3
1,control,574ce306b5c270d5a852,86,0.0,7.723090645647105e-09,1.5589324998513872,4.753743913259873,-0.0,1
1,control,c30fd6bf1c1bbea154b5,44,0.0,1.959884154028833e-05,2.3463864405805452,10.447747872391696,-0.0,1
1,control,dcdf831510c69c76dd84,52,0.0,6.592399518142376e-11,0.07271011164691288,1.0754187403562707,-0.0,1
1,control,2b888f4d84b969a5381c,13,1.0,0.00040535773534920754,1.9432038968542271,6.981081844788053,9.480445679215211e-07,2
1,control,5035a13358d151d34181,25,1.0,0.0007569510740682097,1.9932581399982376,7.339407666610863,-0.0,1
1,control,edec4a91c0a482f6f5b3,32,1.0,2.1874341420169562e-05,1.085913847571032,2.9621455317457923,0.0031521054463302008,2
1,control,208ea89e979cf8a161e8,71,0.0,2.2364335692116642e-07,1.9581474642764682,7.086187482686152,0.7087966282363265,3
1,control,6312491e41bfbfcf4d16,43,0.0,5.384946296798558e-05,2.337456647752835,10.354866969188782,-0.0,1
1,control,fdf64351ee9c3a132fa7,3,1.0,0.003837895003173137,0.1606090176842149,1.1742257775381306,-0.0,1
1,control,54298b63e98a4c765f49,85,0.0,2.463479218010234e-06,2.268834567941932,9.668126700943738,1.01471280618166,3
1,control,73d5b3f423fbbe3d4d6f,22,1.0,0.0018665142164226247,2.2252412973633016,9.255715914319824,-0.0,1
1,control,1ef0c6463503237e5869,28,1.0,0.00011713026522489509,2.0263635706965033,7.586448553943224,-0.0,1
1,control,b3dc05b42e62ba419de7,69,0.0,1.5951538655263776e-07,2.0331249221344168,7.637917000833846,-0.0,1
1,control,276d4a9630084f170b91,72,0.0,1.146492244542967e-08,1.6682752317015817,5.30301343541458,-0.0,1
1,control,5cd55e586c0fb571d9c5,6,1.0,0.017598164084333172,1.2310022316064944,3.424660119496315,-0.0,1
1,control,4fabc2fb476baf6a81e1,7,1.0,3.339531120929094e-05,0.012941419789903997,1.013025522373672,0.02177187318465788,5
1,control,cfaa600d7119f9a3b90b,4,1.0,0.05437577865670047,1.0403679812016826,2.8302583046041905,-0.0,1
1,control,425ccc801a0bcda731f7,34,0.0,3.898778275757998e-05,1.6825369125095173,5.379185197953929,0.4045114935226058,4
1,control,9781915e10076de2175b,62,0.0,4.654698671102978e-06,2.4111997206099276,11.147326803646072,-0.0,1
1,control,1eb7ce10678adfc75dee,55,0.0,9.010814575547372e-09,1.0804481806863173,2.945999595354787,0.2732696634723917,2
1,control,c043ebd0563135299f9b,46,0.0,8.16276337346797e-05,2.4374765710090043,11.44412583686897,0.7075408473032074,3
1,control,c93ea954ed7273bd52d9,10,1.0,0.0007435176636497916,1.2776110016559468,3.5880576146268877,-0.0,1
1,control,c10cd159b11a27b3b2d3,89,0.0,1.4816810337164131e-09,1.7157930210851795,5.561083820916013,-0.0,1
1,control,9729e796c1709f4c4031,116,0.0,2.6188259423059803e-17,1.3329781175960462,3.79232056345574,-0.0,1
1,control,be61c5b6f5151aeee3c7,50,0.0,8.979514015364451e-08,2.0254801975222283,7.579749847966844,0.5144699167799431,3
1,control,4fef6e648145176fa50a,7,1.0,0.02864761907300895,2.1732024026984025,8.786376550943233,-0.0,1
1,control,9c2d14a854125f7b8a28,21,1.0,0.00022085198543134437,1.8924066140103024,6.635318130836908,-0.0,1
1,control,cb1c0b23cf6ebcc0298d,90,0.0,3.591604058380721e-09,1.465842768729583,4.331191895689993,-0.0,1
1,control,1ee9b030ffa14c7e2ed9,74,0.0,9.954633024287335e-07,2.2493396566565305,9.481472741278548,0.8369630193049034,3
1,control,04be1fcc5c6289055791,34,0.0,0.0001474808058366694,2.3981831406327094,11.00316700199486,-0.0,1
1,control,b1424b7404bcd8974f34,17,1.0,0.0063560080994563605,2.3389507160422656,10.370349410601056,0.12963210098018071,3
1,control,b82123efd7dea3bda35f,1,1.0,0.4207948851256591,2.157452593917935,8.649076860489215,-0.0,1
1,control,45bb2e0d88c5a6ebb32c,1,1.0,0.22311444573447467,2.41209224625071,11.15728051995726,-0.0,1
1,control,a2cd2c09d72366ba8caf,23,1.0,0.0002715289082134268,2.0103798617728987,7.4661529148062025,0.37052765995051246,3
1,control,c98a43ddee6613faab65,69,0.0,4.895036714456371e-08,1.7076866901078633,5.516186058793153,-0.0,1
1,control,e45c7f6d5329da76e835,93,0.0,3.6239203298610156e-08,2.1228779327834486,8.355148475819304,-0.0,1
1,control,ddb3ce228d2d809808ca,88,0.0,1.809842105037202e-08,1.6462860191065922,5.187677070811471,-0.0,1
1,control,8e384e24af4ef515fc14,44,0.0,4.1195384342831655e-09,0.24898682608302672,1.2827251344440804,0.08464439683129478,3
1,control,b72caf47f7bf8a8bbaa1,25,1.0,2.224751240354008e-06,0.6239398091675672,1.8662663097829955,0.4923870665884291,2
1,control,10708df2eeb640a373e8,27,1.0,2.195681099013833e-05,1.657317257420354,5.245220376305217,0.2946377337085573,3
1,control,360ffcf944eed8b1c494,56,0.0,2.105452171764639e-09,0.5153839164580974,1.6742811625193956,0.2798770790353895,3
1,control,9f2103af7b276f833477,24,1.0,0.00022728238907402518,2.082767937329693,8.026655473946787,0.2887523377006104,3
1,control,1a5ce236777a6493d1bf,31,1.0,3.4411803878671495e-11,0.0032995967073948438,1.003305046368857,-0.0,1
1,control,db3a5f3ccb2bc313172c,14,1.0,0.0011536333871704327,1.9201958758022335,6.8222946608624495,-0.0,1
1,control,a5dfa2cb2cd841c546dd,4,1.0,0.04001034538974534,1.290883929327706,3.6359991019534648,-0.0,1
1,control,b02695d5bdac14066eee,32,1.0,7.087360522618709e-05,2.0834694963104243,8.032288621941508,0.06754010846469682,2
1,control,bd44ab262620253ffba5,28,1.0,0.0007766650583181298,2.3865064274085563,10.875433382102843,-0.0,1
1,control,4a91b91d738b1867955f,7,1.0,0.0130482978856255,1.1260313316264494,3.083395212662447,-0.0,1
1,control,b07b916de5f8b78101db,41,0.0,8.930882918332693e-12,0.011064869422137559,1.0111263114968694,-0.0,1
1,control,47160869ae64afc13221,45,0.0,4.4286477397684245e-08,1.9074696725146634,6.736022872629593,0.40013058250645456,2
1,control,cd31284b297a778aa92c,4,1.0,0.005288704344981819,0.17226336941709783,1.1879906724268716,-0.0,1
1,control,23c44349c0f6271a5288,101,0.0,3.053657758495961e-10,1.9854179619907002,7.28209038647412,0.659778920125772,2
1,control,feebc95648fd587f735e,28,1.0,1.1022667576029422e-06,1.0848211925298248,2.9589106960993172,-0.0,1
1,control,29fbb3ded159e2837076,24,1.0,0.007145412585719295,2.8670156169182923,17.584461045459665,-0.0,1
1,control,d2a5f63d4cda7d9470ee,9,1.0,0.0004076016092734334,0.7103758683354695,2.034755915251598,-0.0,1
1,control,d15832281cf04c100401,7,1.0,0.014412175970283084,1.0982900116743002,2.9990333247955276,-0.0,1
1,control,571c0af8675223f6dd19,58,0.0,2.6811230936695007e-07,2.0038173312369705,7.417316478886859,-0.0,1
1,control,d31127c2e506f3c499d8,25,1.0,7.265942472765919e-06,1.3572469638046902,3.8854816921015063,-0.0,1
1,control,be302f7153059295ca43,32,1.0,0.00015603391330787546,2.307521511450577,10.049486226435146,0.1707528583028697,2
1,control,e6f8ea089bcbf05f931e,115,0.0,2.337737333301158e-18,0.007690663131790078,1.007720312239857,-0.0,1
1,control,83d8ebe9c21baf573178,19,1.0,0.000437908630326411,1.6888993474937812,5.413519021583518,0.18218509270970473,3
1,control,c32e25a7d4069709d28b,21,1.0,4.421076543639535e-10,0.0028790935047916222,1.0028832420749147,-0.0,1
1,control,300cf3812169f279cd5a,112,0.0,2.5322861903223736e-08,2.237405944858551,9.368996045247556,-0.0,1
1,control,50336e8ae225738039fe,7,1.0,0.018681554142075885,1.5309684896400622,4.622651645268225,0.004401281793276987,3
1,control,b821b3331f776d8bf887,96,0.0,1.4540724746910748e-09,1.3199840432651047,3.7433616449549114,-0.0,1
1,control,85766add2ca3abd7de29,1,1.0,0.6544856811608555,1.0552294181284503,2.8726341126517614,-0.0,1
1,control,7b5ecadc1371bbcca841,31,1.0,2.7223900184541837e-05,0.9084492935174865,2.4804730637977626,-0.0,1
1,control,e5d586ca55ffc42da51a,59,0.0,2.6045454461629196e-07,1.8642734793502667,6.451247218669748,-0.0,1
1,control,dbf75f0ea3196a5b8b00,10,1.0,0.0003806545396213606,0.34803856809438705,1.4162868721724402,-0.0,1
1,control,715dc08311a316786a07,1,1.0,0.5126117829345217,1.1973651514096098,3.3113804320621836,-0.0,1
1,control,23ab437e39cde13786f1,29,1.0,5.8124985096186545e-06,1.7796581816632002,5.92782983131476,-0.0,1
1,control,e74a8a512043cb5b5d1f,92,0.0,3.853313341327686e-10,1.35298447011897,3.868955098196455,-0.0,1
1,control,3beae05d3e898ccb72df,41,0.0,2.1324913466596317e-05,1.6920613858273548,5.43066386829535,-0.0,1
1,control,b71999890875cc0fa3f4,8,1.0,0.0010019704217193936,1.1674064844932983,3.2136471773773057,-0.0,1
1,control,1a9c9f88a4446cfa87ac,22,1.0,0.0003165612690752292,2.005690162516944,7.431220877434108,0.09543087376722609,3
1,control,f70105e866c214417a02,79,0.0,3.455760604181149e-07,2.3370260652086543,10.35040930398982,-0.0,1
1,control,fd53e254927807335a20,3,1.0,0.0015796124475921873,0.06504678672561166,1.0672089544286731,1.0276501400430977e-05,2
1,control,f0a74700dfc5bab4258f,4,1.0,0.046064190198739814,1.4107758930937746,4.09913466080378,0.0004021216871649737,2
1,control,9322090e26b810a7fdb0,56,0.0,6.042292954920473e-07,1.9145968206863349,6.784202995219652,0.23872621360892232,2
1,control,289802620d8f8496057c,13,1.0,0.014657979940057315,2.4253788233062004,11.306511778273112,-0.0,1
1,control,7840c5631f4605dcf991,32,1.0,1.252681602141425e-10,0.006333376812062131,1.0063534750504866,0.032446637417472744,3
1,control,a9eb854227232bc76563,26,1.0,7.071192857338551e-05,1.73709002261986,5.680788381265432,-0.0,1
1,control,0c2c932ba902d005ba0d,7,1.0,0.012653761267853145,1.3119524842563173,3.7134170269623974,-0.0,1
1,control,bd43fb7d21dad17f3f3f,30,1.0,0.0004927202792930362,2.7086427143739673,15.008890332636302,-0.0,1
1,control,c11f5e113fddb86950d5,65,0.0,9.061606497068684e-07,2.228237475439279,9.283489273607907,0.6196316788458168,2
1,control,cf3baddb617eed0396b0,4,1.0,0.0001917229102423383,0.008207119591283283,1.0082408903208613,-0.0,1
1,control,950b439aa8892f2cc982,4,1.0,0.050322863472838986,1.2477502934330889,3.4824995359961366,0.0007533934266854619,2
1,control,d4095ac50f9f8942c966,6,1.0,0.06255157357667475,2.9076738580158676,18.314147672426976,-0.0,1
1,control,82da3ab878cd503cabcd,7,1.0,7.515057375996961e-07,0.00407552598348817,1.0040838422333687,-0.0,1
1,control,3bd96be610366f02d8ed,10,1.0,0.007807845475973625,1.8694524289408712,6.484744568484036,-0.0,1
1,control,0275f98eede9fed5cca3,5,1.0,0.02992856980255002,1.6492698766092284,5.203179476943873,-0.0,1
1,control,6565f139671bd035843f,10,1.0,0.007658626176765497,1.5860066449682935,4.884205565633642,0.005742481425060745,2
1,control,ed6be4c43d8c18be5b94,29,1.0,0.0005258996746913715,1.9918827954012288,7.329320390261925,0.2346133985936663,3
1,control,0090a232de93e6469d04,7,1.0,0.010998264580579979,1.226687641815596,3.409915946309726,-0.0,1
1,control,168978705d57281e8a6b,32,1.0,4.840468298528119e-11,0.003390989335698661,1.003396745244272,0.03360358517891119,3
1,control,d38744c3e8e109d43fd9,73,0.0,4.805985475694275e-07,2.279365576911602,9.770479824854224,-0.0,1
1,control,78f2c06d7a156823dac6,27,1.0,9.927569425631908e-08,0.8740284959612759,2.396545908617461,-0.0,1
1,control,3d5dae19ee548d12fcc8,31,1.0,8.651780828838669e-05,1.9369368244669938,6.937467708749085,0.17928447353801025,2
1,control,6c3695cb80311d1ab4db,22,1.0,0.00042093885979498525,2.0447664401319265,7.7273535274586544,-0.0,1
1,control,8b4a0e1a3fe4f9df1ca9,25,1.0,0.00022236445056184474,2.090340669570284,8.087669918083618,-0.0,1
1,control,e102c45843bd450b33dd,7,1.0,0.00735928227064273,0.95045643552984,2.586890138460026,0.28889043637227296,2
1,control,0778ba3bda71761df9fb,34,0.0,6.428954375882151e-06,0.639852086372577,1.8962003846837547,-0.0,1
1,control,a11dcaaa1815d94f2dd2,66,0.0,1.852556475600521e-08,1.174149157919818,3.235388967325392,0.4339013168132865,3
1,control,0ca7148d0b34a678841c,56,0.0,7.592393836819809e-08,1.7484108731834602,5.745465144845595,-0.0,1
1,control,985a831879d1d5eb95e4,7,1.0,0.01415010342215788,1.9349798462756584,6.923904511509225,6.292568320330615e-06,4
1,control,a3e17063eacf8f001676,11,1.0,0.009099094169433499,2.226308763012452,9.265601348358596,-0.0,1
1,control,726a974f34b3e6a69e08,74,0.0,1.6057594969569372e-08,0.9065815149930587,2.475844413471242,-0.0,1
1,control,ab2b45ce65a139358d19,11,1.0,0.0049580286320352555,1.8256112503041215,6.206587638448474,-0.0,1
1,control,06dd7cc987ed9076c020,32,1.0,0.0001943610538696461,2.3481660306027035,10.466357133776167,0.42355081216772544,3
1,control,0c5fd49c906130807aeb,68,0.0,9.120873271793108e-09,1.4607514499295777,4.3091964573722725,-0.0,1
1,control,c8c90e6c24337ea31534,13,1.0,0.002347016380710041,1.8387912338600467,6.288931816910012,-0.0,1
1,control,fe53155ef0a4932dc223,25,1.0,0.0007374367511006489,2.032420518174841,7.6325387163203855,0.43423157525412165,3
1,control,ce8f9f818202541af586,76,0.0,6.967157475048443e-12,0.39070029970902026,1.4780154853576104,0.1605605941469341,2
1,control,58ca790b7e449d196844,5,1.0,0.02525723856022597,1.4133986064854425,4.109899626712364,-0.0,1
1,control,fb177781bc906efa216b,18,1.0,0.006775282226724056,2.628904608176433,13.85858100843079,0.1571458730022644,3
1,control,7f64697c3fca381c3736,46,0.0,1.1273696626075867e-06,2.0633991821953233,7.872685070497782,-0.0,1
1,control,cf4083c4fcad419610a9,15,1.0,3.43256502519633e-06,0.07642095967364981,1.0794168695036832,-0.0,1
1,control,1062de1df9f08d87354e,33,0.0,3.2055837963441963e-07,1.5878903961215765,4.89341486479145,0.10065993657542628,3
1,control,98101c5bcb2ebb0be283,41,0.0,1.3504318369685163e-08,1.2979191324123085,3.661669285652148,-0.0,1
1,control,7070cb8adeef0230ceff,33,0.0,3.443120163276829e-05,2.1520624696896538,8.60258267902615,0.591025718197509,2
1,control,fe2ad70479f404252943,28,1.0,1.1429027725357881e-05,1.9568975576711003,7.07733594309594,-0.0,1
1,control,6b58a51742e0ea8ba418,42,0.0,1.3068464213253213e-07,1.258966556477164,3.5217800453004453,-0.0,1
1,control,555ea7b3858a13cf4068,7,1.0,9.501136029927354e-06,0.018915419025513837,1.0190954488858697,-0.0,1
1,control,8a981c15533807e6c1ca,113,0.0,1.813725294361204e-14,1.1474405982050913,3.150120160199544,-0.0,1
1,control,73a84fb21dde1ed62733,37,0.0,3.479029159321615e-09,0.026497691221856655,1.0268518764857766,0.0940635546615644,4
1,control,6b3d1d3d89381815b4e7,31,1.0,3.4707539065340663e-07,1.1236314074598657,3.0760041704942833,-0.0,1
1,control,daa5fcd12d84b4acdfca,32,1.0,0.0004520352090528357,2.6311631318141084,13.889916313666824,-0.0,1
1,control,ec2c0e335dde0a9d2860,18,1.0,0.004805891239157107,2.2778550533135404,9.755732425465863,0.04393569045616,2
1,control,17f2d8aaf54e7894b35b,7,1.0,2.9933596528355643e-06,0.007794025277567031,1.0078244777569663,-0.0,1
1,control,90e907e4e06212b6f1c2,11,1.0,0.005733096075031545,1.9781310936640586,7.229219617796139,-0.0,1
1,control,e4436bcc85677b3e8b7e,44,0.0,4.1872712163193833e-07,1.1931177753684297,3.2973455808963927,0.3002071269187849,3
1,control,81e1a72cb45e51f34b7c,35,0.0,3.983431190729543e-05,2.0787239623488554,7.9942614245399675,0.024905138029169632,2
1,control,e04eaab9cf897cc95b3f,26,1.0,0.001799035341417346,2.7399949549671776,15.486906964188893,0.27110983346330153,3
1,control,e1cf410b0a2f7cec53eb,39,0.0,0.0002088618247558622,2.523299559781394,12.469673291395313,0.11441584470006938,2
1,control,2d71bc0ef4c8625fd71d,32,1.0,1.231276109145495e-07,1.0868264179478648,2.9648499317999377,-0.0,1
1,control,c1f659171db6051bb24d,35,0.0,1.708328738382254e-05,2.025220978084502,7.577785284110717,-0.0,1
1,control,ea74450ff2b16ddb2a72,31,1.0,5.649146060240938e-12,0.0013691151727841932,1.0013700528388378,0.05219818366116176,3
1,control,83e968762fc9bd27ec91,77,0.0,1.6258127537450544e-08,2.0705421921355285,7.929121059669277,-0.0,1
1,control,c4db4640c8e2068a365b,5,1.0,0.004084244031007555,1.2019556934121534,3.326616406957591,-0.0,1
1,control,0fd4a40dd83ef307ddf5,57,0.0,2.1022915350219043e-09,1.577822002398376,4.844393235931859,-0.0,1
1,control,55b6b62ac3d6768d8185,69,0.0,9.91957782864404e-09,0.3244653297629652,1.3832908437799345,-0.0,1
1,control,b96f18a9ffed7689f215,12,1.0,0.0012204938412350814,1.9629493731012295,7.1202965376377065,0.03789195965851501,4
1,control,7583516b19c42e7d16a0,36,0.0,5.6412931929459907e-11,0.01637701049481373,1.0165118488083478,0.022773199734757932,3
1,control,bdee65fe34d9b0e768f6,11,1.0,0.0014692920366882892,1.6020484468669443,4.963188847041339,-0.0,1
1,control,548f255842c96101ae5c,7,1.0,0.009559486554206345,0.8458690906475312,2.3300019177537075,-0.0,1
1,control,af582908a5a3922600a0,89,0.0,7.950249267178717e-10,1.5239577274042213,4.590356672149941,-0.0,1
1,control,a6516c31578a88b71242,26,1.0,7.353651963722951e-06,1.5137455231429227,4.543717561572219,-0.0,1
1,control,6bcdd31e916c525ef8ee,6,1.0,0.006567684287254416,1.263105339469492,3.536386133519802,-0.0,1
1,control,7944d479dd21b97b5adf,35,0.0,0.0002865722134447772,2.3513281863644035,10.499505768241754,0.4111995820529755,3
1,control,e69e45e86980938697e7,13,1.0,0.019121792688918386,2.79392031275107,16.34497176526106,0.02101084154097531,2
1,control,ea80ead46a8ac55d4f26,19,1.0,7.271868159560158e-05,1.315050980104252,3.7249408782850995,-0.0,1
1,control,91d6a5a04567a3892e7f,48,0.0,7.543841124792043e-08,1.0056104391853633,2.7335754451831247,0.1426760353536896,3
1,control,7164c245e901b9fad54d,2,1.0,0.19082514294531605,2.311365266686883,10.088188324786604,-0.0,1
1,control,eb68cd553cf29d146e56,81,0.0,6.123309334969495e-05,2.489753946655088,12.05830876818982,-0.0,1
1,control,97607421b8607b8f06bb,99,0.0,1.9613593462592082e-07,2.310732913325296,10.081811041547855,-0.0,1
1,control,485a8e227e846366239a,71,0.0,5.876243000234807e-08,2.097579371424835,8.146426553637456,-0.0,1
1,control,6d53845726102912264d,18,1.0,0.002999271912141463,2.4510463777739004,11.600478853957743,0.08587216213431252,3
1,control,42932f35bb872625d11b,43,0.0,3.820433295083007e-08,1.49452146033323,4.457203093932883,0.27650991273792963,2
1,control,40e49aa33c666df54a5e,37,0.0,4.543038756074512e-11,0.007788667788519167,1.007819078362828,0.11205054675378996,3
1,control,b93ca1bed4aab9c45cfb,76,0.0,3.909732104803557e-10,1.6580388711927638,5.249006765559093,-0.0,1
1,control,9f4741e042db6167d5c6,116,0.0,4.608956801185971e-09,3.344338676631704,28.341826355588978,-0.0,1
1,control,eec6e7bd245e7cdf2257,47,0.0,6.570935000988704e-06,2.004002992510815,7.418693715158602,-0.0,1
1,control,7b6bf458ff2123f8d3cf,7,1.0,0.009389397008544853,0.8971323306539398,2.4525598863582156,-0.0,1
1,control,8703c6a1add4701870dd,30,1.0,9.67608154170881e-07,1.4981824216899882,4.473550647842206,-0.0,1
1,control,69d5e7bf846669b6644b,34,0.0,6.670083892330244e-06,2.045271483202571,7.731257159480293,-0.0,1
1,control,74d5add664872eeb8da4,63,0.0,1.95536143483738e-08,1.4133697858600272,4.109781178541612,-0.0,1
1,control,d2d3f7a76ae386833fa7,74,0.0,1.4567802024873047e-07,2.350502149488229,10.490836370409685,-0.0,1
1,control,4bde3657d7d5da03db26,57,0.0,3.299352268334534e-06,1.9489860460669728,7.0215644270579824,-0.0,1
1,control,512deda84a719f7419ea,29,1.0,6.3144517777311725e-09,0.061014507652718514,1.062914334467373,0.17328885302966407,3
1,control,8b5f228e369b54cb8a20,64,0.0,3.110585803249725e-09,1.6502161827881734,5.208105608279715,-0.0,1
1,control,6e272a14fcc60243c326,47,0.0,4.7031196984815503e-07,2.059384153513013,7.841139384926681,-0.0,1
1,control,482b7bc2470792b3eef9,31,1.0,3.310948554950442e-10,0.007022947391313567,1.0070476661185694,-0.0,1
1,control,ddff56e2c6de482b0bc9,30,1.0,1.2033008645808394e-11,0.0035368604291161525,1.003543122500478,0.13510452355926883,3
1,control,f6aff5eee5f19ae4b4d0,32,1.0,6.706840522530964e-11,0.00446896268162476,1.0044789633873936,0.10346100392765768,3
1,control,b5e136345ec3f2fa5e2c,6,1.0,0.021955110758805164,1.5680748027580316,4.797403349858826,-0.0,1
1,control,bfad15d88596cab73ec0,33,0.0,8.122458773292714e-12,0.002567014579855839,1.0025703121828438,0.09470709731377482,3
1,control,3948de97d50c5d6cc37e,46,0.0,6.040782517470633e-12,0.04966852617523399,1.050922685272613,-0.0,1
1,control,c921e5415ee91b176f8e,32,1.0,1.0300161814495832e-05,1.0980569040776962,2.9983343088211813,-0.0,1
1,control,3ee93a31437e17150d27,60,0.0,1.373774208119684e-07,2.106758128768113,8.221544845083068,-0.0,1
1,control,ecd2d2239d4a48dcf080,29,1.0,0.00010796020200229269,2.0805196176503324,8.00862925842627,0.5608310547504494,4
1,control,a73734d1bd43f1e18f46,57,0.0,6.070806785359107e-14,0.014821581858257507,1.0149319661851748,-0.0,1
1,control,5117857e9b4fe47b12ee,89,0.0,4.89675658460098e-12,1.0292853310993164,2.7990647152123573,-0.0,1
1,control,b399be817650c526ba66,92,0.0,1.6039067722030853e-08,1.9721699816746703,7.18625361985378,-0.0,1
1,control,3d5cf849838e9593e5af,55,0.0,3.2901584018059206e-14,0.0060410097842977266,1.0060592934826964,-0.0,1
1,control,4c7e6b2e59b287c66e4f,5,1.0,0.07177121472796871,1.5754243953511642,4.832792197493081,-0.0,1
1,control,dcb7176abba1f89a660f,108,0.0,1.111900227500734e-10,1.6119418763060642,5.01253550703856,-0.0,1
1,control,57185b25b522b0f4ff22,64,0.0,3.3711654079177403e-06,2.4742458885573653,11.872750359427057,-0.0,1
1,control,19350220f29d27ced781,14,1.0,0.003147115795490711,1.9564392678875657,7.074093215449808,-0.0,1
1,control,425c82979a29a4f46031,64,0.0,1.6192210278370183e-08,1.1867720286801662,3.2764877104703336,-0.0,1
1,control,e067cd26286f3c9a543f,9,1.0,0.033826302929538345,2.773882025000024,16.02070623099057,-0.0,1
1,control,534f520648bbbab541aa,62,0.0,1.2953919258512059e-14,0.006203201533313304,1.0062224812326153,-0.0,1
1,control,69dc92bc496291df0a7d,4,1.0,0.001595755550073223,0.2314636120716715,1.260443460816822,0.15982692783459715,5
1,control,052ab7b30e358b2a1dcd,16,1.0,6.972821584259502e-09,0.0051190732439999834,1.0051321980855568,-0.0,1
1,control,9adc6f692292aab62be7,105,0.0,1.1674024361045821e-07,2.1814562483912336,8.859198062534526,-0.0,1
1,control,467c7bab7dd29718f744,70,0.0,7.521836395614529e-09,1.8713040707298891,6.4967631161067825,-0.0,1
1,control,6fcb0cb47b1bbcea5e76,17,1.0,0.0008363306678382984,1.9361004876336922,6.931668074536325,-0.0,1
1,control,7ff999fa12e6fbc53ffc,11,1.0,0.004468757615430085,1.8824080951903432,6.569305342624672,-0.0,1
1,control,ca787c996fa5e4d0adf7,22,1.0,2.704591716903731e-10,0.005502692709767075,1.0055178603314543,-0.0,1
1,control,b046b55c4b9b1c55fd8c,5,1.0,0.0452484330411743,1.8062484288566023,6.087566600340874,-0.0,1
1,control,b9204dc01c2dc1629b4c,71,0.0,2.457575034308793e-09,0.9102939568920301,2.4850529244620168,0.08686417834030301,2
1,control,8fa8ffcff3457eee9086,86,0.0,5.30053690384332e-07,2.360177544546288,10.592831985038373,0.6378943715598704,3
1,control,8c5d84b6536eb7926956,1,1.0,0.6183204824270219,1.083340524510023,2.954532773582923,0.0004422408518479788,2
1,control,1c449e20ff612dc5bc79,50,0.0,4.710444317910758e-10,0.20181268120389578,1.2236187798459157,-0.0,1
1,control,634371a54d39e2c8df0e,39,0.0,1.269796652638516e-05,2.1618627128479018,8.687304550449985,0.010844950052519065,2
1,control,a2f2f7c562a1b45e6774,6,1.0,0.004440128648720463,1.220930186633126,3.3903399162068055,-0.0,1
1,control,bbc470c61a4ceafdc153,32,1.0,3.6662044976096746e-10,0.009384242693066588,1.0094284127579467,-0.0,1
1,control,18bd447a049abd1b359f,117,0.0,3.708686057754104e-13,1.3816846497922606,3.9816035883391967,-0.0,1
1,control,8e84d7bb391741fe291f,11,1.0,0.0016069464104493153,0.7473360453525973,2.111367929722638,0.2988115894648543,3
1,control,6652e08ca13e7ba7369e,111,0.0,7.843363521603999e-15,0.11476550761080731,1.1216103976308278,-0.0,1
1,control,6670a54cd7b545ec4e45,103,0.0,3.117193888157442e-09,1.940383963541711,6.961423390328876,-0.0,1
1,control,7f74f09e8b15b0e2be24,37,0.0,1.5872194505964388e-05,1.8038678419480954,6.07309185501798,0.17743783087032677,3
1,control,204b463e708b9c74b6fa,71,0.0,1.2645626426399085e-09,1.382389406156496,3.984410637834756,-0.0,1
1,control,166e6f5a385bcaa39daf,4,1.0,9.689930153217051e-05,0.008491477844869293,1.0085276327064767,-0.0,1
1,control,80d21b56e58f999cea78,67,0.0,1.3253155989404882e-10,1.3154006531732747,3.726243617547081,-0.0,1
1,control,3509a3e96a94d669c72a,26,1.0,4.702914446519868e-05,1.1570102532827389,3.1804104261237858,0.0076481471763876875,2
1,control,adc9d5a15c17c341dd3a,2,1.0,0.006872302005915626,0.06092248888782769,1.062816530903081,-0.0,1
1,control,4447a5a2ab589825a0bc,71,0.0,8.027680979781484e-07,2.35071072617772,10.493024742543591,0.5425935115465121,3
1,control,f26856e00e320cb81c9b,14,1.0,0.0008320106647910963,1.5919794812654098,4.913465421095504,-0.0,1
1,control,e634e7d94ed583649891,51,0.0,1.5992328975263834e-07,1.989365708868758,7.310895055424673,0.762217669092078,3
1,control,c4ae41293505733a5131,80,0.0,1.6751183613557416e-09,1.878816439372078,6.54575298017745,0.39790467006301194,3
1,control,cc5a48f8f1012e46f9f8,34,0.0,2.990583956287225e-11,0.004712294343737465,1.0047234146632733,0.05392631989607507,3
1,control,910a96b440ccbae7669b,83,0.0,1.3898996828021392e-07,1.76802661503785,5.859279331408624,0.25776225382594353,2
1,control,1e1c4c50d7ed6b0b8212,35,0.0,1.651354381499143e-08,1.052185612104215,2.863903665268871,-0.0,1
1,control,353f41817b0e1e5ba521,74,0.0,8.487898876072291e-07,1.9966632844733463,7.36444200866371,0.755556028658747,3
1,control,304d5c8aa2fbe373b3e9,31,1.0,0.0007334737836094143,2.349003719008499,10.475128353059485,-0.0,1
1,control,371dea23c895a8dba3dc,49,0.0,9.444535403325397e-10,0.18135748349405517,1.1988436695233513,-0.0,1
1,control,b9f875570dc1e530a972,4,1.0,0.04866779724193461,1.5757046018924565,4.834146567222292,-0.0,1
1,control,1916fb82806608853146,92,0.0,2.662441189383606e-09,1.480752823078855,4.396254036958649,0.02838946586316017,2
1,control,eb502cc7a3d71606b508,32,1.0,2.0658855144192746e-05,2.0114261939442346,7.4739690792361255,0.6672800612200463,3
1,control,52026f55866815898217,20,1.0,0.002874042350168718,2.4236663124560587,11.287165823981859,0.1509205301896638,2
1,control,ad1ac1cb2d50bef19a59,33,0.0,9.028764194264335e-07,1.6852163408923773,5.393617666197883,-0.0,1
1,control,82efabdc004ef00fcd39,26,1.0,0.0015421866222864056,2.391072796333747,10.925208181705097,0.05685611350608535,2
1,control,0e0c81052e0499aa711a,6,1.0,1.5513986826528125e-05,0.004280670272426057,1.0042898454286846,-0.0,1
1,control,18dddc8b3865ae4a3526,97,0.0,2.91516884280852e-10,1.3497791313744807,3.8565736405033375,-0.0,1
1,control,376363ef9ac0bf255417,13,1.0,0.02284590924414869,2.6357413946340302,13.95365379323328,0.10328812415840985,2
1,control,58a5ab5d102026b20da4,8,1.0,0.0017695214554743763,1.3575389259314947,3.886616271218999,-0.0,1
1,control,bf01bcc9a3f2c2398d47,6,1.0,0.00029495962707640894,0.20718430157946605,1.2302092804021845,-0.0,1
1,control,d01d65fe0d3697b272b6,86,0.0,1.7886597854531306e-11,1.1923739693012863,3.2948939071457906,-0.0,1
1,control,15ab8652628105a6fedf,40,0.0,3.501330394039975e-11,0.004603044253853819,1.0046136545356743,-0.0,1
1,control,1c9d7a03f6a547b885e3,47,0.0,2.506022160767646e-07,0.45721911187615705,1.579674971878908,0.14874838537866308,3
1,control,c4ef24f33950819e8a20,31,1.0,0.00019099426211377992,2.1793755808301114,8.84078417973564,0.03904439120086284,2
1,control,3b861f9b9ca6c638e8fa,89,0.0,1.1014753193405535e-08,1.9821173954280056,7.258094983433773,0.06100057805284309,2
1,control,1bacd95a3f74e1e0de81,31,1.0,0.0002571762466680307,2.2011694352662947,9.035573842114214,-0.0,1
1,control,e0596c956d622647e893,89,0.0,5.8737369130951426e-08,2.2228455340748807,9.233567951156296,-0.0,1
1,control,474d230ca39bc9382334,48,0.0,3.6734980787988724e-06,1.1315759291000167,3.100538881419823,-0.0,1
1,control,49008f87a19b3410da5d,55,0.0,3.444517670449633e-07,1.2691563905980738,3.5578498603869297,-0.0,1
1,control,4d5cb4557f81a98df011,97,0.0,8.691304232086608e-08,2.751565975481148,15.667147052245648,0.015357237062237593,2
1,control,d84f12c9f417d2cf9a51,19,1.0,0.0002809034263519798,1.9563852565518776,7.073711144544632,0.47904714261251685,3
1,control,8bc553dfe39d0fb3eb58,82,0.0,1.3922020431165297e-11,1.2380981462099532,3.449047638797354,-0.0,1
1,control,627cfbc46552bafc42c4,114,0.0,3.2400250824531355e-11,1.7963875401048077,6.027832781624273,-0.0,1
1,control,cbafad76671fe9cc53f5,26,1.0,0.00013168635371858922,2.0414769751804926,7.701976430281511,0.431728985050578,3
1,control,55bb9264b57c8aa8ab5d,91,0.0,3.524088043513799e-08,1.9805115735493874,7.2464491287989325,-0.0,1
1,control,72e460b19506cdb1190e,42,0.0,9.076014898280096e-06,1.924305125626642,6.850386853388031,-0.0,1
1,control,37505bd5b446881d6911,88,0.0,2.440794404417184e-07,2.4115577510305912,11.151318600300534,-0.0,1
1,control,f0ac5208e3e46a39313d,39,0.0,0.00010871145214944576,2.4308942189299834,11.369043950172035,0.007119069303719453,2
1,control,6d4a145028559d98d41b,2,1.0,0.26104953858366686,2.021972039925682,7.5532054790962615,-0.0,1
1,control,7849316ada5e1e188377,25,1.0,5.076279930511049e-11,0.0061679154404610855,1.006186976199133,-0.0,1
1,control,6891723c461ee25d0c88,14,1.0,0.0012590268086612635,0.8302974479107355,2.2940009845931697,0.10166038428766931,2
1,control,3e715b5c69591c6d0f9d,4,1.0,0.03975394705843435,0.9954875042189268,2.7060432272619797,-0.0,1
1,control,831eb67ae9ad380e3ef7,93,0.0,9.349751310854819e-13,1.1239564910193007,3.077004291431494,-0.0,1
1,control,5b6b6d05eabcab57c0a7,66,0.0,8.87146058184935e-08,1.9263125118047266,6.8641520366690365,0.01632444177539121,2
1,control,4e50e7376a97e4742b6a,109,0.0,9.485855327754477e-08,2.3064892327638202,10.039117708511498,-0.0,1
1,control,379ff263dc0c30a5bd6a,23,1.0,0.0013924192860160823,2.2804243833389712,9.780830350325738,0.5687188675056195,3
1,control,4071e9934caedd2975c1,88,0.0,1.1387511276402044e-07,2.6083677300860675,13.576871636424805,-0.0,1
1,control,334af5847cbabc9d6832,28,1.0,0.0003226450850828146,2.2983100724124355,9.957341043112105,-0.0,1
1,control,836b2b23b614762424ad,102,0.0,2.239710794320502e-10,1.6353760971843634,5.131387534561226,-0.0,1
1,control,5cb3625e015164f0aa3f,30,1.0,3.5159408949689435e-07,0.9444662818734922,2.571440587826296,-0.0,1
1,control,4ea0efede6677639fb38,72,0.0,2.6725821998228808e-05,2.7181436722272876,15.15216873033205,0.690871004042236,2
1,control,940cb52ef095b94849b5,60,0.0,7.848352864436291e-11,1.0592454457328766,2.884193887195629,-0.0,1
1,control,4a6cf8a85b6f265bf091,109,0.0,1.15595105786683e-13,1.4775373809595354,4.382140838806646,-0.0,1
1,control,a1794f5349fba1ec3252,9,1.0,0.008270864685403303,1.6268882103963562,5.088017219645366,0.004272046115314383,3
1,control,d40dc07408c3c6b715bd,22,1.0,0.0016480122599001961,2.1159970984255283,8.297855421179781,-0.0,1
1,control,1f6abb906a0ad190c3cf,29,1.0,0.0001284633231069544,2.2135194376160867,9.147855110142816,0.0026921742157157208,2
1,control,75a63811aff753f61d7d,20,1.0,0.0011141613223988429,2.094731260047984,8.123257632984295,-0.0,1
1,control,be02b56bcd01579bc1b2,108,0.0,8.102004628834211e-12,1.4537445686411068,4.279107965694347,-0.0,1
1,control,dd32d909f28437c19930,34,0.0,0.000505708015881162,2.068180767569391,7.9104191287013785,-0.0,1
1,control,9e3c3213f8ee2b569dd5,54,0.0,1.7257067859371203e-05,1.7627214236510151,5.828277042418232,-0.0,1
1,control,ebd8017ffdc0f0612110,2,1.0,0.06905194995356409,0.9983606036893,2.713829138117348,0.000741015681589424,2
1,control,e2ef2ceca6cfc68e940f,8,1.0,0.022892189655520874,1.974936378072992,7.206161169375864,-0.0,1
1,control,e2e855ae712c8bb184d3,6,1.0,0.03495882723688869,1.5978411022949073,4.942350868402949,-0.0,1
1,control,c4157f898ae834d540dc,44,0.0,9.782602121150384e-07,1.9605004835394333,7.102881050775263,0.8722315078738385,3
1,control,3818a84ffe39208bdd64,4,1.0,0.08970257885024878,1.421105810511447,4.141697841924343,0.00013007782630150891,2
1,control,77c9b1c09ce9c8682fa4,11,1.0,0.0003067416120017266,0.3599679005325715,1.4332834061879094,-0.0,1
1,control,b6194697b0598a2068dc,13,1.0,1.5591734360249772e-08,0.003526372985716137,1.003532597953969,-0.0,1
1,control,7931e1b452ad33af04c7,18,1.0,0.0010706359638553722,2.0259451292692923,7.583274733658103,-0.0,1
1,control,db7333a5f663c6f7c83a,69,0.0,2.0653626338685537e-07,2.2243564826396964,9.247529942669514,0.7750124915813378,3
1,control,01a8c7fbd73ac81f0c42,5,1.0,7.785291641725061e-06,0.003127606401168849,1.0031325024650588,-0.0,1
1,control,cd5dee5529f7b13ad12e,67,0.0,4.917211180576819e-10,1.4159120472234015,4.120242608654099,-0.0,1
1,control,d7b0c3162feac7140536,88,0.0,3.066257345568878e-09,1.8035139668519062,6.070943119268079,-0.0,1
1,control,6f18f6aa1ab30df5993b,3,1.0,0.0880285815767634,2.5644041346518462,12.992914035364333,-0.0,1
1,control,9cd36733fe55e7254545,88,0.0,3.129354387583625e-08,1.9101575655052065,6.754152936213026,-0.0,1
1,control,8f5db82e15f798ab850f,12,1.0,3.827704819162208e-05,0.7912829464404282,2.2062250799754786,-0.0,1
1,control,1b5bd329e27453251f53,75,0.0,1.1405648459072203e-09,1.3692916204388124,3.9325639606212333,-0.0,1
1,control,f0e163289a1a41cf0db4,54,0.0,3.434912131759403e-05,1.738202491529443,5.68711159826054,-0.0,1
1,control,ba91d716a19191298219,96,0.0,4.347608534819733e-07,2.405969729133173,11.089178569402227,-0.0,1
1,control,3cbab136a6cf8058d08b,24,1.0,8.68038290956133e-06,1.4136957812139324,4.111121166514443,-0.0,1
1,control,177786251dc02d4bc7a6,82,0.0,9.453544534375037e-07,2.3675240541190226,10.670938881858138,0.5371764624056485,3
1,control,ced5f4bd566fc0036b89,82,0.0,5.1275935321712547e-11,1.6901801810654415,5.420457280916387,-0.0,1
1,control,ba76632d3e38aa272bdb,45,0.0,9.893238153112822e-07,1.9821439409378656,7.258287655823003,0.9846864974210986,3
1,control,429f24d8c2925f6f2ed3,31,1.0,0.0018691841254675058,2.6059726060693906,13.544392256695101,-0.0,1
1,control,289524951137076b4c47,86,0.0,1.1192705442246253e-13,0.04436467537158769,1.0453635037105855,-0.0,1
1,control,89888ae30b16266253e8,27,1.0,0.000866546998766286,2.300950602076954,9.983668441357109,0.5969109472356346,3
1,control,572a1c5c103f4f08ff18,33,0.0,7.974688214486015e-05,2.1873680545024925,8.911727041362337,-0.0,1
1,control,b7bfb7bd45105555f608,9,1.0,0.010193717022201293,1.9030695291117738,6.706448519438807,-0.0,1
1,control,7c40274f959bc7b2d0c2,12,1.0,0.01746596977264075,2.384812345878522,10.85702510823999,-0.0,1
1,control,391ea258fa7f454044d6,26,1.0,3.200596666962731e-06,0.9416427998941255,2.564190411852724,0.27674577554126656,3
1,control,422620b26977786f0b49,4,1.0,0.1197443850142624,1.891843821947378,6.631584877079225,-0.0,1
1,control,b63a9b2d40aaa1015b2e,4,1.0,0.03634047250582534,1.3780320368787968,3.967086859790886,0.002383600342287527,2
1,control,5a29ae82756007edf3bd,31,1.0,0.0008807903221592425,2.4355126487577765,11.421672518994239,0.0007026549616625153,2
1,control,70dfb260ed2776ceaa2c,43,0.0,7.012332261241108e-07,1.6989720773641477,5.468323488259813,0.1579877168143437,2
1,control,1681a3726a5863abe7e9,45,0.0,7.4576945689160614e-06,1.5025570831861885,4.493163786755307,-0.0,1
1,control,db3a9dcac609d4c8afa1,32,1.0,7.052053646844554e-05,2.0552916784768342,7.809115291336344,0.6228213059926369,3
1,control,b8776c46b6cf9a2bea75,23,1.0,1.118736774252978e-08,0.05714158178430132,1.058805707385188,0.5467672069024061,3
1,control,f5ebd7f19b65fcee959f,2,1.0,0.38152842019945377,1.145409613002985,3.143728805339868,-0.0,1
1,control,28b2151e6de8325245cd,29,1.0,4.492102858132108e-11,0.003209122049168066,1.0032142767939247,-0.0,1
1,control,9768ffa1b345cc699e06,1,1.0,0.6105732264243473,0.9795055328603798,2.6631390815459275,-0.0,1
1,control,3be8f03bdf09ead05f4e,74,0.0,1.3402888982925905e-06,2.746349596530271,15.585634062299265,-0.0,1
1,control,3b79a778854f7b2ed892,41,0.0,1.8197388148316655e-05,2.025460760928025,7.579602524876619,-0.0,1
1,control,0ddca1a8369702e2e9d2,72,0.0,8.814860292057e-09,1.7094255594192465,5.5257863298360155,-0.0,1
1,control,b6a00d6a348e82948063,67,0.0,2.6655916011754623e-10,0.13887215262531397,1.1489771968950198,0.006728878037309597,3
1,control,59b599300c75e5e139b9,41,0.0,3.0496374417207587e-06,1.2386627948362794,3.450995688738838,0.2559246449333216,2
1,control,2b4e8a111fbbefdeda5a,3,1.0,0.12288628626301308,2.213367211163752,9.146462670598682,-0.0,1
1,control,612fb8503649bab35597,105,0.0,2.0289863457461942e-08,2.366591443913877,10.660991694503625,-0.0,1
1,control,2fd80e0728994c09734c,92,0.0,9.994198356146782e-12,1.2305854551361493,3.423233099134491,-0.0,1
1,control,1f4c8775893e4ffa5c63,63,0.0,4.526808501929764e-09,1.940377057927111,6.961375317587859,-0.0,1
1,control,9e2e4aa1630181d7a2f3,41,0.0,2.4281927471578674e-07,1.504389295656378,4.501403763865277,-0.0,1
1,control,bea63064500a69348d19,37,0.0,2.6043078244858303e-11,0.00378336442508867,1.003790530382568,0.0485145606939493,3
1,control,ca6dc7dffa5ec8f05c56,7,1.0,6.866788720582481e-05,0.054625893170225696,1.0561454295409483,-0.0,1
1,control,5f48a4ee45622847740b,19,1.0,8.715798483974353e-06,1.2029670852088303,3.3299826214962187,-0.0,1
1,control,93b98a9087f68c46f0df,22,1.0,2.5654406174333715e-05,1.4114456435288376,4.10188097759701,-0.0,1
1,control,bdea88a12f267cc56149,52,0.0,1.4357319923698112e-07,1.611779531232218,5.011721812642939,0.936444956300377,3
1,control,07d650338d32a0e0c373,21,1.0,1.6819880938046143e-05,1.3072972360736883,3.6961703240839823,-0.0,1
1,control,df14879810ae64f725d4,6,1.0,2.4801124743752016e-06,0.001412047719947611,1.001413045128737,-0.0,1
1,control,27d2affe59f9cb0e38f4,105,0.0,9.155389671810685e-07,2.513890870517136,12.352900212405306,-0.0,1
1,control,a8d148da1f7acf8c0b2c,23,1.0,6.773756637514038e-05,1.8772904250407663,6.53577168505714,0.35026913743114246,3
1,control,40d494b8510a649df932,15,1.0,0.00019180960518181908,1.7089667150986503,5.52325143576709,-0.0,1
1,control,36beee8e0d2453749728,18,1.0,0.005247916252577105,2.53252883490756,12.585292054929482,-0.0,1
1,control,87a0fc3697da3a6dfb5e,100,0.0,3.4990619840871563e-09,1.920864295122423,6.826856338808791,-0.0,1
1,control,da852f11659b3b1cb031,73,0.0,1.2508151439963858e-06,2.0661132011090664,7.894080707629808,0.7344727731998295,3
1,control,9d8c87e544ef609c7381,4,1.0,0.010285965181180213,1.0301661116807386,2.8015311630999116,-0.0,1
1,control,b0763a111f92bee7b7a7,20,1.0,0.000250118848722901,2.0079376333941243,7.447941112020183,-0.0,1
1,control,7f194743d1051af8c479,48,0.0,1.0018432198398293e-07,1.8137103598316977,6.133161503567533,0.024282648955766328,2
1,control,c452d90b2d3ae13b926c,62,0.0,5.734989466917082e-08,0.7671940763204419,2.153714608708707,-0.0,1
1,control,659d15afc253c96c35ea,40,0.0,4.465472584212496e-08,1.4091643169252994,4.092533913305348,-0.0,1
1,control,4fc6c603c96cc6cf300f,94,0.0,4.118593463851639e-09,1.9487609357188123,7.019983978139553,-0.0,1
1,control,0b374082c73de237e6e7,65,0.0,7.126862819714802e-09,1.5447706244854884,4.686896444433043,-0.0,1
1,control,63780c0cf420754c8243,21,1.0,0.0007036865226189818,2.108382107779575,8.234907308596673,-0.0,1
1,control,ecf24127e60f9c9f1965,80,0.0,1.515333089950584e-07,2.496551132488459,12.140550523327434,-0.0,1
1,control,16fa7688ab05d6cefe69,104,0.0,9.106398952208713e-12,1.3616383994929047,3.9025820551611328,-0.0,1
1,control,7e1e2af8777e514bb3b5,31,1.0,0.00021357579062359082,2.1854479161424787,8.894631710369096,0.38316112843381844,2
1,control,f6a354fda626356e7a06,17,1.0,0.0002204998380825204,1.5849829839066454,4.87920835274152,-0.0,1
1,control,86536693a4edf6280909,2,1.0,0.19925206279742605,1.6135618287141469,5.020662156619372,-0.0,1
1,control,f50b78b4ccd51e8cab47,7,1.0,0.009366498141959752,1.0413553963034372,2.833054324585026,-0.0,1
1,control,9b9bb1f3c08b3283c459,3,1.0,0.06904745255729815,2.2894217275042457,9.869228927081695,-0.0,1
1,control,c7164af00829e21bd96a,118,0.0,1.622496020579591e-21,0.0037298663578246272,1.003736830965675,-0.0,1
1,control,70548eddd605b3646bc2,96,0.0,3.064403798594244e-12,1.0720763401912643,2.9214391083327635,-0.0,1
1,control,715fc4817bdda771da7d,92,0.0,1.3788602877993236e-05,2.5442787931276736,12.734040895724853,-0.0,1
1,control,791458aaccf524be16e5,25,1.0,0.00017954560275367155,1.4993414455833143,4.47873860583393,-0.0,1
1,control,23b0524c8d0eb85f04ab,79,0.0,9.413561827617683e-08,2.1602678822797703,8.67346081373978,0.8854327830462988,3
1,control,05483c2d70b82309b015,7,1.0,1.8506560132401757e-05,0.0553646754621311,1.0569259793746655,-0.0,1
1,control,922374426ae358b83cd3,18,1.0,0.0007994785973480682,1.931284400312151,6.898364815877872,-0.0,1
1,control,db1b47020b5e5d2e9b1a,70,0.0,1.7067465924597835e-15,0.0062436962989492134,1.0062632288011963,-0.0,1
1,control,6820c3bd9880b45314a4,17,1.0,0.004777203549703436,2.4281620067332845,11.338023705868617,-0.0,1
1,control,901b21d724ff4576b4fb,5,1.0,0.07629930031365122,1.9376877868483007,6.942679442683023,-0.0,1
1,control,89a9ef5706a0635a6f62,22,1.0,5.0609826519680235e-05,1.551218985613019,4.717216898830097,-0.0,1
1,control,7428587da99249bc297a,55,0.0,2.654512321939687e-09,1.201147278009441,3.3239282057533233,0.00011594694401301262,2
1,control,6f4ff7205c218489f853,113,0.0,4.3288497887110686e-11,1.7484357989423476,5.745608356709316,-0.0,1
1,control,5db88a995b362e06009d,63,0.0,1.808896037433232e-07,2.085382681343171,8.047670585891455,0.5028038925176153,4
1,control,b677c59b83f7058df65e,14,1.0,0.0026782270892362755,1.6293736818212183,5.100679069869173,-0.0,1
1,control,0908bad38760815ae56e,57,0.0,3.5026926779632886e-09,0.2674533388434352,1.3066326594225302,-0.0,1
1,control,c8014d0d7f5e88c45f67,8,1.0,0.01675891794241689,1.8119204331920868,6.122193413374005,0.27958294958486335,2
1,control,ee540a75850005db9cc8,82,0.0,4.636490675562724e-08,1.8426213215545497,6.3130651641896005,0.5517739163791122,3
1,control,42023b12da866193209c,57,0.0,3.548740335187915e-07,1.5571838280608898,4.745438439269954,0.02616631739932917,2
1,control,efd1542f06dfee125ece,39,0.0,0.00014515774507409523,1.7886902721846818,5.981613048761659,0.34525469404375575,2
1,control,7214084a726e8f2e6dd2,98,0.0,2.8661711971151846e-07,2.652613492947117,14.191078506173275,-0.0,1
1,control,a78e483c80b2c4a57c09,5,1.0,0.06115655266818201,2.5459452201702844,12.755278936743345,-0.0,1
1,control,82e05f1ff0b2b9d49567,22,1.0,0.003642275199498382,2.5896254803810344,13.324780276947191,-0.0,1
1,control,aea682bfd3bdb3b1f876,22,1.0,4.669551579427642e-05,1.6390534734310371,5.1502923158859355,0.09013207582219103,2
1,control,fdab523cd370ea600d12,81,0.0,9.205875682004272e-08,1.4751166562547269,4.371545711335479,-0.0,1
1,control,540566fb6e72831f3c04,4,1.0,0.10647426063981473,2.017338363202653,7.518287328870633,0.0066284686525691005,2
1,control,63c2fb3368221f9c9139,36,0.0,8.013134495535314e-05,1.831165504165166,6.241156515091507,-0.0,1
1,control,f67fa6f79c0b11e93d27,9,1.0,0.026233175370996727,2.5917725369442275,13.353420068518048,-0.0,1
1,control,0942f28c611cd8f3dbb1,35,0.0,1.2810092786925988e-06,1.791109691295844,5.996102598766519,0.3774965135064593,3
1,control,bcc0fc4b743e97f0491a,98,0.0,1.0824820749053081e-10,1.744142691529133,5.720994715187164,-0.0,1
1,control,ec107394a9a1725fa1fb,1,1.0,0.5785203086888058,1.285288444991795,3.6157107404722826,0.0007956885907446367,2
1,control,5c7b47771ce8b8d038b8,31,1.0,7.33319145149074e-07,1.5066476320464168,4.511580935204295,-0.0,1
1,control,acb2587dedd2719abd68,78,0.0,1.9379298232170145e-07,2.3836803155278377,10.844741580274327,-0.0,1
1,control,73e4869bf1ebb900d8ee,18,1.0,0.0031556572510779983,2.1823877003815264,8.867453824528349,0.14171225516387426,4
1,control,ffae8fb274ec7d92de60,9,1.0,0.025029649243116268,2.502104629634621,12.208160598425822,-0.0,1
1,control,3bba1bcefb095ff9fc13,36,0.0,7.2510332475246096e-06,2.0111585763516833,7.471969181240216,0.16596793651213948,2
1,control,25660a3c93d7e63c8746,2,1.0,0.3101072345209978,1.50768193636954,4.516249696913691,0.00048483833333446395,2
1,control,cda8f9ae038027806c81,31,1.0,8.100812094708632e-06,1.192219538800153,3.2943851143161065,0.6044680620503851,3
1,control,af4f8a2e92999b5d9167,79,0.0,4.934545756503012e-09,1.9223612737856413,6.837083650208414,0.5557686672849442,2
1,control,84819bf45bf5cab1426f,28,1.0,1.6824994891583915e-06,1.4913939172010475,4.443284775423641,-0.0,1
1,control,ad18df95318206d0e1a8,24,1.0,0.00013962901109557764,1.2657656033684066,3.5458063784966503,0.20761205918113626,3
1,control,f191f1abac1409f1f88b,7,1.0,3.843863093771185e-06,0.023465731977021693,1.0237432184893978,-0.0,1
1,control,16a645ca4d1a8f2362c8,87,0.0,2.8430304694000687e-09,1.943297733115527,6.981736954144223,-0.0,1
1,control,84ce3b5aa27ede0b1548,43,0.0,2.4567565375343253e-05,2.095506291441526,8.129555853011544,0.9812584563430747,3
1,control,a52cf51e0ac9153375b0,3,1.0,0.029073753490649494,0.4564689705317569,1.578490436711735,-0.0,1
1,control,6c3f0e04f9e72788d5af,47,0.0,6.740480247373477e-06,2.127031315537506,8.389922770895348,-0.0,1
1,control,73d839845ad7e2476252,59,0.0,2.918740060397797e-07,2.0442817888943856,7.723609363388818,-0.0,1
1,control,0a88279f8d7e6f9be6fe,105,0.0,9.527274341006586e-08,2.4781838242456877,11.919596665117068,0.9135507295502464,3
1,control,336196a627839b3b2bfc,32,1.0,2.465950590006222e-09,0.008561911550384488,1.0085986695464273,0.08633568978216401,3
1,control,776f017058fcd9cb4773,3,1.0,0.15365125849640154,2.129790701353127,8.413105775500526,-0.0,1
1,control,b63de6876ac97a6647f7,3,1.0,0.05646927606323801,1.2273981388424289,3.4123395423282576,-0.0,1
1,control,72c0c6b77de4493d6ff3,1,1.0,0.21392938996602961,2.083613958528126,8.03344906798734,-0.0,1
1,control,5b5eae81cf8b4a09a499,63,0.0,1.3438156921009158e-07,1.9127690222464508,6.771814165160359,0.8752104655174894,4
1,control,7d69d324dcd08bc73483,1,1.0,0.2524029978383969,2.325282617907621,10.229570737174438,-0.0,1
1,control,43c79300945138a8bf5e,92,0.0,2.729545482188269e-09,2.1128624802530385,8.27188553688412,-0.0,1
1,entropy,8a61ad46e804311fe613,34,0.0,8.291132090139249e-06,0.937882502851421,2.554566400141649,0.5172139196157433,3
1,entropy,e1ccb28b68370a131790,10,1.0,3.65093347118948e-05,0.0772595181764637,1.0803224033161625,-0.0,1
1,entropy,41d5751f7feb05a0a20c,109,0.0,5.050276828171863e-12,1.8995151449215373,6.682653538152768,-0.0,1
1,entropy,1612a3ed78e5acc9b886,44,0.0,4.8796584986545385e-08,0.09478265859172247,1.0994198796924743,0.09059560209008355,3
1,entropy,e85367e66d4d8e86b868,31,1.0,0.00012554801548786683,1.905545849816239,6.723076416266434,0.11953572060934539,3
1,entropy,3ad3743c776bb63c12b3,26,1.0,0.0018146284316307064,2.631511116206741,13.894750628843282,0.027511244244884214,2
1,entropy,add63841c2db75a154c9,57,0.0,2.354711447204974e-06,2.091431376269223,8.096496006303862,-0.0,1
1,entropy,e6f3f5d9530353d2dc81,12,1.0,0.019177750578422154,2.4300215380583,11.359126730900563,-0.0,1
1,entropy,4601e02dc2eb265e5469,6,1.0,0.05578129107909671,1.850813243769593,6.364993709856928,-0.0,1
1,entropy,48145613f144656fc5cf,57,0.0,5.231673704230059e-06,2.0727922685280538,7.946982274792648,0.2735115083698987,2
1,entropy,dd3591f14331a97e98bb,59,0.0,8.090859586132925e-07,2.2548662512772704,9.534018062128974,0.0023534471788967406,2
1,entropy,1ae49bfa2700d01f84e7,12,1.0,0.002323400903322527,1.4904572207137765,4.439124714843793,0.05165871702049391,3
1,entropy,047c77d5a41972c9f613,14,1.0,0.00940788268181162,2.122469848811353,8.351739569249217,0.03227007399914367,2
1,entropy,730d9e4c7cf9444db51b,110,0.0,2.7968727848349355e-12,1.0867708500514794,2.964685185903463,-0.0,1
1,entropy,3fb0cfd9bee35f13a9b5,81,0.0,1.172557198078074e-06,2.0742931982310178,7.958919092458982,-0.0,1
1,entropy,911b01ade86ebbb2e10c,18,1.0,0.00259379984140777,2.163746510522243,8.70368509853348,-0.0,1
1,entropy,a19a9f0e33a810d7e2eb,5,1.0,0.00040186874984968803,0.024634336202053644,1.0249402684424609,3.6020082527899384e-07,2
1,entropy,d7d221c58a2f374d6e77,37,0.0,4.04886064284083e-05,2.3497826005150673,10.483290415039546,0.018673531529888845,2
1,entropy,b49127b433dd36c36aea,41,0.0,1.8502224131544155e-05,1.9494697201172597,7.024961397010652,0.8474277823301211,3
1,entropy,d19645d54c6fcf6fb6cb,38,0.0,1.562516608734583e-06,1.8216466891358607,6.182029954495708,0.35151465051003195,3
1,entropy,d783fa8ba59213453d5e,34,0.0,2.012571269646973e-05,2.148163492214269,8.569106706370706,0.006702822735515928,2
1,entropy,6c43c50dcecdf5c0a908,103,0.0,5.5076677474606856e-12,1.3572346718843062,3.8854339323634237,-0.0,1
1,entropy,db78e7ed38e71483ecbc,32,1.0,2.675595850246085e-09,0.04225336427078949,1.0431587444262087,-0.0,1
1,entropy,9c305719906ef91f5612,35,0.0,5.447385335788265e-06,1.9680768236174808,7.156899264939255,-0.0,1
1,entropy,369ce6c7ebae19423022,28,1.0,2.5006905775342345e-05,1.72994015235175,5.640316338658788,-0.0,1
1,entropy,42810fae0ed73cc70f98,8,1.0,0.009129665292526653,1.6026477974019697,4.966164428551356,-0.0,1
1,entropy,966f5302a35b8fc5fda0,9,1.0,0.006072389386616867,1.363259126432303,3.908912203366363,-0.0,1
1,entropy,3df98b23d9f2f1b24c08,32,1.0,1.531074829151655e-07,0.3644208066073651,1.4396799135280631,1.0287681272822415,3
1,entropy,7cae5fd9cf7fbd506998,9,1.0,0.005133710108145643,1.7468357442564597,5.736422420095149,-0.0,1
1,entropy,df839542ea7c18093957,23,1.0,0.0016565059607152061,2.17676154713497,8.817704250996469,0.367383807734265,3
1,entropy,0be04f8707ecaa3905e3,35,0.0,0.00010777514932106242,2.0487613093686794,7.758285036878458,0.36065782325743934,3
1,entropy,e611f3d12592ece7fe9c,91,0.0,3.6951219115244823e-07,2.8313992514552866,16.96918838179841,-0.0,1
1,entropy,69d8af99aade81141dd7,90,0.0,2.7251722665026788e-08,1.7038873135795831,5.495267754376582,-0.0,1
1,entropy,b18c5c602fd9b59a622f,31,1.0,0.00011322291520665682,2.1578856543495335,8.652823244594156,0.6569713822566349,4
1,entropy,4d4f7b10ce0015ed6dd6,11,1.0,0.0013684193809750016,1.603175281598686,4.968784692818952,-0.0,1
1,entropy,7542b430cd4c93d07e40,14,1.0,0.0008328558933296624,1.3978044100232434,4.04630617757381,-0.0,1
1,entropy,c06bdcde8378f1eb931a,69,0.0,8.890532003651317e-08,2.2039014269721724,9.060292705398776,0.631478851161403,3
1,entropy,e471ea894dc9ea8d478a,11,1.0,0.03487042307193999,3.112950619491652,22.487298067991475,-0.0,1
1,entropy,70cf77ecee258fc92911,96,0.0,2.6229356745457783e-07,2.0593898957587147,7.8411844108048845,0.009017152478201559,2
1,entropy,cf55965cf78b657f6abd,117,0.0,5.935361070519154e-09,2.6307996846244532,13.884868979893273,-0.0,1
1,entropy,0835e8c02e2f5ccfff9f,7,1.0,0.01831924091453958,1.242161446371799,3.4630906658219467,0.034525953325940315,2
1,entropy,ec5060662b60cf082a05,54,0.0,1.2550877136657186e-05,2.262036938562199,9.602629224825868,0.8319590290337977,4
1,entropy,89c7c21d1d4ce3b17d2b,13,1.0,6.028825103531876e-05,0.23026405624391133,1.2589323950029323,0.7571153400787933,3
1,entropy,64d19e6c5056e589d9e1,25,1.0,5.667367414002061e-06,1.5036966699392684,4.498287055336168,-0.0,1
1,entropy,beb6c608ea962ba734f4,15,1.0,0.0026711925497472934,1.7105635942013315,5.532078446522471,-0.0,1
1,entropy,2b42be4ae2973c852732,84,0.0,6.517659138890446e-08,1.485865023202397,4.418786112557149,-0.0,1
1,entropy,4a8a0e325e2bcc818bf1,39,0.0,3.234813514388096e-05,1.7299612851779067,5.640435535742923,0.4499481616217015,2
1,entropy,48623fde69f067997dbb,68,0.0,9.396028748252024e-11,0.1515168245334796,1.1635978786364554,-0.0,1
1,entropy,49c98dac61e644912fc2,53,0.0,2.6841962993865916e-06,2.1982327721515604,9.009078328931173,-0.0,1
1,entropy,251fe469afdd2e52ce67,18,1.0,0.004586226783766063,2.276942123349233,9.746830189188305,-0.0,1
1,entropy,e9b5ba4263351d5c028d,61,0.0,3.5206177613235596e-06,2.391442916934581,10.92925257473197,0.311112011656978,2
1,entropy,db296ec1c14ecc423bf6,120,0.0,5.505827599697595e-20,0.042809181735339014,1.0437387114376244,-0.0,1
1,entropy,43538138944f27d8f9d4,81,0.0,4.999563603813486e-06,2.1533962951906775,8.61406467896797,-0.0,1
1,entropy,760af2bad2c4f0f0ea10,60,0.0,2.3113962749792388e-09,1.60966740328187,5.001147585914044,0.648045247930648,2
1,entropy,3a6b12cce16c723c33d7,5,1.0,0.07773955329897679,2.408981028041808,11.122621729129458,0.007730459365944399,2
1,entropy,0baeed6cc6af3abc628a,44,0.0,1.2910259363232446e-07,1.6113889618365922,5.0097647696889505,-0.0,1
1,entropy,f3333e1fa99ec20e21f0,30,1.0,1.9113560692927947e-05,0.9254138066713089,2.5229120422155,-0.0,1
1,entropy,e2337ce4a5f06ee4f5c0,12,1.0,0.005477835406246265,1.8439171436962551,6.321251076409087,0.02451371270545895,3
1,entropy,5897e4535fd8a6c68c24,21,1.0,0.0016555630073241104,2.16936655950844,8.752737945738865,0.09868650758842097,3
1,entropy,51bfe71090b9fe865449,88,0.0,1.4533505430924411e-07,1.9296169316501557,6.8868715936853295,-0.0,1
1,entropy,b6739b0f8d02d9b2cd3a,18,1.0,0.00666752144167742,2.812161370233211,16.645857226360626,-0.0,1
1,entropy,cbc29560a6bd00e1e129,118,0.0,8.764660977519196e-10,3.4296204691442753,30.864926334543522,-0.0,1
1,entropy,1435cc6f803a156dfdc8,55,0.0,2.3895075235814638e-08,2.0763801370523907,7.97554621354675,-0.0,1
1,entropy,22b67a3c9426b819ff9b,107,0.0,1.13873514412841e-10,2.0640755493253433,7.878011697078969,-0.0,1
1,entropy,52d8062f5c9b0b7138e6,79,0.0,9.180189544318892e-09,1.6472036327083046,5.192439538571364,-0.0,1
1,entropy,5efa8d9b2b1b3c0d9dec,27,1.0,0.0011914097758506,2.410815447114122,11.143044004342181,-0.0,1
1,entropy,f3bf1f2434b6ba1b86f1,34,0.0,6.082411630403939e-08,1.0068437942146362,2.7369489941704996,-0.0,1
1,entropy,72a6d7e8c5bcfe4aa473,5,1.0,0.07092550736085376,2.1598863207096795,8.67015198571452,-0.0,1
1,entropy,20b793bf381585f76e32,12,1.0,0.008700305428363612,2.1569515335049747,8.644744236009725,0.06991300181276962,2
1,entropy,e46921131e6ccf22447e,8,1.0,0.026569136784202953,2.4611935551493387,11.718790218568872,-0.0,1
1,entropy,0325d3174f2cd6182121,16,1.0,0.0015113304604677331,1.998971227572969,7.381458350601383,-0.0,1
1,entropy,665634bf003cfedb8364,63,0.0,2.73388115935888e-10,1.3591143106777035,3.892744012714947,0.0716915611323554,2
1,entropy,b600ccd23dba2db91bde,102,0.0,1.119895251702382e-11,1.5432792755216886,4.679911855801258,-0.0,1
1,entropy,ad247a448a0d49713092,8,1.0,0.028397643360142385,2.30139308686677,9.988087040298293,-0.0,1
1,entropy,55375a134742ea269def,47,0.0,4.4466063497092946e-11,0.02078445707172938,1.0210019581667518,-0.0,1
1,entropy,fb5ccf055b82d24c819e,85,0.0,1.9853940974162724e-09,2.128417454988574,8.401560437690664,-0.0,1
1,entropy,0b8f438bde933d339b03,19,1.0,3.929549174334692e-05,0.9278188360584573,2.52898702214262,-0.0,1
1,entropy,7f4d76c995683a010d8f,9,1.0,0.004389605776527617,1.341550624538696,3.824970001637887,-0.0,1
1,entropy,63eecd425c3c371d9367,28,1.0,1.4440120859742687e-06,1.944531448151366,6.9903557434726284,-0.0,1
1,entropy,28a1d28147ae4fd8d82c,10,1.0,0.0014170767297200593,0.6997644789747127,2.0132784822153393,-0.0,1
1,entropy,639c5e3220069b6f3151,18,1.0,0.013430381247297417,3.0807741157640405,21.77525243959296,3.047401487830758e-07,2
1,entropy,eedfc10899d7922136bd,7,1.0,0.025938460021840467,1.3820253923760202,3.982960521402704,-0.0,1
1,entropy,22281e3b98067f3937c2,24,1.0,7.328653140829934e-05,2.1767757728294432,8.817829689855323,-0.0,1
1,entropy,e4174c3adf8937d89c65,22,1.0,0.003173203009312757,2.384356777968737,10.852080122478883,-0.0,1
1,entropy,241698207d99b128e1a1,39,0.0,4.4542276499113795e-05,1.78508412713309,5.960081331047679,-0.0,1
1,entropy,a0489298b32db79656b8,61,0.0,1.2912908053302857e-05,2.7907052952184555,16.292506777584585,-0.0,1
1,entropy,3bb6e8859bee7ef81207,24,1.0,3.916176642145892e-05,1.832073661929082,6.246827044314341,-0.0,1
1,entropy,a00cb0ffdefe19e5fd9c,18,1.0,0.0007878531882824975,2.1314728695797767,8.427269944641141,-0.0,1
1,entropy,9b35ae9ef39c004467ff,29,1.0,8.287504174391989e-10,0.012185911200686954,1.012260461931681,0.02352422558303525,3
1,entropy,4eae24837f7212fa522f,47,0.0,7.190063019020173e-12,0.01072945706580722,1.0107872241084117,-0.0,1
1,entropy,cf974435b947bb9050e2,32,1.0,3.732546291452932e-05,1.8873151476200005,6.60162048958411,0.5447693049859803,2
1,entropy,8f536a17337788a855c0,36,0.0,9.837624988111815e-08,1.36593417397666,3.919382727688456,-0.0,1
1,entropy,b62d5c227bf1d025f8e0,25,1.0,1.693529428781784e-07,0.5865392194691629,1.7977559981466054,0.11374506852520042,3
1,entropy,4a7c2c1e139dc8b11bc0,8,1.0,0.019998743386639473,1.5631848844953418,4.774001702307034,0.01071564382362994,3
1,entropy,853b845f4006856f3181,23,1.0,0.002537621127854919,2.5191227839318673,12.417698879434418,-0.0,1
1,entropy,c2c4814aba626e78cc07,20,1.0,0.00366643801540448,2.118736699924062,8.32061940621225,0.6646657057145863,2
1,entropy,a84b94ccf85ec5c58405,72,0.0,1.0997092478313978e-07,1.4598651518308126,4.305378916734299,-0.0,1
1,entropy,283872fbc1d216bb561a,23,1.0,0.0007166614439231515,2.271564366327432,9.69455479287272,0.6028597483821339,3
1,entropy,42f13858593d618b5998,105,0.0,1.2318468259910124e-08,2.4045668251026036,11.073632423516615,0.7953739366037311,3
1,entropy,875b7649303611e744c8,52,0.0,4.6767755999640994e-09,0.14262272754330138,1.1532946132868258,-0.0,1
1,entropy,a55f0333bad8dacb83e8,120,0.0,1.4313976820980016e-20,0.004472401915482073,1.004482418031394,-0.0,1
1,entropy,99b9a10cc8724ff39e53,50,0.0,1.5052307583559267e-07,1.748905367241329,5.748306945788347,0.034613658410154804,2
1,entropy,9062ea5cb960d0518b56,15,1.0,0.0004900682990221492,2.023505703266307,7.564798441021776,-0.0,1
1,entropy,f5708a5e43def47eedd1,2,1.0,0.14094032632639214,1.2076200461810698,3.345513003784164,0.5481502626359538,2
1,entropy,12cf2e4605aa4c679a70,55,0.0,7.97487146013064e-05,2.693164634967323,14.778370143303011,-0.0,1
1,entropy,c2d7963a98e29790e073,96,0.0,2.6520265760080374e-11,1.0694746821320704,2.913848401225839,-0.0,1
1,entropy,0c314874ae0ac6b5d870,91,0.0,6.657454048612584e-07,2.322158118645591,10.197658332060422,0.554631909040485,3
1,entropy,da2fbec8b689d14bad07,57,0.0,1.142302297870662e-05,1.9580570009051592,7.085546471271204,0.026368536309477723,2
1,entropy,1c286cbfb8bd4e52b72f,14,1.0,0.009145679912239088,2.4807293149942273,11.94997653759269,-0.0,1
1,entropy,1001146576ba6710e007,28,1.0,0.0002527397855028935,2.093979084127237,8.117149811560811,-0.0,1
1,entropy,9db2680634b8d7b2e194,97,0.0,1.9613067911602647e-13,1.0429316719164559,2.8375235204440843,-0.0,1
1,entropy,62cdb19ab6ddf5ee07cb,16,1.0,7.671871452956296e-08,0.053476479004952115,1.0549321784212307,-0.0,1
1,entropy,38238fc33812c2e0f229,87,0.0,1.0618666554324061e-10,1.6117623785356723,5.0116358488367725,-0.0,1
1,entropy,cb06b9052f1a46bd201d,27,1.0,0.0001626462732562873,1.9864087970432736,7.289309312677008,-0.0,1
1,entropy,0f77b4c4246618e58b3a,6,1.0,0.012608462350594887,1.1708415750618733,3.2247053284886302,0.37559018607199773,3
1,entropy,202b6550608505521a6a,25,1.0,0.00033192352100047993,2.1328824867296428,8.439157545396197,0.4986578067382018,3
1,entropy,405d6eb792d2fbbe92ab,3,1.0,0.12527669662710084,1.3683287251579963,3.9287791358294397,-0.0,1
1,entropy,5a3d7dcc8ff25af0518a,91,0.0,1.899164686880641e-08,2.1678017649484995,8.739052419327937,0.6638004191953484,2
1,entropy,7092264cbb9b21923709,51,0.0,1.9807114080909604e-09,0.23438981902192946,1.264137180891268,-0.0,1
1,entropy,819a2bb347b547122f3f,39,0.0,9.903231870183522e-06,1.5903959547820794,4.905690975620994,-0.0,1
1,entropy,dca54f488dcde962dc3d,19,1.0,6.419861130424172e-09,0.017089405888169207,1.0172362651715328,-0.0,1
1,entropy,07e058f49b735b01bf2c,51,0.0,2.1462727969543528e-09,1.650890040792313,5.211616314656209,0.13923881498506063,2
1,entropy,88654da9a4a40fbe03d7,76,0.0,5.93173977639111e-07,1.9790500798976183,7.235866224706624,-0.0,1
1,entropy,ccd97841e676c94fb091,14,1.0,0.0011327544391596766,2.1061266380973502,8.216354655164874,-0.0,1
1,entropy,bb2053150afc5136ae72,34,0.0,0.0005783409310400604,1.632501408374862,5.116657574408045,-0.0,1
1,entropy,ad7073a03430e9c999c3,13,1.0,0.0007896799577663947,1.6265895958838419,5.086498090691921,-0.0,1
1,entropy,ef820251edec5f67df68,24,1.0,2.8135719417950675e-05,1.513989476496219,4.544826151924465,0.31554321293395565,3
1,entropy,f8bc3db588751db4c9fe,91,0.0,6.979940921894917e-09,1.9448832533479632,6.992815419587296,-0.0,1
1,entropy,5d69829acfa9d929270b,2,1.0,0.11798167989298818,2.72568042755956,15.26679834387616,-0.0,1
1,entropy,b479ee9ad622084ca732,51,0.0,1.76646434444816e-08,1.720652408870891,5.5881730489363,-0.0,1
1,entropy,c7884150eef8bd2a8a74,15,1.0,0.001268152611284992,1.6283742914221795,5.095584046560924,0.24616293274612824,2
1,entropy,17786d84c860ba333860,55,0.0,5.211349020195144e-13,0.007531582695379511,1.0075600164031102,-0.0,1
1,entropy,0195e7b60586389c5776,7,1.0,0.049750397992302686,1.8395320487999374,6.2935924776863486,-0.0,1
1,entropy,b92902c6ce723f10b794,87,0.0,4.067562902193863e-14,0.051104383795608346,1.0524327444742527,0.0043834611129485515,2
1,entropy,bbc381bb9cf98cdf8beb,7,1.0,0.028424924123090008,1.7123104497398391,5.541750633893717,-0.0,1
1,entropy,3e9d107d39fd29b3f446,6,1.0,0.03461494599194574,1.5500049763238946,4.711493628450726,-0.0,1
1,entropy,7863627d5d52f373a084,9,1.0,0.011960279608336538,2.074822892807498,7.963136005476281,-0.0,1
1,entropy,59d28ba4a7907082af0f,72,0.0,7.438647219034688e-08,1.9061067447770916,6.726848413698031,-0.0,1
1,entropy,e9d1fd7db3f13144cbfd,3,1.0,0.20035291337686914,2.0570251805793554,7.822664149206615,-0.0,1
1,entropy,5e3a81c2bc577a0d75d7,6,1.0,0.03639174280010528,1.5436207868528726,4.681510371669061,0.01806971617965268,2
1,entropy,86543c24243c532abe79,36,0.0,1.6390006338357864e-06,1.4052753009204904,4.076648891988356,-0.0,1
1,entropy,cd9ae8a3602659cf7831,58,0.0,2.2827500062189336e-07,2.171520528261342,8.771611388882647,-0.0,1
1,entropy,73988f9b0bb268524722,34,0.0,2.454705765782142e-06,1.8996586296567621,6.683612465720378,0.2946849680194939,3
1,entropy,8e2d81aa0321770b3e7e,45,0.0,4.711048755016485e-07,1.4001056402795717,4.055628381931438,-0.0,1
1,entropy,81ab7967381e97b4469e,102,0.0,2.9281171139231758e-12,1.4514800964947692,4.269429007896038,-0.0,1
1,entropy,97c0475dde25dfac6e7d,13,1.0,3.3440534820319836e-08,0.008661286286232675,1.0086989037530816,-0.0,1
1,entropy,f98fb4f6ac8493d85a1a,78,0.0,7.831075821501077e-13,0.03349449437892248,1.034061750558437,-0.0,1
1,entropy,3a2aeb9d33e9100f2493,94,0.0,2.0702402123965336e-11,1.6732353272597842,5.329382230611025,-0.0,1
1,entropy,4c5ff27ac3e1ad036d7a,9,1.0,2.1561473367739147e-05,0.15706050270554933,1.1700664039425084,0.584163728044169,3
1,entropy,cf559befab671b6ee0c2,77,0.0,1.639414031264199e-06,1.7964109245912663,6.027973741046455,0.7044515379659669,4
1,entropy,4cb8e3d03e026b6c8679,1,1.0,0.211740149604366,2.5103143371978893,12.308798565721547,-0.0,1
1,entropy,b6fa2d2ee01312b527c3,26,1.0,6.511921035379947e-06,1.6261037686372906,5.0840275315110075,-0.0,1
1,entropy,3c46f24d76bbf8eec115,33,0.0,0.0003030126816437081,2.216471747999846,9.174902324013196,-0.0,1
1,entropy,1d0a7c29799391b921e2,99,0.0,2.1165407273995468e-09,1.7402881798121461,5.698985518627357,-0.0,1
1,entropy,f6535da18c8f9d097a6c,36,0.0,3.826213365303684e-09,0.061850109346738354,1.063802878668671,0.04749478561819319,3
1,entropy,d0506faba53bcda5af70,9,1.0,0.008817490336241728,1.8413060704169584,6.304767356097666,-0.0,1
1,entropy,7ab42cd07543a3b097f0,24,1.0,0.00028885739152177437,2.097135801813027,8.142813847675962,-0.0,1
1,entropy,015e019c4ae1165b22ec,11,1.0,0.022738743818097158,2.6881310812864103,14.704169327431913,-0.0,1
1,entropy,976b78dfe0d5368a83a5,29,1.0,1.6808437760363856e-05,1.9551043967611925,7.06465651246366,-0.0,1
1,entropy,1cbea1e61ea7508a183c,30,1.0,0.00010235809433259302,2.332017267582667,10.298695817749405,0.4038509079143984,3
1,entropy,078e6886f0e719d539b0,1,1.0,0.5295147638286677,0.9946086774460579,2.7036661287072405,-0.0,1
1,entropy,30aff85917ec042b3f9f,10,1.0,0.013202353305422907,2.287997966597886,9.85518750294672,0.04431959035484251,3
1,entropy,119b6a4e307fb99cd54c,8,1.0,0.009517741121968216,1.6832696873713957,5.383128374198148,-0.0,1
1,entropy,a649f57dc9f0a522aead,2,1.0,0.3496874050769351,1.5625184191982828,4.770821055857317,-0.0,1
1,entropy,cfb387bca06f17478363,19,1.0,0.0036415967891778897,2.084385906124021,8.039652863876707,-0.0,1
1,entropy,6710d2fa420cb3580330,81,0.0,7.800069437878002e-13,0.13597143509211376,1.1456491677645118,0.007630699077075366,2
1,entropy,3ca0d9a8b843d065474d,44,0.0,2.4659477268783107e-05,2.2248183820816188,9.251802358226414,0.861511665611399,3
1,entropy,a3732a7ac1527a0acccf,29,1.0,6.334895763541452e-06,1.6745512309510362,5.33639980057085,-0.0,1
1,entropy,2eff5d41c26fa60e4a50,112,0.0,2.622272685139747e-11,1.9775009747498578,7.224665784658924,-0.0,1
1,entropy,fa81b76aea885501136f,14,1.0,0.012408498334237277,2.4960004622954446,12.133866924425693,-0.0,1
1,entropy,d46afe93a3db9a422f12,33,0.0,2.074119995375945e-06,1.6839147170844866,5.386601772050869,-0.0,1
1,entropy,7b2987cfd608937b6537,15,1.0,0.0005652153783883603,1.9740012321515,7.199425507053143,-0.0,1
1,entropy,48eb404210b4c0b4d33c,60,0.0,9.018477367888674e-10,1.4483599061075136,4.256128337649074,-0.0,1
1,entropy,a7d65aca1f7b2ffe8681,8,1.0,0.030731981758441086,2.31511694861176,10.126107083664703,-0.0,1
1,entropy,961a1672998e90527900,10,1.0,0.0030552608467501836,1.5862730059549484,4.88550670072525,-0.0,1
1,entropy,968e33cf3cd24223bb4d,49,0.0,6.688086439787565e-08,0.2353909239715476,1.2654033485576663,-0.0,1
1,entropy,29605f929fe20bea8539,24,1.0,2.253252323289924e-05,1.8564212621411595,6.40078898799239,-0.0,1
1,entropy,37d97ef084456d017a99,120,0.0,4.9571854395969487e-20,0.010318956135417152,1.0103723801652267,-0.0,1
1,entropy,197b70fb1f844000062a,119,0.0,1.7738168337351699e-15,0.33145745961391965,1.3929968863925173,-0.0,1
1,entropy,4aa033a662070792dc21,94,0.0,3.675789299365242e-09,1.2124839526797084,3.361824903844568,-0.0,1
1,entropy,e97c87f43ee6d3900041,16,1.0,0.0041592064316086684,1.9745844749294845,7.203625744745853,-0.0,1
1,entropy,f485641931030284aea2,14,1.0,0.00026362131711351694,1.2336645200520322,3.433789699958262,-0.0,1
1,entropy,ac7da5d38f40ebb233b3,5,1.0,0.05496771497602687,2.2830591087274033,9.806634130379893,0.397607985299266,3
1,entropy,5f3ecdbde5a435094684,63,0.0,2.804442747875066e-14,0.004505196214132025,1.0045153598679488,-0.0,1
1,entropy,1a5f7445e642af7486d9,35,0.0,7.174087569656775e-07,1.6803594141049547,5.367484774217676,-0.0,1
1,entropy,2ae301064b3446690b5b,56,0.0,1.0338336496620499e-10,0.08303992867413218,1.0865851935881903,-0.0,1
1,entropy,43ff5378329d31a908d6,18,1.0,0.0011836872266971629,2.0494582906216188,7.763694300962975,0.09613519619140605,3
1,entropy,8cd3e07a8695ec84de4a,92,0.0,1.1463200749814057e-08,1.8717136253507982,6.499424440403567,-0.0,1
1,entropy,c23d855160bb42211b92,56,0.0,1.2045061209933893e-05,1.3246866463186777,3.7610066450552995,0.36766698148329097,2
1,entropy,ea6a90b744445c8e98c6,42,0.0,3.675733281030347e-06,2.260408984965579,9.587009307742104,0.3365805848556914,3
1,entropy,ae761a49eb671d8bcd4f,16,1.0,9.552445118189792e-09,0.005621661400936402,1.005637492591351,-0.0,1
1,entropy,49cc1c4ade0e21325d88,7,1.0,5.3337144189289375e-05,0.015604617063239743,1.0157270048763791,-0.0,1
1,entropy,b8237c7c2df9ef5af6cf,117,0.0,3.2919820879214086e-11,2.232963912948637,9.327470962002963,-0.0,1
1,entropy,42ac69f188af158bd62a,35,0.0,4.806056535734457e-09,0.05856417836862333,1.060313032671669,0.0562445034771214,3
1,entropy,01bb20645d8c9c0b5a70,23,1.0,7.864427936927461e-09,0.015887206247228156,1.0160140789019392,-0.0,1
1,entropy,c248fe0da6c4946deebf,61,0.0,1.1576733083010282e-06,2.1615441050812243,8.684537148629987,0.6900577426826173,2
1,entropy,ce67f80f51575bb9afcd,23,1.0,5.589270941057557e-09,0.016033168480155686,1.0161623894091845,-0.0,1
1,entropy,a10fd8aa3b3070764b5f,1,1.0,0.3783052741969334,1.8430295692082672,6.315642984389368,-0.0,1
1,entropy,d7233fcba80d5032045a,23,1.0,0.0001727950213720911,1.182049876137569,3.2610521090127245,-0.0,1
1,entropy,7a57f90fca8b0fbb618f,23,1.0,0.0018229428496638579,2.2857261739667334,9.832823972868576,-0.0,1
1,entropy,98721dc886cb160c07d8,52,0.0,1.3113167329549972e-08,0.24152678716232248,1.2731915596497163,-0.0,1
1,entropy,583bed514edf1ea8a863,8,1.0,2.0730885076932507e-05,0.08637879853287372,1.0902192235405248,0.6860878143639718,3
1,entropy,c4fa4dd22392907643c3,29,1.0,7.653308726162592e-05,1.7012045656494186,5.4805450936067635,0.10520404321991919,3
1,entropy,ee1281990a1b84511ee1,13,1.0,0.019730355525956058,2.650430534745667,14.160133762789913,-0.0,1
1,entropy,cdb8d51acbdb8cc0b537,11,1.0,0.005651215209467845,1.7214326754048743,5.592535014879213,-0.0,1
1,entropy,8fd61a032004203f5aaf,92,0.0,5.774090213409591e-08,2.5609242353394506,12.947778581711773,-0.0,1
1,entropy,4dcf25737278d8b047f7,99,0.0,2.4697899604421613e-08,2.036978344170692,7.667405898610655,-0.0,1
1,entropy,8ddb75f8606e3b11d463,33,0.0,1.9127841826353346e-06,1.5405955908667495,4.667369285846439,0.6133092136709235,2
1,entropy,ab7d83b5ce1ad6c7eb5d,4,1.0,0.05064108926585457,2.56003971467161,12.936331067481449,0.010621177821131256,2
1,entropy,111748e7fd991d25a812,103,0.0,1.360511729542555e-12,1.4306787768722855,4.181536559151648,-0.0,1
1,entropy,853790fc3cd328480841,27,1.0,0.00031014157227383124,2.229257128160525,9.292960036332333,-0.0,1
1,entropy,6fbd5a52dafe90b8939f,16,1.0,0.010542707317368769,2.6810197825094355,14.599974505431373,-0.0,1
1,entropy,f6bb5ff5948e95975ac6,59,0.0,1.6925684645022697e-05,2.5010668730683077,12.195498071049062,0.06936376395685392,3
1,entropy,74f7adb1790af4e21ed1,73,0.0,1.1868707543927506e-06,2.461438553913143,11.72166165942107,0.8293353357850074,3
1,entropy,3061fcd0b38439300453,53,0.0,2.109240125581608e-13,0.004519148616905058,1.0045293753686162,-0.0,1
1,entropy,5b7d37fe0fb9e3fe3329,4,1.0,0.07407308746001542,2.0870974950553602,8.0614826809637,-0.0,1
1,entropy,9b6df06fe8420bdb65e9,79,0.0,8.10149141335303e-09,2.1042709871747918,8.201122106586393,0.5724772824187219,2
1,entropy,88c27b5f4811cf2ae42d,100,0.0,1.5830649915146025e-09,1.9685339487287752,7.160171611191101,-0.0,1
1,entropy,ff0c79f40b5bf5b3eedf,64,0.0,1.922783966582212e-14,0.005493940072839947,1.0055090594372147,-0.0,1
1,entropy,273d1eb57d156008da5c,28,1.0,6.479319470412913e-10,0.01011965692880951,1.0101710338162317,0.0447839462722371,3
1,entropy,c7e2ff8571b0daf0f3bd,38,0.0,2.8769951142995326e-10,0.022536542313232433,1.0227924086821358,-0.0,1
1,entropy,2000e0a8b364cfdfff20,15,1.0,0.004532228647319325,1.8108374011254964,6.11556647083285,2.3401461122235958e-05,2
1,entropy,19d7e820450c66593530,116,0.0,1.851354436180768e-18,0.013417506999285008,1.0135079256915636,-0.0,1
1,entropy,9d18d238ac68cdbb22f2,18,1.0,0.0001295250477655509,1.1184168126535763,3.0600058038747218,-0.0,1
1,entropy,f43be2ef382b82ab43fe,26,1.0,7.769817563020394e-09,0.03073131338391153,1.0312083947663622,-0.0,1
1,entropy,13145daea2153b37fb96,50,0.0,2.1258687582940076e-05,2.4022970387380926,11.048526147356572,-0.0,1
1,entropy,665110b43645d2dc4143,36,0.0,7.207979922785001e-06,1.8761624359506102,6.52840356226295,-0.0,1
1,entropy,ca706e174b5be8e12102,51,0.0,5.770116080238911e-06,1.8971224158922337,6.6666828733953825,0.4830731227349855,3
1,entropy,137d588db61eecaf1f31,13,1.0,0.012847365948948494,2.3617798380659374,10.609818416072754,0.0743711789355367,3
1,entropy,829aa1b381637c18dd5b,118,0.0,2.48095354140564e-10,2.761974047200177,15.83106338916915,-0.0,1
1,entropy,4258a8bc79dcb27db460,45,0.0,4.224774073938046e-08,1.727432453678162,5.626189844755661,-0.0,1
1,entropy,304c1fb8ad1d35558462,1,1.0,0.25978785046843994,1.9933807077981323,7.340307296792808,-0.0,1
1,entropy,55f25dc94db5d9e5da70,3,1.0,0.03517479655941738,0.6013146512848699,1.8245158264941181,-0.0,1
1,entropy,ee62ea9f9a0b464346ec,90,0.0,7.60576084768357e-07,2.7320824620287607,15.364850444675449,0.5481000208983902,3
1,entropy,f6cea12943a60a861722,15,1.0,0.004182314610132802,2.077235914130792,7.982374424480512,0.07153581815982729,3
1,entropy,dd7598e26e11f0846052,115,0.0,1.5229629286387046e-08,3.3324742105951146,28.007552630185486,-0.0,1
1,entropy,1431167bfbe011d0287a,85,0.0,3.960997324306455e-08,2.204231576582771,9.063284451342076,-0.0,1
1,entropy,3140bee1dd67e67235b7,72,0.0,1.1121904940724094e-05,2.62279855700272,13.774217629269312,0.16060306070766409,3
1,entropy,89a895095ca19a6e35d0,64,0.0,2.4170421484350528e-11,0.024301015437563578,1.0245986914991334,-0.0,1
1,entropy,41764ad539eb835d7de7,108,0.0,2.2959280643640966e-13,0.1447452339100163,1.155745088100466,-0.0,1
1,entropy,fee7ad23b0dc778be3c6,27,1.0,0.0008740649312147088,1.7401102324043354,5.6979714891518,-0.0,1
1,entropy,00c5e55894ae0130975b,63,0.0,1.0759997291296104e-06,2.4264998634373316,11.319193938997051,-0.0,1
1,entropy,24a967b9d706ed579681,20,1.0,0.0030691077782438046,1.8054621035600031,6.082781674229062,4.212264314254614e-05,2
1,entropy,c671adcabc2780906da7,101,0.0,9.727160733789883e-12,1.654588305035124,5.230925932946998,-0.0,1
1,entropy,4ad2b37d053bbb4d9190,6,1.0,0.02053777255969415,1.5828927217302775,4.869020179756993,-0.0,1
1,entropy,04a09271b4e0bccb5df4,19,1.0,0.0007939640073289584,1.9846037708230464,7.276163785819749,-0.0,1
1,entropy,c535bda5f186dd7af874,64,0.0,3.884981895543257e-08,2.116427546764819,8.30142798811309,0.6142954846420334,2
1,entropy,32891c5755f142099ffa,111,0.0,1.1978583121258575e-11,2.052628725174179,7.788347645887981,-0.0,1
1,entropy,9c04000f1abf03398095,4,1.0,0.0002900847042588259,0.013804408543136415,1.0139001293399252,-0.0,1
1,entropy,da19714589c0bb7a102a,32,1.0,2.5463714017544986e-05,2.081338297576073,8.0151884470045,0.015617508276000492,2
1,entropy,d089a22be080a3f595f5,69,0.0,1.2685211882076808e-09,1.2332783663605171,3.432463985371001,-0.0,1
1,entropy,c7ec16b21c60a2f33095,5,1.0,0.0654450686972404,1.809240894537117,6.105810718304236,-0.0,1
1,entropy,3bdd6e1aeb4e251f1b71,4,1.0,0.08834799630648077,2.001047630110672,7.396801152856816,-0.0,1
1,entropy,aac13f01060dfcd040c1,7,1.0,0.031433838940805266,1.706668586048866,5.510572865268923,0.02018680388016476,3
1,entropy,b7bc142c8ded869371ed,4,1.0,0.07766389488914842,2.11229139986013,8.267162973851546,-0.0,1
1,entropy,9e612c3df8e89db9dd3a,42,0.0,3.955606845986793e-06,2.2196903248007085,9.20448002530151,0.3959467623550913,3
1,entropy,69e826f56dded7285c04,93,0.0,9.757039454413752e-12,1.5223221786141308,4.582855056150455,0.4316035768919645,2
1,entropy,65504323aa70c036c417,98,0.0,1.533611319473668e-09,1.942455450398528,6.975858833640284,-0.0,1
1,entropy,be1e1e141a404f5ce54d,2,1.0,0.13100420874424767,2.8849696750215963,17.903024678451406,-0.0,1
1,entropy,97352671a9cebe4d6b16,99,0.0,2.46457107813756e-08,2.117214490957261,8.307963319790701,-0.0,1
1,entropy,fb4b5683b3cfe950fe1f,46,0.0,2.04615884944965e-05,2.05609213703108,7.815368666922479,1.005533892998598,3
1,entropy,ec979c3a14a8c586ecc9,3,1.0,0.0008202876407624281,0.025823549147717756,1.0261598657149251,-0.0,1
1,entropy,1007006ba9b21b4dc7c4,24,1.0,0.0016040141361556637,2.421241824783758,11.25983337656597,-0.0,1
1,entropy,4b217fa3f46998e5c12f,52,0.0,1.3125606530666768e-12,0.007012821162114751,1.0070374685747197,-0.0,1
1,entropy,d9c8c72eea8de1c1dd07,7,1.0,0.05144352513654275,1.9931891663403207,7.338901458274874,0.0027951060487138393,2
1,entropy,a9f31556ae16fdc71564,29,1.0,0.0001168739884657028,2.089307099004447,8.079315058922106,-0.0,1
1,entropy,613c24f46ff8cc0dcfad,56,0.0,8.685736770291056e-06,2.120583536268919,8.336000427285931,-0.0,1
1,entropy,74858f85a8b3af16abcc,12,1.0,0.003962611951898447,1.871581975206599,6.498568846559539,-0.0,1
1,entropy,e984477d5e98c58e98a5,83,0.0,3.0923307501576906e-07,1.328292275859801,3.7745919187331047,-0.0,1
1,entropy,e2c5b92cb65ea2a6da32,65,0.0,1.2149631759741988e-08,0.7499183793413109,2.116827232728337,-0.0,1
1,entropy,0d685122e0d52ae8300d,35,0.0,0.0004636406159418064,2.3902908776394134,10.916668896136922,0.40797954669251646,3
1,entropy,726986e2427a420574c3,98,0.0,2.232188650094173e-09,2.1857267244200376,8.897111953055813,-0.0,1
1,entropy,36b673691993bb06ff12,104,0.0,3.375346422076909e-09,1.9484320084158337,7.0176752934582,-0.0,1
1,entropy,50568adaf9b36025a742,74,0.0,1.1380940607290276e-07,1.8996563881688253,6.683597484500451,0.3034097155156643,2
1,entropy,d256aeb4667b1dffcf06,12,1.0,0.021254728457052726,2.7650218700677667,15.879387270091977,-0.0,1
1,entropy,1d99ed93714593cec761,25,1.0,0.0007246916875610287,2.0089538158744635,7.455513426067637,0.46387987440082123,3
1,entropy,4e6e5fb53d21a4d4ccea,118,0.0,1.5642496185555148e-18,0.026979821753456035,1.0273470724918248,-0.0,1
1,entropy,c066e4495d39a81b940b,24,1.0,0.00011766040105270722,2.035695824489467,7.657578602838908,0.42834749558236623,3
1,entropy,c823170a57cfae104e63,104,0.0,1.126860555466574e-11,1.563987153075232,4.77783327064107,-0.0,1
1,entropy,a4d64e3326563200acf7,6,1.0,0.06547590534774685,2.0170450448407045,7.516082400535463,-0.0,1
1,entropy,3c5ddd208f6b17942161,54,0.0,7.057484735450961e-06,2.3596873656343775,10.58764087457228,-0.0,1
1,entropy,4af19cac715ae96d93be,103,0.0,2.3854807254135145e-11,1.6778262754464208,5.353905397520383,0.6569836243062588,2
1,entropy,61e4a1530d0b8b1a6b73,13,1.0,0.0018675620049383446,2.0966713283695366,8.139032605099791,-0.0,1
1,entropy,d910b9a053a4adc81368,77,0.0,9.498704840007424e-09,1.9447176521835967,6.991657497090915,-0.0,1
1,entropy,60a576ec64346da30cee,24,1.0,0.0014874568223360429,1.7797639261581102,5.928456699829548,-0.0,1
1,entropy,837aa71620c56eb3f239,3,1.0,0.18006866603304955,2.138112302002663,8.483408391435187,-0.0,1
1,entropy,5ebe288b8534024abe90,88,0.0,5.381211463880795e-16,0.009250392901697688,1.0092933100174357,0.5405826412339045,2
1,entropy,163b4df263a7e8b79f86,18,1.0,0.005022240810081029,2.4232184704543918,11.282112088768013,-0.0,1
1,entropy,78b1295c2260b3392059,86,0.0,3.319855137315198e-09,2.005398049023295,7.429050434564784,-0.0,1
1,entropy,425c9c810105dbcb5d8f,86,0.0,6.044956407413143e-08,1.9252429658785455,6.856814435471738,0.6638104000272016,2
1,entropy,df3ee0b554606ef0073f,7,1.0,0.02604638177501961,1.673447841526152,5.330514920718098,-0.0,1
1,entropy,3f0b5640a35184119195,37,0.0,1.082449154842431e-05,2.1201308078439056,8.33222733709861,0.5647171769402752,3
1,entropy,54b40b27f9a9a4a11b4d,40,0.0,7.737465162019504e-07,1.9663054970260063,7.1442332800683985,-0.0,1
1,entropy,8151ae80e9d2d3495aab,46,0.0,7.774066160000597e-08,0.6625383366635484,1.9397097270795653,-0.0,1
1,entropy,9ae495d99cbcf0175fce,107,0.0,1.0156066634983888e-10,1.798248035970404,6.039057978571296,-0.0,1
1,entropy,4db4275b1c0eb4a55b94,10,1.0,0.005350732121742144,1.7026467159812162,5.488454565484845,-0.0,1
1,entropy,5b60a33c3353500963a6,29,1.0,0.0006064648319835948,2.421872070963683,11.266932080268614,-0.0,1
1,entropy,18b5d5d3406d971b3f72,42,0.0,0.00013869554815876332,2.61309120399628,13.641153332321698,0.08052822908652382,2
1,entropy,519d4d6609661667e610,26,1.0,0.0027133804665723706,2.647674609687508,14.121163219939444,-0.0,1
1,entropy,38f93c52c7a7d131ecf4,32,1.0,8.863386543355954e-10,0.01117593773982647,1.011238621832203,0.01379965249063939,3
1,entropy,cd08463e4d7fb3d243d6,24,1.0,1.1131387469531497e-05,1.3662891917514999,3.9207744252472536,-0.0,1
1,entropy,2c05582c1ae8af5fbbcd,78,0.0,7.931698269996686e-11,1.5632683377996712,4.774400125148586,-0.0,1
1,entropy,e2cf878639f88094e78c,23,1.0,0.0002071751639786352,1.5851193595063817,4.879873803081426,0.032865249402456075,2
1,entropy,aa31f470e0ed15e77eb4,6,1.0,0.07340859883676815,2.66589317735229,14.38078840596602,-0.0,1
1,entropy,393b59d76679bdd9647e,29,1.0,5.533540468455779e-05,2.0895653746604284,8.081402018812694,-0.0,1
1,entropy,a40ab3053878372fa93c,30,1.0,0.0008813852808965789,2.37558848556916,10.757341864175434,-0.0,1
1,entropy,9f78378b825da5ddc651,26,1.0,0.00022909966492456102,1.8128715653184952,6.128019198319969,0.08594734961616739,3
1,entropy,6f7134e9cc924c4a0dfd,23,1.0,2.3553921548413232e-05,1.2888986879206297,3.6287879263107947,-0.0,1
1,entropy,e2e5a6594cd815644231,115,0.0,6.64337816661294e-12,0.7115573772934893,2.037161418374763,-0.0,1
1,entropy,6bc6940b6d877564560f,17,1.0,0.0031027836344545445,2.1122290534305153,8.266647561824302,0.06874830611326112,3
1,entropy,d9c40ef22595f5e73664,63,0.0,3.615518555891235e-09,0.356013000565055,1.427626108089293,0.030326054386204136,3
1,entropy,f1709e6e950c34430d76,52,0.0,5.059148519679275e-06,2.2614624495399536,9.597114204062638,-0.0,1
1,entropy,c13dc0bb9a1f1cf6c8a2,5,1.0,0.006207833208117704,1.0279455611472565,2.7953171234290486,0.023913082276058168,2
1,entropy,615b02cefd27009e644f,96,0.0,1.0632826464842172e-12,0.15677505616087187,1.1697324601942718,-0.0,1
1,entropy,6a78ec7ba01c048475e4,20,1.0,0.009773658361390943,3.0144323468859424,20.377520293951495,-0.0,1
1,entropy,ea94fa5eba5ba4dc4a41,39,0.0,0.0005114018135272381,2.4762986705300833,11.89714755983075,0.8064651464575767,3
1,entropy,0c05147fdaf76093bf88,7,1.0,0.05589587282393077,2.4238209860829776,11.288911785881137,-0.0,1
1,entropy,5e54b9e3ef9b323b73e7,1,1.0,0.20360754758994118,2.531704423140721,12.57492086772208,-0.0,1
1,entropy,d2851440615378991b92,11,1.0,0.008703739406531168,2.091220823807519,8.094791448594266,-0.0,1
1,entropy,90dfd117d1c47f33d2f3,100,0.0,1.765692140475295e-12,0.8947319725457588,2.4466799241798656,-0.0,1
1,entropy,c2f90e26abf8894247d0,110,0.0,5.4133211722793926e-14,1.755505605634237,5.786372625076806,-0.0,1
1,entropy,458466b925bd5485bc22,2,1.0,0.19074693805882784,2.1750532020629194,8.802653429051642,-0.0,1
1,entropy,6e536b686bac93b80f72,7,1.0,0.02123195000533439,1.4953322753629186,4.460818526717366,-0.0,1
1,entropy,7caf73ba34d676d6ed16,3,1.0,0.12863559347499967,1.4903157316264255,4.438496671570935,0.4750372371752054,2
1,entropy,307029c1f16cbfd0be27,2,1.0,0.20434028160662993,1.7236193751727928,5.604777590438578,-0.0,1
1,entropy,4e69a15e1c4bff6a4aae,87,0.0,4.49278690391265e-09,1.9584852880138957,7.088581769426341,-0.0,1
1,entropy,3f76eb6a06c080cea705,71,0.0,6.169752770849572e-08,1.5423161500448115,4.675406683334841,-0.0,1
1,entropy,d85755f7bb26b6f5bf22,73,0.0,1.959435766767128e-08,0.5955124931568933,1.8139603490489598,0.19852939326739122,3
1,entropy,ce04bd6d93517bc53d37,45,0.0,3.2351622002015837e-06,2.0747613754598215,7.962646149537512,0.20565661966400633,2
1,entropy,dcce06994bb623d7e47c,15,1.0,0.009084247217837935,2.416150224343995,11.202648508783367,-0.0,1
1,entropy,7f3b4572f89dfdd5837e,19,1.0,0.0012226082773708015,1.7528828346772922,5.771216179640485,0.051091254080972155,3
1,entropy,17b3450c686999fbadf6,98,0.0,5.251631889179749e-09,2.0158179999642547,7.50686548607519,0.5194836503249937,2
1,entropy,bf12b76dc37f7228118d,27,1.0,6.4637978107548895e-06,1.7490946508956948,5.749395109315997,-0.0,1
1,entropy,3af5ba92c0cc21a4be5a,112,0.0,1.441928471533292e-10,1.9262357161381305,6.863624919778169,-0.0,1
1,entropy,4d20d24d1eb3b522da7a,48,0.0,7.922875198379293e-09,1.6295833950956393,5.101748862149586,-0.0,1
1,entropy,4b6d8e46194af1ba87c9,7,1.0,4.730868461048829e-06,0.00793146916453641,1.0079630065903247,-0.0,1
1,entropy,ed1339646d16e8b81a5a,58,0.0,3.8988455729193923e-07,1.8821859362171038,6.567846074595603,0.2780957890067231,2
1,entropy,25548cbc6e95d3cc19f5,25,1.0,0.000159811448673553,1.8451234216234242,6.328880862951022,-0.0,1
1,entropy,28778af0a74a55cfb1c9,74,0.0,1.010502408753819e-07,1.5448035516436407,4.687050773154302,-0.0,1
1,entropy,0e03f97b7981e1fe5ccb,19,1.0,0.005754953562758033,2.3702572590096826,10.700144638675075,-0.0,1
1,entropy,31a7caefed418dca0380,27,1.0,4.017914267719295e-06,0.6530306776183156,1.921355021752977,-0.0,1
1,entropy,11df2975071e529a7bdb,79,0.0,4.594375081176582e-06,2.7615485937511934,15.824329441241412,-0.0,1
1,entropy,f03f443c6ee76e57bcfe,28,1.0,0.0022931542073928034,2.5648262449033847,12.998399635258544,0.7193828816256563,3
1,entropy,1f0606dc425e233ab114,73,0.0,6.721783501309516e-07,2.331611771336306,10.29452058183135,-0.0,1
1,entropy,bd3b1a1c227f193ddb7c,49,0.0,1.3563151645145038e-05,2.37518666651445,10.753020227552497,-0.0,1
1,entropy,fa57f74e02c88f3d167d,61,0.0,6.547124582219009e-10,0.18843937703414046,1.2073638867882632,-0.0,1
1,entropy,a008b65d8153a9cfb869,111,0.0,2.2662391147470247e-11,1.8020945892234135,6.062332270889154,-0.0,1
1,entropy,a743ede844e3452799e1,89,0.0,8.247705382822576e-09,2.248037720725407,9.469136503474868,-0.0,1
1,entropy,730322d827fea05f49df,41,0.0,7.333355110594334e-06,1.0723268201433387,2.9221709619141056,0.029088807598032566,3
1,entropy,d0c2a97828296e7436de,106,0.0,2.361295853180711e-09,2.21660725610363,9.176145681870159,-0.0,1
1,entropy,55bc437fde1194326052,32,1.0,2.5155114222021737e-10,0.006114835022503429,1.0061335687913493,0.03600558243894142,3
1,entropy,a5689b5923cfc815726b,38,0.0,1.1508970342414375e-09,0.016063706764640306,1.0161934217391495,-0.0,1
1,entropy,de5070e1bce2d6f62416,41,0.0,1.710650282904093e-05,2.360664450107852,10.597990949706977,0.16134532516832045,2
1,entropy,d52b73402d207dc824df,30,1.0,3.485418551852757e-06,1.816219229230923,6.14856812330142,-0.0,1
1,entropy,c096132131731e6ea5a5,2,1.0,0.07331578801098526,1.9454207633487655,6.9965751381617345,-0.0,1
1,entropy,c4f8a1d1d26a81d3a2d8,25,1.0,0.002344625765718022,2.5950730231062367,13.397565657548622,-0.0,1
1,entropy,39aafe83992a91ec9601,82,0.0,4.740625779675699e-08,2.2794710248232493,9.77151015586972,-0.0,1
1,entropy,1871b5ba3aaa23f50cf9,26,1.0,0.0008298378675922411,2.3535474264003517,10.522832566108416,-0.0,1
1,entropy,1db4e1edfd6ef49ae4ef,114,0.0,8.200070341649899e-17,0.04041676435131367,1.0412446374226187,-0.0,1
1,entropy,6261f30b4fb0c0a62414,1,1.0,0.37346187861218283,1.9792602254935059,7.237386969909535,-0.0,1
1,entropy,7bb593fd3117896fb37e,33,0.0,0.00011891263499761508,2.289097406791678,9.866028650709579,-0.0,1
1,entropy,dcd5db9bb5b60ffa1d3a,2,1.0,0.17634595437024722,2.400536512913447,11.029092043889982,-0.0,1
1,entropy,245a9144bc6c295fe27f,70,0.0,6.751290769079571e-09,0.9897398868223009,2.6905345378337677,-0.0,1
1,entropy,720c066b52eb1fe60ea5,98,0.0,4.145631728194888e-09,2.28868752830253,9.861985606427378,-0.0,1
1,entropy,214279241e92a8707564,30,1.0,4.162520091741781e-05,1.7834663483538213,5.950447033130204,-0.0,1
1,entropy,9b3cadcdb85f3b3b3c02,94,0.0,4.466215047186775e-09,2.120181201783897,8.332647241443256,0.6338101247581553,3
1,entropy,40352932a4361f60b40e,35,0.0,7.569939494671508e-07,1.6664828270797245,5.293516803069522,-0.0,1
1,entropy,3f5f6f52e19162657183,96,0.0,6.36647795822042e-08,2.3429687053502373,10.412101186576642,-0.0,1
1,entropy,72d09753b5e092d3c450,48,0.0,1.3919666839934359e-05,1.4448342238424619,4.2411490031548595,-0.0,1
1,entropy,25975b13e19a8dd61eac,12,1.0,0.011411561779136933,2.3014390606444763,9.98854624094711,-0.0,1
1,entropy,20264f24734eb0f77815,14,1.0,0.005757746746498879,1.802112398029267,6.062440234748937,0.05446506165197007,2
1,entropy,beaeb2422cfad48de8bb,63,0.0,1.4540979408536035e-05,2.4570580185567454,11.670426806058721,0.370359075899367,2
1,entropy,6c7faf81a8c4bec88562,40,0.0,8.40107021654557e-07,1.748398909389804,5.745396407697323,-0.0,1
1,entropy,81536c7fae90dd54425b,43,0.0,1.1671446309444474e-07,0.2908298353694778,1.3375369631009397,0.6296034558306128,3
1,entropy,ffc49248cd8f55c6cb58,11,1.0,0.011127243665834863,2.144400640257244,8.536923015636726,-0.0,1
1,entropy,1939fdb459d4c64cfea9,44,0.0,3.4972956584860047e-09,0.10091144425146416,1.106178678944974,-0.0,1
1,entropy,641306a640214a0e1115,65,0.0,3.423598337238066e-07,1.8160509011293218,6.147533233604611,-0.0,1
1,entropy,36be1d5a2e5b7e665a34,4,1.0,0.06703551788932127,2.2363929587049896,9.359510187313473,0.5355040327595941,2
1,entropy,2f043140fdd858a1ed6d,38,0.0,5.075018404020085e-06,1.8684476431404418,6.478232061607344,0.27575837022778743,2
1,entropy,77b18cf7d5182e1260fb,75,0.0,2.537293622301193e-14,0.010230817180692738,1.0102833309241677,-0.0,1
1,entropy,a019de159606bb234a3e,33,0.0,0.00039413358739586043,2.119512535248175,8.327077341489314,0.2135527218570286,3
1,entropy,d5f57304f48dbfa4d191,21,1.0,0.0005377215771635441,2.285786031000943,9.833412554164687,-0.0,1
1,entropy,485733c17a3fd79d1606,44,0.0,5.567050283554074e-10,0.015471181777217036,1.0155914800950576,-0.0,1
1,entropy,3014eab85e89abf00e56,14,1.0,0.0001561892234541532,0.6807635603360173,1.9753854825308348,-0.0,1
1,entropy,b9f3da2cd775c889a6a2,37,0.0,4.911208383669972e-07,1.680020194762531,5.36566432834478,-0.0,1
1,entropy,6b6449d2c5076a473ea7,56,0.0,1.0645864588445597e-05,2.296213255000221,9.936484191180377,-0.0,1
1,entropy,8a96e745b5a8ac00479e,113,0.0,4.5293219478703206e-09,2.2623065920707974,9.605218956637557,-0.0,1
1,entropy,3c0c0997fbd8118c3ca2,71,0.0,1.07797929000712e-09,1.2563028868768293,3.5124116695227525,-0.0,1
1,entropy,e476ce383ce72ed72105,4,1.0,0.050866052939169314,1.7262312108950302,5.6194354824348185,-0.0,1
1,entropy,1c3f2d8232aa01a99ff4,92,0.0,3.762379727576055e-09,2.082683496115291,8.02597772202648,0.6387748693126801,2
1,entropy,7c17e2d21129e0e0212f,9,1.0,0.0036457955574636966,1.6447202080155732,5.179560504680329,-0.0,1
1,entropy,d6f2d65fd9b95e093e8a,7,1.0,2.7745416554194898e-05,0.011500949965269097,1.0115673401629828,-0.0,1
1,entropy,2dcca4917a443a2f3d0e,38,0.0,6.786759960820774e-05,2.273091450491231,9.709370503511375,0.8670183861547958,3
1,entropy,1be8b9f42f4f2020c053,94,0.0,7.442355860660855e-11,1.4097977558881734,4.09512710497053,-0.0,1
1,entropy,4241eb29f4384f3fe079,61,0.0,2.515584943136035e-06,1.778557300191384,5.921307584054682,0.4548437272144082,3
1,entropy,883a6a656384ffa7817b,21,1.0,0.004721386357751162,2.4866370475653365,12.020782749353904,-0.0,1
1,entropy,c460f82f95a5f043e734,57,0.0,1.340479071546077e-05,2.254203180297176,9.527698426843202,0.8941029573501362,3
1,entropy,61a23efb6ddb1908e9d0,28,1.0,6.262289788227502e-08,0.03812996107079574,1.0388662362741945,-0.0,1
1,entropy,73cc0c5706b7bb529f4f,115,0.0,7.594478989289567e-11,1.5307605430994078,4.621690480788819,-0.0,1
1,entropy,ef3881467065ce2b5009,24,1.0,0.0014335851668303816,2.399820886278807,11.021202155311398,-0.0,1
1,entropy,c997fc0681eceadf7474,120,0.0,4.582154747675366e-20,0.013114980217202268,1.0132013587748783,-0.0,1
1,entropy,dee280b0fac8da0588b0,105,0.0,1.3541958322280883e-09,1.6477383169867084,5.195216596717705,-0.0,1
1,entropy,515cd0282b1956b92a38,33,0.0,1.4225059331452174e-05,2.0450083567903463,7.729223129137223,-0.0,1
1,entropy,f67bd7dd159bd5e5197c,16,1.0,0.003863046957247335,2.0951743184059093,8.126857507590547,0.08199689815314988,3
1,entropy,e1ffc02cd61a729e4215,46,0.0,9.421016610225557e-10,0.02990099923530561,1.0303525232163264,-0.0,1
1,entropy,c766bc58880dcc7d1f4a,75,0.0,1.3975874611660807e-08,1.295503981957202,3.652836473988457,-0.0,1
1,entropy,7da55376f80067401d17,43,0.0,6.804599179844146e-05,2.2922250521836913,9.896934395668088,0.929482723220374,3
1,entropy,e4c1ff47445e15555390,34,0.0,1.5590983069265845e-05,1.070095588481837,2.915658189996944,-0.0,1
1,entropy,ac5b457dd0358c2e5583,45,0.0,1.847617802299365e-10,0.026957443681297648,1.0273240827021395,-0.0,1
1,entropy,f1d91b14ae2f6fa63c6a,2,1.0,0.09724892283201143,2.815835402198856,16.70712712276378,-0.0,1
1,entropy,70a4a88e4284f8357760,13,1.0,1.3057706988493416e-06,0.04463327139783984,1.0456443219053084,-0.0,1
1,entropy,025bee713a67f58345a9,110,0.0,5.202244567080703e-08,2.3793069828244358,10.797417474717482,-0.0,1
1,entropy,6661a4a61b50681206ab,39,0.0,4.538178621389007e-06,2.1442147413328665,8.535336158332727,0.5967430575759077,6
1,entropy,114e753e11e22a4110f6,64,0.0,8.987102695111605e-07,1.5178426993021772,4.56237216233664,0.5173501504983149,2
1,entropy,8125e9a3b36b72bbebff,16,1.0,0.00039830091445046243,1.2186591744257762,3.382649149088465,-0.0,1
1,entropy,c94817f760e2a4b01f1d,11,1.0,1.0727884705385345e-06,0.04465442591700962,1.0456664422421327,-0.0,1
1,entropy,639c4a5e00be163d1082,67,0.0,1.2160674088545737e-06,2.3499362518905174,10.484901310786064,0.7223033684030375,3
1,entropy,e2539547bd7a4524eea5,30,1.0,4.554673730100526e-05,1.8579959732545046,6.410876321779791,-0.0,1
1,entropy,1e63d4325f5634d93727,5,1.0,0.06359602110747688,2.129590839822347,8.411424487319634,-0.0,1
1,entropy,01be3188b8e7055c08e5,7,1.0,0.051740536376463454,2.0354736727632643,7.655877647475835,-0.0,1
1,entropy,298a1fb6254a5a4c9f3f,40,0.0,5.3819588393582346e-06,2.1657217214370155,8.720893702054711,0.5370426762944362,2
1,entropy,a7e753ef877a91cc933d,11,1.0,0.006778717425163327,2.0894694172614012,8.080626585699344,-0.0,1
1,entropy,c6b4970bc061df81f39b,28,1.0,1.745463761530317e-07,0.09453199038644532,1.099144324622276,0.05779624604783998,3
1,entropy,4a32c8eb4e3454c72310,4,1.0,0.018228596003358,1.3662414929689726,3.920587413540756,-0.0,1
1,entropy,f99f8c77eb35ecd4d057,10,1.0,0.04482351336446861,2.537558990845767,12.648757523275528,0.6906094728106502,2
1,entropy,d069e6c63238d2575018,4,1.0,0.12456936678772498,2.020563804292755,7.542576271968481,0.0021139393317488532,2
1,entropy,a407d29f2fc4a76928d6,39,0.0,2.6765762550316477e-10,0.016151201189867567,1.0162823368882374,0.1036131293501763,2
1,entropy,a24a7524ae37220c203a,25,1.0,0.0009239466177560445,2.3586875985671454,10.577060989497785,0.3836191569094778,3
1,entropy,555e8dd023466ced86eb,22,1.0,0.0030877655971373445,2.363595767615891,10.629102602917216,-0.0,1
1,entropy,9e6f2a8623e2b0c0494d,80,0.0,4.314093082155703e-09,2.101543387992449,8.178783212258862,-0.0,1
1,entropy,f836bcfaac9eee21c0d2,100,0.0,1.4908817282450882e-10,1.982509821769039,7.260943810031733,0.5764577184919855,2
1,entropy,7ae8d73f778b09a36d15,9,1.0,0.022291054953322332,2.3111210318031454,10.085724738143119,-0.0,1
1,entropy,3201e3fe0c64b5cc5293,69,0.0,3.9996922180735764e-07,2.3878849074588846,10.890435287596905,-0.0,1
1,entropy,a300a0c0994bb7f8de84,100,0.0,1.5583149429156055e-09,2.0972383736880897,8.1436491141973,-0.0,1
1,entropy,d7339581a75f18df4685,9,1.0,0.02199542766716978,2.336298627454632,10.342882763369316,-0.0,1
1,entropy,680e3332bd1e56fd6831,13,1.0,0.007120757152970722,1.8636613804552162,6.447299625657415,-0.0,1
1,entropy,9225f54ca8a05473e0d2,39,0.0,3.1302975305426975e-05,2.192463613574744,8.957253164957379,0.3759304101426951,2
1,entropy,a3aed3b8ea33a12527fc,47,0.0,6.050576188174003e-07,0.7768271005318051,2.174561642460804,0.6312653899997621,3
1,entropy,f7650e8320b125a5e004,44,0.0,9.637378465701642e-05,2.508762279723184,12.289709420460232,-0.0,1
1,entropy,aa12bb594aee256f0bcf,47,0.0,3.177437659775709e-05,2.473136928233333,11.859591248156043,-0.0,1
1,entropy,bf6aadaf3f7f926407e3,90,0.0,1.1460326840641124e-09,2.1121644098837096,8.266113193677624,-0.0,1
1,entropy,9af2fe90b97aadb2d6c1,103,0.0,5.146603304209657e-10,2.4018221190493767,11.043280230551089,-0.0,1
1,entropy,226e33215cf8169e598f,70,0.0,1.5676903845905355e-07,1.9161282430712154,6.794600434954029,0.9824392451266724,3
1,entropy,a292a9293b14f16d3d8b,7,1.0,0.03584950383888379,1.5770073822705022,4.840448502642247,-0.0,1
1,entropy,cddbc5837412b0382d59,85,0.0,7.96979643449554e-09,2.6357657961453174,13.953994287628085,0.5862403538671634,2
1,entropy,bef52484111cc4162a3d,108,0.0,2.0277413921647833e-12,1.4542325231747257,4.2811964853359274,-0.0,1
1,entropy,e245ddd15ce116a42086,26,1.0,1.3315862492923465e-05,0.563152598422498,1.7562003766676033,-0.0,1
1,entropy,e4c952a8b4f5b94ec479,25,1.0,0.0004807692457680609,2.004631870357094,7.423360634591703,-0.0,1
1,entropy,bd4148359fe4f9402b50,30,1.0,0.0006631281714509186,1.9295596697397452,6.88647724955168,-0.0,1
1,entropy,f562c8e522d9b0e70ea9,18,1.0,0.0022668397546449686,2.0625689039278923,7.866151263991539,-0.0,1
1,entropy,da722d8a53f61f2567e3,43,0.0,5.948647270809693e-05,2.1935704888754657,8.96717321636511,-0.0,1
1,entropy,f1483e4af9fcfe053e84,96,0.0,1.2906364980538028e-07,2.4426342311771356,11.50330322610485,-0.0,1
1,entropy,70112a6d472b5c3238a7,17,1.0,0.0038432170336547464,2.354193979052933,10.529638331322394,0.09412192287900396,3
1,entropy,5b82673caa26822e9652,111,0.0,9.009940982800483e-13,1.0598234117487115,2.8858613350631903,-0.0,1
1,entropy,c0bead00d3265c4ff14e,86,0.0,1.6712847016175386e-07,2.177760521477375,8.826517312580414,0.050801317759302765,2
1,entropy,d1bad52e43029e9b5de2,27,1.0,0.0003566581165480427,2.1597887008502563,8.669305648006853,-0.0,1
1,entropy,d89c36162741f1fb288f,4,1.0,0.08298894877474944,2.1361443273110923,8.466729675451008,0.7338846133212059,5
1,entropy,3b95a726ea3c9dcbfe79,27,1.0,0.002828867542463547,2.79969786586052,16.43967903239533,0.06622460654544543,2
1,entropy,030a705a36551f407a40,51,0.0,3.11466550678312e-10,0.034439522686691225,1.035039430079345,-0.0,1
1,entropy,46f1a581144dd6cd98c0,58,0.0,3.245486496881053e-07,2.172776785229221,8.782637711306519,0.8131231547178456,3
1,entropy,e450d557fcbef689b75f,25,1.0,0.0012436672083763873,2.1474740241786003,8.56320061746615,0.0009205787379960878,2
1,entropy,258577d42fe1fe82ae5c,49,0.0,6.5702141191035204e-06,1.8769551276260574,6.533580625056918,0.4930586980779977,3
1,entropy,b3aaeb32c4b7a4d0788d,20,1.0,0.001287777063712173,2.2534205671812435,9.520244842106727,-0.0,1
1,entropy,de66b22f0020d0377ebb,84,0.0,5.794374904960807e-12,0.03304221988657877,1.0335941765490202,0.6828774118087405,2
1,entropy,53d0864b369d380d3f34,15,1.0,4.425574046834773e-06,0.06910355112875953,1.0715471633218132,-0.0,1
1,entropy,f603a33d0240a956d53e,119,0.0,1.5838271608978553e-18,0.040987865192737324,1.0418394629476904,-0.0,1
1,entropy,047fd83e3105ea304107,69,0.0,1.0369026736768007e-07,1.7593554963124312,5.80869246400849,-0.0,1
1,entropy,6673b9e44e285e2a751b,116,0.0,2.113520771968993e-08,2.2667604119563687,9.648094280442061,-0.0,1
1,entropy,01f4d144409f49635d7a,4,1.0,0.08541036998916168,2.1353745019936645,8.460214280770685,-0.0,1
1,entropy,410e98e619fc57e698a8,53,0.0,9.61565036269049e-09,1.9299826116390448,6.889390445331942,-0.0,1
1,entropy,7ca2e50cca6c239e72ff,24,1.0,0.0027998791294365035,2.2320631102181565,9.319072533923293,0.48622506513713126,2
1,entropy,40572b96c45693c2dacf,70,0.0,1.941033729515051e-06,2.5698024143120812,13.063243076052947,0.0006498866906025382,2
1,entropy,b9fd07e13bbfec03efdb,107,0.0,1.368359245674307e-16,0.06758861414993238,1.069925065897456,-0.0,1
1,entropy,f874a5cf0dca614e2893,12,1.0,0.024691760212880918,2.604445489777226,13.52372417990747,0.4735483355221176,3
1,entropy,0c71f7d783bcd7cdbdb3,60,0.0,3.5184018964429945e-08,1.7506868992059692,5.758556865924029,-0.0,1
1,entropy,cc9fe07aa36c340c1f7c,117,0.0,7.864773718783491e-10,2.813619283246456,16.670143137298695,-0.0,1
1,entropy,8929666336c731529a48,24,1.0,0.0002560075109447027,1.9121434501554333,6.767579231979189,-0.0,1
1,entropy,958b86520bba639a20d0,113,0.0,1.869403833459728e-13,0.9041746662626037,2.4698925959233295,-0.0,1
1,entropy,cd6a688a118138356cb3,44,0.0,9.005339735687662e-08,1.5992090818765063,4.9491165300644395,-0.0,1
1,entropy,273742735ef058291ba6,68,0.0,5.6667024648791725e-09,1.7400070404095376,5.697383534444164,-0.0,1
1,entropy,2afa97628183c6a0f69f,23,1.0,0.00021063599551406867,1.7617302035729387,5.822502799438759,-0.0,1
1,entropy,be5d3783ed3cc04567c5,28,1.0,0.0015189506783532603,2.564658450971715,12.996218765651792,-0.0,1
1,entropy,c4ce2429b05616c6a98c,31,1.0,0.00012022370480479747,2.2869514167234444,9.844878952849701,-0.0,1
1,entropy,b85299f2ad6796d63fe9,51,0.0,1.7263688563029487e-05,1.8621497029701346,6.437560750847204,-0.0,1
1,entropy,72817762ca5e5bb7dcf6,24,1.0,0.0005960378160602011,2.446233678361478,11.544783366515208,-0.0,1
1,entropy,25c78a6139ff941064c0,78,0.0,6.232205192056988e-07,2.59862573808885,13.445248040596018,0.7657802262848363,3
1,entropy,964281f58b17073f9d17,55,0.0,6.34369520303664e-08,1.6680808958371989,5.301982969846226,0.6725927780889839,2
1,entropy,c2b96660947f203953fe,34,0.0,4.875790211096081e-07,1.3223987119801273,3.752411545066122,0.5911029341527809,3
1,entropy,714e233998b633e37321,56,0.0,9.422404323185064e-07,2.080026964948077,8.004684757295097,-0.0,1
1,entropy,ade7912ad6dbc657f483,40,0.0,3.0145338990043084e-06,2.2108364630550397,9.12334454291131,0.27959196723395807,2
1,entropy,921d39915ef9c12bcdbc,4,1.0,0.05266596087934449,1.6955099997789538,5.449424461907222,-0.0,1
1,entropy,03844162a5a3e9dc1d7e,12,1.0,0.0015009639018763808,2.05414479009348,7.800164241633047,-0.0,1
1,entropy,a30e518dc0c8a9c1cf64,100,0.0,1.986724371472137e-09,2.2249173914729043,9.252718418894752,0.5539417938561801,3
1,entropy,c891b93f57712e57a938,6,1.0,0.01787081342561593,1.511322197828529,4.532719986516763,0.00508556350974549,2
1,entropy,4cc82c4b95c1cc0db9f1,17,1.0,1.265647979230629e-05,0.158634431553148,1.1719094552446103,-0.0,1
1,entropy,a7a9c0a4debd9b8fe48b,8,1.0,0.023957178269012773,1.7012746924312738,5.480929440073323,-0.0,1
1,entropy,31512ee29b9425062937,50,0.0,4.4804926889151064e-05,2.546899307783943,12.7674543976903,-0.0,1
1,entropy,11912185673dc1ef359d,52,0.0,6.369473184662218e-06,2.338870346583425,10.36951598472238,0.3895815597121868,2
1,entropy,0c4d16adc6124fcbf8a8,12,1.0,1.559791818227085e-06,0.030143518408608197,1.0306024337612916,-0.0,1
1,entropy,94c2f55cd60b03149fd0,50,0.0,8.998907438239874e-05,2.3499692193160406,10.485246976686971,0.521179835058569,2
1,entropy,df44527dced5b9af3b37,104,0.0,1.3814827019935482e-11,0.8636062910800002,2.371698324373881,-0.0,1
1,entropy,41c01c482d8dcc50c516,19,1.0,0.000169978568639154,2.0295905160106593,7.610969150589576,-0.0,1
1,entropy,bd976651220ec445ad46,85,0.0,1.1283095616855143e-08,2.2013995842660243,9.037653609714996,0.2754020367169199,2
1,entropy,5916ad029942a4fd1237,7,1.0,0.06275447628635913,2.058225881631604,7.832062471440535,0.010335478357908656,2
1,entropy,e072b64e02db2391ba9f,29,1.0,9.84242194004584e-05,1.9244579561743795,6.851433881769971,0.017463829281548732,2
1,entropy,40ba46be06455291aac0,26,1.0,0.000491569100782695,2.1209086764201555,8.338711236398128,-0.0,1
1,entropy,29ed5d73829c1a1e15dc,5,1.0,0.06654331055562915,1.7647412456421374,5.840061021322489,-0.0,1
1,entropy,1ad1b172bce2cf3fcc1b,41,0.0,1.8409904806140227e-10,0.017490182784234688,1.0176440316706914,-0.0,1
1,entropy,938c3eeef37add68cf53,106,0.0,3.2385947297345303e-12,1.3560625670930622,3.8808824645549294,-0.0,1
1,entropy,133db7962e5ae1d5cfbc,7,1.0,9.46259880862728e-06,0.010956390878806755,1.011016631936522,-0.0,1
1,entropy,f20ebf3c56d8e51d0a84,39,0.0,7.036629404583157e-11,0.01833563386637219,1.0185047637206497,-0.0,1
1,entropy,ca3705a5acfd06fd6eae,90,0.0,1.715356063464556e-15,0.0076741416437365794,1.0077036633382899,0.002560105812836393,2
1,entropy,b09905378179d3db9811,90,0.0,3.3626497313351644e-15,0.01618308772166348,1.0163147431239448,-0.0,1
1,entropy,b46d7da8f32c0a70e23d,32,1.0,0.00043333318238040965,2.186653604132488,8.905362328586689,0.04517658354845401,2
1,entropy,0e816dc81dd8d4791998,16,1.0,0.006548678684327241,2.4171225666449065,11.21354661529705,-0.0,1
1,entropy,3801556000c80201715b,15,1.0,0.008317447060896746,2.4085085161120223,11.117367399136516,-0.0,1
1,entropy,b4458066828a733ca87e,4,1.0,0.061568996835105805,1.6075015363096476,4.99032748721145,-0.0,1
1,entropy,2ac20f51b6b7bb0adff6,7,1.0,1.744819899803095e-05,0.006312872785175101,1.0063328409633179,-0.0,1
1,entropy,c8a18aa59b6b453539c8,14,1.0,2.0345594971343978e-07,0.012606070076898427,1.0126858615112462,-0.0,1
1,entropy,6a7d1347e1fbffde3908,12,1.0,0.009841107077887398,2.1949690696443818,8.979723306488712,-0.0,1
1,entropy,27029288cd286891202f,38,0.0,1.6230260063612867e-06,1.6532459722346875,5.2239090000737525,-0.0,1
1,entropy,06a68587c7336d51468b,63,0.0,8.766925442462505e-08,1.3679292912350676,3.9272101615385333,-0.0,1
1,entropy,7660e772a0732901d0bd,18,1.0,0.0048625832003789836,2.3293316619599445,10.271074688685703,-0.0,1
1,entropy,e14d2b3664577017426a,85,0.0,8.503834687948755e-07,2.397202508828582,10.992382235293446,0.6664033190630468,2
1,entropy,b04ca6fc4f8085cfa06e,29,1.0,0.00017642288777151914,2.240654422360218,9.399480505347608,-0.0,1
1,entropy,ee38112aa013e202605b,23,1.0,0.0014395532822919304,2.4639269649423428,11.750866293071109,-0.0,1
1,entropy,1dc629346c6fb59de0c1,49,0.0,4.72457631010086e-07,1.5713978646885391,4.81337193590147,-0.0,1
1,entropy,96030904d4c4a0d5b8db,28,1.0,8.779887831033056e-10,0.011931052488734373,1.0120025114060582,0.01677253241818061,3
1,entropy,04951ba6f9206accf65a,16,1.0,0.0008171404274190919,1.7767190997877582,5.910433031928808,-0.0,1
1,entropy,ed2c9a1b99314c50236d,13,1.0,0.02350367571527931,2.8615406667263517,17.488450064580697,-0.0,1
1,entropy,6a2412137a26c27b71cf,44,0.0,2.2284616565413435e-08,0.10138859010025407,1.106706613450515,-0.0,1
1,entropy,bff323270e7be838f60e,50,0.0,1.1469193976261629e-07,2.021930318427354,7.5528903546202715,-0.0,1
1,entropy,319f6e84f154090a8007,46,0.0,0.00022117233033256813,2.6713845208687603,14.459975477858322,-0.0,1
1,entropy,140248210bad8ec9e196,59,0.0,3.6901375620689823e-09,0.3872882537171848,1.4729810223388988,-0.0,1
1,entropy,58fff2969a7ee4c0e023,24,1.0,3.1311960484408504e-07,0.14111780654456085,1.1515603013341147,0.0007915690246620932,2
1,entropy,7349b21202b41293e978,5,1.0,0.064377229558764,2.4724865999071826,11.851881127357514,-0.0,1
1,entropy,103d7e2d41daab21d0fb,26,1.0,0.007624791633162774,2.84779415715009,17.249689738644683,0.0013870324950720173,2
1,entropy,330261806778d575227b,25,1.0,5.1893513842442406e-09,0.016385582518515136,1.016520562409355,0.008226609024173341,3
1,entropy,97157960bfeedf62bf03,87,0.0,2.4716886901611166e-07,2.4588829487641224,11.691743965718208,-0.0,1
1,entropy,4244597e68dec36d9d88,34,0.0,4.464124287570245e-05,2.215092393220051,9.162255602801253,-0.0,1
1,entropy,354717d2e56e01b4fbbf,46,0.0,4.579765507522578e-07,2.000713763321616,7.3943320188104895,-0.0,1
1,entropy,bf4b6eabf232a6114736,2,1.0,0.2077017167821633,1.5214851863847922,4.5790208469057845,-0.0,1
1,entropy,5cc4a42ee3087b8c7536,21,1.0,0.0032930524366266466,2.3830119709779187,10.83749597789301,-0.0,1
1,entropy,8c85c2c261868318e04a,2,1.0,0.15958191788938017,2.176835861275338,8.818359555456789,-0.0,1
1,entropy,8d810dae82890e6b853a,12,1.0,0.003596577829381527,1.6708081244825694,5.316462425096844,-0.0,1
1,entropy,9e8a192d784a1cbf6e25,86,0.0,3.2425076767454425e-07,2.5685893810142013,13.047406534291525,-0.0,1
1,entropy,9480f0c4ed3c6f65d27a,96,0.0,8.10934869669316e-09,1.6333118296244666,5.120805903153133,0.011291536604961107,2
1,entropy,4e0fe6236c23d79ef0c3,8,1.0,0.029680478255875033,2.111851594924468,8.2635278342065,0.21319771514619368,2
1,entropy,8d88008e7fd7f44f31da,50,0.0,2.4117284454435867e-07,0.18186931642308513,1.1994574342492719,-0.0,1
1,entropy,56007be65986e1b1f80e,76,0.0,6.095707908984182e-07,1.852589624882869,6.376310412882149,-0.0,1
1,entropy,c6573efea1bee184dd89,18,1.0,0.002589690971024083,2.328988137427708,10.267546928528478,-0.0,1
1,entropy,0f5e9867c870c8136a6a,23,1.0,0.0005425198729346149,1.7836261151812987,5.95139779312269,-0.0,1
1,entropy,5db8bf06dc5c7ea7001d,67,0.0,1.0870193833403279e-07,1.6100990691047627,5.003306876414552,0.09578250215686204,3
1,entropy,549e30e35f2e9c41ad06,43,0.0,0.0001403408125822365,2.5011353648359957,12.196333390875724,-0.0,1
1,entropy,94ade7de182e6f2a124f,48,0.0,7.401588040093332e-05,2.2990126056358418,9.964338863824633,-0.0,1
1,entropy,cdfe02c71fe119b6c829,67,0.0,1.1038321620748788e-08,2.0478174827107596,7.750966015128152,-0.0,1
1,entropy,c600aceaf24b26995ffc,75,0.0,1.7040972236272128e-06,2.450943077419067,11.599280582267898,0.321753216957988,2
1,entropy,db325878a03c8eb51800,7,1.0,3.4790795560696276e-06,0.010844593141205764,1.010903608882373,-0.0,1
1,entropy,244e82179ae1d2a3a28e,13,1.0,0.00024563001483890007,0.836242135541014,2.3076787185178467,-0.0,1
1,entropy,ee0c5ef43070a263b1fa,10,1.0,0.024615030922265423,3.1288878356071392,22.848554058150583,-0.0,1
1,entropy,b7d5f4c34f73404be85b,5,1.0,0.0482489652173989,1.6119317262995683,5.012484630028804,0.09543014016819758,2
1,entropy,83dba251f8a20b3fbde3,85,0.0,8.494401082266872e-10,1.6821970630492982,5.377357395374438,0.7455972299620673,3
1,entropy,e80ae5bdbe941c14972c,27,1.0,0.004002106551278317,2.8807218136897395,17.82713640773458,0.026882243436744863,2
1,entropy,e2614d339bc9aa6914c3,95,0.0,1.2534861690334325e-08,2.2259029891947617,9.261842372624821,-0.0,1
1,entropy,f293e22e13851effbe49,48,0.0,6.677068642493102e-09,1.2917048919171017,3.6389853468211824,-0.0,1
1,entropy,5b5d5fc8134d52da977a,6,1.0,0.045188176457996894,2.3100313116009326,10.074740106316627,-0.0,1
1,entropy,70a2ae4667672add8dfa,91,0.0,1.4073710860318326e-08,1.5754485498229478,4.832908932445681,-0.0,1
1,entropy,17e4e78e1f893078b40b,45,0.0,4.5795217223333496e-05,2.5311243319302146,12.567628382011828,-0.0,1
1,entropy,5b7651d4e656be2fe151,3,1.0,0.11682338908696893,2.332938341152386,10.308186044197143,-0.0,1
1,entropy,70dbd8e1a3ed0072590a,3,1.0,0.0836625431780364,2.3242533738807314,10.219047429050553,-0.0,1
1,entropy,9f4af663d82de4a667f0,99,0.0,1.3268653827058005e-06,3.1860409995442076,24.19245964140956,-0.0,1
1,entropy,fae14267664a39587ce4,43,0.0,0.0009135312569876994,2.920230357144915,18.545559069768203,0.2272796956387103,3
1,entropy,39f2970fe4b7add3a03b,4,1.0,0.052335150890443535,1.8292725533429302,6.229353487534367,-0.0,1
1,entropy,d7cc00e5c0570e177493,53,0.0,0.0006410483551985252,3.237868893004508,25.47936459534069,0.27742117899528645,3
1,entropy,ea1aa711fcec9b1347aa,30,1.0,0.00018170163141782985,2.1543735072930836,8.62248656153575,0.02699966814082749,2
1,entropy,83d69f4e77b11a7a1460,24,1.0,0.00040692180328020947,1.7821128743918195,5.9423987058379435,0.7274826834159391,3
1,entropy,159f79655e501c6548b6,90,0.0,1.2630558211930539e-08,1.7182546418757962,5.5747899632092395,-0.0,1
1,entropy,7a5f9755b2b808b95db3,90,0.0,3.313203253919389e-08,1.9822959973612022,7.259391408997749,0.0013957120990967628,2
1,entropy,da33b959bdccc5cc4ac6,8,1.0,0.015002259937022418,1.515853524908982,4.5533058287079236,-0.0,1
1,entropy,d5c80011ca15fbcd7763,60,0.0,8.600934207297309e-08,2.0656316957609877,7.890280580515105,0.7068970058740365,3
1,entropy,eaa0c06461fca2288e0b,14,1.0,0.0010620135475126688,1.5240230493742055,4.590656533084342,-0.0,1
1,entropy,8b55e84a663bfb8af59b,107,0.0,3.11822961838265e-10,2.184919711489731,8.889934765098577,-0.0,1
1,entropy,0523488ecd76f7a66b3f,99,0.0,1.3346013258285102e-09,2.3901547744134373,10.915183203389327,-0.0,1
1,entropy,2ce4c13ce00ba98da453,91,0.0,1.4751442099560935e-14,0.023058210526049214,1.0233261061644583,0.0038555430180971318,2
1,entropy,e8600e3be9868edd5911,21,1.0,0.0007576651886783796,1.8023947159871272,6.064152012117036,-0.0,1
1,entropy,c19854ff69a3e4e69173,114,0.0,6.47123684742366e-11,0.4391319592412669,1.5513599901684396,-0.0,1
1,entropy,8fe7945b8d25f8b5670d,21,1.0,0.00036563721712680166,2.1300871500391447,8.415600199369074,0.645601436041065,3
1,entropy,6a42b4cf79cdd775cbf8,35,0.0,0.0012323665116269397,2.806048449571087,16.54441279854831,-0.0,1
1,entropy,5da28245f3752c6b61c7,2,1.0,0.21790837024286522,1.7515117499283697,5.763308775253368,0.014490432403832094,2
1,entropy,c81bb3e92d0a6621a993,11,1.0,0.007438113682986244,2.0294250596032897,7.609709971149845,0.04362267893523041,3
1,entropy,aca49218821c4080028f,33,0.0,5.171636570283589e-06,2.0948692226797787,8.124378416297418,0.40693623197690265,3
1,entropy,574ce306b5c270d5a852,85,0.0,2.5915400030594538e-08,1.929094193535472,6.883272504184963,-0.0,1
1,entropy,c30fd6bf1c1bbea154b5,24,1.0,8.195640266017869e-05,1.449679260864409,4.261747386761808,-0.0,1
1,entropy,dcdf831510c69c76dd84,60,0.0,6.906383995160736e-11,0.08789891258483591,1.0918777413506944,-0.0,1
1,entropy,2b888f4d84b969a5381c,14,1.0,0.0011560226686937545,1.8829664716458083,6.572974512350415,7.702205346278059e-07,2
1,entropy,5035a13358d151d34181,30,1.0,0.000907294631001418,2.4809440178143958,11.952542506706802,-0.0,1
1,entropy,edec4a91c0a482f6f5b3,25,1.0,0.00022582258902335739,1.8103345493947702,6.112492020709687,0.0005304841062682917,2
1,entropy,208ea89e979cf8a161e8,66,0.0,3.8604685308901555e-07,2.0710760955743663,7.933355574980551,0.6445095150104109,3
1,entropy,6312491e41bfbfcf4d16,55,0.0,9.52056151444309e-06,2.371923269146036,10.717986045959542,-0.0,1
1,entropy,fdf64351ee9c3a132fa7,4,1.0,0.002053245175937843,0.09747381643471743,1.1023825768792694,-0.0,1
1,entropy,54298b63e98a4c765f49,77,0.0,2.133600107635969e-05,2.734772065941419,15.40623143083427,0.5796148682006876,3
1,entropy,73d5b3f423fbbe3d4d6f,23,1.0,0.0023333683316066178,2.3350426224343983,10.329900205480495,-0.0,1
1,entropy,1ef0c6463503237e5869,24,1.0,0.0007476457682962143,1.9591262383060235,7.093126654349294,-0.0,1
1,entropy,b3dc05b42e62ba419de7,77,0.0,1.6569950850455107e-06,2.230455876953984,9.304106640617967,-0.0,1
1,entropy,276d4a9630084f170b91,84,0.0,2.973947471983624e-09,1.5179368893574297,4.562801912661478,-0.0,1
1,entropy,5cd55e586c0fb571d9c5,6,1.0,0.04171385026205303,1.649420289674161,5.203962161977946,-0.0,1
1,entropy,4fabc2fb476baf6a81e1,6,1.0,0.00023391927895679012,0.026345793700691914,1.0266959120767383,0.012238461271598668,5
1,entropy,cfaa600d7119f9a3b90b,2,1.0,0.2043653179732293,1.4474073260949483,4.25207596527461,-0.0,1
1,entropy,425ccc801a0bcda731f7,27,1.0,0.00013831752101136862,1.606921954472189,4.987436022038181,0.1573332153151994,4
1,entropy,9781915e10076de2175b,75,0.0,3.3059783832544684e-06,2.721350659657294,15.200839546621584,-0.0,1
1,entropy,1eb7ce10678adfc75dee,56,0.0,6.068861864672645e-08,1.2052181645584534,3.3374871200519385,0.320821392061657,2
1,entropy,c043ebd0563135299f9b,50,0.0,0.0004748638036370148,2.5666073797618374,13.02157216853026,0.954131862303788,3
1,entropy,c93ea954ed7273bd52d9,11,1.0,0.002636870643560378,1.9806803632420682,7.247672357951742,-0.0,1
1,entropy,c10cd159b11a27b3b2d3,94,0.0,3.658535525405892e-09,1.9326182569337675,6.907572384889149,-0.0,1
1,entropy,9729e796c1709f4c4031,115,0.0,7.602139291935932e-16,1.6608122616590755,5.2635845164339825,-0.0,1
1,entropy,be61c5b6f5151aeee3c7,52,0.0,1.5468729240505413e-07,2.2243647656237435,9.24760654012973,0.6702890005640921,3
1,entropy,4fef6e648145176fa50a,11,1.0,0.02323596090294177,2.7807731632448154,16.131488401634346,-0.0,1
1,entropy,9c2d14a854125f7b8a28,22,1.0,0.0004253950117891064,2.116694846788106,8.303647256599675,-0.0,1
1,entropy,cb1c0b23cf6ebcc0298d,86,0.0,3.530653747328916e-09,1.0789871464000298,2.9416985317044095,-0.0,1
1,entropy,1ee9b030ffa14c7e2ed9,70,0.0,1.5731151564614622e-06,2.352610988297286,10.512983197123294,0.8320409514765723,3
1,entropy,04be1fcc5c6289055791,28,1.0,0.0006792292942780447,2.515630007516335,12.374402290322148,-0.0,1
1,entropy,b1424b7404bcd8974f34,19,1.0,0.006612190934062317,2.489424099371229,12.054332023689941,0.12610030821266502,3
1,entropy,b82123efd7dea3bda35f,1,1.0,0.2012148345105945,2.4634329348599873,11.745062445384313,-0.0,1
1,entropy,45bb2e0d88c5a6ebb32c,1,1.0,0.2556430795593297,2.4205866387401365,11.252458507103729,-0.0,1
1,entropy,a2cd2c09d72366ba8caf,20,1.0,0.001093975883055503,2.0997426867094053,8.16406891883429,0.3788269888615993,3
1,entropy,c98a43ddee6613faab65,84,0.0,8.899011116169524e-09,1.6970964398745823,5.458076508533912,-0.0,1
1,entropy,e45c7f6d5329da76e835,91,0.0,9.19851975324915e-08,2.44967162040514,11.584541967358263,-0.0,1
1,entropy,ddb3ce228d2d809808ca,91,0.0,4.213449691945979e-08,2.1055807590316715,8.211870743110634,-0.0,1
1,entropy,8e384e24af4ef515fc14,46,0.0,5.038209359766196e-08,0.406667844114342,1.5018051893747844,0.09636681849443107,3
1,entropy,b72caf47f7bf8a8bbaa1,29,1.0,3.845598570549927e-06,1.0430859612320478,2.837961353781664,0.5423245960556087,2
1,entropy,10708df2eeb640a373e8,26,1.0,6.8725551492642e-05,1.921879603681076,6.833791224406891,0.2637188476779791,3
1,entropy,360ffcf944eed8b1c494,48,0.0,9.510725820815977e-09,0.20833652052777638,1.231627567777334,0.075482070825385,3
1,entropy,9f2103af7b276f833477,22,1.0,0.000739190413837486,2.0675436009086128,7.905380478760133,0.27146173424502285,3
1,entropy,1a5ce236777a6493d1bf,18,1.0,2.518570955982568e-09,0.005419604048236287,1.0054343166691078,-0.0,1
1,entropy,db3a5f3ccb2bc313172c,15,1.0,0.001913508541245407,2.0737794611406177,7.954831350623896,-0.0,1
1,entropy,a5dfa2cb2cd841c546dd,2,1.0,0.142393762718257,1.6526980602011279,5.221047541455783,-0.0,1
1,entropy,b02695d5bdac14066eee,28,1.0,0.0001309188606457801,2.012356536488026,7.4809256661441355,0.0526213727426586,2
1,entropy,bd44ab262620253ffba5,30,1.0,0.001236138384935389,2.366571893632386,10.660783271152397,-0.0,1
1,entropy,4a91b91d738b1867955f,7,1.0,0.030441200666968475,1.5505643360264605,4.71412978533661,-0.0,1
1,entropy,b07b916de5f8b78101db,40,0.0,7.979715025278692e-11,0.01810968886472379,1.0182746636560904,-0.0,1
1,entropy,47160869ae64afc13221,44,0.0,1.838194047618661e-07,2.147226203591039,8.561078742990672,0.4860921039975733,2
1,entropy,cd31284b297a778aa92c,3,1.0,0.008902065442641115,0.20630230025022017,1.2291247125470735,-0.0,1
1,entropy,23c44349c0f6271a5288,101,0.0,4.939818153542115e-10,2.286631274733697,9.8417276981643,0.6127270501092335,2
1,entropy,feebc95648fd587f735e,28,1.0,2.5399309849755196e-06,1.4876015279629127,4.426466021846962,-0.0,1
1,entropy,29fbb3ded159e2837076,17,1.0,0.01463040512968445,3.0235551556431153,20.56427106512137,-0.0,1
1,entropy,d2a5f63d4cda7d9470ee,7,1.0,0.004581404924954267,1.1558620761131733,3.1767608470652786,-0.0,1
1,entropy,d15832281cf04c100401,7,1.0,0.035338723424804104,1.445518471396597,4.244051992055255,-0.0,1
1,entropy,571c0af8675223f6dd19,64,0.0,1.1218066151634746e-07,2.000192349123572,7.390477514094902,-0.0,1
1,entropy,d31127c2e506f3c499d8,25,1.0,1.5773130515277757e-05,1.684114027178386,5.387675483153032,-0.0,1
1,entropy,be302f7153059295ca43,37,0.0,0.00012874627181494618,2.3090565310153175,10.064924230195858,0.2771197647728305,2
1,entropy,e6f8ea089bcbf05f931e,113,0.0,5.683188815742287e-17,0.013600875259258884,1.013693787916463,-0.0,1
1,entropy,83d8ebe9c21baf573178,17,1.0,0.0014254189733195729,2.042664392236171,7.711127320343528,0.14251714485187145,3
1,entropy,c32e25a7d4069709d28b,14,1.0,7.183871178354794e-08,0.005871874059043407,1.0058891473037486,-0.0,1
1,entropy,300cf3812169f279cd5a,109,0.0,3.4996135390077596e-08,2.3415139280622195,10.39696491087443,-0.0,1
1,entropy,50336e8ae225738039fe,9,1.0,0.015086354445182564,1.592071608182098,4.91391810436684,0.024452578286260795,3
1,entropy,b821b3331f776d8bf887,106,0.0,1.6521734806023702e-09,1.6063156952441258,4.98441325930693,-0.0,1
1,entropy,85766add2ca3abd7de29,1,1.0,0.5452714139918038,1.307718639924446,3.697728232722903,-0.0,1
1,entropy,7b5ecadc1371bbcca841,24,1.0,0.000505479360553541,1.6270730456078468,5.088957751303233,-0.0,1
1,entropy,e5d586ca55ffc42da51a,77,0.0,7.264715934401907e-08,1.812780432615201,6.127460760810934,-0.0,1
1,entropy,dbf75f0ea3196a5b8b00,11,1.0,0.0005677690926089384,0.3233860411686966,1.3817986791326764,-0.0,1
1,entropy,715dc08311a316786a07,1,1.0,0.5550520263050457,1.2629061668238717,3.5356818522767615,-0.0,1
1,entropy,23ab437e39cde13786f1,33,0.0,7.798870646724438e-06,2.073212274332383,7.950320754516316,-0.0,1
1,entropy,e74a8a512043cb5b5d1f,92,0.0,2.682376960464859e-09,1.7130030040043176,5.545589926233584,-0.0,1
1,entropy,3beae05d3e898ccb72df,48,0.0,7.162513706971366e-05,2.253813406209179,9.52398550052641,-0.0,1
1,entropy,b71999890875cc0fa3f4,9,1.0,0.005142901931133618,1.6542350726792274,5.229078526957177,-0.0,1
1,entropy,1a9c9f88a4446cfa87ac,26,1.0,0.00015172705555361265,1.7009442908087835,5.47911883122409,0.0942603456124502,3
1,entropy,f70105e866c214417a02,71,0.0,8.60877619178439e-07,2.4236969065420064,11.28751114978562,-0.0,1
1,entropy,fd53e254927807335a20,4,1.0,0.0016892442257552826,0.06437418795390085,1.066491392339507,2.1616261422842847e-05,2
1,entropy,f0a74700dfc5bab4258f,7,1.0,0.044685117991057795,1.7326083163872323,5.655385722716596,0.004896079789426974,2
1,entropy,9322090e26b810a7fdb0,67,0.0,3.1251349406350964e-07,2.3554921644835565,10.543316630957516,0.555957750316025,2
1,entropy,289802620d8f8496057c,4,1.0,0.06829964645681628,2.3225576710848164,10.201733645417864,-0.0,1
1,entropy,7840c5631f4605dcf991,31,1.0,8.527146996197123e-10,0.014322460276886079,1.0144255181373174,0.03154794630459009,3
1,entropy,a9eb854227232bc76563,28,1.0,0.0001062202275520384,1.632483620918463,5.116566562893966,-0.0,1
1,entropy,0c2c932ba902d005ba0d,7,1.0,0.02495293621392784,1.69791828911238,5.462564068348511,-0.0,1
1,entropy,bd43fb7d21dad17f3f3f,23,1.0,0.0028698513941740732,2.792565886102798,16.322848685363432,-0.0,1
1,entropy,c11f5e113fddb86950d5,77,0.0,3.270515945406569e-07,1.9534695225400192,7.053116123762426,0.6757359571740909,2
1,entropy,cf3baddb617eed0396b0,2,1.0,0.0007436049057099179,0.017712260983806617,1.0178700533213616,-0.0,1
1,entropy,950b439aa8892f2cc982,5,1.0,0.06541874200913013,1.6502267876059322,5.208160839583418,0.007210043323244426,2
1,entropy,d4095ac50f9f8942c966,7,1.0,0.0576809433756577,3.0423109697543786,20.953610486018214,-0.0,1
1,entropy,82da3ab878cd503cabcd,7,1.0,1.2452515102742375e-05,0.010072928386306152,1.010123831099008,-0.0,1
1,entropy,3bd96be610366f02d8ed,9,1.0,0.019732286790827704,2.241092780121406,9.403601743800698,-0.0,1
1,entropy,0275f98eede9fed5cca3,4,1.0,0.11181747508252496,1.8569741836206095,6.40432910032116,-0.0,1
1,entropy,6565f139671bd035843f,16,1.0,0.006111848599361345,1.9962622524239602,7.361489223512705,0.004568026626493841,2
1,entropy,ed6be4c43d8c18be5b94,32,1.0,0.00031506903579036206,1.916660095944356,6.798215123873339,0.2893026795928205,3
1,entropy,0090a232de93e6469d04,7,1.0,0.024724257734040238,1.706747521743731,5.511007863335358,-0.0,1
1,entropy,168978705d57281e8a6b,32,1.0,3.9942691579320887e-10,0.006576337867320672,1.0065980094577138,0.025492719067973606,3
1,entropy,d38744c3e8e109d43fd9,79,0.0,4.917754633505987e-07,2.446450729633838,11.54728944839832,-0.0,1
1,entropy,78f2c06d7a156823dac6,40,0.0,1.940988291026756e-08,1.060827940031291,2.888761720909778,-0.0,1
1,entropy,3d5dae19ee548d12fcc8,36,0.0,0.00010836790313275851,2.2843804974406807,9.819601071332965,0.4688617056176091,2
1,entropy,6c3695cb80311d1ab4db,21,1.0,0.0006994025136223863,2.202424705505291,9.046923050722123,-0.0,1
1,entropy,8b4a0e1a3fe4f9df1ca9,25,1.0,0.00030738600733128514,2.145852131413282,8.549323281154464,-0.0,1
1,entropy,e102c45843bd450b33dd,7,1.0,0.01818006086344243,1.3847038425775042,3.993642982647579,0.15532723558108508,2
1,entropy,0778ba3bda71761df9fb,33,0.0,1.2059549747259938e-05,1.0032809766916884,2.7272150946850537,-0.0,1
1,entropy,a11dcaaa1815d94f2dd2,52,0.0,8.123888124647562e-07,1.3506711364323474,3.8600152584388043,0.3314046066046323,3
1,entropy,0ca7148d0b34a678841c,48,0.0,4.262544875296787e-07,1.9171662519104338,6.8016569519944055,-0.0,1
1,entropy,985a831879d1d5eb95e4,5,1.0,0.05187253833920468,1.9904104661237147,7.318537157449699,1.1539577739755316e-06,4
1,entropy,a3e17063eacf8f001676,20,1.0,0.0006671657505465875,1.2897383086316367,3.6318360112481334,-0.0,1
1,entropy,726a974f34b3e6a69e08,57,0.0,2.758766989386011e-07,0.4594046485264857,1.5831311848899228,-0.0,1
1,entropy,ab2b45ce65a139358d19,7,1.0,0.048892366686116406,2.282997624156063,9.806031192219985,-0.0,1
1,entropy,06dd7cc987ed9076c020,31,1.0,0.0006781057419458962,2.428078655162779,11.33707870317058,0.4136418616719043,3
1,entropy,0c5fd49c906130807aeb,76,0.0,8.614890216804691e-09,1.5753447745209284,4.832407421884239,-0.0,1
1,entropy,c8c90e6c24337ea31534,12,1.0,0.004225944062234701,1.5023818286225392,4.492376408294304,-0.0,1
1,entropy,fe53155ef0a4932dc223,27,1.0,0.0020590398084174184,2.5293537788661395,12.54539641631723,0.6113511981267076,3
1,entropy,ce8f9f818202541af586,92,0.0,3.824421758822821e-12,0.49343065354791904,1.6379257480587166,0.529909405796235,2
1,entropy,58ca790b7e449d196844,6,1.0,0.0544790668134485,1.828520965392609,6.22467333950659,-0.0,1
1,entropy,fb177781bc906efa216b,19,1.0,0.007491426539789612,2.823429623349779,16.834487731147057,0.14421539562393984,3
1,entropy,7f64697c3fca381c3736,46,0.0,1.8060810686877172e-06,2.161705264095558,8.685936852861252,-0.0,1
1,entropy,cf4083c4fcad419610a9,16,1.0,1.4653395692128298e-05,0.15842590180616767,1.1716651027406926,-0.0,1
1,entropy,1062de1df9f08d87354e,32,1.0,3.9275926006834756e-07,1.6954049449610202,5.448852003682807,0.34075103542928564,3
1,entropy,98101c5bcb2ebb0be283,35,0.0,3.724073851342996e-08,1.5547688502114319,4.733992137398904,-0.0,1
1,entropy,7070cb8adeef0230ceff,41,0.0,1.6553792289247198e-05,2.22978668168991,9.297882459346217,0.6725147678367482,2
1,entropy,fe2ad70479f404252943,35,0.0,3.3174430569522278e-06,2.0377981852838727,7.673694530685105,-0.0,1
1,entropy,6b58a51742e0ea8ba418,35,0.0,1.378894068154434e-06,1.6960292816425633,5.452254984053203,-0.0,1
1,entropy,555ea7b3858a13cf4068,6,1.0,0.00010326446233817658,0.036085054911411237,1.0367440229119766,-0.0,1
1,entropy,8a981c15533807e6c1ca,112,0.0,1.5679375466564245e-13,1.7747233225570391,5.8986488874351055,-0.0,1
1,entropy,73a84fb21dde1ed62733,40,0.0,1.9010022695091936e-08,0.045226106143150674,1.0462643999743222,0.07731589914955683,4
1,entropy,6b3d1d3d89381815b4e7,29,1.0,8.940141121708747e-07,1.2463073089515053,3.4774779671028933,-0.0,1
1,entropy,daa5fcd12d84b4acdfca,10,1.0,0.010490025773724038,2.0978890339711977,8.14894958745219,-0.0,1
1,entropy,ec2c0e335dde0a9d2860,26,1.0,0.0011041831275072815,2.355689004400886,10.54539218080036,0.25726829187996886,2
1,entropy,17f2d8aaf54e7894b35b,7,1.0,2.6480992821521203e-05,0.013833923567037032,1.0139300550681027,-0.0,1
1,entropy,90e907e4e06212b6f1c2,9,1.0,0.030883726157932685,2.284352231899396,9.819323518916086,-0.0,1
1,entropy,e4436bcc85677b3e8b7e,40,0.0,2.1470357668214135e-06,1.8312543654232696,6.241711136753284,0.47450192807805475,3
1,entropy,81e1a72cb45e51f34b7c,39,0.0,8.942760515107005e-05,2.3029188956667666,10.003338583910326,0.022352946105003286,2
1,entropy,e04eaab9cf897cc95b3f,29,1.0,0.0013568628146397922,2.6581775561248198,14.270258640900666,0.318255187927339,3
1,entropy,e1cf410b0a2f7cec53eb,40,0.0,0.0002982466935951552,2.625784773914376,13.815411907811828,0.07278229866541357,2
1,entropy,2d71bc0ef4c8625fd71d,34,0.0,1.8239729729947883e-07,1.4808878083941206,4.3968475067497685,-0.0,1
1,entropy,c1f659171db6051bb24d,32,1.0,0.0001041424612379212,2.2894788177545244,9.869792379914879,-0.0,1
1,entropy,ea74450ff2b16ddb2a72,29,1.0,8.938142647090732e-11,0.0031785484661626924,1.0031836054078305,0.032817518843218124,3
1,entropy,83e968762fc9bd27ec91,76,0.0,6.554010015400386e-08,2.2522589810327127,9.50919267783069,-0.0,1
1,entropy,c4db4640c8e2068a365b,8,1.0,0.014871309889461424,1.7073631515478531,5.514401648577264,-0.0,1
1,entropy,0fd4a40dd83ef307ddf5,77,0.0,8.324433840099428e-10,2.0728701631256987,7.94760132588949,-0.0,1
1,entropy,55b6b62ac3d6768d8185,85,0.0,3.5408320752926436e-10,0.3192581112980689,1.3761064676975427,-0.0,1
1,entropy,b96f18a9ffed7689f215,10,1.0,0.003014374406452273,1.9206512561678097,6.8254021073805475,0.015447982647866555,4
1,entropy,7583516b19c42e7d16a0,35,0.0,5.832567354693569e-10,0.027427898542124674,1.027807506015999,0.012191730069603793,3
1,entropy,bdee65fe34d9b0e768f6,15,1.0,0.001476921959811332,2.0199990438686415,7.538317726036508,-0.0,1
1,entropy,548f255842c96101ae5c,7,1.0,0.022681833560018114,1.2333684620742953,3.4327732495952623,-0.0,1
1,entropy,af582908a5a3922600a0,95,0.0,1.7788490691268371e-09,1.874552657369755,6.51790273231445,-0.0,1
1,entropy,a6516c31578a88b71242,27,1.0,1.6253986234431783e-05,1.787156864541274,5.97244782639967,-0.0,1
1,entropy,6bcdd31e916c525ef8ee,10,1.0,0.010415397431903792,1.9134227698483948,6.776242669836075,-0.0,1
1,entropy,7944d479dd21b97b5adf,42,0.0,0.0001041431379162763,2.244836966382865,9.438876576821045,0.5185821419995981,3
1,entropy,e69e45e86980938697e7,23,1.0,0.01290236466727891,3.2802216200772567,26.58166307736171,0.09699912711563784,2
1,entropy,ea80ead46a8ac55d4f26,19,1.0,0.00016553921394041375,1.6981413553935778,5.463782718115825,-0.0,1
1,entropy,91d6a5a04567a3892e7f,44,0.0,3.874015697388221e-07,0.5646038406279547,1.7587508990406804,0.03756287524872718,3
1,entropy,7164c245e901b9fad54d,4,1.0,0.091369878956023,2.4263201573432234,11.317159993627484,-0.0,1
1,entropy,eb68cd553cf29d146e56,92,0.0,4.235371091518441e-05,3.104111056927422,22.289396161594944,-0.0,1
1,entropy,97607421b8607b8f06bb,109,0.0,1.2569254385034246e-07,2.413054748487403,11.168024597182857,-0.0,1
1,entropy,485a8e227e846366239a,87,0.0,2.519430760216838e-08,2.0741079264669087,7.957444666067327,-0.0,1
1,entropy,6d53845726102912264d,19,1.0,0.005223342411398149,2.5537016994221875,12.85459968487742,0.08375712807940562,3
1,entropy,42932f35bb872625d11b,52,0.0,2.481596342877041e-08,1.8248075407929836,6.201601348964291,0.6042191439737392,2
1,entropy,40e49aa33c666df54a5e,38,0.0,3.0759020666391635e-10,0.014871387051024917,1.0149825163262158,0.09872067134904892,3
1,entropy,b93ca1bed4aab9c45cfb,67,0.0,6.478333400361562e-09,1.9031237502411986,6.706812160510386,-0.0,1
1,entropy,9f4741e042db6167d5c6,116,0.0,8.365727927032982e-09,3.5762820658080416,35.74041301656981,-0.0,1
1,entropy,eec6e7bd245e7cdf2257,43,0.0,2.8845539016816098e-05,1.9236669478115453,6.846016483158358,-0.0,1
1,entropy,7b6bf458ff2123f8d3cf,7,1.0,0.022380203046946323,1.3651008376977494,3.9161179243989865,-0.0,1
1,entropy,8703c6a1add4701870dd,32,1.0,2.1498769522566135e-06,1.8311966317549317,6.241350790274816,-0.0,1
1,entropy,69d5e7bf846669b6644b,32,1.0,1.7408389903533054e-05,2.2209343010284464,9.215937304455636,-0.0,1
1,entropy,74d5add664872eeb8da4,75,0.0,1.4013049760198164e-08,1.57005406261815,4.806908060785542,-0.0,1
1,entropy,d2d3f7a76ae386833fa7,82,0.0,9.118386832252949e-08,2.390356471525418,10.917384986357359,-0.0,1
1,entropy,4bde3657d7d5da03db26,75,0.0,5.808715664466412e-07,2.239581780543982,9.389403634909154,-0.0,1
1,entropy,512deda84a719f7419ea,27,1.0,4.623410825230262e-08,0.14023739067287905,1.1505468955423535,0.1304079116673917,3
1,entropy,8b5f228e369b54cb8a20,57,0.0,3.139579869922825e-08,1.9474462449782668,7.010760934258345,-0.0,1
1,entropy,6e272a14fcc60243c326,45,0.0,8.739541593696912e-07,2.2506182846914466,9.493603772023102,-0.0,1
1,entropy,482b7bc2470792b3eef9,18,1.0,2.249856061110275e-08,0.012835124158161848,1.0129178479085643,-0.0,1
1,entropy,ddff56e2c6de482b0bc9,30,1.0,1.4221308663639314e-10,0.0066475452320770975,1.006669689201369,0.09105320236663908,3
1,entropy,f6aff5eee5f19ae4b4d0,31,1.0,5.22173388536706e-10,0.007773991389988857,1.0078042873169275,0.10190059507464123,3
1,entropy,b5e136345ec3f2fa5e2c,6,1.0,0.04616376705140576,1.9932064846263162,7.33902855656978,-0.0,1
1,entropy,bfad15d88596cab73ec0,32,1.0,8.649521020191886e-11,0.005921129733430346,1.0059386942722823,0.07418659447926614,3
1,entropy,3948de97d50c5d6cc37e,43,0.0,1.000855958384476e-10,0.057673948347446484,1.05936953020756,-0.0,1
1,entropy,c921e5415ee91b176f8e,23,1.0,0.00018578910347308875,1.525740400996877,4.5985470780113324,-0.0,1
1,entropy,3ee93a31437e17150d27,52,0.0,6.149748929269361e-07,2.234263067641249,9.339596664549651,-0.0,1
1,entropy,ecd2d2239d4a48dcf080,28,1.0,0.0004281345744962914,1.9955068582060527,7.355930496897374,0.5258379846819745,4
1,entropy,a73734d1bd43f1e18f46,54,0.0,8.793990163199039e-13,0.022519657037207375,1.0227751386958037,-0.0,1
1,entropy,5117857e9b4fe47b12ee,101,0.0,6.454540622037556e-12,1.4672147765823187,4.337138403377395,-0.0,1
1,entropy,b399be817650c526ba66,95,0.0,8.199144046697114e-09,1.725375576234158,5.614629355099297,-0.0,1
1,entropy,3d5cf849838e9593e5af,51,0.0,6.452264554045589e-13,0.008598268754958803,1.0086353400412036,-0.0,1
1,entropy,4c7e6b2e59b287c66e4f,4,1.0,0.11188715868565682,1.7832533007280562,5.94917943955125,-0.0,1
1,entropy,dcb7176abba1f89a660f,115,0.0,8.001887673669655e-11,1.9644480986638968,7.130975908796729,-0.0,1
1,entropy,57185b25b522b0f4ff22,64,0.0,4.945039063444731e-06,2.55503419659853,12.871739819715074,-0.0,1
1,entropy,19350220f29d27ced781,17,1.0,0.0029024052163482993,2.2896898423587513,9.871875368718865,-0.0,1
1,entropy,425c82979a29a4f46031,67,0.0,2.037400193147593e-08,1.7353455443823038,5.6708870084378535,-0.0,1
1,entropy,e067cd26286f3c9a543f,11,1.0,0.02580099257206583,2.85283750967408,17.336905750608686,-0.0,1
1,entropy,534f520648bbbab541aa,60,0.0,1.8897440478961578e-13,0.010808164643687843,1.0108667838535104,-0.0,1
1,entropy,69dc92bc496291df0a7d,4,1.0,0.005553314141654161,0.5249240470498313,1.6903304579182972,0.24844888640281407,5
1,entropy,052ab7b30e358b2a1dcd,15,1.0,1.342281995945571e-07,0.01489801820803447,1.0150095468448954,-0.0,1
1,entropy,9adc6f692292aab62be7,110,0.0,4.0271907786103305e-08,2.3052059271499754,10.026242715440516,-0.0,1
1,entropy,467c7bab7dd29718f744,91,0.0,3.330642636732713e-09,2.0557799807209154,7.812929431008086,-0.0,1
1,entropy,6fcb0cb47b1bbcea5e76,12,1.0,0.0038858175671254874,1.6819073618495786,5.375799794116047,-0.0,1
1,entropy,7ff999fa12e6fbc53ffc,12,1.0,0.010900559704450832,2.2858730379377135,9.834268166490588,-0.0,1
1,entropy,ca787c996fa5e4d0adf7,25,1.0,1.7637659622521853e-09,0.008985449748642056,1.009025940086002,-0.0,1
1,entropy,b046b55c4b9b1c55fd8c,4,1.0,0.04654323809829113,2.230933481548687,9.308551386030057,-0.0,1
1,entropy,b9204dc01c2dc1629b4c,94,0.0,3.6136122452300285e-10,0.8221473627153852,2.275380662804391,0.505343587929751,2
1,entropy,8fa8ffcff3457eee9086,84,0.0,1.4142174016342393e-06,2.2437538444685963,9.428658657379776,0.6512342611590137,3
1,entropy,8c5d84b6536eb7926956,1,1.0,0.46836144077486674,1.5490344395836342,4.70692316904096,0.0014639306368461882,2
1,entropy,1c449e20ff612dc5bc79,44,0.0,3.3820801122123974e-09,0.2717523152912485,1.3122619338407602,-0.0,1
1,entropy,634371a54d39e2c8df0e,35,0.0,4.025100070723871e-05,2.1856460712961208,8.896394402119713,0.007242383616512508,2
1,entropy,a2f2f7c562a1b45e6774,8,1.0,0.0073619535567800405,1.732660670316197,5.655681812129645,-0.0,1
1,entropy,bbc470c61a4ceafdc153,19,1.0,1.518671902879461e-08,0.013636683809302578,1.01373008747111,-0.0,1
1,entropy,18bd447a049abd1b359f,120,0.0,1.5166100148952412e-12,1.6642017532110935,5.28145566162398,-0.0,1
1,entropy,8e84d7bb391741fe291f,12,1.0,0.0006820843181526504,0.6610867314598469,1.9368960769946855,0.4349584173397989,3
1,entropy,6652e08ca13e7ba7369e,111,0.0,1.643020448099909e-14,0.08262847203652107,1.0861382028629152,-0.0,1
1,entropy,6670a54cd7b545ec4e45,109,0.0,2.4005539361091936e-09,1.767785623831598,5.857867466745098,-0.0,1
1,entropy,7f74f09e8b15b0e2be24,46,0.0,1.9218465686752738e-05,2.0313515374867226,7.624384039204044,0.4259363193685103,3
1,entropy,204b463e708b9c74b6fa,49,0.0,5.826170269896166e-08,2.0109563898850813,7.470458602907296,-0.0,1
1,entropy,166e6f5a385bcaa39daf,4,1.0,0.00030169996774721705,0.014947331014441444,1.0150596010483268,-0.0,1
1,entropy,80d21b56e58f999cea78,76,0.0,1.5420039554427734e-10,1.6383806787858757,5.146828392180114,-0.0,1
1,entropy,3509a3e96a94d669c72a,28,1.0,7.933614717439767e-05,1.408450728142847,4.089614568742654,0.006344339181783347,2
1,entropy,adc9d5a15c17c341dd3a,2,1.0,0.01679870344225074,0.12794402117856246,1.1364893815802022,-0.0,1
1,entropy,4447a5a2ab589825a0bc,65,0.0,9.234441323763481e-07,2.20537205382557,9.073626817499449,0.6455248398013836,3
1,entropy,f26856e00e320cb81c9b,14,1.0,0.0010266297962712042,2.0406901524301952,7.6959187234871935,-0.0,1
1,entropy,e634e7d94ed583649891,53,0.0,3.5312169872921585e-07,2.2869685413435015,9.845047544104803,0.785259381610098,3
1,entropy,c4ae41293505733a5131,88,0.0,1.232853187364192e-09,1.7874628237291317,5.97427543125815,0.5019042216962596,3
1,entropy,cc5a48f8f1012e46f9f8,33,0.0,4.1658159886612043e-10,0.009652289144840393,1.009699022728707,0.03395678506184423,3
1,entropy,910a96b440ccbae7669b,91,0.0,5.744532943695871e-08,1.5372045228815605,4.6515687248158155,0.2688081360658921,2
1,entropy,1e1c4c50d7ed6b0b8212,24,1.0,1.131641562239021e-06,1.2355202556472413,3.440167821954556,-0.0,1
1,entropy,353f41817b0e1e5ba521,74,0.0,2.199475517662132e-06,2.343820082201387,10.420969583136808,0.7570766625943066,3
1,entropy,304d5c8aa2fbe373b3e9,13,1.0,0.018228320874431683,2.6983849917190774,14.855720229520175,-0.0,1
1,entropy,371dea23c895a8dba3dc,39,0.0,7.149973610904425e-08,0.1998039769972638,1.221163358588643,-0.0,1
1,entropy,b9f875570dc1e530a972,7,1.0,0.027940450385418602,2.088899065871136,8.076019103158917,-0.0,1
1,entropy,1916fb82806608853146,94,0.0,1.3190415448252661e-09,1.4358946086802429,4.203403728707775,0.027134165487835097,2
1,entropy,eb502cc7a3d71606b508,29,1.0,0.00011786318161338738,2.145783548222763,8.548736961393134,0.6104807703980546,3
1,entropy,52026f55866815898217,23,1.0,0.002184596430244581,2.5243686836544206,12.483012045919892,0.3239497129206573,2
1,entropy,ad1ac1cb2d50bef19a59,31,1.0,5.371650682338337e-06,2.0090492490246663,7.456224963151838,-0.0,1
1,entropy,82efabdc004ef00fcd39,34,0.0,0.0006450783899211284,2.535422560344999,12.62176317794494,0.19462988036422302,2
1,entropy,0e0c81052e0499aa711a,6,1.0,7.414554559469994e-05,0.010305604447486499,1.0103588900785707,-0.0,1
1,entropy,18dddc8b3865ae4a3526,107,0.0,6.077501589725489e-11,1.128345596263619,3.0905392685950117,-0.0,1
1,entropy,376363ef9ac0bf255417,6,1.0,0.05852903982317813,2.6254695997551565,13.811058333082677,0.108225499601034,2
1,entropy,58a5ab5d102026b20da4,13,1.0,0.00326744919898065,1.9895535512710814,7.312268480504713,-0.0,1
1,entropy,bf01bcc9a3f2c2398d47,5,1.0,0.0008203816898445293,0.31581417592956074,1.3713753973889355,-0.0,1
1,entropy,d01d65fe0d3697b272b6,100,0.0,1.8919024416993438e-12,1.7601183596627517,5.813125393247208,-0.0,1
1,entropy,15ab8652628105a6fedf,42,0.0,7.45426464423472e-11,0.009643052319875504,1.00968969635864,-0.0,1
1,entropy,1c9d7a03f6a547b885e3,46,0.0,4.198772625059408e-07,0.46702086189321007,1.5952346826854602,0.1815589042466031,3
1,entropy,c4ef24f33950819e8a20,31,1.0,0.000230365686037627,2.1233487364495574,8.359083036482717,0.03836891318644763,2
1,entropy,3b861f9b9ca6c638e8fa,92,0.0,1.1078511168883514e-08,2.152247730088557,8.60417654456039,0.08235303689726756,2
1,entropy,1bacd95a3f74e1e0de81,24,1.0,0.0027153610880194237,2.5556733874465833,12.8799699480375,-0.0,1
1,entropy,e0596c956d622647e893,86,0.0,1.0396185724469261e-07,2.322449208181037,10.200627195768554,-0.0,1
1,entropy,474d230ca39bc9382334,41,0.0,1.4836984741053088e-05,1.5907739629461957,4.9075457173920904,-0.0,1
1,entropy,49008f87a19b3410da5d,65,0.0,1.0152861501318134e-07,1.2994213663450365,3.6671741032301317,-0.0,1
1,entropy,4d5cb4557f81a98df011,98,0.0,8.227449999250602e-08,2.633752076170449,13.9259231238194,0.020883073997321536,2
1,entropy,d84f12c9f417d2cf9a51,18,1.0,0.0008233047929236656,2.158680940277174,8.659707450248037,0.5291864598262135,3
1,entropy,8bc553dfe39d0fb3eb58,77,0.0,1.8838283721094595e-10,1.6489550448307817,5.20154160853561,-0.0,1
1,entropy,627cfbc46552bafc42c4,112,0.0,2.992049864217845e-10,1.7164903771888809,5.564963229169021,-0.0,1
1,entropy,cbafad76671fe9cc53f5,25,1.0,0.0006813882909501613,2.1376782294671086,8.479726775946467,0.3939412647698381,3
1,entropy,55bb9264b57c8aa8ab5d,100,0.0,2.954528868189889e-08,2.227345048878557,9.275208136906741,-0.0,1
1,entropy,72e460b19506cdb1190e,35,0.0,4.240180758120699e-05,1.6485112776161852,5.19923384699671,-0.0,1
1,entropy,37505bd5b446881d6911,106,0.0,5.687419924982358e-08,2.4177199082654393,11.220246934394652,-0.0,1
1,entropy,f0ac5208e3e46a39313d,35,0.0,0.00040126132374122814,2.466880005876071,11.785618369138417,0.0020749429281039984,2
1,entropy,6d4a145028559d98d41b,3,1.0,0.15070636040053143,2.225707253905073,9.260029680634647,-0.0,1
1,entropy,7849316ada5e1e188377,28,1.0,1.782182823050724e-10,0.010096888586193571,1.0101480341578661,-0.0,1
1,entropy,6891723c461ee25d0c88,21,1.0,0.00015054604491613477,1.0161140496571646,2.762439178191288,0.1292560164719692,2
1,entropy,3e715b5c69591c6d0f9d,2,1.0,0.14282970348622875,1.383817612687548,3.9901052647137756,-0.0,1
1,entropy,831eb67ae9ad380e3ef7,96,0.0,6.497925528061311e-12,1.5370777805817195,4.65097921165668,-0.0,1
1,entropy,5b6b6d05eabcab57c0a7,81,0.0,3.9868706851263794e-08,2.1679711477964343,8.740532790286158,0.12256009547715498,2
1,entropy,4e50e7376a97e4742b6a,113,0.0,4.1753931126201105e-08,2.394336991816599,10.96092846417684,-0.0,1
1,entropy,379ff263dc0c30a5bd6a,22,1.0,0.0031041876211936425,2.5397205429119043,12.676128041977703,0.44678335455363666,3
1,entropy,4071e9934caedd2975c1,92,0.0,2.2389750784609657e-07,2.907037821252091,18.30250290485279,-0.0,1
1,entropy,334af5847cbabc9d6832,31,1.0,0.0003370627708097021,2.3541541445575724,10.529218896847173,-0.0,1
1,entropy,836b2b23b614762424ad,99,0.0,6.661308777872401e-10,1.8574103395698804,6.407122995802131,-0.0,1
1,entropy,5cb3625e015164f0aa3f,34,0.0,6.702059866924855e-07,1.2953780424535124,3.6523764665430263,-0.0,1
1,entropy,4ea0efede6677639fb38,81,0.0,1.1492554242835105e-05,2.8085336931061,16.585580828597443,0.6496040213365296,2
1,entropy,940cb52ef095b94849b5,55,0.0,8.005795800514807e-10,1.508392738792848,4.519460999308077,-0.0,1
1,entropy,4a6cf8a85b6f265bf091,107,0.0,1.128088348310914e-12,2.0740783014390045,7.9572089300389095,-0.0,1
1,entropy,a1794f5349fba1ec3252,9,1.0,0.007246243371714451,1.6609010508848416,5.26405188677637,0.01990894153226712,3
1,entropy,d40dc07408c3c6b715bd,19,1.0,0.002014509191899154,2.079718984342187,8.002219849225009,-0.0,1
1,entropy,1f6abb906a0ad190c3cf,32,1.0,0.00014059170044389242,2.2262035693202615,9.264626716805843,0.0021497293525464855,2
1,entropy,75a63811aff753f61d7d,15,1.0,0.0030631367182914794,1.8684158998187481,6.47802642426683,-0.0,1
1,entropy,be02b56bcd01579bc1b2,110,0.0,4.939767580678972e-11,2.079125512177085,7.997472163434498,-0.0,1
1,entropy,dd32d909f28437c19930,32,1.0,0.0016654139515841512,2.6309338368278072,13.886731790607495,-0.0,1
1,entropy,9e3c3213f8ee2b569dd5,52,0.0,7.36806438971739e-05,1.990887648039163,7.322030264386217,-0.0,1
1,entropy,ebd8017ffdc0f0612110,3,1.0,0.0557096468867548,1.4746180420856798,4.369366540031163,0.001984722636569249,2
1,entropy,e2ef2ceca6cfc68e940f,14,1.0,0.004173526653155274,1.9645656400911444,7.131814143145383,-0.0,1
1,entropy,e2e855ae712c8bb184d3,3,1.0,0.08573887849078504,1.6131325451265603,5.018507331305382,-0.0,1
1,entropy,c4157f898ae834d540dc,48,0.0,9.563530493563388e-07,1.935853346618825,6.929955186724796,0.8209643802189072,3
1,entropy,3818a84ffe39208bdd64,4,1.0,0.06812184134401951,1.6785088898468212,5.357561298086339,0.0018396858828353697,2
1,entropy,77c9b1c09ce9c8682fa4,13,1.0,0.0010364841586881276,1.177182044211998,3.2452164294287384,-0.0,1
1,entropy,b6194697b0598a2068dc,8,1.0,8.2810800230561e-07,0.008072041293567284,1.0081047080555503,-0.0,1
1,entropy,7931e1b452ad33af04c7,23,1.0,0.0011555481346352803,1.999399154270123,7.384617749640922,-0.0,1
1,entropy,db7333a5f663c6f7c83a,66,0.0,3.781219403912318e-07,2.309978938945629,10.0742124792425,0.7465659282955014,3
1,entropy,01a8c7fbd73ac81f0c42,4,1.0,5.90697896385864e-05,0.008065751591423007,1.0080983673971469,-0.0,1
1,entropy,cd5dee5529f7b13ad12e,58,0.0,3.4132122222573755e-09,1.9925923060217314,7.334522466165704,-0.0,1
1,entropy,d7b0c3162feac7140536,105,0.0,6.520896726079038e-10,1.8186380276084377,6.1634582707747025,-0.0,1
1,entropy,6f18f6aa1ab30df5993b,5,1.0,0.07159418983702928,2.502444017177557,12.212304599226437,-0.0,1
1,entropy,9cd36733fe55e7254545,91,0.0,1.0785453961633884e-08,1.718533396700781,5.57634417942233,-0.0,1
1,entropy,8f5db82e15f798ab850f,12,1.0,0.0003191567837470379,1.1172052156404098,3.056300555069933,-0.0,1
1,entropy,1b5bd329e27453251f53,67,0.0,3.4599476932736744e-08,0.7635100526471982,2.1457948703139214,-0.0,1
1,entropy,f0e163289a1a41cf0db4,42,0.0,0.00022421374659507438,2.077261175071007,7.982576069310482,-0.0,1
1,entropy,ba91d716a19191298219,97,0.0,2.709838629092929e-07,2.1411465622211305,8.50918835180933,-0.0,1
1,entropy,3cbab136a6cf8058d08b,23,1.0,9.649308760106016e-06,1.847599439997489,6.344570704407056,-0.0,1
1,entropy,177786251dc02d4bc7a6,86,0.0,1.0812601184400487e-06,2.6751545056546275,14.514592252931374,0.5574940813501839,3
1,entropy,ced5f4bd566fc0036b89,82,0.0,2.3430277126875784e-10,1.9156525442382335,6.791369020107616,-0.0,1
1,entropy,ba76632d3e38aa272bdb,47,0.0,8.436879046450697e-07,2.019302856111083,7.533071467925286,0.9429571190278137,3
1,entropy,429f24d8c2925f6f2ed3,33,0.0,0.0008434820067036778,2.4273985720137534,11.329371168164787,-0.0,1
1,entropy,289524951137076b4c47,93,0.0,5.484221786614043e-14,0.05605268360460184,1.0576534032625489,-0.0,1
1,entropy,89888ae30b16266253e8,27,1.0,0.0017730049489325431,2.664833838028829,14.365562337515625,0.623092754674981,3
1,entropy,572a1c5c103f4f08ff18,28,1.0,0.00033189070334682034,2.546413640183834,12.761255164258738,-0.0,1
1,entropy,b7bfb7bd45105555f608,7,1.0,0.022021030605426286,1.9947567206527272,7.350414606288995,-0.0,1
1,entropy,7c40274f959bc7b2d0c2,6,1.0,0.04262200316619725,2.6725371784978114,14.476652488504092,-0.0,1
1,entropy,391ea258fa7f454044d6,19,1.0,3.3058913036378776e-05,1.3869015120719754,4.002429341222129,0.012135880508283655,3
1,entropy,422620b26977786f0b49,4,1.0,0.0805406188081762,2.133314209429257,8.442801707851391,-0.0,1
1,entropy,b63a9b2d40aaa1015b2e,4,1.0,0.04836521338873019,1.9114937755661294,6.763183935631842,0.015095473056751772,2
1,entropy,5a29ae82756007edf3bd,26,1.0,0.002582870795714877,2.724168232632654,15.243729415624635,0.0006822227659237833,2
1,entropy,70dfb260ed2776ceaa2c,55,0.0,2.3221849789038838e-07,2.0655971550903556,7.890008049639105,0.5259925064025385,2
1,entropy,1681a3726a5863abe7e9,50,0.0,1.3271479488922272e-05,1.6299533392268397,5.103636573352308,-0.0,1
1,entropy,db3a9dcac609d4c8afa1,38,0.0,5.883368621713127e-05,2.2336840513947327,9.334190451638563,0.645787870841722,3
1,entropy,b8776c46b6cf9a2bea75,23,1.0,6.959913625031083e-08,0.06244659469931498,1.0644376107892126,0.38809732329517566,3
1,entropy,f5ebd7f19b65fcee959f,2,1.0,0.41207945723434314,1.2504206057905245,3.4918113247009006,-0.0,1
1,entropy,28b2151e6de8325245cd,33,0.0,1.916317489266532e-10,0.006595097530262909,1.006616893074214,-0.0,1
1,entropy,9768ffa1b345cc699e06,1,1.0,0.5972545784057085,1.0563858148493819,2.8759579387804863,-0.0,1
1,entropy,3be8f03bdf09ead05f4e,72,0.0,3.3621393608519923e-06,2.8870481614902705,17.940274571282725,-0.0,1
1,entropy,3b79a778854f7b2ed892,38,0.0,4.197745404254759e-05,1.862747584231488,6.441410798609979,-0.0,1
1,entropy,0ddca1a8369702e2e9d2,90,0.0,2.0615969940985414e-09,1.8886883926811684,6.6106923598420035,-0.0,1
1,entropy,b6a00d6a348e82948063,63,0.0,1.822366356703095e-09,0.20580899573198294,1.2285185293016567,0.005358441916817505,3
1,entropy,59b599300c75e5e139b9,59,0.0,1.398683774283015e-06,1.8775587352675867,6.537525534717783,0.35610204383873556,2
1,entropy,2b4e8a111fbbefdeda5a,5,1.0,0.06767908379644087,2.6347592960297983,13.939956656389425,-0.0,1
1,entropy,612fb8503649bab35597,100,0.0,1.309473171768117e-07,2.6991627009205397,14.867278153606428,-0.0,1
1,entropy,2fd80e0728994c09734c,95,0.0,4.279961955848021e-11,1.5058343573027877,4.50791327198694,-0.0,1
1,entropy,1f4c8775893e4ffa5c63,86,0.0,1.5083011113869975e-09,2.0620145996692796,7.861792231073883,-0.0,1
1,entropy,9e2e4aa1630181d7a2f3,39,0.0,2.8414335558999597e-06,1.85435558097452,6.387580645537096,-0.0,1
1,entropy,bea63064500a69348d19,35,0.0,2.2887659763195235e-10,0.007057493728611479,1.0070824565278553,0.02990475019142361,3
1,entropy,ca6dc7dffa5ec8f05c56,7,1.0,0.00019957308987782305,0.10905999776046245,1.1152292595922029,-0.0,1
1,entropy,5f48a4ee45622847740b,17,1.0,0.00044924516487724367,1.426831072017248,4.165478154444189,-0.0,1
1,entropy,93b98a9087f68c46f0df,28,1.0,1.0292264438394219e-05,1.8536870746518928,6.383311934478402,-0.0,1
1,entropy,bdea88a12f267cc56149,44,0.0,2.681605884011912e-07,1.2275691239992041,3.412923051624166,0.8104606337050655,3
1,entropy,07d650338d32a0e0c373,14,1.0,0.0006099990894376556,1.8125884172845832,6.126284307359263,-0.0,1
1,entropy,df14879810ae64f725d4,6,1.0,1.3784428685629098e-05,0.0033768540207202553,1.0033825620154722,-0.0,1
1,entropy,27d2affe59f9cb0e38f4,109,0.0,3.0004530231229104e-07,2.8282435213427783,16.91572260918195,-0.0,1
1,entropy,a8d148da1f7acf8c0b2c,21,1.0,0.00034452849414637674,2.0607942475108607,7.852203927698967,0.3448521013579578,3
1,entropy,40d494b8510a649df932,13,1.0,0.0016690024046734995,2.0824453253787305,8.024066396620734,-0.0,1
1,entropy,36beee8e0d2453749728,15,1.0,0.006235191021629798,2.471503027159238,11.84022967103554,-0.0,1
1,entropy,87a0fc3697da3a6dfb5e,100,0.0,1.4413305706005417e-08,2.452595822514821,11.618467087198047,-0.0,1
1,entropy,da852f11659b3b1cb031,66,0.0,1.7139966333030637e-06,2.0250970793025673,7.576846463904795,0.6929146074339172,3
1,entropy,9d8c87e544ef609c7381,4,1.0,0.044022022209270394,1.4697984264834922,4.348358538794107,-0.0,1
1,entropy,b0763a111f92bee7b7a7,19,1.0,0.0005752956193001643,2.1596048916120125,8.667712295980488,-0.0,1
1,entropy,7f194743d1051af8c479,83,0.0,2.8056276667221744e-10,0.9433065992099993,2.5684602612069587,0.3408431289359573,2
1,entropy,c452d90b2d3ae13b926c,63,0.0,3.300163681824836e-08,0.6760801650988112,1.966155602030316,-0.0,1
1,entropy,659d15afc253c96c35ea,39,0.0,2.1271166796746233e-07,1.7180165090078894,5.5734625805403155,-0.0,1
1,entropy,4fc6c603c96cc6cf300f,97,0.0,1.7761329524864024e-08,2.389131829234336,10.904023278321349,-0.0,1
1,entropy,0b374082c73de237e6e7,76,0.0,3.6498651225276895e-08,1.5040160832437184,4.499724097561862,-0.0,1
1,entropy,63780c0cf420754c8243,20,1.0,0.001665431138098795,2.1315650396442494,8.42804672245255,-0.0,1
1,entropy,ecf24127e60f9c9f1965,85,0.0,1.235790763193833e-07,2.6530728186823276,14.197598330988587,-0.0,1
1,entropy,16fa7688ab05d6cefe69,104,0.0,1.2706172572034524e-11,1.6677220734111204,5.300080840737659,-0.0,1
1,entropy,7e1e2af8777e514bb3b5,41,0.0,9.760643563211587e-05,2.0761712707909963,7.973880564981497,0.6847223339904087,2
1,entropy,f6a354fda626356e7a06,8,1.0,0.01694010487444585,2.155323461468047,8.630681420397378,-0.0,1
1,entropy,86536693a4edf6280909,2,1.0,0.2207502704238439,1.8555401932273827,6.395151935471957,-0.0,1
1,entropy,f50b78b4ccd51e8cab47,7,1.0,0.021496770842823403,1.4630592649038527,4.31915276972811,-0.0,1
1,entropy,9b9bb1f3c08b3283c459,5,1.0,0.08153606964684988,2.4457822644022675,11.539573066237118,-0.0,1
1,entropy,c7164af00829e21bd96a,116,0.0,9.02002283581274e-20,0.007068144422448125,1.0070931827118887,-0.0,1
1,entropy,70548eddd605b3646bc2,103,0.0,4.965779527857375e-12,1.441847307548147,4.228499946331909,-0.0,1
1,entropy,715fc4817bdda771da7d,81,0.0,2.2342248379651977e-05,2.881904517526188,17.848233103469244,-0.0,1
1,entropy,791458aaccf524be16e5,30,1.0,0.00016853210309035474,1.6324009076506623,5.1161433724556025,-0.0,1
1,entropy,23b0524c8d0eb85f04ab,76,0.0,2.907216213409018e-07,2.2391466387617607,9.38531880188268,0.8897929889152879,3
1,entropy,05483c2d70b82309b015,6,1.0,0.00016657428867153972,0.10531047689626798,1.1110555138781772,-0.0,1
1,entropy,922374426ae358b83cd3,22,1.0,0.00048612211689037067,2.031969210501988,7.6290948702099035,-0.0,1
1,entropy,db1b47020b5e5d2e9b1a,74,0.0,1.0327260239831365e-14,0.010010096542464679,1.010060365150054,-0.0,1
1,entropy,6820c3bd9880b45314a4,19,1.0,0.0051839375017427025,2.361435473839881,10.60616540318488,-0.0,1
1,entropy,901b21d724ff4576b4fb,4,1.0,0.08582317456906426,1.8771130556888083,6.534612542270058,-0.0,1
1,entropy,89a9ef5706a0635a6f62,21,1.0,0.00023746256889205426,1.7651764693464023,5.842603307504797,-0.0,1
1,entropy,7428587da99249bc297a,68,0.0,1.8670383530540084e-09,1.8295346186371004,6.230986198817706,8.993873180706727e-05,2
1,entropy,6f4ff7205c218489f853,122,0.0,1.030915214764878e-12,1.428262554985762,4.1714452353463845,-0.0,1
1,entropy,5db88a995b362e06009d,69,0.0,6.120347859917698e-07,1.915844705749023,6.792674185236084,0.7003687809618875,4
1,entropy,b677c59b83f7058df65e,12,1.0,0.0042069749294283915,1.6532881830467998,5.224129510168969,-0.0,1
1,entropy,0908bad38760815ae56e,53,0.0,6.70052005521577e-08,0.5440008465328335,1.7228860944899174,-0.0,1
1,entropy,c8014d0d7f5e88c45f67,6,1.0,0.020065067315201853,1.6379646007088704,5.144687355170189,0.49664810554731,2
1,entropy,ee540a75850005db9cc8,92,0.0,4.904056503404659e-08,1.854604240210328,6.3891691739520216,0.5986906713028567,3
1,entropy,42023b12da866193209c,55,0.0,1.3658437653576338e-06,1.501062336442832,4.486452661783322,0.023241844245219176,2
1,entropy,efd1542f06dfee125ece,45,0.0,0.00031834583024038435,2.485868583789459,12.01154876170026,0.599788968810833,2
1,entropy,7214084a726e8f2e6dd2,100,0.0,2.2518688887881106e-07,2.798729472219141,16.423766657718808,-0.0,1
1,entropy,a78e483c80b2c4a57c09,1,1.0,0.18640963867829521,2.87558398983848,17.735778612195727,-0.0,1
1,entropy,82e05f1ff0b2b9d49567,19,1.0,0.008645139401682293,2.6992046713830615,14.867902153241662,-0.0,1
1,entropy,aea682bfd3bdb3b1f876,22,1.0,4.241323395996477e-05,1.6522280086822216,5.218593956829406,0.18058472203870501,2
1,entropy,fdab523cd370ea600d12,91,0.0,1.9239958747317414e-07,2.1510068153690445,8.593506117151431,-0.0,1
1,entropy,540566fb6e72831f3c04,6,1.0,0.056852226540093406,2.3748581228078316,10.749487970711744,0.0023082791941524353,2
1,entropy,63c2fb3368221f9c9139,42,0.0,4.5917640387655665e-05,1.994059729808327,7.345293219593013,-0.0,1
1,entropy,f67fa6f79c0b11e93d27,30,1.0,0.002515307960443791,2.683938745565747,14.642653550610547,-0.0,1
1,entropy,0942f28c611cd8f3dbb1,37,0.0,1.1188090232629677e-06,2.0609686085288415,7.853573165336558,0.43291205912851805,3
1,entropy,bcc0fc4b743e97f0491a,107,0.0,8.792565196801331e-11,1.913469399268852,6.776558649471564,-0.0,1
1,entropy,ec107394a9a1725fa1fb,3,1.0,0.2057891108757846,2.024853128990538,7.574998315283109,0.003375695505196315,2
1,entropy,5c7b47771ce8b8d038b8,33,0.0,1.1667547337781084e-06,1.833382689143937,6.255009665390235,-0.0,1
1,entropy,acb2587dedd2719abd68,84,0.0,6.696698196798312e-08,2.269406934589418,9.673661998169667,-0.0,1
1,entropy,73e4869bf1ebb900d8ee,15,1.0,0.010773038426492134,2.2844014752885666,9.819807067591212,0.03996174810350444,4
1,entropy,ffae8fb274ec7d92de60,9,1.0,0.038346224422258615,2.617796345134452,13.70548811747102,-0.0,1
1,entropy,3bba1bcefb095ff9fc13,41,0.0,7.797919412127308e-06,2.061364863307238,7.856685797887841,0.35960517676589526,2
1,entropy,25660a3c93d7e63c8746,5,1.0,0.10995855924630611,1.9461248188683011,7.001502849993407,0.0018312043529732519,2
1,entropy,cda8f9ae038027806c81,29,1.0,4.717604421624264e-05,2.001638050698176,7.4011696660422945,0.40177534532588965,3
1,entropy,af4f8a2e92999b5d9167,85,0.0,4.609055419591097e-09,2.079534481362794,8.000743552015873,0.5387644146321057,2
1,entropy,84819bf45bf5cab1426f,29,1.0,4.006695415414263e-06,1.882989442556879,6.573125501297577,-0.0,1
1,entropy,ad18df95318206d0e1a8,20,1.0,0.00204727848856807,1.9664718805345478,7.14542206156145,0.25479808675003235,3
1,entropy,f191f1abac1409f1f88b,7,1.0,2.8452543330373153e-05,0.029921300329421457,1.030373440712196,-0.0,1
1,entropy,16a645ca4d1a8f2362c8,87,0.0,6.4741333764584126e-09,2.124263722875209,8.366734984172277,-0.0,1
1,entropy,84ce3b5aa27ede0b1548,46,0.0,1.710164492666487e-05,2.0713915340201914,7.9358584550648485,0.9845184932775795,3
1,entropy,a52cf51e0ac9153375b0,2,1.0,0.0737922244289877,0.8069436998344582,2.241048193258309,-0.0,1
1,entropy,6c3f0e04f9e72788d5af,43,0.0,8.784215898091311e-06,2.2619589532390907,9.60188038988253,-0.0,1
1,entropy,73d839845ad7e2476252,57,0.0,5.751869859164472e-07,2.086815610537917,8.059210594056406,-0.0,1
1,entropy,0a88279f8d7e6f9be6fe,104,0.0,1.0631709403048948e-07,2.6908154825757156,14.743694245167955,1.0483325222765936,3
1,entropy,336196a627839b3b2bfc,30,1.0,8.536115478367286e-09,0.01784916733355921,1.0180094157344663,0.10593242618907642,3
1,entropy,776f017058fcd9cb4773,6,1.0,0.06306905697568031,2.038330612203359,7.677781300081633,-0.0,1
1,entropy,b63de6876ac97a6647f7,2,1.0,0.23886616850862963,1.6183351033097377,5.044684442617753,-0.0,1
1,entropy,72c0c6b77de4493d6ff3,5,1.0,0.0885018828062407,2.095968233615075,8.133312105231134,-0.0,1
1,entropy,5b5eae81cf8b4a09a499,66,0.0,2.619309821523755e-07,1.9376282706091443,6.9422662528088015,0.8644551753973063,4
1,entropy,7d69d324dcd08bc73483,1,1.0,0.219198706493156,2.52874043643083,12.537704151564666,-0.0,1
1,entropy,43c79300945138a8bf5e,90,0.0,4.779489691555781e-09,2.107172180406843,8.224949694042069,-0.0,1
