model,seed,arm,phase,evaluation_set,family,depth,score_key,method,target_control,tasks,rows,mrr,correct_mass,hit@1,hit@8,hit@16,hit@32,hit@64,hit@100,hit@125,iid_pass@1,iid_pass@8,iid_pass@16,iid_pass@32,iid_pass@64,iid_pass@100,iid_pass@125
Qwen/Qwen3-0.6B,0,atomic_control,,dev_A,A,3,score,raw,own_target,200,200,0.08925806555910157,0.026175827183021944,0.03,0.175,0.33,0.575,0.82,0.965,1.0,0.026175827183021944,0.03384165155252278,0.037756106187950354,0.04382601834476855,0.05320538345382298,0.0614660514310535,0.06632876044155339
Qwen/Qwen3-0.6B,0,atomic_control,,dev_A,A,3,score,unigram,own_target,200,200,0.10733804294907875,0.03685887925458244,0.04,0.22,0.4,0.59,0.81,0.95,1.0,0.03685887925458244,0.05105726698109283,0.05571890634681589,0.06269729139751416,0.07290487709975634,0.08181830569819254,0.08708765380451532
Qwen/Qwen3-0.6B,0,atomic_control,,dev_A,A,3,score,unigram,minus_bias_only,200,200,0.061066046665998276,0.017367583388078388,0.02,0.135,0.175,0.225,0.45,0.74,1.0,0.017367583388078388,0.10109919776214539,0.15152065883346325,0.1992122849680517,0.2387025911738418,0.26384257453965043,0.27783934803878424
Qwen/Qwen3-0.6B,0,atomic_control,,dev_A,A,3,score,unigram,shuffled_program_bias,200,200,0.08160149959308789,0.025678906142209117,0.025,0.145,0.315,0.5,0.815,0.965,1.0,0.025678906142209117,0.03315617309698673,0.03905645042604039,0.04702202609938098,0.05600973898749456,0.061870485455322796,0.06482689903217376
Qwen/Qwen3-0.6B,0,atomic_control,,dev_A,A,3,score,positional,own_target,200,200,0.11513964850979687,0.032670069357621935,0.04,0.25,0.4,0.625,0.835,0.95,1.0,0.032670069357621935,0.06212459286080489,0.07586751765011619,0.09561199546319753,0.11977451485033237,0.13643616444036802,0.1450213903285377
Qwen/Qwen3-0.6B,0,atomic_control,,dev_A,A,3,score,positional,minus_bias_only,200,200,0.06046168513423414,0.0161852154395432,0.01,0.125,0.22,0.28,0.56,0.835,1.0,0.0161852154395432,0.09850863891915182,0.15387998953371418,0.2143292138019002,0.2721277038579546,0.30867866765660096,0.327318413490806
Qwen/Qwen3-0.6B,0,atomic_control,,dev_A,A,3,score,positional,shuffled_program_bias,200,200,0.08858948826800464,0.020534482547175,0.02,0.21,0.365,0.53,0.81,0.955,1.0,0.020534482547175,0.04326951191771382,0.05184456467293013,0.06121273238427035,0.07316014036685937,0.08323149552048541,0.08917568339011435
Qwen/Qwen3-0.6B,0,atomic_control,,dev_A,A,3,score,bigram,own_target,200,200,0.11919324238993352,0.030261003821478085,0.04,0.27,0.405,0.605,0.795,0.955,1.0,0.030261003821478085,0.1075035103353846,0.14667783042174407,0.19276587383128174,0.24413270773968498,0.2787353168720397,0.2964223507914409
Qwen/Qwen3-0.6B,0,atomic_control,,dev_A,A,3,score,bigram,minus_bias_only,200,200,0.03711799845274947,0.0017122879816537555,0.0,0.06,0.16,0.33,0.5,0.785,1.0,0.0017122879816537555,0.01329930317999234,0.02573223199681836,0.04826751729685295,0.08560046608247018,0.11824127971173944,0.13661343775012386
Qwen/Qwen3-0.6B,0,atomic_control,,dev_A,A,3,score,bigram,shuffled_program_bias,200,200,0.0941926561460103,0.026693844170909618,0.025,0.2,0.325,0.54,0.775,0.96,1.0,0.026693844170909618,0.061432031155714155,0.07657772706984814,0.0914223998824675,0.10712223095611316,0.11858023880463005,0.12489476667283322
Qwen/Qwen3-0.6B,0,atomic_control,,dev_A,A,3,score,positional_bigram,own_target,200,200,0.11919324238993352,0.03026100382147807,0.04,0.27,0.405,0.605,0.795,0.955,1.0,0.03026100382147807,0.10750351033538447,0.14667783042174382,0.19276587383128146,0.24413270773968462,0.2787353168720394,0.29642235079144064
Qwen/Qwen3-0.6B,0,atomic_control,,dev_A,A,3,score,positional_bigram,minus_bias_only,200,200,0.03711799845274947,0.001712287981653743,0.0,0.06,0.16,0.33,0.5,0.785,1.0,0.001712287981653743,0.013299303179992243,0.02573223199681818,0.04826751729685265,0.08560046608246974,0.11824127971173896,0.13661343775012338
Qwen/Qwen3-0.6B,0,atomic_control,,dev_A,A,3,score,positional_bigram,shuffled_program_bias,200,200,0.0941926561460103,0.026693844170909635,0.025,0.2,0.325,0.54,0.775,0.96,1.0,0.026693844170909635,0.06143203115571422,0.0765777270698482,0.09142239988246756,0.1071222309561132,0.11858023880463009,0.12489476667283325
Qwen/Qwen3-0.6B,0,atomic_control,,dev_A,A,3,score,full,own_target,200,200,0.11475499397734694,0.0312895493723637,0.03,0.27,0.435,0.61,0.865,0.97,1.0,0.0312895493723637,0.16919892434363093,0.25322033646594194,0.34730943230452693,0.4429914775627881,0.5021009777079906,0.5304311197981675
Qwen/Qwen3-0.6B,0,atomic_control,,dev_A,A,3,score,full,minus_bias_only,200,200,0.03241805401088098,0.004074440495458292,0.0,0.06,0.145,0.265,0.505,0.79,1.0,0.004074440495458292,0.030319495222672913,0.05613432409361499,0.09766251970336366,0.15484113018664794,0.1965632798144252,0.21793587205136591
Qwen/Qwen3-0.6B,0,atomic_control,,dev_A,A,3,score,full,shuffled_program_bias,200,200,0.08095511140952044,0.019186879622587527,0.015,0.2,0.325,0.5,0.76,0.96,1.0,0.019186879622587527,0.06898437218005797,0.09459499419567376,0.12207186637275153,0.14966742469670632,0.1675660412674707,0.17644377608755213
Qwen/Qwen3-0.6B,0,atomic_control,,dev_A,A,3,score,train_frequency,task_blind,200,200,0.07518410567300605,0.023230476190476194,0.015,0.1275,0.312,0.65,0.8675,1.0,1.0,0.023230476190476194,0.16773864595650576,0.3004712403400752,0.49205271419594004,0.7069391248841798,0.8262803491206725,0.8749736050486825
Qwen/Qwen3-0.6B,0,atomic_control,,dev_A,A,3,score,train_antifrequency,task_blind,200,200,0.013813597036078255,0.0011901588505375442,0.0,0.0,0.0,0.0,0.30000000000000004,0.8242857142857142,1.0,0.0011901588505375442,0.009471090930378465,0.018828476031408647,0.03720838090782799,0.07267121904816198,0.11059722092639167,0.1357715385323209
Qwen/Qwen3-0.6B,0,atomic_control,,dev_A,A,3,score,train_unseen_first,task_blind,200,200,0.014007561805081305,0.00909131167900183,0.0,0.0,0.0,0.0,0.3644634479444606,0.8105423057954704,1.0,0.00909131167900183,0.06987116099389462,0.133622115254359,0.24515113930864682,0.41774930146932987,0.5550696537730985,0.6262384492399538
Qwen/Qwen3-0.6B,0,atomic_control,,dev_B,B,3,score,raw,own_target,200,200,0.030907075854451866,0.00010974345274398944,0.0,0.01,0.15,0.315,0.66,0.945,1.0,0.00010974345274398944,0.0008485499354343015,0.001634470991357139,0.0030445806276525305,0.005363835897963769,0.007427244590967884,0.008638014485719658
Qwen/Qwen3-0.6B,0,atomic_control,,dev_B,B,3,score,unigram,own_target,200,200,0.03725380038954906,0.0017473835630115017,0.0,0.025,0.155,0.36,0.735,0.93,1.0,0.0017473835630115017,0.005952642206482918,0.007315661896859602,0.009503380657948994,0.01346257936724232,0.017378874521272132,0.01981633615154642
Qwen/Qwen3-0.6B,0,atomic_control,,dev_B,B,3,score,unigram,minus_bias_only,200,200,0.024708157113298778,0.004830698843282612,0.0,0.0,0.02,0.35,0.595,1.0,1.0,0.004830698843282612,0.03625718337440273,0.06761252210319783,0.11861196997152149,0.18853806936336298,0.23784095732195176,0.2621995096724883
Qwen/Qwen3-0.6B,0,atomic_control,,dev_B,B,3,score,unigram,shuffled_program_bias,200,200,0.03183371795858595,7.171086828415842e-05,0.0,0.025,0.13,0.305,0.615,0.9,1.0,7.171086828415842e-05,0.0005688110599259003,0.0011266894414765887,0.0022109603299023325,0.004262117610318624,0.006401088965122625,0.00779279097744222
Qwen/Qwen3-0.6B,0,atomic_control,,dev_B,B,3,score,positional,own_target,200,200,0.04315422526470565,0.0021430470825411,0.005,0.05,0.175,0.47,0.77,0.91,1.0,0.0021430470825411,0.00885304615862413,0.012818376751591403,0.01952007865177254,0.03039401695267151,0.03987928390443711,0.04531262455910822
Qwen/Qwen3-0.6B,0,atomic_control,,dev_B,B,3,score,positional,minus_bias_only,200,200,0.023120630336702242,0.003784104534388817,0.0,0.0,0.0,0.265,0.65,0.88,1.0,0.003784104534388817,0.02924394799024827,0.056275792278453786,0.10450900951129909,0.18222760073578,0.24792722348881382,0.28397515901984116
Qwen/Qwen3-0.6B,0,atomic_control,,dev_B,B,3,score,positional,shuffled_program_bias,200,200,0.032649782520659844,6.755722655282418e-05,0.0,0.015,0.125,0.37,0.62,0.915,1.0,6.755722655282418e-05,0.0005374646732546304,0.0010681665924965388,0.0021097759443893154,0.004117134144019977,0.006261987555929328,0.00768562076185832
Qwen/Qwen3-0.6B,0,atomic_control,,dev_B,B,3,score,bigram,own_target,200,200,0.052321735251729694,0.006461478597295226,0.005,0.085,0.245,0.45,0.73,0.925,1.0,0.006461478597295226,0.0398750107841989,0.06523627126239517,0.09986826292954713,0.14314782743577797,0.17491243174555918,0.191769185454729
Qwen/Qwen3-0.6B,0,atomic_control,,dev_B,B,3,score,bigram,minus_bias_only,200,200,0.02358312596929343,0.0005265074970487579,0.0,0.0,0.065,0.15,0.65,0.96,1.0,0.0005265074970487579,0.004154554421552166,0.00818107268456309,0.015870894478871057,0.029931803690591074,0.043931832913657785,0.05268967915671599
Qwen/Qwen3-0.6B,0,atomic_control,,dev_B,B,3,score,bigram,shuffled_program_bias,200,200,0.03166863353970692,5.818661745356262e-05,0.0,0.005,0.145,0.37,0.66,0.915,1.0,5.818661745356262e-05,0.00046082521410510403,0.0009112330932072539,0.0017823440945458457,0.003415713103889366,0.005100920541605556,0.006188965862984949
Qwen/Qwen3-0.6B,0,atomic_control,,dev_B,B,3,score,positional_bigram,own_target,200,200,0.052321735251729694,0.006461478597295218,0.005,0.085,0.245,0.45,0.73,0.925,1.0,0.006461478597295218,0.03987501078419879,0.06523627126239498,0.09986826292954683,0.14314782743577747,0.17491243174555862,0.19176918545472835
Qwen/Qwen3-0.6B,0,atomic_control,,dev_B,B,3,score,positional_bigram,minus_bias_only,200,200,0.02358312596929343,0.0005265074970487511,0.0,0.0,0.065,0.15,0.65,0.96,1.0,0.0005265074970487511,0.004154554421552113,0.008181072684562987,0.01587089447887086,0.029931803690590727,0.04393183291365729,0.05268967915671543
Qwen/Qwen3-0.6B,0,atomic_control,,dev_B,B,3,score,positional_bigram,shuffled_program_bias,200,200,0.03166863353970692,5.818661745356262e-05,0.0,0.005,0.145,0.37,0.66,0.915,1.0,5.818661745356262e-05,0.0004608252141051042,0.000911233093207254,0.0017823440945458464,0.003415713103889366,0.005100920541605556,0.006188965862984949
Qwen/Qwen3-0.6B,0,atomic_control,,dev_B,B,3,score,full,own_target,200,200,0.09795175069908475,0.019548753289844605,0.04,0.165,0.275,0.455,0.725,0.86,1.0,0.019548753289844605,0.10679269644811366,0.15936019446593136,0.21875455095521382,0.2826341087943083,0.32565434028329077,0.3478125898994804
Qwen/Qwen3-0.6B,0,atomic_control,,dev_B,B,3,score,full,minus_bias_only,200,200,0.024446356115031546,0.0015119047996074747,0.0,0.04,0.04,0.235,0.555,0.945,1.0,0.0015119047996074747,0.011574300858181372,0.02206709553437638,0.04040478486366737,0.0695177227033068,0.09481855068470235,0.10957946670897022
Qwen/Qwen3-0.6B,0,atomic_control,,dev_B,B,3,score,full,shuffled_program_bias,200,200,0.037253327649379796,0.0022430530582230523,0.005,0.015,0.16,0.35,0.66,0.9,1.0,0.0022430530582230523,0.008144895035627361,0.010918064485529028,0.01498718014308909,0.02086535636731273,0.026032184384026266,0.029142787044813677
Qwen/Qwen3-0.6B,0,atomic_control,,dev_B,B,3,score,train_frequency,task_blind,200,200,0.009924886738241658,0.00038095238095238107,0.0,0.0,0.0,0.0,0.0,0.4565217391304347,1.0,0.00038095238095238107,0.003043558650075675,0.0060778540508949,0.012118767791925823,0.02409067105105702,0.03738572844563032,0.046511695822809625
Qwen/Qwen3-0.6B,0,atomic_control,,dev_B,B,3,score,train_antifrequency,task_blind,200,200,0.09601494013013269,0.02062461850020644,0.021739130434782594,0.17391304347826084,0.3478260869565217,0.6956521739130433,1.0,1.0,1.0,0.02062461850020644,0.15356529081616016,0.2835482830888684,0.4866969373350916,0.7365199658588253,0.8755719490071155,0.9260994155389659
Qwen/Qwen3-0.6B,0,atomic_control,,dev_B,B,3,score,train_unseen_first,task_blind,200,200,0.09601494013013269,0.013322235759508442,0.021739130434782594,0.17391304347826084,0.3478260869565217,0.6956521739130433,1.0,1.0,1.0,0.013322235759508442,0.1017386189623677,0.19312649133636564,0.348955141016836,0.5761405915915921,0.738462417123654,0.812967261787282
Qwen/Qwen3-0.6B,0,atomic_control,,dev_C,C,3,score,raw,own_target,200,200,0.07460320635705193,0.012284188575287276,0.01,0.14,0.275,0.495,0.815,0.96,1.0,0.012284188575287276,0.023245963980587057,0.030404387759395135,0.039270046737239515,0.05024067428020221,0.05822054051241467,0.062413918208998505
Qwen/Qwen3-0.6B,0,atomic_control,,dev_C,C,3,score,unigram,own_target,200,200,0.08546284239526891,0.016501627561313074,0.015,0.18,0.35,0.5,0.81,0.945,1.0,0.016501627561313074,0.02931625841360291,0.03961998055686618,0.05483334306778205,0.07567555045542627,0.09195301694344696,0.10086273345103602
Qwen/Qwen3-0.6B,0,atomic_control,,dev_C,C,3,score,unigram,minus_bias_only,200,200,0.04996504700207916,0.015501721548978432,0.015,0.065,0.12,0.235,0.44,0.705,1.0,0.015501721548978432,0.08925967120607702,0.13359571864421899,0.17827180291019,0.2221373676333775,0.2531092916292981,0.27030804951280596
Qwen/Qwen3-0.6B,0,atomic_control,,dev_C,C,3,score,unigram,shuffled_program_bias,200,200,0.07968103635059932,0.018281406282592724,0.015,0.16,0.27,0.48,0.805,0.96,1.0,0.018281406282592724,0.03265735800350466,0.039754027544678064,0.049075122251125834,0.0603115342559237,0.06824449625242944,0.07248593447258597
Qwen/Qwen3-0.6B,0,atomic_control,,dev_C,C,3,score,positional,own_target,200,200,0.09720299515453285,0.021938289027865387,0.02,0.225,0.355,0.515,0.815,0.97,1.0,0.021938289027865387,0.0513709868198883,0.07026355926503149,0.0953126896711662,0.1261355003858642,0.14853497331715154,0.16032170818922356
Qwen/Qwen3-0.6B,0,atomic_control,,dev_C,C,3,score,positional,minus_bias_only,200,200,0.06226543596188968,0.015684466731113393,0.015,0.115,0.205,0.245,0.485,0.85,1.0,0.015684466731113393,0.09198322016082566,0.14116837062180082,0.19476852599600045,0.24639423302312466,0.2786022621494879,0.29497097199487327
Qwen/Qwen3-0.6B,0,atomic_control,,dev_C,C,3,score,positional,shuffled_program_bias,200,200,0.0953200162187612,0.027149204577299347,0.035,0.195,0.295,0.46,0.81,0.955,1.0,0.027149204577299347,0.05828132766318246,0.06885778567749185,0.07961710875337888,0.0924405524000769,0.1030269340147414,0.10911205471875443
Qwen/Qwen3-0.6B,0,atomic_control,,dev_C,C,3,score,bigram,own_target,200,200,0.0821401647874,0.020386545852200372,0.015,0.175,0.35,0.54,0.8,0.935,1.0,0.020386545852200372,0.07296885631075926,0.10838532037309706,0.1535690829527534,0.2078183026138744,0.24754700380840616,0.2686288176050161
Qwen/Qwen3-0.6B,0,atomic_control,,dev_C,C,3,score,bigram,minus_bias_only,200,200,0.03514389636148927,0.0015123570770401043,0.0,0.07,0.155,0.31,0.495,0.765,1.0,0.0015123570770401043,0.011768885253159278,0.022819351534683376,0.04297665305794557,0.07677624011034548,0.1068085137608793,0.12393723912203664
Qwen/Qwen3-0.6B,0,atomic_control,,dev_C,C,3,score,bigram,shuffled_program_bias,200,200,0.09291578741176959,0.02606223120562337,0.03,0.19,0.305,0.485,0.75,0.955,1.0,0.02606223120562337,0.06917713157176351,0.08668159402295593,0.10318618878294782,0.1175405067437814,0.1262887516273635,0.13070488185672885
Qwen/Qwen3-0.6B,0,atomic_control,,dev_C,C,3,score,positional_bigram,own_target,200,200,0.0821401647874,0.020386545852200424,0.015,0.175,0.35,0.54,0.8,0.935,1.0,0.020386545852200424,0.07296885631075942,0.10838532037309725,0.1535690829527537,0.20781830261387474,0.2475470038084065,0.26862881760501645
Qwen/Qwen3-0.6B,0,atomic_control,,dev_C,C,3,score,positional_bigram,minus_bias_only,200,200,0.03514389636148927,0.0015123570770400982,0.0,0.07,0.155,0.31,0.495,0.765,1.0,0.0015123570770400982,0.011768885253159231,0.022819351534683296,0.04297665305794543,0.07677624011034528,0.10680851376087908,0.1239372391220364
Qwen/Qwen3-0.6B,0,atomic_control,,dev_C,C,3,score,positional_bigram,shuffled_program_bias,200,200,0.09291578741176959,0.026062231205623364,0.03,0.19,0.305,0.485,0.75,0.955,1.0,0.026062231205623364,0.06917713157176364,0.08668159402295608,0.103186188782948,0.11754050674378158,0.1262887516273637,0.13070488185672904
Qwen/Qwen3-0.6B,0,atomic_control,,dev_C,C,3,score,full,own_target,200,200,0.09474451128795135,0.022610409684225036,0.035,0.19,0.31,0.505,0.815,0.96,1.0,0.022610409684225036,0.12762830583596899,0.19783871459138136,0.28299560903619275,0.3766769775097172,0.43931688509416117,0.47071191343365165
Qwen/Qwen3-0.6B,0,atomic_control,,dev_C,C,3,score,full,minus_bias_only,200,200,0.031184165274938776,0.004103245696313217,0.0,0.04,0.14,0.215,0.49,0.745,1.0,0.004103245696313217,0.030056650708393636,0.05481524763942985,0.09320054447100933,0.14365506609617484,0.17919115138372907,0.19712594530902905
Qwen/Qwen3-0.6B,0,atomic_control,,dev_C,C,3,score,full,shuffled_program_bias,200,200,0.09898660938234716,0.030621810917781177,0.03,0.17,0.295,0.465,0.755,0.95,1.0,0.030621810917781177,0.09543428122260414,0.12189289833430557,0.14549459344990545,0.16462914842847506,0.1756564107214428,0.18108845755753833
Qwen/Qwen3-0.6B,0,atomic_control,,dev_C,C,3,score,train_frequency,task_blind,200,200,0.07661139764621193,0.022584761904761903,0.015,0.1475,0.273,0.605,0.87125,1.0,1.0,0.022584761904761903,0.1632201000493237,0.2928084959791996,0.48125881257170655,0.6964288627361668,0.8187367236456996,0.8692977157523072
Qwen/Qwen3-0.6B,0,atomic_control,,dev_C,C,3,score,train_antifrequency,task_blind,200,200,0.014179615320010273,0.0011873236021688425,0.0,0.0,0.0,0.0,0.3766666666666667,0.8457142857142855,1.0,0.0011873236021688425,0.009447212271611634,0.018778073417212424,0.03709755052038183,0.07241363541682257,0.11014106533919668,0.13516137344557785
Qwen/Qwen3-0.6B,0,atomic_control,,dev_C,C,3,score,train_unseen_first,task_blind,200,200,0.0139427801280884,0.008944282379610966,0.0,0.0,0.0,0.0,0.358549947234824,0.8043575934481997,1.0,0.008944282379610966,0.06872441286090299,0.13140809649694923,0.24108764878545877,0.4111741170609642,0.5472500862783856,0.6182362794937434
Qwen/Qwen3-0.6B,0,atomic_control,,dev_D,D,3,score,raw,own_target,200,200,0.02943784789813014,4.1378708000488656e-05,0.0,0.015,0.125,0.285,0.655,0.97,1.0,4.1378708000488656e-05,0.0003295085606974477,0.0006555805359250781,0.0012976668631692514,0.0025433001670965506,0.0038870185573810488,0.004786701386298823
Qwen/Qwen3-0.6B,0,atomic_control,,dev_D,D,3,score,unigram,own_target,200,200,0.035912819051278536,0.0001339943711034606,0.0,0.04,0.16,0.355,0.75,0.97,1.0,0.0001339943711034606,0.0010486904496803066,0.0020467942674090374,0.003906482611101531,0.007169710221363126,0.010282564952177489,0.012183607852933313
Qwen/Qwen3-0.6B,0,atomic_control,,dev_D,D,3,score,unigram,minus_bias_only,200,200,0.026849620288729153,0.005754843257746977,0.0,0.0,0.045,0.41,0.64,1.0,1.0,0.005754843257746977,0.04292669179968771,0.0795313825727614,0.1379516113046416,0.21555382512884602,0.2683835992571672,0.2939214787408913
Qwen/Qwen3-0.6B,0,atomic_control,,dev_D,D,3,score,unigram,shuffled_program_bias,200,200,0.03115390238221222,0.0003413405115111739,0.0,0.05,0.11,0.285,0.58,0.87,1.0,0.0003413405115111739,0.002349468635314,0.004032051360373921,0.006268226067356093,0.008934526967959672,0.01115623503132378,0.01256026790195781
Qwen/Qwen3-0.6B,0,atomic_control,,dev_D,D,3,score,positional,own_target,200,200,0.039866692069045334,0.0003950894631879751,0.0,0.045,0.185,0.435,0.77,0.945,1.0,0.0003950894631879751,0.0031084290345262167,0.00610179623348077,0.011769923921642864,0.02199337780979782,0.03203808251967444,0.03827905515398176
Qwen/Qwen3-0.6B,0,atomic_control,,dev_D,D,3,score,positional,minus_bias_only,200,200,0.02421087529470669,0.004255966366629813,0.0,0.0,0.0,0.34,0.665,0.855,1.0,0.004255966366629813,0.0329130387161125,0.06337828207282156,0.1178113402838272,0.2055442992108901,0.27935416064510266,0.31947005890709784
Qwen/Qwen3-0.6B,0,atomic_control,,dev_D,D,3,score,positional,shuffled_program_bias,200,200,0.03223592323665955,0.00022937101883875613,0.0,0.03,0.145,0.335,0.605,0.905,1.0,0.00022937101883875613,0.0016795438978984248,0.0030575019296780847,0.0051747841662647676,0.00796863284060245,0.0101091569934693,0.0113367287768659
Qwen/Qwen3-0.6B,0,atomic_control,,dev_D,D,3,score,bigram,own_target,200,200,0.04937731741487779,0.005842161490706888,0.0,0.075,0.235,0.445,0.735,0.945,1.0,0.005842161490706888,0.03935373266245406,0.06667207166804336,0.10282175048920195,0.1447050336706468,0.17372809345302948,0.1888071140778642
Qwen/Qwen3-0.6B,0,atomic_control,,dev_D,D,3,score,bigram,minus_bias_only,200,200,0.023978897787401747,0.0005581273863492586,0.0,0.0,0.07,0.165,0.665,0.945,1.0,0.0005581273863492586,0.004403128066755069,0.008668480912362131,0.016808498726531812,0.031671051055373975,0.046438920006304334,0.0556602880653028
Qwen/Qwen3-0.6B,0,atomic_control,,dev_D,D,3,score,bigram,shuffled_program_bias,200,200,0.030069787851075235,5.808487663498142e-05,0.0,0.0,0.11,0.345,0.59,0.885,1.0,5.808487663498142e-05,0.0004626094477300712,0.0009205353833173209,0.0018226316249347863,0.003573790314474612,0.005463828267716616,0.0067294262299476704
Qwen/Qwen3-0.6B,0,atomic_control,,dev_D,D,3,score,positional_bigram,own_target,200,200,0.04937731741487779,0.005842161490706859,0.0,0.075,0.235,0.445,0.735,0.945,1.0,0.005842161490706859,0.03935373266245386,0.06667207166804301,0.10282175048920145,0.14470503367064616,0.17372809345302875,0.18880711407786346
Qwen/Qwen3-0.6B,0,atomic_control,,dev_D,D,3,score,positional_bigram,minus_bias_only,200,200,0.023978897787401747,0.0005581273863492509,0.0,0.0,0.07,0.165,0.665,0.945,1.0,0.0005581273863492509,0.00440312806675501,0.008668480912362013,0.016808498726531593,0.03167105105537358,0.04643892000630378,0.05566028806530214
Qwen/Qwen3-0.6B,0,atomic_control,,dev_D,D,3,score,positional_bigram,shuffled_program_bias,200,200,0.030069787851075235,5.8084876634981784e-05,0.0,0.0,0.11,0.345,0.59,0.885,1.0,5.8084876634981784e-05,0.000462609447730074,0.0009205353833173266,0.0018226316249347974,0.0035737903144746324,0.005463828267716646,0.006729426229947706
Qwen/Qwen3-0.6B,0,atomic_control,,dev_D,D,3,score,full,own_target,200,200,0.08352663198072624,0.019022661899426405,0.015,0.145,0.23,0.43,0.72,0.895,1.0,0.019022661899426405,0.10335030587654266,0.15040391896861233,0.19873775427558102,0.2508832565410834,0.28873805390736396,0.30917793556384254
Qwen/Qwen3-0.6B,0,atomic_control,,dev_D,D,3,score,full,minus_bias_only,200,200,0.02446960195949753,0.0015428158469353187,0.0,0.04,0.04,0.25,0.56,0.935,1.0,0.0015428158469353187,0.011816278124601953,0.022539213499911944,0.04130353660378822,0.07114713562859287,0.09709996661442422,0.11222296590340912
Qwen/Qwen3-0.6B,0,atomic_control,,dev_D,D,3,score,full,shuffled_program_bias,200,200,0.03040765067873374,0.0002796790226575644,0.0,0.0,0.125,0.355,0.61,0.9,1.0,0.0002796790226575644,0.002139727875344662,0.004075699545761888,0.007443525764197603,0.0127108548395186,0.0171437643338842,0.01964104712055894
Qwen/Qwen3-0.6B,0,atomic_control,,dev_D,D,3,score,train_frequency,task_blind,200,200,0.009928731380612718,0.00038285714285714296,0.0,0.0,0.0,0.0,0.0,0.45778985507246367,1.0,0.00038285714285714296,0.0030587359011821046,0.00610807009760975,0.012178649986015855,0.024208266866993178,0.03756573591336095,0.046733520136476
Qwen/Qwen3-0.6B,0,atomic_control,,dev_D,D,3,score,train_antifrequency,task_blind,200,200,0.09629412926192338,0.020727741592707474,0.021847826086956505,0.17464734299516904,0.3489855072463767,0.696734299516908,1.0,1.0,1.0,0.020727741592707474,0.1542278953319737,0.2845821770612862,0.4879646202091368,0.7374999728884662,0.8761200363293937,0.9264430848377105
Qwen/Qwen3-0.6B,0,atomic_control,,dev_D,D,3,score,train_unseen_first,task_blind,200,200,0.09629412926192338,0.013388846938305984,0.021847826086956505,0.17464734299516904,0.3489855072463767,0.696734299516908,1.0,1.0,1.0,0.013388846938305984,0.10220143852151051,0.19391511682023427,0.35010339700845594,0.5773720255474154,0.739434274644957,0.8137314603659405
Qwen/Qwen3-0.6B,0,composition,,dev_A,A,3,score,raw,own_target,200,200,0.3113627402550606,0.11010495039336109,0.17,0.58,0.665,0.855,0.99,1.0,1.0,0.11010495039336109,0.4209076741488995,0.5660581017144619,0.7121162648676048,0.8371939094678115,0.8990160858309351,0.923599976718821
Qwen/Qwen3-0.6B,0,composition,,dev_A,A,3,score,unigram,own_target,200,200,0.22108255130442803,0.09850150395424462,0.125,0.385,0.575,0.81,0.975,1.0,1.0,0.09850150395424462,0.3481616134485936,0.47870497152121877,0.6274687999197337,0.7690874126155945,0.8420392372181931,0.8712213269943176
Qwen/Qwen3-0.6B,0,composition,,dev_A,A,3,score,unigram,minus_bias_only,200,200,0.027051291288018003,0.006631059079530544,0.0,0.025,0.075,0.16,0.46,0.72,1.0,0.006631059079530544,0.05032859074806475,0.09527003438108039,0.17296427025089856,0.29563060327245444,0.40077743077353134,0.4599668072279129
Qwen/Qwen3-0.6B,0,composition,,dev_A,A,3,score,unigram,shuffled_program_bias,200,200,0.24152185547236257,0.10670468416912594,0.13,0.42,0.555,0.76,0.99,1.0,1.0,0.10670468416912594,0.3409781659157194,0.4353614658477355,0.5274561112889999,0.6176029979353082,0.6773564062257296,0.707784999023789
Qwen/Qwen3-0.6B,0,composition,,dev_A,A,3,score,positional,own_target,200,200,0.2654809961624416,0.10131133671213163,0.155,0.41,0.585,0.86,0.99,1.0,1.0,0.10131133671213163,0.356242739577405,0.48088120799073797,0.6216334760348013,0.7593497974261771,0.8338584952097909,0.8649389076904845
Qwen/Qwen3-0.6B,0,composition,,dev_A,A,3,score,positional,minus_bias_only,200,200,0.022520572149408374,0.0043167011296400305,0.0,0.0,0.065,0.135,0.63,0.9,1.0,0.0043167011296400305,0.03357408459920028,0.06508045475306798,0.12260895410063792,0.21976079362750622,0.30762276704025326,0.3587264220428535
Qwen/Qwen3-0.6B,0,composition,,dev_A,A,3,score,positional,shuffled_program_bias,200,200,0.21771927565375265,0.09615499293337906,0.105,0.355,0.535,0.735,0.985,1.0,1.0,0.09615499293337906,0.3060810923015956,0.39467301764195517,0.49112119272880067,0.5936587417490927,0.658300957734244,0.6894170097624504
Qwen/Qwen3-0.6B,0,composition,,dev_A,A,3,score,bigram,own_target,200,200,0.26741747282745715,0.09384080058576885,0.145,0.44,0.63,0.8,0.97,0.995,1.0,0.09384080058576885,0.36496734289089083,0.502055729466007,0.6461287212272027,0.7815736741356014,0.8559892686185833,0.8873266214267759
Qwen/Qwen3-0.6B,0,composition,,dev_A,A,3,score,bigram,minus_bias_only,200,200,0.015293364891771386,1.8289108614099357e-05,0.0,0.0,0.0,0.0,0.39,0.815,1.0,1.8289108614099357e-05,0.00014629698261749578,0.00029255766192532286,0.0005849701632122662,0.0011693601043362963,0.0018261062871855016,0.00228174923142676
Qwen/Qwen3-0.6B,0,composition,,dev_A,A,3,score,bigram,shuffled_program_bias,200,200,0.14519822942860286,0.0491617206654267,0.045,0.27,0.505,0.77,0.99,1.0,1.0,0.0491617206654267,0.12016952116382346,0.153909062524787,0.19001378046030923,0.2298005136743729,0.2592519662481111,0.2754257850522091
Qwen/Qwen3-0.6B,0,composition,,dev_A,A,3,score,positional_bigram,own_target,200,200,0.26741747282745715,0.09384080058576902,0.145,0.44,0.63,0.8,0.97,0.995,1.0,0.09384080058576902,0.3649673428908914,0.5020557294660074,0.6461287212272029,0.7815736741356014,0.8559892686185832,0.8873266214267759
Qwen/Qwen3-0.6B,0,composition,,dev_A,A,3,score,positional_bigram,minus_bias_only,200,200,0.015293364891771386,1.8289108614099445e-05,0.0,0.0,0.0,0.0,0.39,0.815,1.0,1.8289108614099445e-05,0.0001462969826174965,0.0002925576619253244,0.0005849701632122691,0.0011693601043363021,0.0018261062871855105,0.002281749231426772
Qwen/Qwen3-0.6B,0,composition,,dev_A,A,3,score,positional_bigram,shuffled_program_bias,200,200,0.14519822942860286,0.04916172066542671,0.045,0.27,0.505,0.77,0.99,1.0,1.0,0.04916172066542671,0.1201695211638236,0.15390906252478723,0.19001378046030937,0.22980051367437293,0.2592519662481111,0.27542578505220905
Qwen/Qwen3-0.6B,0,composition,,dev_A,A,3,score,full,own_target,200,200,0.24973226473474677,0.09556876194260115,0.135,0.435,0.56,0.8,0.97,0.995,1.0,0.09556876194260115,0.36226448233154757,0.4914889894730661,0.6287434749591059,0.7662036942800722,0.8453903432118136,0.8791950768362505
Qwen/Qwen3-0.6B,0,composition,,dev_A,A,3,score,full,minus_bias_only,200,200,0.014061936603732686,3.0346767545719643e-05,0.0,0.0,0.0,0.0,0.34,0.755,1.0,3.0346767545719643e-05,0.00024272315023236978,0.0004853298074926232,0.0009701940005401329,0.001938528397891086,0.003025688878112287,0.003779285228194173
Qwen/Qwen3-0.6B,0,composition,,dev_A,A,3,score,full,shuffled_program_bias,200,200,0.1438750571716759,0.05079606168249121,0.045,0.275,0.53,0.75,0.99,0.995,1.0,0.05079606168249121,0.1399047642749741,0.18180135870162858,0.2271561213417517,0.2774443538276518,0.31425884230455114,0.3341307442894398
Qwen/Qwen3-0.6B,0,composition,,dev_A,A,3,score,train_frequency,task_blind,200,200,0.07518410567300605,0.023230476190476194,0.015,0.1275,0.312,0.65,0.8675,1.0,1.0,0.023230476190476194,0.16773864595650576,0.3004712403400752,0.49205271419594004,0.7069391248841798,0.8262803491206725,0.8749736050486825
Qwen/Qwen3-0.6B,0,composition,,dev_A,A,3,score,train_antifrequency,task_blind,200,200,0.013813597036078255,0.0011901588505375442,0.0,0.0,0.0,0.0,0.30000000000000004,0.8242857142857142,1.0,0.0011901588505375442,0.009471090930378465,0.018828476031408647,0.03720838090782799,0.07267121904816198,0.11059722092639167,0.1357715385323209
Qwen/Qwen3-0.6B,0,composition,,dev_A,A,3,score,train_unseen_first,task_blind,200,200,0.014007561805081305,0.00909131167900183,0.0,0.0,0.0,0.0,0.3644634479444606,0.8105423057954704,1.0,0.00909131167900183,0.06987116099389462,0.133622115254359,0.24515113930864682,0.41774930146932987,0.5550696537730985,0.6262384492399538
Qwen/Qwen3-0.6B,0,composition,,dev_B,B,3,score,raw,own_target,200,200,0.01568424818382714,0.0020666778565608807,0.0,0.0,0.0,0.075,0.35,0.74,1.0,0.0020666778565608807,0.01623114207902773,0.03179640309085506,0.061079360573188836,0.11317376300738406,0.1632836057752916,0.19379169065689963
Qwen/Qwen3-0.6B,0,composition,,dev_B,B,3,score,unigram,own_target,200,200,0.01572864082166753,0.0014867665400993795,0.0,0.0,0.015,0.045,0.325,0.76,1.0,0.0014867665400993795,0.011753592599681057,0.023193190052953856,0.04517485858685564,0.08583422168833542,0.1269175169121529,0.15290946413382123
Qwen/Qwen3-0.6B,0,composition,,dev_B,B,3,score,unigram,minus_bias_only,200,200,0.028558302111004786,0.005783410381238059,0.0,0.04,0.04,0.315,0.505,0.84,1.0,0.005783410381238059,0.044103488890674516,0.08383874675382418,0.15309971444431825,0.263377841708808,0.3586288730116245,0.4125825394198124
Qwen/Qwen3-0.6B,0,composition,,dev_B,B,3,score,unigram,shuffled_program_bias,200,200,0.014877063684564557,0.0008157135109695352,0.0,0.0,0.0,0.06,0.29,0.735,1.0,0.0008157135109695352,0.006437707864489042,0.012679854018506935,0.024611423847442762,0.04647814250124906,0.06833959773274449,0.08207254390398194
Qwen/Qwen3-0.6B,0,composition,,dev_B,B,3,score,positional,own_target,200,200,0.016159325672564295,0.0015089346722826052,0.0,0.0,0.005,0.045,0.315,0.87,1.0,0.0015089346722826052,0.01192908240327208,0.02353992068149847,0.0458513824319376,0.08712132747702071,0.12882091980492272,0.15520375874664277
Qwen/Qwen3-0.6B,0,composition,,dev_B,B,3,score,positional,minus_bias_only,200,200,0.03558050034549475,0.006552784809850602,0.0,0.055,0.19,0.33,0.485,0.96,1.0,0.006552784809850602,0.049595102535712136,0.09335016900766928,0.16667972871930486,0.2731404436829923,0.3535295191827931,0.39471075167493663
Qwen/Qwen3-0.6B,0,composition,,dev_B,B,3,score,positional,shuffled_program_bias,200,200,0.018632100445990035,0.0015069737260703514,0.0,0.005,0.045,0.09,0.31,0.735,1.0,0.0015069737260703514,0.011435511253776762,0.021613145148580242,0.03900554427256656,0.06559329900163932,0.0874597479093973,0.0995560793995318
Qwen/Qwen3-0.6B,0,composition,,dev_B,B,3,score,bigram,own_target,200,200,0.06256087671990328,0.01335419088495777,0.005,0.135,0.285,0.54,0.76,0.94,1.0,0.01335419088495777,0.09824198690265082,0.17991157250862472,0.30771646626215654,0.47653071674613157,0.5931367401592947,0.6494226116055449
Qwen/Qwen3-0.6B,0,composition,,dev_B,B,3,score,bigram,minus_bias_only,200,200,0.04620505112020289,0.00028087830285169904,0.0,0.0,0.19,0.8,1.0,1.0,1.0,0.00028087830285169904,0.0022413935477524414,0.004469969193187728,0.008889030432050398,0.01757729995521949,0.02711863976041043,0.03360338565237393
Qwen/Qwen3-0.6B,0,composition,,dev_B,B,3,score,bigram,shuffled_program_bias,200,200,0.04723490207356658,0.008559385568347485,0.005,0.055,0.085,0.13,0.45,0.76,1.0,0.008559385568347485,0.036327159816199044,0.04754890160431516,0.05447251653550386,0.05860742122610512,0.06135795991334905,0.06291359744045706
Qwen/Qwen3-0.6B,0,composition,,dev_B,B,3,score,positional_bigram,own_target,200,200,0.06256087671990328,0.013354190884957727,0.005,0.135,0.285,0.54,0.76,0.94,1.0,0.013354190884957727,0.0982419869026505,0.17991157250862413,0.30771646626215576,0.47653071674613073,0.5931367401592941,0.6494226116055443
Qwen/Qwen3-0.6B,0,composition,,dev_B,B,3,score,positional_bigram,minus_bias_only,200,200,0.04620505112020289,0.0002808783028517006,0.0,0.0,0.19,0.8,1.0,1.0,1.0,0.0002808783028517006,0.002241393547752454,0.004469969193187753,0.008889030432050445,0.017577299955219585,0.02711863976041057,0.03360338565237412
Qwen/Qwen3-0.6B,0,composition,,dev_B,B,3,score,positional_bigram,shuffled_program_bias,200,200,0.04723490207356658,0.008559385568347483,0.005,0.055,0.085,0.13,0.45,0.76,1.0,0.008559385568347483,0.036327159816199044,0.047548901604315165,0.05447251653550388,0.058607421226105155,0.061357959913349115,0.06291359744045712
Qwen/Qwen3-0.6B,0,composition,,dev_B,B,3,score,full,own_target,200,200,0.09297783684294092,0.01928544895029777,0.015,0.22,0.37,0.575,0.805,0.955,1.0,0.01928544895029777,0.13116015430421465,0.22652755354740856,0.36267271573956533,0.5320558976858202,0.6469268101244802,0.7021042818482778
Qwen/Qwen3-0.6B,0,composition,,dev_B,B,3,score,full,minus_bias_only,200,200,0.05109847151559697,0.0007874013717469202,0.0,0.08,0.23,0.69,1.0,1.0,1.0,0.0007874013717469201,0.006234197656848454,0.012322864093024641,0.024082570307823195,0.04605491287071807,0.06857404689942684,0.08300399401688997
Qwen/Qwen3-0.6B,0,composition,,dev_B,B,3,score,full,shuffled_program_bias,200,200,0.047046975916508346,0.01099712682782298,0.005,0.055,0.08,0.17,0.45,0.775,1.0,0.01099712682782298,0.042387342677152,0.05192538970927451,0.056962779255924925,0.060762932754245734,0.0637305861953324,0.06550815999121458
Qwen/Qwen3-0.6B,0,composition,,dev_B,B,3,score,train_frequency,task_blind,200,200,0.009924886738241658,0.00038095238095238107,0.0,0.0,0.0,0.0,0.0,0.4565217391304347,1.0,0.00038095238095238107,0.003043558650075675,0.0060778540508949,0.012118767791925823,0.02409067105105702,0.03738572844563032,0.046511695822809625
Qwen/Qwen3-0.6B,0,composition,,dev_B,B,3,score,train_antifrequency,task_blind,200,200,0.09601494013013269,0.02062461850020644,0.021739130434782594,0.17391304347826084,0.3478260869565217,0.6956521739130433,1.0,1.0,1.0,0.02062461850020644,0.15356529081616016,0.2835482830888684,0.4866969373350916,0.7365199658588253,0.8755719490071155,0.9260994155389659
Qwen/Qwen3-0.6B,0,composition,,dev_B,B,3,score,train_unseen_first,task_blind,200,200,0.09601494013013269,0.013322235759508442,0.021739130434782594,0.17391304347826084,0.3478260869565217,0.6956521739130433,1.0,1.0,1.0,0.013322235759508442,0.1017386189623677,0.19312649133636564,0.348955141016836,0.5761405915915921,0.738462417123654,0.812967261787282
Qwen/Qwen3-0.6B,0,composition,,dev_C,C,3,score,raw,own_target,200,200,0.2766164866655184,0.08103635418526021,0.17,0.445,0.615,0.845,0.96,0.985,1.0,0.08103635418526021,0.3507390855386683,0.49597033148591635,0.6548579966401982,0.7967367153357042,0.8650775186558195,0.8912936636798534
Qwen/Qwen3-0.6B,0,composition,,dev_C,C,3,score,unigram,own_target,200,200,0.2038914976568563,0.07668312429114853,0.115,0.38,0.485,0.755,0.95,0.98,1.0,0.07668312429114853,0.30235919707102155,0.4282100578514529,0.5774299869669189,0.7254243420849704,0.8033058949606038,0.834754779837594
Qwen/Qwen3-0.6B,0,composition,,dev_C,C,3,score,unigram,minus_bias_only,200,200,0.028283410794330183,0.0073537050740069155,0.0,0.025,0.065,0.195,0.505,0.745,1.0,0.0073537050740069155,0.05543667051645983,0.10417860141263244,0.18670606081397367,0.3128771952791702,0.41795700355194126,0.47628001947778364
Qwen/Qwen3-0.6B,0,composition,,dev_C,C,3,score,unigram,shuffled_program_bias,200,200,0.2040854051812626,0.07987380081166671,0.085,0.34,0.48,0.75,0.955,0.985,1.0,0.07987380081166671,0.2977073029912569,0.38690813818487385,0.47383054346597275,0.5679996621828003,0.6366602908726732,0.6728810125858911
Qwen/Qwen3-0.6B,0,composition,,dev_C,C,3,score,positional,own_target,200,200,0.2186740962877529,0.0740061711474999,0.115,0.335,0.53,0.81,0.945,0.98,1.0,0.0740061711474999,0.30064631751939647,0.4244109119838603,0.5675657836341504,0.7107661029625717,0.7901862578140268,0.8238154808306358
Qwen/Qwen3-0.6B,0,composition,,dev_C,C,3,score,positional,minus_bias_only,200,200,0.022046165877460427,0.004521548406104747,0.0,0.0,0.05,0.16,0.59,0.88,1.0,0.004521548406104747,0.03507053342320212,0.06779183725655971,0.12711986593185975,0.22623628602417567,0.3147805495572231,0.36577657010450965
Qwen/Qwen3-0.6B,0,composition,,dev_C,C,3,score,positional,shuffled_program_bias,200,200,0.1680454030059076,0.07163046814615737,0.06,0.32,0.465,0.725,0.955,0.985,1.0,0.07163046814615737,0.2650654353108218,0.3514247572774937,0.4402500525553914,0.5382325513898383,0.6061377349731975,0.6405190717252244
Qwen/Qwen3-0.6B,0,composition,,dev_C,C,3,score,bigram,own_target,200,200,0.17660288545039207,0.06459839026904034,0.08,0.355,0.535,0.75,0.92,0.975,1.0,0.06459839026904034,0.28288099967680824,0.41142429231880356,0.5649306809875267,0.7218254608292122,0.8088435150612657,0.8449674358896414
Qwen/Qwen3-0.6B,0,composition,,dev_C,C,3,score,bigram,minus_bias_only,200,200,0.014406187774623318,1.671039679906779e-05,0.0,0.0,0.0,0.0,0.305,0.78,1.0,1.671039679906779e-05,0.00013366884026266713,0.0002673049250464074,0.0005344788809270565,0.0010684343067912621,0.0016685095169021724,0.002084839892251321
Qwen/Qwen3-0.6B,0,composition,,dev_C,C,3,score,bigram,shuffled_program_bias,200,200,0.1219752381173646,0.025292498329094523,0.025,0.245,0.415,0.725,0.955,0.985,1.0,0.025292498329094523,0.08007887262910625,0.11092520221420213,0.14785833220170835,0.19077112451828276,0.22222381951838052,0.23906192670855014
Qwen/Qwen3-0.6B,0,composition,,dev_C,C,3,score,positional_bigram,own_target,200,200,0.17660288545039207,0.06459839026904046,0.08,0.355,0.535,0.75,0.92,0.975,1.0,0.06459839026904046,0.28288099967680885,0.4114242923188043,0.5649306809875273,0.7218254608292125,0.808843515061266,0.8449674358896415
Qwen/Qwen3-0.6B,0,composition,,dev_C,C,3,score,positional_bigram,minus_bias_only,200,200,0.014406187774623318,1.671039679906788e-05,0.0,0.0,0.0,0.0,0.305,0.78,1.0,1.671039679906788e-05,0.00013366884026266783,0.0002673049250464089,0.0005344788809270593,0.0010684343067912678,0.0016685095169021813,0.002084839892251332
Qwen/Qwen3-0.6B,0,composition,,dev_C,C,3,score,positional_bigram,shuffled_program_bias,200,200,0.1219752381173646,0.025292498329094568,0.025,0.245,0.415,0.725,0.955,0.985,1.0,0.025292498329094568,0.08007887262910639,0.11092520221420228,0.14785833220170855,0.19077112451828296,0.2222238195183807,0.23906192670855028
Qwen/Qwen3-0.6B,0,composition,,dev_C,C,3,score,full,own_target,200,200,0.19709950065353074,0.06534063747734113,0.1,0.355,0.465,0.69,0.915,0.975,1.0,0.06534063747734113,0.27765302000835057,0.3991600085204901,0.545705249287257,0.7031016973280876,0.7945322438149239,0.8331974378346629
Qwen/Qwen3-0.6B,0,composition,,dev_C,C,3,score,full,minus_bias_only,200,200,0.013383323639038625,2.7026585048973783e-05,0.0,0.0,0.0,0.0,0.3,0.655,1.0,2.7026585048973783e-05,0.00021616710741434849,0.00043223010497701983,0.0008640441346434495,0.0017264268749168255,0.002694628789099602,0.0033657627652228027
Qwen/Qwen3-0.6B,0,composition,,dev_C,C,3,score,full,shuffled_program_bias,200,200,0.11759902284935553,0.026742933008160566,0.025,0.25,0.43,0.66,0.95,0.975,1.0,0.026742933008160566,0.10292287898742529,0.1469270488096774,0.19802700199878273,0.2532529226989714,0.29032323804456295,0.30931240604433824
Qwen/Qwen3-0.6B,0,composition,,dev_C,C,3,score,train_frequency,task_blind,200,200,0.07661139764621193,0.022584761904761903,0.015,0.1475,0.273,0.605,0.87125,1.0,1.0,0.022584761904761903,0.1632201000493237,0.2928084959791996,0.48125881257170655,0.6964288627361668,0.8187367236456996,0.8692977157523072
Qwen/Qwen3-0.6B,0,composition,,dev_C,C,3,score,train_antifrequency,task_blind,200,200,0.014179615320010273,0.0011873236021688425,0.0,0.0,0.0,0.0,0.3766666666666667,0.8457142857142855,1.0,0.0011873236021688425,0.009447212271611634,0.018778073417212424,0.03709755052038183,0.07241363541682257,0.11014106533919668,0.13516137344557785
Qwen/Qwen3-0.6B,0,composition,,dev_C,C,3,score,train_unseen_first,task_blind,200,200,0.0139427801280884,0.008944282379610966,0.0,0.0,0.0,0.0,0.358549947234824,0.8043575934481997,1.0,0.008944282379610966,0.06872441286090299,0.13140809649694923,0.24108764878545877,0.4111741170609642,0.5472500862783856,0.6182362794937434
Qwen/Qwen3-0.6B,0,composition,,dev_D,D,3,score,raw,own_target,200,200,0.014842797466231595,0.0019049553342282144,0.0,0.0,0.0,0.035,0.31,0.71,1.0,0.0019049553342282144,0.014959430138727008,0.029304425337534933,0.0563042839379626,0.1044493686613433,0.15100277470696594,0.17950459222036513
Qwen/Qwen3-0.6B,0,composition,,dev_D,D,3,score,unigram,own_target,200,200,0.015209522458710292,0.0013556981119730903,0.0,0.0,0.0,0.06,0.27,0.69,1.0,0.0013556981119730903,0.010709615729952805,0.021116347178913406,0.0410693539671137,0.07783940028348732,0.11484442513948455,0.13819867687762366
Qwen/Qwen3-0.6B,0,composition,,dev_D,D,3,score,unigram,minus_bias_only,200,200,0.029016769777696204,0.00583889607962504,0.0,0.04,0.04,0.315,0.49,0.845,1.0,0.00583889607962504,0.044503100905234724,0.08454590013463058,0.15419740092793408,0.2646389469103617,0.35955222994987507,0.4131458453983777
Qwen/Qwen3-0.6B,0,composition,,dev_D,D,3,score,unigram,shuffled_program_bias,200,200,0.014018115741744362,0.0006874995493555297,0.0,0.0,0.005,0.045,0.21,0.715,1.0,0.0006874995493555297,0.005423841711712033,0.010678918509200093,0.020714829487164063,0.03908944438485373,0.05746156038616733,0.06901856292218511
Qwen/Qwen3-0.6B,0,composition,,dev_D,D,3,score,positional,own_target,200,200,0.015298344783266783,0.001278182934527889,0.0,0.0,0.0,0.07,0.28,0.84,1.0,0.001278182934527889,0.010110277118818414,0.019963712252344654,0.03893931169943584,0.07421431018665559,0.11015153671514628,0.13307778796644534
Qwen/Qwen3-0.6B,0,composition,,dev_D,D,3,score,positional,minus_bias_only,200,200,0.04022893944388832,0.00730097095147979,0.0,0.11,0.205,0.345,0.49,0.945,1.0,0.00730097095147979,0.05475290934261619,0.10207395127769768,0.17925728711049704,0.2866264815270982,0.36448140785020583,0.40363128162102796
Qwen/Qwen3-0.6B,0,composition,,dev_D,D,3,score,positional,shuffled_program_bias,200,200,0.01589109639269802,0.000980918605283528,0.0,0.005,0.025,0.06,0.245,0.725,1.0,0.000980918605283528,0.00755065488794792,0.014472708097382317,0.026710656676647654,0.046280099600408346,0.06301862456885042,0.07250368276175582
Qwen/Qwen3-0.6B,0,composition,,dev_D,D,3,score,bigram,own_target,200,200,0.05263949721580492,0.011811296653329164,0.0,0.125,0.21,0.44,0.685,0.95,1.0,0.011811296653329164,0.08740639288774556,0.16093369509882152,0.2775689751242799,0.43540581506336123,0.5485585989349295,0.6050871026447251
Qwen/Qwen3-0.6B,0,composition,,dev_D,D,3,score,bigram,minus_bias_only,200,200,0.046582484949852704,0.000292302708413043,0.0,0.0,0.205,0.8,1.0,1.0,1.0,0.000292302708413043,0.0023327234648160456,0.004652478373475659,0.009253437772738645,0.01830360521194715,0.028248924791921065,0.03501216201069636
Qwen/Qwen3-0.6B,0,composition,,dev_D,D,3,score,bigram,shuffled_program_bias,200,200,0.031996359137026115,0.004772624732041539,0.005,0.03,0.07,0.085,0.34,0.775,1.0,0.004772624732041539,0.017756169577769248,0.022382037320414692,0.026489251356192147,0.031080695240116373,0.034790161456644306,0.036946995477704615
Qwen/Qwen3-0.6B,0,composition,,dev_D,D,3,score,positional_bigram,own_target,200,200,0.05263949721580492,0.011811296653329126,0.0,0.125,0.21,0.44,0.685,0.95,1.0,0.011811296653329126,0.08740639288774528,0.16093369509882105,0.2775689751242792,0.43540581506336035,0.5485585989349286,0.6050871026447243
Qwen/Qwen3-0.6B,0,composition,,dev_D,D,3,score,positional_bigram,minus_bias_only,200,200,0.046582484949852704,0.0002923027084130446,0.0,0.0,0.205,0.8,1.0,1.0,1.0,0.0002923027084130446,0.002332723464816058,0.004652478373475685,0.009253437772738696,0.01830360521194725,0.028248924791921218,0.03501216201069655
Qwen/Qwen3-0.6B,0,composition,,dev_D,D,3,score,positional_bigram,shuffled_program_bias,200,200,0.031996359137026115,0.004772624732041538,0.005,0.03,0.07,0.085,0.34,0.775,1.0,0.004772624732041538,0.017756169577769255,0.022382037320414706,0.02648925135619218,0.031080695240116408,0.034790161456644354,0.03694699547770468
Qwen/Qwen3-0.6B,0,composition,,dev_D,D,3,score,full,own_target,200,200,0.08333783720061422,0.01718431805300819,0.01,0.195,0.29,0.48,0.75,0.98,1.0,0.01718431805300819,0.11866558301117246,0.20636017120720296,0.33179187307002,0.49008648372656777,0.6020128098295867,0.65795637538579
Qwen/Qwen3-0.6B,0,composition,,dev_D,D,3,score,full,minus_bias_only,200,200,0.05142571138609973,0.0007864140073401643,0.0,0.07,0.245,0.72,1.0,1.0,1.0,0.0007864140073401643,0.006230727436310811,0.012325732770444934,0.024125615526213437,0.046275872930485684,0.06912425362994108,0.0838474814963402
Qwen/Qwen3-0.6B,0,composition,,dev_D,D,3,score,full,shuffled_program_bias,200,200,0.03051672516189593,0.005437191729753417,0.005,0.03,0.06,0.12,0.33,0.78,1.0,0.005437191729753417,0.019578324616192223,0.023768354530201048,0.027856979681112445,0.033341103573330665,0.03787297881006911,0.04043174714397623
Qwen/Qwen3-0.6B,0,composition,,dev_D,D,3,score,train_frequency,task_blind,200,200,0.009928731380612718,0.00038285714285714296,0.0,0.0,0.0,0.0,0.0,0.45778985507246367,1.0,0.00038285714285714296,0.0030587359011821046,0.00610807009760975,0.012178649986015855,0.024208266866993178,0.03756573591336095,0.046733520136476
Qwen/Qwen3-0.6B,0,composition,,dev_D,D,3,score,train_antifrequency,task_blind,200,200,0.09629412926192338,0.020727741592707474,0.021847826086956505,0.17464734299516904,0.3489855072463767,0.696734299516908,1.0,1.0,1.0,0.020727741592707474,0.1542278953319737,0.2845821770612862,0.4879646202091368,0.7374999728884662,0.8761200363293937,0.9264430848377105
Qwen/Qwen3-0.6B,0,composition,,dev_D,D,3,score,train_unseen_first,task_blind,200,200,0.09629412926192338,0.013388846938305984,0.021847826086956505,0.17464734299516904,0.3489855072463767,0.696734299516908,1.0,1.0,1.0,0.013388846938305984,0.10220143852151051,0.19391511682023427,0.35010339700845594,0.5773720255474154,0.739434274644957,0.8137314603659405
Qwen/Qwen3-0.6B,1,atomic_control,,dev_A,A,3,score,raw,own_target,200,200,0.08654391926031582,0.024248393199473056,0.025,0.165,0.33,0.57,0.815,0.94,1.0,0.024248393199473056,0.031349038301730026,0.03663810972480117,0.04512113183932946,0.05749656276445109,0.06781995185303549,0.07374040769298949
Qwen/Qwen3-0.6B,1,atomic_control,,dev_A,A,3,score,unigram,own_target,200,200,0.11556253094369837,0.041180818775577936,0.05,0.22,0.385,0.585,0.795,0.935,1.0,0.041180818775577936,0.06520168819754757,0.07489348876366514,0.08823496381996229,0.10735661467275927,0.12343843081664962,0.13250813581848647
Qwen/Qwen3-0.6B,1,atomic_control,,dev_A,A,3,score,unigram,minus_bias_only,200,200,0.05767648576853645,0.017352987199581005,0.02,0.095,0.145,0.22,0.46,0.74,1.0,0.017352987199581005,0.1003346855878615,0.14955692980577953,0.1948724162478242,0.22994099492175124,0.2509217429520835,0.2624168750160942
Qwen/Qwen3-0.6B,1,atomic_control,,dev_A,A,3,score,unigram,shuffled_program_bias,200,200,0.08460907744163577,0.02422349460725023,0.025,0.14,0.335,0.49,0.81,0.96,1.0,0.02422349460725023,0.0319053998736441,0.03544837257427022,0.04036542941049092,0.04774345833076708,0.054005222670643435,0.05758206967791851
Qwen/Qwen3-0.6B,1,atomic_control,,dev_A,A,3,score,positional,own_target,200,200,0.12753619896341117,0.04049961397617467,0.045,0.275,0.41,0.62,0.82,0.945,1.0,0.04049961397617467,0.09010791365750728,0.113542944800206,0.14130405228136408,0.17442448720111658,0.19903970837641155,0.21231419749108454
Qwen/Qwen3-0.6B,1,atomic_control,,dev_A,A,3,score,positional,minus_bias_only,200,200,0.0492513431798778,0.011927380686591152,0.01,0.08,0.205,0.295,0.505,0.82,1.0,0.011927380686591152,0.06342887774394837,0.09997759743574475,0.15023697626532043,0.2071862910238097,0.24085363804950433,0.25613751033470855
Qwen/Qwen3-0.6B,1,atomic_control,,dev_A,A,3,score,positional,shuffled_program_bias,200,200,0.0895117720613193,0.010199853106605235,0.01,0.23,0.405,0.53,0.77,0.965,1.0,0.010199853106605235,0.029406311616742464,0.04004333998469249,0.05272171099160122,0.06677648864349886,0.07706512390815519,0.08289757923264673
Qwen/Qwen3-0.6B,1,atomic_control,,dev_A,A,3,score,bigram,own_target,200,200,0.12467256218778971,0.036686912948123054,0.03,0.315,0.43,0.6,0.8,0.945,1.0,0.036686912948123054,0.1300464192502655,0.1788466139013498,0.23443608201684513,0.2952627793393876,0.33550545777778723,0.35546077997799536
Qwen/Qwen3-0.6B,1,atomic_control,,dev_A,A,3,score,bigram,minus_bias_only,200,200,0.046826605295175794,0.009547792938888933,0.0,0.05,0.2,0.35,0.5,0.78,1.0,0.009547792938888933,0.06319586938624253,0.10525000930707266,0.15774843839744665,0.21228388534820797,0.24581629958717308,0.2623628097922605
Qwen/Qwen3-0.6B,1,atomic_control,,dev_A,A,3,score,bigram,shuffled_program_bias,200,200,0.09372713150234198,0.01784523628342246,0.015,0.21,0.375,0.55,0.75,0.96,1.0,0.01784523628342246,0.04637044027074191,0.061553449085844925,0.07800110739650648,0.09679045572568466,0.11160584915908218,0.11996139049983894
Qwen/Qwen3-0.6B,1,atomic_control,,dev_A,A,3,score,positional_bigram,own_target,200,200,0.12467256218778971,0.03668691294812311,0.03,0.315,0.43,0.6,0.8,0.945,1.0,0.03668691294812311,0.1300464192502655,0.17884661390134976,0.23443608201684504,0.2952627793393876,0.33550545777778706,0.3554607799779953
Qwen/Qwen3-0.6B,1,atomic_control,,dev_A,A,3,score,positional_bigram,minus_bias_only,200,200,0.046826605295175794,0.009547792938888931,0.0,0.05,0.2,0.35,0.5,0.78,1.0,0.009547792938888931,0.06319586938624248,0.10525000930707257,0.15774843839744646,0.21228388534820777,0.24581629958717294,0.26236280979226034
Qwen/Qwen3-0.6B,1,atomic_control,,dev_A,A,3,score,positional_bigram,shuffled_program_bias,200,200,0.09372713150234198,0.017845236283422463,0.015,0.21,0.375,0.55,0.75,0.96,1.0,0.017845236283422463,0.04637044027074191,0.061553449085844945,0.07800110739650651,0.09679045572568473,0.11160584915908228,0.119961390499839
Qwen/Qwen3-0.6B,1,atomic_control,,dev_A,A,3,score,full,own_target,200,200,0.16328066850722261,0.046906955385566614,0.055,0.345,0.435,0.62,0.86,0.935,1.0,0.046906955385566614,0.22008970622129198,0.3036619318233194,0.384036240831616,0.4608285461881863,0.5091428555697249,0.5331662083284079
Qwen/Qwen3-0.6B,1,atomic_control,,dev_A,A,3,score,full,minus_bias_only,200,200,0.03929271823416427,0.0073187018298677435,0.0,0.07,0.205,0.325,0.52,0.765,1.0,0.0073187018298677435,0.050401397786668134,0.08760781017623698,0.14054439029271115,0.2037058859824161,0.2430373537852649,0.26083142592398234
Qwen/Qwen3-0.6B,1,atomic_control,,dev_A,A,3,score,full,shuffled_program_bias,200,200,0.0869908926590427,0.010500471233129242,0.005,0.23,0.345,0.535,0.77,0.96,1.0,0.010500471233129242,0.04825562907921704,0.07250795989757522,0.1010498045669586,0.1301922661284178,0.14836885691223192,0.1570595965253002
Qwen/Qwen3-0.6B,1,atomic_control,,dev_A,A,3,score,train_frequency,task_blind,200,200,0.07518410567300605,0.023230476190476194,0.015,0.1275,0.312,0.65,0.8675,1.0,1.0,0.023230476190476194,0.16773864595650576,0.3004712403400752,0.49205271419594004,0.7069391248841798,0.8262803491206725,0.8749736050486825
Qwen/Qwen3-0.6B,1,atomic_control,,dev_A,A,3,score,train_antifrequency,task_blind,200,200,0.013813597036078255,0.0011901588505375442,0.0,0.0,0.0,0.0,0.30000000000000004,0.8242857142857142,1.0,0.0011901588505375442,0.009471090930378465,0.018828476031408647,0.03720838090782799,0.07267121904816198,0.11059722092639167,0.1357715385323209
Qwen/Qwen3-0.6B,1,atomic_control,,dev_A,A,3,score,train_unseen_first,task_blind,200,200,0.014007561805081305,0.00909131167900183,0.0,0.0,0.0,0.0,0.3644634479444606,0.8105423057954704,1.0,0.00909131167900183,0.06987116099389462,0.133622115254359,0.24515113930864682,0.41774930146932987,0.5550696537730985,0.6262384492399538
Qwen/Qwen3-0.6B,1,atomic_control,,dev_B,B,3,score,raw,own_target,200,200,0.028890354085586645,6.927479569100667e-05,0.0,0.0,0.125,0.295,0.64,0.92,1.0,6.927479569100667e-05,0.0005477725500806821,0.0010812085946914707,0.0021072280989274618,0.0040097415429204844,0.0059412130897445944,0.007170022371383728
Qwen/Qwen3-0.6B,1,atomic_control,,dev_B,B,3,score,unigram,own_target,200,200,0.037058951754540874,0.0013124533694189174,0.005,0.015,0.11,0.385,0.735,0.93,1.0,0.0013124533694189174,0.005217146503462564,0.006427218053593286,0.007879326015977066,0.010432584553650016,0.012982516296474596,0.014585839567145892
Qwen/Qwen3-0.6B,1,atomic_control,,dev_B,B,3,score,unigram,minus_bias_only,200,200,0.02411235934509677,0.004378933178317298,0.0,0.0,0.02,0.365,0.595,0.88,1.0,0.004378933178317298,0.033039480379074074,0.06196288692625187,0.10982414840284588,0.1774337089252276,0.22655281836878707,0.2510572484436242
Qwen/Qwen3-0.6B,1,atomic_control,,dev_B,B,3,score,unigram,shuffled_program_bias,200,200,0.0345364833030276,0.00014155736563459424,0.0,0.07,0.125,0.285,0.565,0.87,1.0,0.00014155736563459424,0.00111896823918017,0.0022077528040774052,0.004298800551067185,0.008161050944351947,0.012052898472335618,0.014507754367671679
Qwen/Qwen3-0.6B,1,atomic_control,,dev_B,B,3,score,positional,own_target,200,200,0.034346323066778275,0.0008081036317395375,0.0,0.01,0.13,0.415,0.72,0.92,1.0,0.0008081036317395375,0.0056245534817402935,0.009846264745001694,0.016058472133249044,0.024726161569263355,0.03211937781337819,0.03650806329786944
Qwen/Qwen3-0.6B,1,atomic_control,,dev_B,B,3,score,positional,minus_bias_only,200,200,0.024403491917381608,0.0019440307758717512,0.0,0.0,0.045,0.31,0.615,0.915,1.0,0.0019440307758717512,0.014908333143932851,0.02847108630233671,0.052254342320064734,0.0900336149615669,0.12251759002700076,0.14114331082254034
Qwen/Qwen3-0.6B,1,atomic_control,,dev_B,B,3,score,positional,shuffled_program_bias,200,200,0.03264016057271355,0.00012662317459431047,0.0,0.015,0.165,0.35,0.595,0.865,1.0,0.00012662317459431047,0.0010037543977029783,0.0019867605092716064,0.0038927130078818756,0.0074788179178135565,0.011185100616291495,0.013574398426072774
Qwen/Qwen3-0.6B,1,atomic_control,,dev_B,B,3,score,bigram,own_target,200,200,0.055384470951157054,0.006300911863906511,0.005,0.08,0.215,0.415,0.72,0.935,1.0,0.006300911863906511,0.0347858746837782,0.053984056508061665,0.08077941221497976,0.11770747559658418,0.14747075013155098,0.16410885553158608
Qwen/Qwen3-0.6B,1,atomic_control,,dev_B,B,3,score,bigram,minus_bias_only,200,200,0.03278630232907201,0.004943658885797379,0.0,0.065,0.065,0.115,0.585,1.0,1.0,0.004943658885797379,0.03199374553430394,0.05165248516714124,0.07302483451315105,0.09297788101335044,0.10861439425846632,0.11864860783281976
Qwen/Qwen3-0.6B,1,atomic_control,,dev_B,B,3,score,bigram,shuffled_program_bias,200,200,0.029790895279422136,1.6863587833875093e-05,0.0,0.005,0.115,0.355,0.59,0.885,1.0,1.6863587833875093e-05,0.00013479813065289152,0.00026934399509410457,0.0005376819221242942,0.0010713634007550503,0.001667032084444499,0.0020777822829466538
Qwen/Qwen3-0.6B,1,atomic_control,,dev_B,B,3,score,positional_bigram,own_target,200,200,0.055384470951157054,0.006300911863906464,0.005,0.08,0.215,0.415,0.72,0.935,1.0,0.006300911863906464,0.034785874683778,0.053984056508061366,0.08077941221497931,0.1177074755965835,0.14747075013155014,0.16410885553158516
Qwen/Qwen3-0.6B,1,atomic_control,,dev_B,B,3,score,positional_bigram,minus_bias_only,200,200,0.03278630232907201,0.004943658885797319,0.0,0.065,0.065,0.115,0.585,1.0,1.0,0.004943658885797319,0.03199374553430363,0.05165248516714087,0.07302483451315073,0.09297788101335012,0.10861439425846595,0.1186486078328193
Qwen/Qwen3-0.6B,1,atomic_control,,dev_B,B,3,score,positional_bigram,shuffled_program_bias,200,200,0.029790895279422136,1.6863587833874934e-05,0.0,0.005,0.115,0.355,0.59,0.885,1.0,1.6863587833874934e-05,0.00013479813065289027,0.0002693439950941021,0.0005376819221242892,0.0010713634007550404,0.001667032084444484,0.0020777822829466347
Qwen/Qwen3-0.6B,1,atomic_control,,dev_B,B,3,score,full,own_target,200,200,0.07946907369279545,0.017163248535240212,0.025,0.135,0.25,0.42,0.75,0.895,1.0,0.017163248535240212,0.09364022329808669,0.14229788989225753,0.1991240132849851,0.26030582624648496,0.3022451172001449,0.32419673996494075
Qwen/Qwen3-0.6B,1,atomic_control,,dev_B,B,3,score,full,minus_bias_only,200,200,0.04011770350677323,0.00784008912526579,0.0,0.04,0.105,0.155,0.56,0.945,1.0,0.00784008912526579,0.03912518559043155,0.053738756304922586,0.06948462659543138,0.0925231010238128,0.11278161601643304,0.12437220914981424
Qwen/Qwen3-0.6B,1,atomic_control,,dev_B,B,3,score,full,shuffled_program_bias,200,200,0.028870075166934364,5.256276491534876e-05,0.0,0.005,0.105,0.34,0.605,0.88,1.0,5.256276491534876e-05,0.000415279914011316,0.0008189711625503126,0.0015937119727159577,0.003026135086024234,0.004479190162777795,0.005406028440858243
Qwen/Qwen3-0.6B,1,atomic_control,,dev_B,B,3,score,train_frequency,task_blind,200,200,0.009924886738241658,0.00038095238095238107,0.0,0.0,0.0,0.0,0.0,0.4565217391304347,1.0,0.00038095238095238107,0.003043558650075675,0.0060778540508949,0.012118767791925823,0.02409067105105702,0.03738572844563032,0.046511695822809625
Qwen/Qwen3-0.6B,1,atomic_control,,dev_B,B,3,score,train_antifrequency,task_blind,200,200,0.09601494013013269,0.02062461850020644,0.021739130434782594,0.17391304347826084,0.3478260869565217,0.6956521739130433,1.0,1.0,1.0,0.02062461850020644,0.15356529081616016,0.2835482830888684,0.4866969373350916,0.7365199658588253,0.8755719490071155,0.9260994155389659
Qwen/Qwen3-0.6B,1,atomic_control,,dev_B,B,3,score,train_unseen_first,task_blind,200,200,0.09601494013013269,0.013322235759508442,0.021739130434782594,0.17391304347826084,0.3478260869565217,0.6956521739130433,1.0,1.0,1.0,0.013322235759508442,0.1017386189623677,0.19312649133636564,0.348955141016836,0.5761405915915921,0.738462417123654,0.812967261787282
Qwen/Qwen3-0.6B,1,atomic_control,,dev_C,C,3,score,raw,own_target,200,200,0.07890866268264048,0.01627408357250469,0.02,0.135,0.26,0.525,0.765,0.955,1.0,0.01627408357250469,0.025969410309680446,0.029647277242766182,0.03441609243528907,0.041411912328898313,0.0475521368360317,0.05115908144731067
Qwen/Qwen3-0.6B,1,atomic_control,,dev_C,C,3,score,unigram,own_target,200,200,0.08283812386164283,0.019223881854784585,0.02,0.17,0.32,0.535,0.8,0.905,1.0,0.019223881854784585,0.03515669506431171,0.04580579184855093,0.061114245113747134,0.08225100189480038,0.09923991729740261,0.10863314951165216
Qwen/Qwen3-0.6B,1,atomic_control,,dev_C,C,3,score,unigram,minus_bias_only,200,200,0.04979509875418804,0.015473917305067626,0.015,0.065,0.12,0.22,0.48,0.71,1.0,0.015473917305067626,0.08784303622185456,0.13015251385506837,0.17141806820693514,0.20986091846969943,0.2359460133580354,0.2501886370753645
Qwen/Qwen3-0.6B,1,atomic_control,,dev_C,C,3,score,unigram,shuffled_program_bias,200,200,0.0794339555824524,0.020018760210616424,0.02,0.135,0.305,0.48,0.785,0.94,1.0,0.020018760210616424,0.029904529946503732,0.03418750167490572,0.0393484550783545,0.04561450278537357,0.05046453287118303,0.05320717405072619
Qwen/Qwen3-0.6B,1,atomic_control,,dev_C,C,3,score,positional,own_target,200,200,0.10390228294406657,0.027467106143436806,0.03,0.21,0.37,0.555,0.81,0.955,1.0,0.027467106143436806,0.06736040251858265,0.09185357040732932,0.12393723803124633,0.16043990966270072,0.18482049076581994,0.197191521370129
Qwen/Qwen3-0.6B,1,atomic_control,,dev_C,C,3,score,positional,minus_bias_only,200,200,0.05597161599273239,0.014127186936982308,0.015,0.09,0.195,0.275,0.485,0.835,1.0,0.014127186936982308,0.06977019711943196,0.10474628027112334,0.1492095001210732,0.19712069811625355,0.22530564302656692,0.23820283827840405
Qwen/Qwen3-0.6B,1,atomic_control,,dev_C,C,3,score,positional,shuffled_program_bias,200,200,0.09036255451611172,0.014676527162469673,0.02,0.195,0.34,0.475,0.8,0.955,1.0,0.014676527162469673,0.03544725289967678,0.045370296260895844,0.05786228109035107,0.07224534284941078,0.08256869356363385,0.08822100006130594
Qwen/Qwen3-0.6B,1,atomic_control,,dev_C,C,3,score,bigram,own_target,200,200,0.09560818381126744,0.02613686335898863,0.03,0.18,0.345,0.54,0.795,0.93,1.0,0.02613686335898863,0.09126501121047191,0.1290819863260064,0.17550984228637645,0.22975388237749686,0.2684289720915898,0.28876844166274857
Qwen/Qwen3-0.6B,1,atomic_control,,dev_C,C,3,score,bigram,minus_bias_only,200,200,0.04661918256643491,0.00962305076141247,0.0,0.055,0.19,0.265,0.47,0.74,1.0,0.00962305076141247,0.06289517587482155,0.10343882272655602,0.15206948119205388,0.20011309958444048,0.22878211634918372,0.24284862255335354
Qwen/Qwen3-0.6B,1,atomic_control,,dev_C,C,3,score,bigram,shuffled_program_bias,200,200,0.08508970859485586,0.019780447037808947,0.02,0.19,0.32,0.485,0.735,0.94,1.0,0.019780447037808947,0.04598640479419501,0.05773916187949341,0.06973087102390622,0.081153731050548,0.08953201987508215,0.09432573795849743
Qwen/Qwen3-0.6B,1,atomic_control,,dev_C,C,3,score,positional_bigram,own_target,200,200,0.09560818381126744,0.026136863358988648,0.03,0.18,0.345,0.54,0.795,0.93,1.0,0.026136863358988648,0.09126501121047192,0.12908198632600643,0.17550984228637642,0.22975388237749683,0.2684289720915898,0.2887684416627486
Qwen/Qwen3-0.6B,1,atomic_control,,dev_C,C,3,score,positional_bigram,minus_bias_only,200,200,0.04661918256643491,0.009623050761412502,0.0,0.055,0.19,0.265,0.47,0.74,1.0,0.009623050761412502,0.06289517587482168,0.10343882272655618,0.15206948119205405,0.2001130995844406,0.22878211634918372,0.24284862255335354
Qwen/Qwen3-0.6B,1,atomic_control,,dev_C,C,3,score,positional_bigram,shuffled_program_bias,200,200,0.08508970859485586,0.01978044703780893,0.02,0.19,0.32,0.485,0.735,0.94,1.0,0.01978044703780893,0.04598640479419494,0.05773916187949331,0.06973087102390613,0.08115373105054792,0.08953201987508205,0.09432573795849733
Qwen/Qwen3-0.6B,1,atomic_control,,dev_C,C,3,score,full,own_target,200,200,0.10084231590214024,0.028813859795545786,0.025,0.205,0.34,0.535,0.82,0.95,1.0,0.028813859795545786,0.1451602235253153,0.21467054812451003,0.293443727671159,0.37711464849002746,0.4327359038645111,0.46099825975978936
Qwen/Qwen3-0.6B,1,atomic_control,,dev_C,C,3,score,full,minus_bias_only,200,200,0.03907307456006346,0.008241258152608708,0.0,0.08,0.16,0.265,0.495,0.725,1.0,0.008241258152608708,0.051221838368409954,0.0844172144110052,0.13029405802306993,0.18429165154020297,0.21714397155656862,0.23177312022158714
Qwen/Qwen3-0.6B,1,atomic_control,,dev_C,C,3,score,full,shuffled_program_bias,200,200,0.09082406604247857,0.019596341177882132,0.015,0.205,0.325,0.49,0.775,0.935,1.0,0.019596341177882132,0.05004624449220218,0.06822725075691023,0.0908578381238809,0.1163793253145542,0.13322627532781592,0.14143940439854358
Qwen/Qwen3-0.6B,1,atomic_control,,dev_C,C,3,score,train_frequency,task_blind,200,200,0.07661139764621193,0.022584761904761903,0.015,0.1475,0.273,0.605,0.87125,1.0,1.0,0.022584761904761903,0.1632201000493237,0.2928084959791996,0.48125881257170655,0.6964288627361668,0.8187367236456996,0.8692977157523072
Qwen/Qwen3-0.6B,1,atomic_control,,dev_C,C,3,score,train_antifrequency,task_blind,200,200,0.014179615320010273,0.0011873236021688425,0.0,0.0,0.0,0.0,0.3766666666666667,0.8457142857142855,1.0,0.0011873236021688425,0.009447212271611634,0.018778073417212424,0.03709755052038183,0.07241363541682257,0.11014106533919668,0.13516137344557785
Qwen/Qwen3-0.6B,1,atomic_control,,dev_C,C,3,score,train_unseen_first,task_blind,200,200,0.0139427801280884,0.008944282379610966,0.0,0.0,0.0,0.0,0.358549947234824,0.8043575934481997,1.0,0.008944282379610966,0.06872441286090299,0.13140809649694923,0.24108764878545877,0.4111741170609642,0.5472500862783856,0.6182362794937434
Qwen/Qwen3-0.6B,1,atomic_control,,dev_D,D,3,score,raw,own_target,200,200,0.025907167850780576,6.300278284239503e-05,0.0,0.0,0.09,0.245,0.585,0.915,1.0,6.300278284239503e-05,0.0004991661550937751,0.000987437242247908,0.0019325637609501644,0.0037054932035920723,0.005531256369627667,0.006705271138810669
Qwen/Qwen3-0.6B,1,atomic_control,,dev_D,D,3,score,unigram,own_target,200,200,0.030423005258407382,0.00031363917757786105,0.0,0.01,0.105,0.335,0.7,0.945,1.0,0.00031363917757786105,0.0021535894166800755,0.003680246066915569,0.005654681809378662,0.007846228856874908,0.009561890788352494,0.01063839108920199
Qwen/Qwen3-0.6B,1,atomic_control,,dev_D,D,3,score,unigram,minus_bias_only,200,200,0.026485185548773618,0.005309034314819299,0.0,0.0,0.045,0.42,0.64,0.9,1.0,0.005309034314819299,0.03979562502419983,0.07412614156975286,0.1298513087826252,0.20620591061925794,0.2600247481758181,0.28644248003541645
Qwen/Qwen3-0.6B,1,atomic_control,,dev_D,D,3,score,unigram,shuffled_program_bias,200,200,0.031312206437626264,0.0003014463902574317,0.0,0.055,0.11,0.27,0.515,0.81,1.0,0.0003014463902574317,0.002276542131938644,0.0042738844740456625,0.007591273573193263,0.012326717212069824,0.015852552459671224,0.017666606222577236
Qwen/Qwen3-0.6B,1,atomic_control,,dev_D,D,3,score,positional,own_target,200,200,0.03246975006495776,0.0005553653802150008,0.0,0.015,0.14,0.35,0.7,0.935,1.0,0.0005553653802150008,0.003982904582675425,0.007158896882025395,0.01211672633769862,0.01958536837347142,0.026538662451459284,0.030926810451886232
Qwen/Qwen3-0.6B,1,atomic_control,,dev_D,D,3,score,positional,minus_bias_only,200,200,0.024926737462964567,0.0019167353786226705,0.0,0.0,0.035,0.365,0.645,0.9,1.0,0.00191673537862267,0.014793749456604412,0.028453410735784078,0.052924748117002186,0.09334974110116331,0.12977428326836787,0.15132830071403716
Qwen/Qwen3-0.6B,1,atomic_control,,dev_D,D,3,score,positional,shuffled_program_bias,200,200,0.030560707053006144,0.0003179894793287876,0.0,0.02,0.16,0.325,0.54,0.815,1.0,0.0003179894793287876,0.002314198616447905,0.004192794241913783,0.007067619400748305,0.010921441912576699,0.013946493408256006,0.015667514886386576
Qwen/Qwen3-0.6B,1,atomic_control,,dev_D,D,3,score,bigram,own_target,200,200,0.051824485145668404,0.006873690207142988,0.015,0.05,0.19,0.35,0.72,0.935,1.0,0.006873690207142988,0.035885455813599226,0.053339346228969395,0.07539145915435293,0.10464505143045578,0.1288036308570856,0.14255308261690108
Qwen/Qwen3-0.6B,1,atomic_control,,dev_D,D,3,score,bigram,minus_bias_only,200,200,0.03421469043738365,0.005334356590236681,0.0,0.07,0.07,0.145,0.62,1.0,1.0,0.005334356590236681,0.034533367607670874,0.05577538260849982,0.07892229505456134,0.10064272728613456,0.11770313750730622,0.1286388880332667
Qwen/Qwen3-0.6B,1,atomic_control,,dev_D,D,3,score,bigram,shuffled_program_bias,200,200,0.02747726092946011,3.58174306419423e-05,0.0,0.0,0.095,0.315,0.575,0.83,1.0,3.58174306419423e-05,0.00028319572884718126,0.0005589303135436492,0.0010891355712511711,0.002071743061808862,0.0030686939148448383,0.0037028128616949972
Qwen/Qwen3-0.6B,1,atomic_control,,dev_D,D,3,score,positional_bigram,own_target,200,200,0.051824485145668404,0.0068736902071429365,0.015,0.05,0.19,0.35,0.72,0.935,1.0,0.0068736902071429365,0.03588545581359901,0.0533393462289691,0.07539145915435251,0.10464505143045512,0.12880363085708477,0.14255308261690017
Qwen/Qwen3-0.6B,1,atomic_control,,dev_D,D,3,score,positional_bigram,minus_bias_only,200,200,0.03421469043738365,0.005334356590236615,0.0,0.07,0.07,0.145,0.62,1.0,1.0,0.005334356590236615,0.03453336760767054,0.055775382608499395,0.07892229505456096,0.10064272728613417,0.11770313750730574,0.1286388880332661
Qwen/Qwen3-0.6B,1,atomic_control,,dev_D,D,3,score,positional_bigram,shuffled_program_bias,200,200,0.02747726092946011,3.581743064194183e-05,0.0,0.0,0.095,0.315,0.575,0.83,1.0,3.581743064194183e-05,0.0002831957288471777,0.0005589303135436422,0.0010891355712511581,0.0020717430618088385,0.003068693914844806,0.0037028128616949612
Qwen/Qwen3-0.6B,1,atomic_control,,dev_D,D,3,score,full,own_target,200,200,0.07387280118979418,0.015494209998924644,0.025,0.115,0.2,0.345,0.705,0.91,1.0,0.015494209998924644,0.08410462209953298,0.12435647774422746,0.16932442840703113,0.21869942658364772,0.2532572178617842,0.271486756300039
Qwen/Qwen3-0.6B,1,atomic_control,,dev_D,D,3,score,full,minus_bias_only,200,200,0.04059907169547438,0.007942812793977723,0.0,0.04,0.11,0.185,0.62,0.935,1.0,0.007942812793977723,0.03992233648531727,0.05527965145659414,0.07236980146406632,0.0976230160034866,0.11980022890629177,0.1324583917304211
Qwen/Qwen3-0.6B,1,atomic_control,,dev_D,D,3,score,full,shuffled_program_bias,200,200,0.02647096832723515,2.6572450968094623e-05,0.0,0.0,0.065,0.315,0.565,0.825,1.0,2.6572450968094623e-05,0.00021218651402948494,0.0004234790541012625,0.0008434109019911623,0.001672858565191826,0.002589844181272067,0.003216888485990902
Qwen/Qwen3-0.6B,1,atomic_control,,dev_D,D,3,score,train_frequency,task_blind,200,200,0.009928731380612718,0.00038285714285714296,0.0,0.0,0.0,0.0,0.0,0.45778985507246367,1.0,0.00038285714285714296,0.0030587359011821046,0.00610807009760975,0.012178649986015855,0.024208266866993178,0.03756573591336095,0.046733520136476
Qwen/Qwen3-0.6B,1,atomic_control,,dev_D,D,3,score,train_antifrequency,task_blind,200,200,0.09629412926192338,0.020727741592707474,0.021847826086956505,0.17464734299516904,0.3489855072463767,0.696734299516908,1.0,1.0,1.0,0.020727741592707474,0.1542278953319737,0.2845821770612862,0.4879646202091368,0.7374999728884662,0.8761200363293937,0.9264430848377105
Qwen/Qwen3-0.6B,1,atomic_control,,dev_D,D,3,score,train_unseen_first,task_blind,200,200,0.09629412926192338,0.013388846938305984,0.021847826086956505,0.17464734299516904,0.3489855072463767,0.696734299516908,1.0,1.0,1.0,0.013388846938305984,0.10220143852151051,0.19391511682023427,0.35010339700845594,0.5773720255474154,0.739434274644957,0.8137314603659405
Qwen/Qwen3-0.6B,1,composition,,dev_A,A,3,score,raw,own_target,200,200,0.2959885327043935,0.10952051118601291,0.155,0.52,0.68,0.875,0.99,1.0,1.0,0.10952051118601291,0.42455971296219625,0.5727046172777882,0.7227849729122076,0.8498221606573745,0.9097345050630458,0.932400561692932
Qwen/Qwen3-0.6B,1,composition,,dev_A,A,3,score,unigram,own_target,200,200,0.22477016947111467,0.09687046359247513,0.135,0.38,0.545,0.785,0.99,1.0,1.0,0.09687046359247513,0.34426856542681605,0.472651294668734,0.6181287770537016,0.76009888948356,0.8363772566341612,0.8675372146913968
Qwen/Qwen3-0.6B,1,composition,,dev_A,A,3,score,unigram,minus_bias_only,200,200,0.02705997468886422,0.00563224858352967,0.0,0.025,0.075,0.16,0.46,0.72,1.0,0.00563224858352967,0.042629917251945953,0.08052795553272396,0.14597469571412244,0.2503585098391494,0.3422820807205051,0.39549258582017216
Qwen/Qwen3-0.6B,1,composition,,dev_A,A,3,score,unigram,shuffled_program_bias,200,200,0.22982509458948158,0.10560694337297409,0.115,0.38,0.55,0.765,0.99,1.0,1.0,0.10560694337297409,0.32024980877290704,0.40429691763328934,0.4897195920853801,0.5796422514754357,0.6396712461191132,0.669774882951128
Qwen/Qwen3-0.6B,1,composition,,dev_A,A,3,score,positional,own_target,200,200,0.27278148497159094,0.10239302928529515,0.17,0.4,0.53,0.875,0.995,1.0,1.0,0.10239302928529515,0.35203701067701,0.47203796183311825,0.6070525929636661,0.7419613238745087,0.8190661399724399,0.8523690486109353
Qwen/Qwen3-0.6B,1,composition,,dev_A,A,3,score,positional,minus_bias_only,200,200,0.02184888391868248,0.003395567093766574,0.0,0.0,0.04,0.125,0.63,0.89,1.0,0.0033955670937665734,0.026525972532424127,0.051664916849634396,0.09820338282213655,0.17875458649667827,0.2538569519770735,0.2985886289753671
Qwen/Qwen3-0.6B,1,composition,,dev_A,A,3,score,positional,shuffled_program_bias,200,200,0.20121959979334078,0.09314272926619466,0.09,0.35,0.545,0.755,0.985,1.0,1.0,0.09314272926619466,0.28085803567306034,0.36195478687270766,0.45305663523053413,0.5544985829712218,0.6201157171538109,0.6515895076877561
Qwen/Qwen3-0.6B,1,composition,,dev_A,A,3,score,bigram,own_target,200,200,0.26031319222121213,0.09529806230799692,0.135,0.475,0.63,0.8,0.97,0.995,1.0,0.09529806230799692,0.3667381662989105,0.5015876388396044,0.64853762289923,0.789127983067496,0.8646305422674526,0.8956414822488226
Qwen/Qwen3-0.6B,1,composition,,dev_A,A,3,score,bigram,minus_bias_only,200,200,0.015014803829868625,6.502372715344314e-06,0.0,0.0,0.0,0.0,0.365,0.795,1.0,6.502372715344314e-06,5.201697307613866e-05,0.00010402935532023691,0.00020804034961740685,0.00041600727357836686,0.0006498823423205584,0.0008122409647957189
Qwen/Qwen3-0.6B,1,composition,,dev_A,A,3,score,bigram,shuffled_program_bias,200,200,0.12909068324449546,0.0448448501612719,0.035,0.225,0.51,0.8,0.985,1.0,1.0,0.0448448501612719,0.1038652822969497,0.1257751595879363,0.14628932452077717,0.16961333196267842,0.18849817481053827,0.19942025654819762
Qwen/Qwen3-0.6B,1,composition,,dev_A,A,3,score,positional_bigram,own_target,200,200,0.26031319222121213,0.09529806230799708,0.135,0.475,0.63,0.8,0.97,0.995,1.0,0.09529806230799708,0.366738166298911,0.501587638839605,0.6485376228992304,0.7891279830674961,0.8646305422674526,0.8956414822488225
Qwen/Qwen3-0.6B,1,composition,,dev_A,A,3,score,positional_bigram,minus_bias_only,200,200,0.015014803829868625,6.5023727153443486e-06,0.0,0.0,0.0,0.0,0.365,0.795,1.0,6.5023727153443486e-06,5.2016973076138924e-05,0.00010402935532023747,0.00020804034961740802,0.00041600727357836903,0.0006498823423205618,0.0008122409647957232
Qwen/Qwen3-0.6B,1,composition,,dev_A,A,3,score,positional_bigram,shuffled_program_bias,200,200,0.12909068324449546,0.0448448501612719,0.035,0.225,0.51,0.8,0.985,1.0,1.0,0.0448448501612719,0.10386528229694982,0.12577515958793642,0.14628932452077728,0.16961333196267853,0.1884981748105383,0.19942025654819764
Qwen/Qwen3-0.6B,1,composition,,dev_A,A,3,score,full,own_target,200,200,0.28836510851214325,0.10108208132800481,0.185,0.46,0.55,0.78,0.96,0.99,1.0,0.10108208132800481,0.368943268967414,0.49551249996508745,0.6365844945876257,0.7777236215634525,0.8562410034406366,0.888919673140347
Qwen/Qwen3-0.6B,1,composition,,dev_A,A,3,score,full,minus_bias_only,200,200,0.014173466836814943,8.405402078668095e-06,0.0,0.0,0.0,0.0,0.35,0.74,1.0,8.405402078668095e-06,6.723955653456923e-05,0.00013447074808380725,0.0002689080422767531,0.0005376823173753336,0.0008398936037029258,0.0010496630903588148
Qwen/Qwen3-0.6B,1,composition,,dev_A,A,3,score,full,shuffled_program_bias,200,200,0.1441120899091546,0.04558280365889793,0.05,0.24,0.505,0.78,0.985,1.0,1.0,0.04558280365889793,0.11428777514451775,0.13907638675889497,0.163543514458413,0.19400171862056298,0.2195790268810743,0.23420448739857336
Qwen/Qwen3-0.6B,1,composition,,dev_A,A,3,score,train_frequency,task_blind,200,200,0.07518410567300605,0.023230476190476194,0.015,0.1275,0.312,0.65,0.8675,1.0,1.0,0.023230476190476194,0.16773864595650576,0.3004712403400752,0.49205271419594004,0.7069391248841798,0.8262803491206725,0.8749736050486825
Qwen/Qwen3-0.6B,1,composition,,dev_A,A,3,score,train_antifrequency,task_blind,200,200,0.013813597036078255,0.0011901588505375442,0.0,0.0,0.0,0.0,0.30000000000000004,0.8242857142857142,1.0,0.0011901588505375442,0.009471090930378465,0.018828476031408647,0.03720838090782799,0.07267121904816198,0.11059722092639167,0.1357715385323209
Qwen/Qwen3-0.6B,1,composition,,dev_A,A,3,score,train_unseen_first,task_blind,200,200,0.014007561805081305,0.00909131167900183,0.0,0.0,0.0,0.0,0.3644634479444606,0.8105423057954704,1.0,0.00909131167900183,0.06987116099389462,0.133622115254359,0.24515113930864682,0.41774930146932987,0.5550696537730985,0.6262384492399538
Qwen/Qwen3-0.6B,1,composition,,dev_B,B,3,score,raw,own_target,200,200,0.016736914359519278,0.002478722403798815,0.0,0.0,0.02,0.095,0.355,0.72,1.0,0.002478722403798815,0.01935734485751031,0.037684750547358876,0.07154391865080693,0.12982177724145205,0.1836293112838308,0.21539034339544563
Qwen/Qwen3-0.6B,1,composition,,dev_B,B,3,score,unigram,own_target,200,200,0.015947921222040348,0.001604687900911006,0.0,0.0,0.015,0.065,0.35,0.805,1.0,0.001604687900911006,0.012655662966044378,0.02490748370657397,0.04827118312549805,0.09088875638908901,0.13320750140697377,0.1596237152963544
Qwen/Qwen3-0.6B,1,composition,,dev_B,B,3,score,unigram,minus_bias_only,200,200,0.02852966914747177,0.005323338581636197,0.0,0.04,0.04,0.315,0.505,0.84,1.0,0.005323338581636197,0.04019337171284851,0.07570992876632891,0.13650683857745585,0.23215574778271322,0.31532453842066466,0.3630261146443683
Qwen/Qwen3-0.6B,1,composition,,dev_B,B,3,score,unigram,shuffled_program_bias,200,200,0.0157544242678811,0.0009594024984107006,0.0,0.0,0.0,0.1,0.295,0.735,1.0,0.0009594024984107006,0.007529284041956983,0.014736620425744687,0.028255434485476228,0.052142479235999115,0.07486282295775097,0.08854112240616868
Qwen/Qwen3-0.6B,1,composition,,dev_B,B,3,score,positional,own_target,200,200,0.016311542203985112,0.0015107196189154762,0.0,0.0,0.005,0.045,0.35,0.86,1.0,0.0015107196189154762,0.011946532954944633,0.023581924273148428,0.04596281750004441,0.0874455294083421,0.1294837329036941,0.15615074456390018
Qwen/Qwen3-0.6B,1,composition,,dev_B,B,3,score,positional,minus_bias_only,200,200,0.03780109208908186,0.005865444987313165,0.0,0.055,0.23,0.33,0.44,0.905,1.0,0.005865444987313165,0.044503988396701326,0.08397439135903692,0.15051340322923693,0.24765899063538704,0.3207855616803515,0.35782050826659195
Qwen/Qwen3-0.6B,1,composition,,dev_B,B,3,score,positional,shuffled_program_bias,200,200,0.020561676748554154,0.0018092009034058843,0.0,0.01,0.075,0.095,0.315,0.72,1.0,0.0018092009034058843,0.013488808467623029,0.025027873386001355,0.04373816251559482,0.0699840917243865,0.08968921591330746,0.1000237643319922
Qwen/Qwen3-0.6B,1,composition,,dev_B,B,3,score,bigram,own_target,200,200,0.06486068660596404,0.013007874167257355,0.01,0.145,0.28,0.505,0.77,0.92,1.0,0.013007874167257355,0.09532647953870667,0.173868294443355,0.29557642719905197,0.45563313794327465,0.5679334522967756,0.6232854523711162
Qwen/Qwen3-0.6B,1,composition,,dev_B,B,3,score,bigram,minus_bias_only,200,200,0.04615003731911795,9.447548084964056e-05,0.0,0.0,0.19,0.84,1.0,1.0,1.0,9.447548084964056e-05,0.0007551226314730046,0.0015086907595476607,0.0030111798456649054,0.005997683069966935,0.009328324426409833,0.011623279374012424
Qwen/Qwen3-0.6B,1,composition,,dev_B,B,3,score,bigram,shuffled_program_bias,200,200,0.04492188222393155,0.0037663416745864144,0.0,0.055,0.085,0.13,0.44,0.795,1.0,0.0037663416745864144,0.020701271143751976,0.031109030445631368,0.041889620483243004,0.05005498003972055,0.053463547077189005,0.05479172094046021
Qwen/Qwen3-0.6B,1,composition,,dev_B,B,3,score,positional_bigram,own_target,200,200,0.06486068660596404,0.013007874167257294,0.01,0.145,0.28,0.505,0.77,0.92,1.0,0.013007874167257294,0.09532647953870628,0.1738682944433544,0.29557642719905114,0.45563313794327387,0.5679334522967748,0.6232854523711158
Qwen/Qwen3-0.6B,1,composition,,dev_B,B,3,score,positional_bigram,minus_bias_only,200,200,0.04615003731911795,9.447548084964095e-05,0.0,0.0,0.19,0.84,1.0,1.0,1.0,9.447548084964095e-05,0.0007551226314730076,0.0015086907595476668,0.0030111798456649175,0.005997683069966957,0.00932832442640987,0.011623279374012472
Qwen/Qwen3-0.6B,1,composition,,dev_B,B,3,score,positional_bigram,shuffled_program_bias,200,200,0.04492188222393155,0.0037663416745864252,0.0,0.055,0.085,0.13,0.44,0.795,1.0,0.0037663416745864252,0.02070127114375202,0.031109030445631423,0.041889620483243045,0.05005498003972057,0.05346354707718902,0.054791720940460226
Qwen/Qwen3-0.6B,1,composition,,dev_B,B,3,score,full,own_target,200,200,0.07417869613396492,0.015699446356505376,0.0,0.225,0.35,0.555,0.765,0.945,1.0,0.015699446356505376,0.11348456376294865,0.2044968595972171,0.34150789075246396,0.5136413454496166,0.6275305205802852,0.6812447393891228
Qwen/Qwen3-0.6B,1,composition,,dev_B,B,3,score,full,minus_bias_only,200,200,0.05112014344430195,0.00024310499421321022,0.0,0.08,0.295,0.69,1.0,1.0,1.0,0.00024310499421321022,0.0019362614002459138,0.003853084909110705,0.007629492321002831,0.014960649662994652,0.0228716685314342,0.02816676332116804
Qwen/Qwen3-0.6B,1,composition,,dev_B,B,3,score,full,shuffled_program_bias,200,200,0.044161946946307,0.00774843126895419,0.0,0.055,0.08,0.135,0.425,0.79,1.0,0.00774843126895419,0.03341481019976812,0.043917805276866485,0.05103197422962527,0.054772294723747506,0.056391053011867844,0.05714358531971772
Qwen/Qwen3-0.6B,1,composition,,dev_B,B,3,score,train_frequency,task_blind,200,200,0.009924886738241658,0.00038095238095238107,0.0,0.0,0.0,0.0,0.0,0.4565217391304347,1.0,0.00038095238095238107,0.003043558650075675,0.0060778540508949,0.012118767791925823,0.02409067105105702,0.03738572844563032,0.046511695822809625
Qwen/Qwen3-0.6B,1,composition,,dev_B,B,3,score,train_antifrequency,task_blind,200,200,0.09601494013013269,0.02062461850020644,0.021739130434782594,0.17391304347826084,0.3478260869565217,0.6956521739130433,1.0,1.0,1.0,0.02062461850020644,0.15356529081616016,0.2835482830888684,0.4866969373350916,0.7365199658588253,0.8755719490071155,0.9260994155389659
Qwen/Qwen3-0.6B,1,composition,,dev_B,B,3,score,train_unseen_first,task_blind,200,200,0.09601494013013269,0.013322235759508442,0.021739130434782594,0.17391304347826084,0.3478260869565217,0.6956521739130433,1.0,1.0,1.0,0.013322235759508442,0.1017386189623677,0.19312649133636564,0.348955141016836,0.5761405915915921,0.738462417123654,0.812967261787282
Qwen/Qwen3-0.6B,1,composition,,dev_C,C,3,score,raw,own_target,200,200,0.2614904918696263,0.08239919670398081,0.15,0.435,0.635,0.85,0.97,0.995,1.0,0.08239919670398081,0.357215497109452,0.5030149816265844,0.6634915165534844,0.8070695745232643,0.8737061613218805,0.8982445913075522
Qwen/Qwen3-0.6B,1,composition,,dev_C,C,3,score,unigram,own_target,200,200,0.2044241851841813,0.07709531954271574,0.115,0.335,0.52,0.735,0.94,0.985,1.0,0.07709531954271574,0.29799246856155415,0.42277942919081596,0.569655257951872,0.7167003798626465,0.7962068104651027,0.8290712224298127
Qwen/Qwen3-0.6B,1,composition,,dev_C,C,3,score,unigram,minus_bias_only,200,200,0.028293084560572668,0.006334393681993379,0.0,0.025,0.065,0.195,0.505,0.745,1.0,0.006334393681993379,0.04770801825517162,0.08960577178926975,0.16062507517086114,0.2702019650961079,0.36344258393792217,0.4163841619209146
Qwen/Qwen3-0.6B,1,composition,,dev_C,C,3,score,unigram,shuffled_program_bias,200,200,0.19855648071411688,0.07750298792429265,0.08,0.355,0.475,0.755,0.95,0.995,1.0,0.07750298792429265,0.2848633531466808,0.36679247535752146,0.4446995830777005,0.5287668462503216,0.5915025850681626,0.6254776293170374
Qwen/Qwen3-0.6B,1,composition,,dev_C,C,3,score,positional,own_target,200,200,0.2261930619718924,0.0753054151703081,0.13,0.36,0.53,0.835,0.945,0.985,1.0,0.0753054151703081,0.29898669351901624,0.4195986111718357,0.5572381174383315,0.6973947262273683,0.778644249040564,0.8141677019520356
Qwen/Qwen3-0.6B,1,composition,,dev_C,C,3,score,positional,minus_bias_only,200,200,0.021736619480247635,0.0036076570647837316,0.0,0.0,0.045,0.16,0.625,0.895,1.0,0.0036076570647837316,0.02811618648175337,0.05462599208314407,0.10337425568232128,0.18681386319227433,0.26357887185848006,0.3088159995993808
Qwen/Qwen3-0.6B,1,composition,,dev_C,C,3,score,positional,shuffled_program_bias,200,200,0.16694513806027486,0.06954187344949242,0.06,0.3,0.465,0.71,0.945,0.995,1.0,0.06954187344949242,0.2489070503774491,0.3297143862954421,0.41303601140867435,0.5029388028153504,0.5655984527133956,0.5980103059521338
Qwen/Qwen3-0.6B,1,composition,,dev_C,C,3,score,bigram,own_target,200,200,0.17911700828034327,0.06466771530722705,0.07,0.33,0.565,0.785,0.935,0.985,1.0,0.06466771530722705,0.2883371573100312,0.41709488288873237,0.5721830515832563,0.7329357439220289,0.820363834618606,0.8557495883753669
Qwen/Qwen3-0.6B,1,composition,,dev_C,C,3,score,bigram,minus_bias_only,200,200,0.014207921607240652,5.8880597518026135e-06,0.0,0.0,0.0,0.0,0.27,0.81,1.0,5.8880597518026135e-06,4.7102754744029614e-05,9.420157090643568e-05,0.00018838738954765676,0.00037671178651978567,0.0005885014783345128,0.0007355307964329777
Qwen/Qwen3-0.6B,1,composition,,dev_C,C,3,score,bigram,shuffled_program_bias,200,200,0.11163250059938905,0.019552278556273044,0.015,0.235,0.445,0.77,0.96,0.99,1.0,0.019552278556273044,0.05411804854146653,0.07736664875323035,0.10554681164028004,0.13846854865719638,0.16260620901440884,0.17553832897694677
Qwen/Qwen3-0.6B,1,composition,,dev_C,C,3,score,positional_bigram,own_target,200,200,0.17911700828034327,0.06466771530722717,0.07,0.33,0.565,0.785,0.935,0.985,1.0,0.06466771530722717,0.2883371573100316,0.4170948828887328,0.5721830515832568,0.732935743922029,0.820363834618606,0.8557495883753669
Qwen/Qwen3-0.6B,1,composition,,dev_C,C,3,score,positional_bigram,minus_bias_only,200,200,0.014207921607240652,5.88805975180262e-06,0.0,0.0,0.0,0.0,0.27,0.81,1.0,5.88805975180262e-06,4.710275474402966e-05,9.420157090643578e-05,0.00018838738954765697,0.0003767117865197861,0.0005885014783345134,0.0007355307964329786
Qwen/Qwen3-0.6B,1,composition,,dev_C,C,3,score,positional_bigram,shuffled_program_bias,200,200,0.11163250059938905,0.01955227855627305,0.015,0.235,0.445,0.77,0.96,0.99,1.0,0.01955227855627305,0.05411804854146654,0.07736664875323036,0.10554681164028004,0.13846854865719638,0.1626062090144088,0.17553832897694668
Qwen/Qwen3-0.6B,1,composition,,dev_C,C,3,score,full,own_target,200,200,0.21886352656703312,0.06952446574805266,0.125,0.36,0.5,0.695,0.92,0.975,1.0,0.06952446574805266,0.28950981138745796,0.408444640441074,0.5556323523696505,0.7158579258309807,0.8070414795660136,0.844710977993996
Qwen/Qwen3-0.6B,1,composition,,dev_C,C,3,score,full,minus_bias_only,200,200,0.013457920932478386,7.364766963118681e-06,0.0,0.0,0.0,0.0,0.29,0.69,1.0,7.364766963118681e-06,5.891510532724117e-05,0.00011782328490903448,0.00023561887216090732,0.00047112699627193153,0.0007359413633313402,0.0009197578904868183
Qwen/Qwen3-0.6B,1,composition,,dev_C,C,3,score,full,shuffled_program_bias,200,200,0.11275519686604277,0.02100804918389582,0.015,0.255,0.455,0.655,0.96,0.99,1.0,0.02100804918389582,0.0650044024807071,0.09395563817085958,0.12953221543454346,0.17207535412734232,0.20285307534935335,0.21882852840297295
Qwen/Qwen3-0.6B,1,composition,,dev_C,C,3,score,train_frequency,task_blind,200,200,0.07661139764621193,0.022584761904761903,0.015,0.1475,0.273,0.605,0.87125,1.0,1.0,0.022584761904761903,0.1632201000493237,0.2928084959791996,0.48125881257170655,0.6964288627361668,0.8187367236456996,0.8692977157523072
Qwen/Qwen3-0.6B,1,composition,,dev_C,C,3,score,train_antifrequency,task_blind,200,200,0.014179615320010273,0.0011873236021688425,0.0,0.0,0.0,0.0,0.3766666666666667,0.8457142857142855,1.0,0.0011873236021688425,0.009447212271611634,0.018778073417212424,0.03709755052038183,0.07241363541682257,0.11014106533919668,0.13516137344557785
Qwen/Qwen3-0.6B,1,composition,,dev_C,C,3,score,train_unseen_first,task_blind,200,200,0.0139427801280884,0.008944282379610966,0.0,0.0,0.0,0.0,0.358549947234824,0.8043575934481997,1.0,0.008944282379610966,0.06872441286090299,0.13140809649694923,0.24108764878545877,0.4111741170609642,0.5472500862783856,0.6182362794937434
Qwen/Qwen3-0.6B,1,composition,,dev_D,D,3,score,raw,own_target,200,200,0.01593867633175856,0.002336127883840913,0.0,0.0,0.005,0.07,0.335,0.68,1.0,0.002336127883840913,0.01825564176413444,0.03556605817259301,0.06761816304671807,0.12302428606797983,0.1744649508913328,0.20495198515130267
Qwen/Qwen3-0.6B,1,composition,,dev_D,D,3,score,unigram,own_target,200,200,0.015562773118462499,0.001525311558568429,0.0,0.0,0.0,0.085,0.3,0.705,1.0,0.001525311558568429,0.012018226746855187,0.023627728220085013,0.045696069248630754,0.08570365500547622,0.12510060765149827,0.14952039806851838
Qwen/Qwen3-0.6B,1,composition,,dev_D,D,3,score,unigram,minus_bias_only,200,200,0.028981742595679285,0.005380898711313702,0.0,0.04,0.04,0.315,0.49,0.845,1.0,0.005380898711313702,0.040612070305804354,0.07645919266889428,0.13769526300510906,0.2335734150425774,0.3163817354944732,0.36364142530453875
Qwen/Qwen3-0.6B,1,composition,,dev_D,D,3,score,unigram,shuffled_program_bias,200,200,0.01497854466015454,0.0007885453115638824,0.0,0.0,0.005,0.085,0.22,0.72,1.0,0.0007885453115638824,0.006195659032379579,0.01214227147313541,0.023340114726211468,0.043276789458189316,0.06244016547745819,0.07408451821294698
Qwen/Qwen3-0.6B,1,composition,,dev_D,D,3,score,positional,own_target,200,200,0.01566511337453061,0.0013641359500398366,0.0,0.0,0.0,0.055,0.295,0.84,1.0,0.0013641359500398366,0.01078275530676776,0.021274896412539622,0.0414319206380179,0.07872154879500337,0.11644933867572511,0.14037149715415048
Qwen/Qwen3-0.6B,1,composition,,dev_D,D,3,score,positional,minus_bias_only,200,200,0.04195494552920577,0.006551970643583699,0.0,0.11,0.245,0.345,0.425,0.88,1.0,0.006551970643583699,0.04929709643639958,0.09220153403409859,0.16273620832677593,0.26158640824372315,0.33286489390688573,0.3680728384690168
Qwen/Qwen3-0.6B,1,composition,,dev_D,D,3,score,positional,shuffled_program_bias,200,200,0.01642266799946007,0.001011347210718586,0.0,0.005,0.04,0.055,0.235,0.71,1.0,0.001011347210718586,0.0077179528380321005,0.01465943164327444,0.026627887220549647,0.045034356114329537,0.06022748405842944,0.0687058778311278
Qwen/Qwen3-0.6B,1,composition,,dev_D,D,3,score,bigram,own_target,200,200,0.06577246322288297,0.012104208969879364,0.015,0.125,0.28,0.465,0.69,0.9,1.0,0.012104208969879364,0.08867644645082198,0.16173345032015798,0.2750997701768171,0.4249230009431774,0.5309674724197125,0.5837602487029055
Qwen/Qwen3-0.6B,1,composition,,dev_D,D,3,score,bigram,minus_bias_only,200,200,0.04704155706889023,0.00010011950226186038,0.0,0.0,0.205,0.855,1.0,1.0,1.0,0.00010011950226186038,0.0008002206797672087,0.0015987634107119365,0.003190833051702269,0.006355034492427212,0.009883282552107204,0.012314048074186228
Qwen/Qwen3-0.6B,1,composition,,dev_D,D,3,score,bigram,shuffled_program_bias,200,200,0.0276717149349602,0.0017942734599149012,0.0,0.03,0.065,0.085,0.355,0.76,1.0,0.0017942734599149012,0.010211459827434646,0.015095458194145485,0.01958736626935349,0.022962223356645373,0.024765595212497805,0.025682381912345807
Qwen/Qwen3-0.6B,1,composition,,dev_D,D,3,score,positional_bigram,own_target,200,200,0.06577246322288297,0.012104208969879307,0.015,0.125,0.28,0.465,0.69,0.9,1.0,0.012104208969879307,0.08867644645082161,0.16173345032015743,0.2750997701768163,0.4249230009431767,0.530967472419712,0.5837602487029049
Qwen/Qwen3-0.6B,1,composition,,dev_D,D,3,score,positional_bigram,minus_bias_only,200,200,0.04704155706889023,0.00010011950226186072,0.0,0.0,0.205,0.855,1.0,1.0,1.0,0.00010011950226186072,0.0008002206797672115,0.0015987634107119423,0.0031908330517022797,0.006355034492427234,0.009883282552107239,0.012314048074186273
Qwen/Qwen3-0.6B,1,composition,,dev_D,D,3,score,positional_bigram,shuffled_program_bias,200,200,0.0276717149349602,0.0017942734599149075,0.0,0.03,0.065,0.085,0.355,0.76,1.0,0.0017942734599149075,0.01021145982743467,0.015095458194145515,0.019587366269353517,0.022962223356645394,0.02476559521249783,0.025682381912345828
Qwen/Qwen3-0.6B,1,composition,,dev_D,D,3,score,full,own_target,200,200,0.06679026026872392,0.014288059154892676,0.0,0.21,0.305,0.505,0.715,0.91,1.0,0.014288059154892676,0.10310759847007084,0.1856371079140771,0.3102404231151638,0.46945706407687626,0.578365495097235,0.6313555051228168
Qwen/Qwen3-0.6B,1,composition,,dev_D,D,3,score,full,minus_bias_only,200,200,0.05149904553636194,0.0002321610113985974,0.0,0.07,0.325,0.72,1.0,1.0,1.0,0.0002321610113985974,0.001849612297960885,0.003681829889480487,0.007295027186823947,0.014322902796318,0.021927618323083396,0.027030433731482756
Qwen/Qwen3-0.6B,1,composition,,dev_D,D,3,score,full,shuffled_program_bias,200,200,0.027207962434936152,0.0036055826780495683,0.0,0.025,0.055,0.09,0.325,0.805,1.0,0.0036055826780495683,0.015395512634800807,0.01939606207460812,0.021953106241172603,0.024066817591172126,0.025837073390544904,0.026899021992961424
Qwen/Qwen3-0.6B,1,composition,,dev_D,D,3,score,train_frequency,task_blind,200,200,0.009928731380612718,0.00038285714285714296,0.0,0.0,0.0,0.0,0.0,0.45778985507246367,1.0,0.00038285714285714296,0.0030587359011821046,0.00610807009760975,0.012178649986015855,0.024208266866993178,0.03756573591336095,0.046733520136476
Qwen/Qwen3-0.6B,1,composition,,dev_D,D,3,score,train_antifrequency,task_blind,200,200,0.09629412926192338,0.020727741592707474,0.021847826086956505,0.17464734299516904,0.3489855072463767,0.696734299516908,1.0,1.0,1.0,0.020727741592707474,0.1542278953319737,0.2845821770612862,0.4879646202091368,0.7374999728884662,0.8761200363293937,0.9264430848377105
Qwen/Qwen3-0.6B,1,composition,,dev_D,D,3,score,train_unseen_first,task_blind,200,200,0.09629412926192338,0.013388846938305984,0.021847826086956505,0.17464734299516904,0.3489855072463767,0.696734299516908,1.0,1.0,1.0,0.013388846938305984,0.10220143852151051,0.19391511682023427,0.35010339700845594,0.5773720255474154,0.739434274644957,0.8137314603659405
Qwen/Qwen3-0.6B,2,atomic_control,,dev_A,A,3,score,raw,own_target,200,200,0.09953518102116313,0.03037146535268866,0.025,0.21,0.415,0.61,0.785,0.895,1.0,0.03037146535268866,0.05666381361448303,0.0700114779379322,0.08461774802904382,0.10243679802795612,0.1161849487382274,0.12377102024638909
Qwen/Qwen3-0.6B,2,atomic_control,,dev_A,A,3,score,unigram,own_target,200,200,0.1140667917054578,0.039510800594295986,0.045,0.22,0.405,0.545,0.8,0.93,1.0,0.039510800594295986,0.07640143830164256,0.0906415213568566,0.10757106565907482,0.1268239091161378,0.13993643869525596,0.1467173138450527
Qwen/Qwen3-0.6B,2,atomic_control,,dev_A,A,3,score,unigram,minus_bias_only,200,200,0.03291239109428668,0.006796011998715152,0.0,0.06,0.105,0.22,0.405,0.73,1.0,0.006796011998715152,0.04397780675225631,0.07227490306791678,0.10774712321454745,0.14693366727807267,0.17276107425495815,0.18571271893470986
Qwen/Qwen3-0.6B,2,atomic_control,,dev_A,A,3,score,unigram,shuffled_program_bias,200,200,0.09071991940768503,0.028358306790267455,0.025,0.175,0.37,0.55,0.785,0.935,1.0,0.028358306790267455,0.04654620415663569,0.057209413100949826,0.07058855178540176,0.08703039447043376,0.09953309098531847,0.10629411336041762
Qwen/Qwen3-0.6B,2,atomic_control,,dev_A,A,3,score,positional,own_target,200,200,0.1258958041113768,0.034709516515422,0.045,0.235,0.4,0.575,0.825,0.95,1.0,0.034709516515422,0.09682816947704202,0.12167663417839682,0.14865176428135451,0.17913000383149846,0.20078022736772744,0.2119131890530241
Qwen/Qwen3-0.6B,2,atomic_control,,dev_A,A,3,score,positional,minus_bias_only,200,200,0.05690267091962136,0.010166565497046507,0.025,0.05,0.115,0.325,0.515,0.775,1.0,0.010166565497046507,0.05346561743276645,0.07764555634763175,0.10741578909386132,0.14849584141738872,0.181193587869317,0.19897294527921489
Qwen/Qwen3-0.6B,2,atomic_control,,dev_A,A,3,score,positional,shuffled_program_bias,200,200,0.11279514429913143,0.02142212920882049,0.02,0.26,0.43,0.54,0.76,0.935,1.0,0.02142212920882049,0.06421011742871578,0.08169362604232983,0.09925445180870518,0.11663473697760457,0.12888497095150434,0.13585118744344485
Qwen/Qwen3-0.6B,2,atomic_control,,dev_A,A,3,score,bigram,own_target,200,200,0.15064299764542224,0.04496088630341265,0.07,0.29,0.38,0.61,0.81,0.95,1.0,0.04496088630341265,0.15454427534995382,0.20101118591821782,0.24643935225680239,0.29055684504385193,0.3191599583071353,0.33362830351897116
Qwen/Qwen3-0.6B,2,atomic_control,,dev_A,A,3,score,bigram,minus_bias_only,200,200,0.031289865704523405,6.406041199556134e-05,0.0,0.04,0.135,0.295,0.535,0.78,1.0,6.406041199556134e-05,0.0005111899260897595,0.0010194378000646393,0.002027197681257596,0.004008395589105636,0.006183993792082549,0.007662626589490593
Qwen/Qwen3-0.6B,2,atomic_control,,dev_A,A,3,score,bigram,shuffled_program_bias,200,200,0.0979724602503301,0.022300530562662742,0.015,0.225,0.41,0.575,0.735,0.94,1.0,0.022300530562662742,0.04583773402860464,0.05853655695146301,0.07583012537567947,0.09836762590008273,0.1151449455570631,0.12395967354155538
Qwen/Qwen3-0.6B,2,atomic_control,,dev_A,A,3,score,positional_bigram,own_target,200,200,0.15064299764542224,0.04496088630341271,0.07,0.29,0.38,0.61,0.81,0.95,1.0,0.04496088630341271,0.1545442753499539,0.20101118591821787,0.2464393522568023,0.2905568450438517,0.31915995830713506,0.3336283035189709
Qwen/Qwen3-0.6B,2,atomic_control,,dev_A,A,3,score,positional_bigram,minus_bias_only,200,200,0.031289865704523405,6.406041199556126e-05,0.0,0.04,0.135,0.295,0.535,0.78,1.0,6.406041199556126e-05,0.0005111899260897588,0.0010194378000646378,0.002027197681257593,0.00400839558910563,0.006183993792082541,0.007662626589490582
Qwen/Qwen3-0.6B,2,atomic_control,,dev_A,A,3,score,positional_bigram,shuffled_program_bias,200,200,0.0979724602503301,0.022300530562662724,0.015,0.225,0.41,0.575,0.735,0.94,1.0,0.022300530562662724,0.04583773402860464,0.05853655695146301,0.07583012537567947,0.09836762590008277,0.11514494555706317,0.12395967354155549
Qwen/Qwen3-0.6B,2,atomic_control,,dev_A,A,3,score,full,own_target,200,200,0.1449813378476727,0.04335820822924401,0.055,0.3,0.415,0.605,0.83,0.965,1.0,0.04335820822924401,0.20077933420679783,0.27686123718001715,0.3527075853693752,0.4280217092586474,0.4771831846757611,0.5019476183187921
Qwen/Qwen3-0.6B,2,atomic_control,,dev_A,A,3,score,full,minus_bias_only,200,200,0.029453256412907004,0.0012065781732774256,0.0,0.005,0.14,0.315,0.53,0.775,1.0,0.0012065781732774256,0.008949525756013712,0.016677230244384115,0.02998245262054289,0.05213784650471757,0.07301812430869363,0.08569061175034381
Qwen/Qwen3-0.6B,2,atomic_control,,dev_A,A,3,score,full,shuffled_program_bias,200,200,0.09294935732194907,0.025178125156976695,0.02,0.235,0.365,0.55,0.725,0.945,1.0,0.025178125156976695,0.06593102050325383,0.08760668385590904,0.11326537042736913,0.14180944730818948,0.160582787906009,0.16982290932531555
Qwen/Qwen3-0.6B,2,atomic_control,,dev_A,A,3,score,train_frequency,task_blind,200,200,0.07518410567300605,0.023230476190476194,0.015,0.1275,0.312,0.65,0.8675,1.0,1.0,0.023230476190476194,0.16773864595650576,0.3004712403400752,0.49205271419594004,0.7069391248841798,0.8262803491206725,0.8749736050486825
Qwen/Qwen3-0.6B,2,atomic_control,,dev_A,A,3,score,train_antifrequency,task_blind,200,200,0.013813597036078255,0.0011901588505375442,0.0,0.0,0.0,0.0,0.30000000000000004,0.8242857142857142,1.0,0.0011901588505375442,0.009471090930378465,0.018828476031408647,0.03720838090782799,0.07267121904816198,0.11059722092639167,0.1357715385323209
Qwen/Qwen3-0.6B,2,atomic_control,,dev_A,A,3,score,train_unseen_first,task_blind,200,200,0.014007561805081305,0.00909131167900183,0.0,0.0,0.0,0.0,0.3644634479444606,0.8105423057954704,1.0,0.00909131167900183,0.06987116099389462,0.133622115254359,0.24515113930864682,0.41774930146932987,0.5550696537730985,0.6262384492399538
Qwen/Qwen3-0.6B,2,atomic_control,,dev_B,B,3,score,raw,own_target,200,200,0.03107886773098348,0.00025984237800880035,0.0,0.005,0.16,0.285,0.65,0.93,1.0,0.00025984237800880035,0.0018688630921352195,0.003343574774655356,0.005515831519985462,0.008300405962542168,0.010530935586283903,0.011894346838715075
Qwen/Qwen3-0.6B,2,atomic_control,,dev_B,B,3,score,unigram,own_target,200,200,0.03444160064273343,0.00032493733990317285,0.0,0.005,0.135,0.375,0.75,0.935,1.0,0.00032493733990317285,0.002224012298755377,0.0037905362018778466,0.005808804033122058,0.008065409357565936,0.009855922200882234,0.010978672787824268
Qwen/Qwen3-0.6B,2,atomic_control,,dev_B,B,3,score,unigram,minus_bias_only,200,200,0.026477856346880057,0.0024611635699699256,0.0,0.0,0.06,0.205,0.65,0.84,1.0,0.0024611635699699256,0.018420454530673674,0.034322463199171246,0.060507572019359426,0.09890814693412882,0.13050972451693682,0.1486281321960637
Qwen/Qwen3-0.6B,2,atomic_control,,dev_B,B,3,score,unigram,shuffled_program_bias,200,200,0.029924137060203936,2.5034604605952822e-05,0.0,0.03,0.12,0.285,0.57,0.89,1.0,2.5034604605952822e-05,0.0001998477154272819,0.00039872016090662177,0.0007935745659850456,0.0015719632839433083,0.0024301692894332467,0.003015627591417157
Qwen/Qwen3-0.6B,2,atomic_control,,dev_B,B,3,score,positional,own_target,200,200,0.03585957465393475,0.000662770675661046,0.0,0.02,0.15,0.48,0.78,0.915,1.0,0.000662770675661046,0.004940705569046085,0.009178894870918256,0.01614638245575386,0.026467940527041912,0.03510463885973758,0.04008159996888336
Qwen/Qwen3-0.6B,2,atomic_control,,dev_B,B,3,score,positional,minus_bias_only,200,200,0.027636525255359902,0.003149660380298573,0.0,0.04,0.085,0.195,0.67,0.885,1.0,0.0031496603802985733,0.02295712786708618,0.04152718159006067,0.06920272673113628,0.10267777147463494,0.1248559232833699,0.13638151723790787
Qwen/Qwen3-0.6B,2,atomic_control,,dev_B,B,3,score,positional,shuffled_program_bias,200,200,0.031069941357089487,1.3846711820230481e-05,0.0,0.02,0.15,0.32,0.57,0.9,1.0,1.3846711820230481e-05,0.00011067530999351355,0.0002211262691460612,0.0004413585002767648,0.0008791675568279447,0.001367525768949428,0.0017040987372943317
Qwen/Qwen3-0.6B,2,atomic_control,,dev_B,B,3,score,bigram,own_target,200,200,0.060817907093613524,0.009115741592557177,0.01,0.1,0.235,0.48,0.71,0.92,1.0,0.009115741592557177,0.04906212181656795,0.07556063735473395,0.10960831660337426,0.1501625893666121,0.1794872762239007,0.19519395250758634
Qwen/Qwen3-0.6B,2,atomic_control,,dev_B,B,3,score,bigram,minus_bias_only,200,200,0.024941714887258562,4.078910167772124e-05,0.0,0.0,0.065,0.19,0.62,0.96,1.0,4.078910167772124e-05,0.00032565694007067166,0.0006498192331179593,0.0012936884939274635,0.0025638041111431635,0.003965065470557932,0.004921275756728531
Qwen/Qwen3-0.6B,2,atomic_control,,dev_B,B,3,score,bigram,shuffled_program_bias,200,200,0.030439018682755253,2.9100826750856038e-05,0.0,0.015,0.135,0.32,0.575,0.905,1.0,2.9100826750856038e-05,0.00023224819336408706,0.00046322593083639315,0.0009214077151356988,0.0018229359613310475,0.0028141172068007875,0.0034884920743655278
Qwen/Qwen3-0.6B,2,atomic_control,,dev_B,B,3,score,positional_bigram,own_target,200,200,0.060817907093613524,0.009115741592557116,0.01,0.1,0.235,0.48,0.71,0.92,1.0,0.009115741592557116,0.049062121816567626,0.07556063735473344,0.10960831660337356,0.15016258936661114,0.1794872762238996,0.19519395250758514
Qwen/Qwen3-0.6B,2,atomic_control,,dev_B,B,3,score,positional_bigram,minus_bias_only,200,200,0.024941714887258562,4.078910167772067e-05,0.0,0.0,0.065,0.19,0.62,0.96,1.0,4.078910167772067e-05,0.00032565694007066716,0.0006498192331179503,0.0012936884939274455,0.002563804111143129,0.00396506547055788,0.004921275756728463
Qwen/Qwen3-0.6B,2,atomic_control,,dev_B,B,3,score,positional_bigram,shuffled_program_bias,200,200,0.030439018682755253,2.9100826750856007e-05,0.0,0.015,0.135,0.32,0.575,0.905,1.0,2.9100826750856007e-05,0.0002322481933640868,0.00046322593083639255,0.0009214077151356976,0.0018229359613310453,0.0028141172068007836,0.0034884920743655234
Qwen/Qwen3-0.6B,2,atomic_control,,dev_B,B,3,score,full,own_target,200,200,0.09212374308734446,0.02056108515738889,0.04,0.135,0.205,0.445,0.745,0.865,1.0,0.02056108515738889,0.10172066341396191,0.1459282093702748,0.1957744589573586,0.2516904555204247,0.2914009280221254,0.3123096662325574
Qwen/Qwen3-0.6B,2,atomic_control,,dev_B,B,3,score,full,minus_bias_only,200,200,0.025371497158884298,0.0015123463860195795,0.0,0.04,0.04,0.15,0.51,0.945,1.0,0.0015123463860195795,0.010894193315099377,0.019457335637929847,0.03168461670795841,0.045303571665112445,0.053496257414392095,0.05757767281148611
Qwen/Qwen3-0.6B,2,atomic_control,,dev_B,B,3,score,full,shuffled_program_bias,200,200,0.02977631410357156,0.00028703207206988646,0.0,0.015,0.12,0.335,0.55,0.925,1.0,0.00028703207206988646,0.0022300233192636782,0.004316722125690747,0.008107279757822794,0.014431203380545612,0.020046330324074182,0.02326621641316704
Qwen/Qwen3-0.6B,2,atomic_control,,dev_B,B,3,score,train_frequency,task_blind,200,200,0.009924886738241658,0.00038095238095238107,0.0,0.0,0.0,0.0,0.0,0.4565217391304347,1.0,0.00038095238095238107,0.003043558650075675,0.0060778540508949,0.012118767791925823,0.02409067105105702,0.03738572844563032,0.046511695822809625
Qwen/Qwen3-0.6B,2,atomic_control,,dev_B,B,3,score,train_antifrequency,task_blind,200,200,0.09601494013013269,0.02062461850020644,0.021739130434782594,0.17391304347826084,0.3478260869565217,0.6956521739130433,1.0,1.0,1.0,0.02062461850020644,0.15356529081616016,0.2835482830888684,0.4866969373350916,0.7365199658588253,0.8755719490071155,0.9260994155389659
Qwen/Qwen3-0.6B,2,atomic_control,,dev_B,B,3,score,train_unseen_first,task_blind,200,200,0.09601494013013269,0.013322235759508442,0.021739130434782594,0.17391304347826084,0.3478260869565217,0.6956521739130433,1.0,1.0,1.0,0.013322235759508442,0.1017386189623677,0.19312649133636564,0.348955141016836,0.5761405915915921,0.738462417123654,0.812967261787282
Qwen/Qwen3-0.6B,2,atomic_control,,dev_C,C,3,score,raw,own_target,200,200,0.08457594931549323,0.018073857031599697,0.02,0.165,0.295,0.535,0.765,0.92,1.0,0.018073857031599697,0.031305096015377974,0.037854883321834204,0.046619164144476,0.05876158991378102,0.06898856157332603,0.07491318509658257
Qwen/Qwen3-0.6B,2,atomic_control,,dev_C,C,3,score,unigram,own_target,200,200,0.08209063290771168,0.016609271438332667,0.015,0.16,0.35,0.515,0.77,0.91,1.0,0.016609271438332667,0.03255976630621635,0.04400973811277808,0.06012939866880687,0.08157842654999026,0.09774000565612172,0.10630376732923644
Qwen/Qwen3-0.6B,2,atomic_control,,dev_C,C,3,score,unigram,minus_bias_only,200,200,0.031684006962126074,0.006688117415536429,0.0,0.045,0.09,0.2,0.47,0.745,1.0,0.006688117415536429,0.04177684031378789,0.06707996892914063,0.09824250921544676,0.1340825839213548,0.159357239290087,0.17263957784126693
Qwen/Qwen3-0.6B,2,atomic_control,,dev_C,C,3,score,unigram,shuffled_program_bias,200,200,0.08378108628309441,0.01983447720325606,0.02,0.18,0.325,0.495,0.785,0.93,1.0,0.01983447720325606,0.02982555673873599,0.034409236068417164,0.041468689348683724,0.05192059722816222,0.06068086077792256,0.06567116709221436
Qwen/Qwen3-0.6B,2,atomic_control,,dev_C,C,3,score,positional,own_target,200,200,0.09790645724117832,0.022761702296440013,0.02,0.215,0.355,0.52,0.805,0.95,1.0,0.022761702296440013,0.06805704250248595,0.09387563669380157,0.12446264248138965,0.15796588631204644,0.17966426992020218,0.1903048183448984
Qwen/Qwen3-0.6B,2,atomic_control,,dev_C,C,3,score,positional,minus_bias_only,200,200,0.055934383891018395,0.011515476514295528,0.015,0.07,0.16,0.29,0.49,0.775,1.0,0.011515476514295528,0.060255929505572015,0.08699106802334444,0.11858224548675966,0.1587633261294937,0.18795963401417487,0.20296364841759598
Qwen/Qwen3-0.6B,2,atomic_control,,dev_C,C,3,score,positional,shuffled_program_bias,200,200,0.1042256156108548,0.02142756944921839,0.025,0.215,0.35,0.47,0.785,0.95,1.0,0.02142756944921839,0.060079778510013775,0.07128255202083579,0.08326146291510984,0.09888258665077862,0.11177643545965829,0.1191188430673883
Qwen/Qwen3-0.6B,2,atomic_control,,dev_C,C,3,score,bigram,own_target,200,200,0.09641597019102024,0.02662508599206782,0.03,0.19,0.34,0.545,0.805,0.935,1.0,0.02662508599206782,0.0940754380341222,0.1286638045958339,0.1694506358915708,0.21783810653316443,0.25314113815296824,0.271738202486446
Qwen/Qwen3-0.6B,2,atomic_control,,dev_C,C,3,score,bigram,minus_bias_only,200,200,0.03161503599474205,6.966395458082766e-05,0.0,0.04,0.165,0.275,0.55,0.775,1.0,6.966395458082766e-05,0.0005559142488065297,0.0011086496346403233,0.002204680116358324,0.004359643089615035,0.006726400139182523,0.008335152613111288
Qwen/Qwen3-0.6B,2,atomic_control,,dev_C,C,3,score,bigram,shuffled_program_bias,200,200,0.0907667899230839,0.014190604802935578,0.01,0.225,0.34,0.485,0.72,0.94,1.0,0.014190604802935578,0.03594790715604224,0.04612803941035251,0.058027320108255134,0.07151752725589151,0.08127223712001302,0.08656935836893155
Qwen/Qwen3-0.6B,2,atomic_control,,dev_C,C,3,score,positional_bigram,own_target,200,200,0.09641597019102024,0.026625085992067837,0.03,0.19,0.34,0.545,0.805,0.935,1.0,0.026625085992067837,0.09407543803412204,0.12866380459583365,0.16945063589157042,0.21783810653316388,0.2531411381529675,0.2717382024864452
Qwen/Qwen3-0.6B,2,atomic_control,,dev_C,C,3,score,positional_bigram,minus_bias_only,200,200,0.03161503599474205,6.966395458082752e-05,0.0,0.04,0.165,0.275,0.55,0.775,1.0,6.966395458082752e-05,0.0005559142488065287,0.0011086496346403212,0.00220468011635832,0.004359643089615027,0.00672640013918251,0.008335152613111269
Qwen/Qwen3-0.6B,2,atomic_control,,dev_C,C,3,score,positional_bigram,shuffled_program_bias,200,200,0.0907667899230839,0.01419060480293556,0.01,0.225,0.34,0.485,0.72,0.94,1.0,0.01419060480293556,0.035947907156042236,0.046128039410352505,0.05802732010825513,0.07151752725589149,0.08127223712001302,0.08656935836893152
Qwen/Qwen3-0.6B,2,atomic_control,,dev_C,C,3,score,full,own_target,200,200,0.10386391286226239,0.03215861072570167,0.025,0.2,0.33,0.535,0.79,0.96,1.0,0.03215861072570167,0.14998252415533056,0.2176187688512438,0.29337599303603573,0.37252727133567,0.4235580374384624,0.44844356089410825
Qwen/Qwen3-0.6B,2,atomic_control,,dev_C,C,3,score,full,minus_bias_only,200,200,0.030073624209215718,0.001597127079204519,0.0,0.01,0.145,0.28,0.505,0.76,1.0,0.001597127079204519,0.011398156540685671,0.020489374364010167,0.034987479855779456,0.05757204553330969,0.07819494674547083,0.09051173959525316
Qwen/Qwen3-0.6B,2,atomic_control,,dev_C,C,3,score,full,shuffled_program_bias,200,200,0.09576575090172262,0.02332838589793938,0.015,0.235,0.29,0.465,0.745,0.935,1.0,0.02332838589793938,0.07141439674750337,0.09426878353518534,0.1169908488086353,0.13758898783109214,0.15000428234624624,0.15604146962266147
Qwen/Qwen3-0.6B,2,atomic_control,,dev_C,C,3,score,train_frequency,task_blind,200,200,0.07661139764621193,0.022584761904761903,0.015,0.1475,0.273,0.605,0.87125,1.0,1.0,0.022584761904761903,0.1632201000493237,0.2928084959791996,0.48125881257170655,0.6964288627361668,0.8187367236456996,0.8692977157523072
Qwen/Qwen3-0.6B,2,atomic_control,,dev_C,C,3,score,train_antifrequency,task_blind,200,200,0.014179615320010273,0.0011873236021688425,0.0,0.0,0.0,0.0,0.3766666666666667,0.8457142857142855,1.0,0.0011873236021688425,0.009447212271611634,0.018778073417212424,0.03709755052038183,0.07241363541682257,0.11014106533919668,0.13516137344557785
Qwen/Qwen3-0.6B,2,atomic_control,,dev_C,C,3,score,train_unseen_first,task_blind,200,200,0.0139427801280884,0.008944282379610966,0.0,0.0,0.0,0.0,0.358549947234824,0.8043575934481997,1.0,0.008944282379610966,0.06872441286090299,0.13140809649694923,0.24108764878545877,0.4111741170609642,0.5472500862783856,0.6182362794937434
Qwen/Qwen3-0.6B,2,atomic_control,,dev_D,D,3,score,raw,own_target,200,200,0.028218614052213608,8.468185405526452e-05,0.0,0.0,0.11,0.255,0.62,0.91,1.0,8.468185405526452e-05,0.0006736803109994889,0.001338828806035799,0.0026441309820133072,0.005158798250753465,0.007844032999504282,0.009625111604165208
Qwen/Qwen3-0.6B,2,atomic_control,,dev_D,D,3,score,unigram,own_target,200,200,0.033400955477835975,0.00019062384089268378,0.0,0.015,0.145,0.37,0.72,0.955,1.0,0.00019062384089268378,0.0014189564751570973,0.0026265261652127815,0.004567841718131961,0.0072854062484730775,0.009436959080736019,0.010676874764837927
Qwen/Qwen3-0.6B,2,atomic_control,,dev_D,D,3,score,unigram,minus_bias_only,200,200,0.02801526683643813,0.0028324027992418844,0.0,0.0,0.085,0.235,0.665,0.845,1.0,0.0028324027992418844,0.021241678662336064,0.03964877547903675,0.0700314302188641,0.11433289846296275,0.1499035985521617,0.16972249725511263
Qwen/Qwen3-0.6B,2,atomic_control,,dev_D,D,3,score,unigram,shuffled_program_bias,200,200,0.027894138013075873,6.880014531622278e-05,0.0,0.035,0.09,0.24,0.54,0.845,1.0,6.880014531622278e-05,0.000537499896205363,0.001046870701077923,0.001989306163085151,0.0036175673668436357,0.005133970038182787,0.006040278556524653
Qwen/Qwen3-0.6B,2,atomic_control,,dev_D,D,3,score,positional,own_target,200,200,0.035463863974760534,0.0004967074736962354,0.0,0.02,0.165,0.415,0.765,0.92,1.0,0.0004967074736962354,0.003860901376450216,0.0074810912923859415,0.014095572175280098,0.025345756335598147,0.03573527907290225,0.04194512828281902
Qwen/Qwen3-0.6B,2,atomic_control,,dev_D,D,3,score,positional,minus_bias_only,200,200,0.027367909458006698,0.0029076868966593783,0.0,0.04,0.075,0.21,0.71,0.89,1.0,0.0029076868966593783,0.021256839751026328,0.03858936276758881,0.0647932743260285,0.09764062853527196,0.12068942442812862,0.13315493358598746
Qwen/Qwen3-0.6B,2,atomic_control,,dev_D,D,3,score,positional,shuffled_program_bias,200,200,0.030648046643950395,5.3132062235710237e-05,0.0,0.025,0.14,0.295,0.525,0.87,1.0,5.3132062235710237e-05,0.00041660160319987357,0.000814606438763514,0.0015592181485625583,0.002870035525726754,0.004114862888808019,0.00486656449446972
Qwen/Qwen3-0.6B,2,atomic_control,,dev_D,D,3,score,bigram,own_target,200,200,0.06217394683009992,0.010432434000630637,0.015,0.09,0.215,0.42,0.695,0.91,1.0,0.010432434000630637,0.05202023744200981,0.0767582704659183,0.10790534537120315,0.14608633623779207,0.17341702451410343,0.18762569096871518
Qwen/Qwen3-0.6B,2,atomic_control,,dev_D,D,3,score,bigram,minus_bias_only,200,200,0.02534499626082587,4.3811854509401997e-05,0.0,0.0,0.07,0.205,0.565,0.945,1.0,4.3811854509401997e-05,0.00034978841645846246,0.0006979669982298759,0.0013895254817987606,0.002753661436048136,0.004258567288336304,0.005285451515717822
Qwen/Qwen3-0.6B,2,atomic_control,,dev_D,D,3,score,bigram,shuffled_program_bias,200,200,0.03037420676140889,4.794400002482133e-05,0.0,0.03,0.13,0.295,0.555,0.88,1.0,4.794400002482133e-05,0.0003821226105735442,0.0007610027799141849,0.0015091918938969747,0.002968346829650385,0.004553006718970934,0.005619624727586274
Qwen/Qwen3-0.6B,2,atomic_control,,dev_D,D,3,score,positional_bigram,own_target,200,200,0.06217394683009992,0.01043243400063058,0.015,0.09,0.215,0.42,0.695,0.91,1.0,0.01043243400063058,0.052020237442009495,0.07675827046591778,0.1079053453712024,0.1460863362377911,0.1734170245141023,0.18762569096871404
Qwen/Qwen3-0.6B,2,atomic_control,,dev_D,D,3,score,positional_bigram,minus_bias_only,200,200,0.02534499626082587,4.381185450940139e-05,0.0,0.0,0.07,0.205,0.565,0.945,1.0,4.381185450940139e-05,0.00034978841645845764,0.0006979669982298664,0.0013895254817987415,0.002753661436048099,0.004258567288336248,0.005285451515717751
Qwen/Qwen3-0.6B,2,atomic_control,,dev_D,D,3,score,positional_bigram,shuffled_program_bias,200,200,0.03037420676140889,4.794400002482126e-05,0.0,0.03,0.13,0.295,0.555,0.88,1.0,4.794400002482126e-05,0.00038212261057354353,0.0007610027799141836,0.0015091918938969723,0.0029683468296503803,0.004553006718970927,0.005619624727586266
Qwen/Qwen3-0.6B,2,atomic_control,,dev_D,D,3,score,full,own_target,200,200,0.0824010996039262,0.020333020235148606,0.035,0.125,0.235,0.41,0.69,0.85,1.0,0.020333020235148606,0.0955393958010424,0.13518986462301946,0.1810841945569146,0.2327019300295874,0.2689751261791364,0.2881572428303999
Qwen/Qwen3-0.6B,2,atomic_control,,dev_D,D,3,score,full,minus_bias_only,200,200,0.025347282303383522,0.001521736129385608,0.0,0.04,0.04,0.145,0.515,0.935,1.0,0.001521736129385608,0.010968730713584967,0.019605096877293282,0.03197496944006947,0.04586425511095402,0.05433869832415104,0.058602698737407
Qwen/Qwen3-0.6B,2,atomic_control,,dev_D,D,3,score,full,shuffled_program_bias,200,200,0.028611676597254592,0.0001905878536684328,0.0,0.015,0.125,0.32,0.54,0.865,1.0,0.0001905878536684328,0.0014754949638251407,0.0028472676924055605,0.005328574083391414,0.009502355905207956,0.013362084159338004,0.015703602808838944
Qwen/Qwen3-0.6B,2,atomic_control,,dev_D,D,3,score,train_frequency,task_blind,200,200,0.009928731380612718,0.00038285714285714296,0.0,0.0,0.0,0.0,0.0,0.45778985507246367,1.0,0.00038285714285714296,0.0030587359011821046,0.00610807009760975,0.012178649986015855,0.024208266866993178,0.03756573591336095,0.046733520136476
Qwen/Qwen3-0.6B,2,atomic_control,,dev_D,D,3,score,train_antifrequency,task_blind,200,200,0.09629412926192338,0.020727741592707474,0.021847826086956505,0.17464734299516904,0.3489855072463767,0.696734299516908,1.0,1.0,1.0,0.020727741592707474,0.1542278953319737,0.2845821770612862,0.4879646202091368,0.7374999728884662,0.8761200363293937,0.9264430848377105
Qwen/Qwen3-0.6B,2,atomic_control,,dev_D,D,3,score,train_unseen_first,task_blind,200,200,0.09629412926192338,0.013388846938305984,0.021847826086956505,0.17464734299516904,0.3489855072463767,0.696734299516908,1.0,1.0,1.0,0.013388846938305984,0.10220143852151051,0.19391511682023427,0.35010339700845594,0.5773720255474154,0.739434274644957,0.8137314603659405
Qwen/Qwen3-0.6B,2,composition,,dev_A,A,3,score,raw,own_target,200,200,0.2980927361074876,0.11217863601074995,0.14,0.56,0.695,0.875,0.995,1.0,1.0,0.11217863601074994,0.43358859281435885,0.5816081183968275,0.7268251662146865,0.8480511145150075,0.9062243860265313,0.9287961067648665
Qwen/Qwen3-0.6B,2,composition,,dev_A,A,3,score,unigram,own_target,200,200,0.22259578212460393,0.10037260411142956,0.11,0.425,0.61,0.83,0.97,1.0,1.0,0.10037260411142956,0.35737611285054477,0.4915157341024067,0.6402559891835233,0.7777366681788075,0.8474262510539728,0.8751312822548867
Qwen/Qwen3-0.6B,2,composition,,dev_A,A,3,score,unigram,minus_bias_only,200,200,0.027057226932864956,0.006109856748555044,0.0,0.025,0.075,0.16,0.46,0.72,1.0,0.006109856748555043,0.04633404734720426,0.08765786050303204,0.1591111390636142,0.27248277190352865,0.37082845274370596,0.4268753607567248
Qwen/Qwen3-0.6B,2,composition,,dev_A,A,3,score,unigram,shuffled_program_bias,200,200,0.24797660232004287,0.10869208867691725,0.14,0.4,0.575,0.77,0.995,1.0,1.0,0.10869208867691725,0.3325722236264835,0.41720903294626654,0.5017857417135145,0.5880799601709985,0.645576316269842,0.674731294137549
Qwen/Qwen3-0.6B,2,composition,,dev_A,A,3,score,positional,own_target,200,200,0.2835548841655156,0.10526154234520554,0.17,0.43,0.605,0.875,0.98,1.0,1.0,0.10526154234520554,0.369401444450259,0.4998156951542017,0.6450529521258795,0.7821944602463623,0.852594700150749,0.8808191093189
Qwen/Qwen3-0.6B,2,composition,,dev_A,A,3,score,positional,minus_bias_only,200,200,0.021876063531956823,0.004005717776131222,0.0,0.0,0.055,0.14,0.62,0.895,1.0,0.004005717776131222,0.031216204481814537,0.060637410527152456,0.11467866385887554,0.20688154432445988,0.29127494587629343,0.34079258696984494
Qwen/Qwen3-0.6B,2,composition,,dev_A,A,3,score,positional,shuffled_program_bias,200,200,0.22624406582463522,0.1007017544661379,0.115,0.37,0.565,0.75,0.995,1.0,1.0,0.1007017544661379,0.2998167309956997,0.3801325010500342,0.4689736054043928,0.5645466144336896,0.6255775534503395,0.6550255905819026
Qwen/Qwen3-0.6B,2,composition,,dev_A,A,3,score,bigram,own_target,200,200,0.2653651254470067,0.0886715789651631,0.13,0.5,0.64,0.84,0.97,0.995,1.0,0.0886715789651631,0.3613309600869178,0.502840369060989,0.6529855760149337,0.7905852515196315,0.863745688725831,0.8940054849933767
Qwen/Qwen3-0.6B,2,composition,,dev_A,A,3,score,bigram,minus_bias_only,200,200,0.015622287760536315,1.8027553778092493e-05,0.0,0.0,0.0,0.0,0.43,0.87,1.0,1.8027553778092493e-05,0.00014420519287633156,0.00028837556498482954,0.0005766118946043822,0.0011526672291162258,0.0018000651658591851,0.0022492337753157233
Qwen/Qwen3-0.6B,2,composition,,dev_A,A,3,score,bigram,shuffled_program_bias,200,200,0.13891548761103426,0.047856663898734414,0.035,0.25,0.5,0.795,0.99,1.0,1.0,0.047856663898734414,0.122166769787131,0.1530595562508202,0.18186557633875644,0.21232912938094592,0.23568570252820595,0.2489209481126294
Qwen/Qwen3-0.6B,2,composition,,dev_A,A,3,score,positional_bigram,own_target,200,200,0.2653651254470067,0.08867157896516328,0.13,0.5,0.64,0.84,0.97,0.995,1.0,0.08867157896516328,0.36133096008691823,0.5028403690609894,0.652985576014934,0.7905852515196315,0.863745688725831,0.8940054849933766
Qwen/Qwen3-0.6B,2,composition,,dev_A,A,3,score,positional_bigram,minus_bias_only,200,200,0.015622287760536315,1.802755377809259e-05,0.0,0.0,0.0,0.0,0.43,0.87,1.0,1.802755377809259e-05,0.00014420519287633232,0.0002883755649848311,0.0005766118946043855,0.0011526672291162319,0.0018000651658591949,0.0022492337753157354
Qwen/Qwen3-0.6B,2,composition,,dev_A,A,3,score,positional_bigram,shuffled_program_bias,200,200,0.13891548761103426,0.04785666389873445,0.035,0.25,0.5,0.795,0.99,1.0,1.0,0.04785666389873445,0.1221667697871311,0.1530595562508203,0.18186557633875644,0.21232912938094592,0.2356857025282059,0.24892094811262933
Qwen/Qwen3-0.6B,2,composition,,dev_A,A,3,score,full,own_target,200,200,0.25958298922412903,0.09231560128064906,0.125,0.465,0.59,0.81,0.96,0.995,1.0,0.09231560128064906,0.3649433477673833,0.5006049239901902,0.6458216746837643,0.7853775745324134,0.8615708105074686,0.8929194520737381
Qwen/Qwen3-0.6B,2,composition,,dev_A,A,3,score,full,minus_bias_only,200,200,0.014395188251593352,5.695284408420567e-05,0.0,0.0,0.0,0.0,0.37,0.76,1.0,5.695284408420567e-05,0.00045543232749673137,0.0009104298006632117,0.0018191227600720433,0.003631318698513075,0.005661810328391244,0.007066777057176503
Qwen/Qwen3-0.6B,2,composition,,dev_A,A,3,score,full,shuffled_program_bias,200,200,0.1542912320971747,0.05413004438104221,0.06,0.245,0.51,0.765,0.99,0.995,1.0,0.05413004438104221,0.16136264937692082,0.20560989393750667,0.250687339883903,0.2977876017729972,0.33088145354295717,0.34858932670762555
Qwen/Qwen3-0.6B,2,composition,,dev_A,A,3,score,train_frequency,task_blind,200,200,0.07518410567300605,0.023230476190476194,0.015,0.1275,0.312,0.65,0.8675,1.0,1.0,0.023230476190476194,0.16773864595650576,0.3004712403400752,0.49205271419594004,0.7069391248841798,0.8262803491206725,0.8749736050486825
Qwen/Qwen3-0.6B,2,composition,,dev_A,A,3,score,train_antifrequency,task_blind,200,200,0.013813597036078255,0.0011901588505375442,0.0,0.0,0.0,0.0,0.30000000000000004,0.8242857142857142,1.0,0.0011901588505375442,0.009471090930378465,0.018828476031408647,0.03720838090782799,0.07267121904816198,0.11059722092639167,0.1357715385323209
Qwen/Qwen3-0.6B,2,composition,,dev_A,A,3,score,train_unseen_first,task_blind,200,200,0.014007561805081305,0.00909131167900183,0.0,0.0,0.0,0.0,0.3644634479444606,0.8105423057954704,1.0,0.00909131167900183,0.06987116099389462,0.133622115254359,0.24515113930864682,0.41774930146932987,0.5550696537730985,0.6262384492399538
Qwen/Qwen3-0.6B,2,composition,,dev_B,B,3,score,raw,own_target,200,200,0.016039562820767787,0.002225892182300351,0.0,0.0,0.0,0.065,0.38,0.71,1.0,0.002225892182300351,0.01747034309585693,0.03419678964640236,0.06557451693296994,0.12100248436696077,0.17364713851603675,0.2052668510302546
Qwen/Qwen3-0.6B,2,composition,,dev_B,B,3,score,unigram,own_target,200,200,0.015328127881393145,0.0013088972368296972,0.0,0.0,0.0,0.045,0.365,0.76,1.0,0.0013088972368296972,0.010364530693450742,0.02049029460609301,0.04005626051018282,0.07664433284402603,0.11417457136255706,0.13823010880991127
Qwen/Qwen3-0.6B,2,composition,,dev_B,B,3,score,unigram,minus_bias_only,200,200,0.028416333604431784,0.005675105995807284,0.0,0.04,0.04,0.305,0.505,0.825,1.0,0.005675105995807284,0.04292353086290862,0.08096864527087021,0.14620420351758864,0.24849985733903016,0.3364437265286682,0.38630319998752927
Qwen/Qwen3-0.6B,2,composition,,dev_B,B,3,score,unigram,shuffled_program_bias,200,200,0.015604586354611549,0.0008302568774121784,0.0,0.0,0.0,0.09,0.295,0.75,1.0,0.0008302568774121784,0.00654101450401216,0.012857341003574073,0.024854225094697438,0.046549149630840676,0.06780342962519573,0.08090058861186505
Qwen/Qwen3-0.6B,2,composition,,dev_B,B,3,score,positional,own_target,200,200,0.015342355856836552,0.001346413500297019,0.0,0.0,0.0,0.025,0.39,0.85,1.0,0.001346413500297019,0.010669077985026339,0.021108663430720553,0.041325232646606286,0.07927748689449926,0.11838869675832826,0.14354351538382676
Qwen/Qwen3-0.6B,2,composition,,dev_B,B,3,score,positional,minus_bias_only,200,200,0.03712461374514346,0.0066655172839216155,0.0,0.055,0.19,0.33,0.44,0.905,1.0,0.0066655172839216155,0.050158633203141276,0.09385922645559422,0.16594448382366672,0.26800667274568263,0.3429719289261769,0.3806736634498784
Qwen/Qwen3-0.6B,2,composition,,dev_B,B,3,score,positional,shuffled_program_bias,200,200,0.02065478815868875,0.0017254025727503025,0.0,0.02,0.075,0.11,0.33,0.71,1.0,0.0017254025727503025,0.012981149813354884,0.024278826944027155,0.04287096634439165,0.06916623970829576,0.0888335457633773,0.09914030553832559
Qwen/Qwen3-0.6B,2,composition,,dev_B,B,3,score,bigram,own_target,200,200,0.05900261498587966,0.012227987797563867,0.0,0.14,0.275,0.475,0.755,0.915,1.0,0.012227987797563867,0.0900172306454734,0.16477642611501397,0.28116592288229564,0.4337581373324029,0.53984778019813,0.5920786951976617
Qwen/Qwen3-0.6B,2,composition,,dev_B,B,3,score,bigram,minus_bias_only,200,200,0.047461031959164506,0.00026102624082074136,0.0,0.0,0.26,0.72,1.0,1.0,1.0,0.00026102624082074136,0.0020833312480466287,0.00415555678557854,0.008266980300294356,0.016359715823894366,0.025261360962625767,0.03131995006465457
Qwen/Qwen3-0.6B,2,composition,,dev_B,B,3,score,bigram,shuffled_program_bias,200,200,0.043905579073398975,0.006001834595114772,0.0,0.055,0.085,0.16,0.465,0.745,1.0,0.006001834595114772,0.030701943765884424,0.04209971134040037,0.050219510730515456,0.05550447165252687,0.05859274264277282,0.06014376771059451
Qwen/Qwen3-0.6B,2,composition,,dev_B,B,3,score,positional_bigram,own_target,200,200,0.05900261498587966,0.01222798779756381,0.0,0.14,0.275,0.475,0.755,0.915,1.0,0.01222798779756381,0.09001723064547301,0.1647764261150133,0.2811659228822947,0.4337581373324017,0.5398477801981287,0.5920786951976607
Qwen/Qwen3-0.6B,2,composition,,dev_B,B,3,score,positional_bigram,minus_bias_only,200,200,0.047461031959164506,0.000261026240820741,0.0,0.0,0.26,0.72,1.0,1.0,1.0,0.000261026240820741,0.002083331248046626,0.004155556785578534,0.008266980300294345,0.01635971582389435,0.025261360962625733,0.03131995006465454
Qwen/Qwen3-0.6B,2,composition,,dev_B,B,3,score,positional_bigram,shuffled_program_bias,200,200,0.043905579073398975,0.0060018345951147745,0.0,0.055,0.085,0.16,0.465,0.745,1.0,0.0060018345951147745,0.030701943765884438,0.04209971134040037,0.050219510730515456,0.05550447165252688,0.05859274264277284,0.060143767710594515
Qwen/Qwen3-0.6B,2,composition,,dev_B,B,3,score,full,own_target,200,200,0.08677292611521617,0.019185500411680968,0.005,0.23,0.34,0.55,0.745,0.925,1.0,0.019185500411680968,0.13026713222767114,0.22380340129490725,0.3534936083329086,0.5068011987623037,0.6070022861031502,0.655107591458111
Qwen/Qwen3-0.6B,2,composition,,dev_B,B,3,score,full,minus_bias_only,200,200,0.05042399378891254,0.001632273650301168,0.0,0.12,0.23,0.615,1.0,1.0,1.0,0.001632273650301168,0.012724314863922077,0.02472171700484336,0.04674997342386705,0.08421548940662012,0.11828150998269851,0.13817147885381562
Qwen/Qwen3-0.6B,2,composition,,dev_B,B,3,score,full,shuffled_program_bias,200,200,0.039492029119797475,0.008098611506400592,0.005,0.055,0.08,0.18,0.435,0.74,1.0,0.008098611506400592,0.03721469510422222,0.04752485817110232,0.05395995811300956,0.058946890649799924,0.06237607692552276,0.06428214112736927
Qwen/Qwen3-0.6B,2,composition,,dev_B,B,3,score,train_frequency,task_blind,200,200,0.009924886738241658,0.00038095238095238107,0.0,0.0,0.0,0.0,0.0,0.4565217391304347,1.0,0.00038095238095238107,0.003043558650075675,0.0060778540508949,0.012118767791925823,0.02409067105105702,0.03738572844563032,0.046511695822809625
Qwen/Qwen3-0.6B,2,composition,,dev_B,B,3,score,train_antifrequency,task_blind,200,200,0.09601494013013269,0.02062461850020644,0.021739130434782594,0.17391304347826084,0.3478260869565217,0.6956521739130433,1.0,1.0,1.0,0.02062461850020644,0.15356529081616016,0.2835482830888684,0.4866969373350916,0.7365199658588253,0.8755719490071155,0.9260994155389659
Qwen/Qwen3-0.6B,2,composition,,dev_B,B,3,score,train_unseen_first,task_blind,200,200,0.09601494013013269,0.013322235759508442,0.021739130434782594,0.17391304347826084,0.3478260869565217,0.6956521739130433,1.0,1.0,1.0,0.013322235759508442,0.1017386189623677,0.19312649133636564,0.348955141016836,0.5761405915915921,0.738462417123654,0.812967261787282
Qwen/Qwen3-0.6B,2,composition,,dev_C,C,3,score,raw,own_target,200,200,0.2648912823404474,0.08867909297680952,0.155,0.425,0.64,0.85,0.965,0.99,1.0,0.08867909297680952,0.3665418130607755,0.5096664216728156,0.6656754746082992,0.8040822443284281,0.870044508153486,0.8949794663272956
Qwen/Qwen3-0.6B,2,composition,,dev_C,C,3,score,unigram,own_target,200,200,0.20158539239343137,0.08520940267302266,0.1,0.355,0.54,0.76,0.95,0.98,1.0,0.08520940267302266,0.3114373293986013,0.4342838750813945,0.5793557470087835,0.7222541349747144,0.7983510447479337,0.8298779633980294
Qwen/Qwen3-0.6B,2,composition,,dev_C,C,3,score,unigram,minus_bias_only,200,200,0.028527565117728096,0.006839041904186115,0.0,0.025,0.065,0.185,0.505,0.76,1.0,0.006839041904186115,0.051551654369044055,0.09688142687951207,0.17371148487106147,0.29169972590932547,0.39091400593867576,0.446539637599513
Qwen/Qwen3-0.6B,2,composition,,dev_C,C,3,score,unigram,shuffled_program_bias,200,200,0.20706232328252652,0.0833913498241116,0.08,0.355,0.49,0.77,0.955,0.99,1.0,0.0833913498241116,0.2943897629758486,0.3734085536755032,0.448808611273029,0.5331010089489736,0.5966254597878968,0.630915852609791
Qwen/Qwen3-0.6B,2,composition,,dev_C,C,3,score,positional,own_target,200,200,0.23667765841306887,0.08474968895150979,0.135,0.355,0.57,0.83,0.945,0.975,1.0,0.08474968895150979,0.31447767923994735,0.4386428975318054,0.5823160945751676,0.7226324393102007,0.7985084684193552,0.8304473158205262
Qwen/Qwen3-0.6B,2,composition,,dev_C,C,3,score,positional,minus_bias_only,200,200,0.021751700539819736,0.004182371443480991,0.0,0.0,0.045,0.16,0.58,0.895,1.0,0.004182371443480991,0.03250714745362612,0.06297177002324694,0.11852342766250684,0.21221156257735785,0.29688689199688995,0.34612563521207407
Qwen/Qwen3-0.6B,2,composition,,dev_C,C,3,score,positional,shuffled_program_bias,200,200,0.18065726962717565,0.07655521720946319,0.07,0.335,0.48,0.725,0.955,0.995,1.0,0.07655521720946319,0.26290958313867513,0.3416988417293181,0.421680153728753,0.5088113422805748,0.571002112917157,0.6034872849630952
Qwen/Qwen3-0.6B,2,composition,,dev_C,C,3,score,bigram,own_target,200,200,0.19091840242325325,0.06359001735688097,0.075,0.365,0.59,0.8,0.92,0.97,1.0,0.06359001735688097,0.2837045761483024,0.41383112762752033,0.5709021270717005,0.7276064730080367,0.8111075349407675,0.8450290287419706
Qwen/Qwen3-0.6B,2,composition,,dev_C,C,3,score,bigram,minus_bias_only,200,200,0.014626338888441958,1.6479171901781688e-05,0.0,0.0,0.0,0.0,0.345,0.835,1.0,1.6479171901781688e-05,0.00013181988502475696,0.0002636089423813113,0.0005270946191930671,0.0010536965366324269,0.0016455356578523861,0.002056169244720469
Qwen/Qwen3-0.6B,2,composition,,dev_C,C,3,score,bigram,shuffled_program_bias,200,200,0.12680151241810356,0.02581838778977331,0.02,0.245,0.435,0.74,0.95,0.99,1.0,0.02581838778977331,0.08198340770895583,0.11340034456329699,0.14735236857865025,0.18359167405205126,0.20994942380139578,0.22429312837295337
Qwen/Qwen3-0.6B,2,composition,,dev_C,C,3,score,positional_bigram,own_target,200,200,0.19091840242325325,0.06359001735688107,0.075,0.365,0.59,0.8,0.92,0.97,1.0,0.06359001735688107,0.28370457614830286,0.4138311276275208,0.5709021270717008,0.7276064730080368,0.8111075349407675,0.8450290287419705
Qwen/Qwen3-0.6B,2,composition,,dev_C,C,3,score,positional_bigram,minus_bias_only,200,200,0.014626338888441958,1.6479171901781708e-05,0.0,0.0,0.0,0.0,0.345,0.835,1.0,1.6479171901781708e-05,0.00013181988502475713,0.0002636089423813116,0.0005270946191930678,0.0010536965366324284,0.0016455356578523883,0.0020561692447204714
Qwen/Qwen3-0.6B,2,composition,,dev_C,C,3,score,positional_bigram,shuffled_program_bias,200,200,0.12680151241810356,0.025818387789773314,0.02,0.245,0.435,0.74,0.95,0.99,1.0,0.025818387789773314,0.08198340770895583,0.11340034456329694,0.1473523685786502,0.1835916740520512,0.2099494238013956,0.2242931283729533
Qwen/Qwen3-0.6B,2,composition,,dev_C,C,3,score,full,own_target,200,200,0.20189043206115762,0.06659447224369186,0.105,0.35,0.49,0.735,0.91,0.97,1.0,0.06659447224369186,0.2849817597574767,0.41129416492805615,0.563988855456407,0.7208119538991992,0.8066899797702202,0.8418743889671768
Qwen/Qwen3-0.6B,2,composition,,dev_C,C,3,score,full,minus_bias_only,200,200,0.01361354701899648,5.0190636126537444e-05,0.0,0.0,0.0,0.0,0.295,0.715,1.0,5.0190636126537444e-05,0.0004013611272896375,0.0008023478641084808,0.0016032005883004187,0.0032004399236651602,0.004990256437674221,0.006228802928070827
Qwen/Qwen3-0.6B,2,composition,,dev_C,C,3,score,full,shuffled_program_bias,200,200,0.1283817228154259,0.038126713317628375,0.025,0.25,0.445,0.705,0.955,0.985,1.0,0.038126713317628375,0.14849188188935503,0.19577140407990257,0.24047366138495105,0.2840062948316568,0.31275587760180534,0.32777901711635127
Qwen/Qwen3-0.6B,2,composition,,dev_C,C,3,score,train_frequency,task_blind,200,200,0.07661139764621193,0.022584761904761903,0.015,0.1475,0.273,0.605,0.87125,1.0,1.0,0.022584761904761903,0.1632201000493237,0.2928084959791996,0.48125881257170655,0.6964288627361668,0.8187367236456996,0.8692977157523072
Qwen/Qwen3-0.6B,2,composition,,dev_C,C,3,score,train_antifrequency,task_blind,200,200,0.014179615320010273,0.0011873236021688425,0.0,0.0,0.0,0.0,0.3766666666666667,0.8457142857142855,1.0,0.0011873236021688425,0.009447212271611634,0.018778073417212424,0.03709755052038183,0.07241363541682257,0.11014106533919668,0.13516137344557785
Qwen/Qwen3-0.6B,2,composition,,dev_C,C,3,score,train_unseen_first,task_blind,200,200,0.0139427801280884,0.008944282379610966,0.0,0.0,0.0,0.0,0.358549947234824,0.8043575934481997,1.0,0.008944282379610966,0.06872441286090299,0.13140809649694923,0.24108764878545877,0.4111741170609642,0.5472500862783856,0.6182362794937434
Qwen/Qwen3-0.6B,2,composition,,dev_D,D,3,score,raw,own_target,200,200,0.01519269205327106,0.002013400859477856,0.0,0.0,0.0,0.03,0.375,0.695,1.0,0.002013400859477856,0.01581979815485552,0.031004463053238087,0.05959991727864284,0.11051161395441092,0.1594258918180998,0.18911389549515906
Qwen/Qwen3-0.6B,2,composition,,dev_D,D,3,score,unigram,own_target,200,200,0.015120236467333643,0.0012211771856678745,0.0,0.0,0.0,0.055,0.34,0.7,1.0,0.0012211771856678745,0.009662098366354637,0.019084353295992274,0.037242809161833874,0.0710304231004928,0.10546509757611686,0.1274217658527053
Qwen/Qwen3-0.6B,2,composition,,dev_D,D,3,score,unigram,minus_bias_only,200,200,0.02873380698081113,0.005749878815025219,0.0,0.04,0.04,0.32,0.49,0.83,1.0,0.005749878815025219,0.04346701856431667,0.08194093711080494,0.14774901001090712,0.25037504310131736,0.3379447402786562,0.3873280204250208
Qwen/Qwen3-0.6B,2,composition,,dev_D,D,3,score,unigram,shuffled_program_bias,200,200,0.014547772148818604,0.0006311667699184335,0.0,0.0,0.005,0.045,0.21,0.715,1.0,0.0006311667699184335,0.004977855652692717,0.009796943322962685,0.01898690837303045,0.035751789308689656,0.052406559097613846,0.06281257599545091
Qwen/Qwen3-0.6B,2,composition,,dev_D,D,3,score,positional,own_target,200,200,0.01494821624896721,0.0012045877386394773,0.0,0.0,0.0,0.035,0.33,0.8,1.0,0.0012045877386394773,0.009544367762980904,0.018881586512827352,0.036958728617573634,0.07088182293576212,0.10583230593733553,0.12831292809775344
Qwen/Qwen3-0.6B,2,composition,,dev_D,D,3,score,positional,minus_bias_only,200,200,0.04182753101318257,0.007604958869556128,0.0,0.11,0.205,0.345,0.425,0.88,1.0,0.007604958869556128,0.056557624870978,0.10455785552414032,0.18111481392728532,0.2840954306889127,0.356205906716286,0.3916393223038173
Qwen/Qwen3-0.6B,2,composition,,dev_D,D,3,score,positional,shuffled_program_bias,200,200,0.016531372443088953,0.0010248333793988235,0.0,0.005,0.04,0.08,0.24,0.7,1.0,0.0010248333793988235,0.007823944625476427,0.014868232061698865,0.027034970482165147,0.04579000611917809,0.06124247445488706,0.06980067275547885
Qwen/Qwen3-0.6B,2,composition,,dev_D,D,3,score,bigram,own_target,200,200,0.05166695817415537,0.01068800305197369,0.0,0.11,0.24,0.43,0.685,0.93,1.0,0.01068800305197369,0.07896865831884518,0.1451795965054285,0.24986351867017492,0.39126122727135454,0.4930366752949024,0.5442527733170266
Qwen/Qwen3-0.6B,2,composition,,dev_D,D,3,score,bigram,minus_bias_only,200,200,0.04813048039508706,0.0002802929745502135,0.0,0.0,0.26,0.71,1.0,1.0,1.0,0.0002802929745502135,0.002236877897359699,0.004461316279160988,0.008873217357923523,0.017551480666613817,0.027088103816593465,0.03357342339824184
Qwen/Qwen3-0.6B,2,composition,,dev_D,D,3,score,bigram,shuffled_program_bias,200,200,0.027975714345902344,0.0034210087178641858,0.0,0.025,0.06,0.105,0.36,0.74,1.0,0.0034210087178641858,0.015409177051085975,0.019961191868653486,0.023504576031014333,0.027116191596295237,0.030268476173067674,0.032186187473376905
Qwen/Qwen3-0.6B,2,composition,,dev_D,D,3,score,positional_bigram,own_target,200,200,0.05166695817415537,0.010688003051973642,0.0,0.11,0.24,0.43,0.685,0.93,1.0,0.010688003051973642,0.07896865831884486,0.14517959650542792,0.2498635186701741,0.3912612272713534,0.49303667529490125,0.5442527733170255
Qwen/Qwen3-0.6B,2,composition,,dev_D,D,3,score,positional_bigram,minus_bias_only,200,200,0.04813048039508706,0.00028029297455021306,0.0,0.0,0.26,0.71,1.0,1.0,1.0,0.00028029297455021306,0.002236877897359696,0.00446131627916098,0.008873217357923511,0.01755148066661379,0.02708810381659342,0.03357342339824179
Qwen/Qwen3-0.6B,2,composition,,dev_D,D,3,score,positional_bigram,shuffled_program_bias,200,200,0.027975714345902344,0.0034210087178641884,0.0,0.025,0.06,0.105,0.36,0.74,1.0,0.0034210087178641884,0.015409177051085986,0.019961191868653493,0.023504576031014336,0.027116191596295244,0.030268476173067684,0.03218618747337691
Qwen/Qwen3-0.6B,2,composition,,dev_D,D,3,score,full,own_target,200,200,0.07784865632212723,0.017673277152758984,0.005,0.195,0.285,0.485,0.695,0.885,1.0,0.017673277152758984,0.11745566872424312,0.20015477235022877,0.3168214543895848,0.4616473645084688,0.561418157238108,0.6107057483340369
Qwen/Qwen3-0.6B,2,composition,,dev_D,D,3,score,full,minus_bias_only,200,200,0.05063859448165012,0.00161433395679054,0.0,0.11,0.245,0.665,1.0,1.0,1.0,0.00161433395679054,0.012596343487286022,0.02449947717407272,0.04642937940522321,0.08399272389317325,0.11850973603708609,0.1388565079323104
Qwen/Qwen3-0.6B,2,composition,,dev_D,D,3,score,full,shuffled_program_bias,200,200,0.02664745277333463,0.003264984475673255,0.005,0.02,0.06,0.125,0.365,0.73,1.0,0.003264984475673255,0.015086994538577371,0.020198402545395094,0.024542993752111254,0.02923272205796346,0.033522690685250385,0.03617768698892601
Qwen/Qwen3-0.6B,2,composition,,dev_D,D,3,score,train_frequency,task_blind,200,200,0.009928731380612718,0.00038285714285714296,0.0,0.0,0.0,0.0,0.0,0.45778985507246367,1.0,0.00038285714285714296,0.0030587359011821046,0.00610807009760975,0.012178649986015855,0.024208266866993178,0.03756573591336095,0.046733520136476
Qwen/Qwen3-0.6B,2,composition,,dev_D,D,3,score,train_antifrequency,task_blind,200,200,0.09629412926192338,0.020727741592707474,0.021847826086956505,0.17464734299516904,0.3489855072463767,0.696734299516908,1.0,1.0,1.0,0.020727741592707474,0.1542278953319737,0.2845821770612862,0.4879646202091368,0.7374999728884662,0.8761200363293937,0.9264430848377105
Qwen/Qwen3-0.6B,2,composition,,dev_D,D,3,score,train_unseen_first,task_blind,200,200,0.09629412926192338,0.013388846938305984,0.021847826086956505,0.17464734299516904,0.3489855072463767,0.696734299516908,1.0,1.0,1.0,0.013388846938305984,0.10220143852151051,0.19391511682023427,0.35010339700845594,0.5773720255474154,0.739434274644957,0.8137314603659405
