sampler,seed,step,block,task_id,group_class,mean_reward,cumulative_tasks_reached,cumulative_unique_correct_programs,correct_count,unique_answers,sample_entropy_nats,collision_fraction,unique_correct_answers,correct_sample_entropy_nats
iid,0,1,1,344e65a062c043b7d4f1,all_wrong,0.0,0,0,0,3,0.7356219397587946,0.5357142857142857,0,
iid,0,2,1,ff8e32ab6bd1b8ccbd62,all_wrong,0.0,0,0,0,2,0.37677016125643675,0.75,0,
iid,0,3,1,acd00e67c207b241a9cb,all_wrong,0.0,0,0,0,1,-0.0,1.0,0,
iid,0,4,1,55e041f525a03550457f,all_wrong,0.0,0,0,0,1,-0.0,1.0,0,
iid,0,5,1,7823aeee84310d484a67,all_wrong,0.0,0,0,0,2,0.37677016125643675,0.75,0,
iid,0,6,1,2853ebfbf4ff1fef974a,all_wrong,0.0,0,0,0,1,-0.0,1.0,0,
iid,0,7,1,4eb9d2f867a1743e1f5a,all_wrong,0.0,0,0,0,1,-0.0,1.0,0,
iid,0,8,1,eb7b85e4ff7846becf1d,all_wrong,0.0,0,0,0,1,-0.0,1.0,0,
iid,0,9,1,9a4f281f7c0a352a29d6,all_wrong,0.0,0,0,0,1,-0.0,1.0,0,
iid,0,10,1,f1752a0aba86c25de9b1,all_wrong,0.0,0,0,0,1,-0.0,1.0,0,
iid,0,11,1,c0b94ee8f8bd2e7f22d3,all_wrong,0.0,0,0,0,1,-0.0,1.0,0,
iid,0,12,1,8fd5c706abca9e556c21,all_wrong,0.0,0,0,0,1,-0.0,1.0,0,
iid,0,13,1,295c1c6b0676ebeaafb8,all_wrong,0.0,0,0,0,2,0.37677016125643675,0.75,0,
iid,0,14,1,92618aede71d2a8a4da7,all_wrong,0.0,0,0,0,1,-0.0,1.0,0,
iid,0,15,1,04be5cc9a0a5f0df27d5,all_wrong,0.0,0,0,0,1,-0.0,1.0,0,
iid,0,16,1,6f371b0dc9c288435fa6,all_wrong,0.0,0,0,0,2,0.37677016125643675,0.75,0,
iid,0,17,1,9afd1cb37fbc81c8f3d9,all_wrong,0.0,0,0,0,1,-0.0,1.0,0,
iid,0,18,1,58d0961cf85a13acbb24,all_wrong,0.0,0,0,0,1,-0.0,1.0,0,
iid,0,19,1,fccb2867d126ccc3f76c,all_wrong,0.0,0,0,0,2,0.37677016125643675,0.75,0,
iid,0,20,1,77eaf86db56beb9cc52a,all_wrong,0.0,0,0,0,2,0.37677016125643675,0.75,0,
iid,0,21,1,16097a9b65351ea2f108,all_wrong,0.0,0,0,0,5,1.4941751382893085,0.14285714285714285,0,
iid,0,22,1,83b86db2e855a54563c0,all_wrong,0.0,0,0,0,1,-0.0,1.0,0,
iid,0,23,1,b0a836d114a63c51f3e4,all_wrong,0.0,0,0,0,1,-0.0,1.0,0,
iid,0,24,1,ecc7e2a8af6bd82a7d27,all_wrong,0.0,0,0,0,1,-0.0,1.0,0,
iid,0,25,1,a850fa6c6828c7ded14c,all_wrong,0.0,0,0,0,1,-0.0,1.0,0,
iid,0,26,2,b4c334126e21ffe44d18,all_wrong,0.0,0,0,0,1,-0.0,1.0,0,
iid,0,27,2,7c2cce2380ac777225f6,all_wrong,0.0,0,0,0,2,0.6615632381579821,0.4642857142857143,0,
iid,0,28,2,9892c1d68cd283371348,all_wrong,0.0,0,0,0,1,-0.0,1.0,0,
iid,0,29,2,037b7eb668db0dd99b57,all_wrong,0.0,0,0,0,3,1.0821955300387671,0.25,0,
iid,0,30,2,a72a59cf237e141977a2,all_wrong,0.0,0,0,0,1,-0.0,1.0,0,
iid,0,31,2,ed74be1f173685366128,all_wrong,0.0,0,0,0,3,0.9002560512685369,0.39285714285714285,0,
iid,0,32,2,25f7e42df573b5f79d2f,all_wrong,0.0,0,0,0,1,-0.0,1.0,0,
iid,0,33,2,60bd24c8aab981664ee8,all_wrong,0.0,0,0,0,2,0.6931471805599453,0.42857142857142855,0,
iid,0,34,2,24f259a8ad87bc3bee7b,all_wrong,0.0,0,0,0,3,0.7356219397587946,0.5357142857142857,0,
iid,0,35,2,7ec1b6d67b420c846378,all_wrong,0.0,0,0,0,1,-0.0,1.0,0,
iid,0,36,2,40cc6b0d2ada49f0a241,all_wrong,0.0,0,0,0,1,-0.0,1.0,0,
iid,0,37,2,d68c968d706a8bfe92dc,all_wrong,0.0,0,0,0,1,-0.0,1.0,0,
iid,0,38,2,3e84221eab9a1a4b91a0,all_wrong,0.0,0,0,0,4,1.0735428464085233,0.35714285714285715,0,
iid,0,39,2,ecc63954c643d1a88a69,all_wrong,0.0,0,0,0,1,-0.0,1.0,0,
iid,0,40,2,ec55a18c3af5c6989c36,all_wrong,0.0,0,0,0,1,-0.0,1.0,0,
iid,0,41,2,98a0bf2389fdbf5ecd98,all_wrong,0.0,0,0,0,2,0.37677016125643675,0.75,0,
iid,0,42,2,f665c1af2c96c415ae4f,all_wrong,0.0,0,0,0,2,0.6931471805599453,0.42857142857142855,0,
iid,0,43,2,912342bd3661f2a0edef,all_wrong,0.0,0,0,0,1,-0.0,1.0,0,
iid,0,44,2,40696ae20d712c7ef99c,all_wrong,0.0,0,0,0,2,0.37677016125643675,0.75,0,
iid,0,45,2,663615844bbe432868b1,all_wrong,0.0,0,0,0,2,0.6931471805599453,0.42857142857142855,0,
iid,0,46,2,d1dbf37dad1c6d585307,all_wrong,0.0,0,0,0,1,-0.0,1.0,0,
iid,0,47,2,e120fa84b3331cd1bdfe,all_wrong,0.0,0,0,0,1,-0.0,1.0,0,
iid,0,48,2,285cc2d99bc64773d128,all_wrong,0.0,0,0,0,3,0.9002560512685369,0.39285714285714285,0,
iid,0,49,2,c080b7705371fbd18af9,all_wrong,0.0,0,0,0,4,1.2130075659799042,0.25,0,
iid,0,50,2,ed34fcfa3a095d03cb61,all_wrong,0.0,0,0,0,2,0.6615632381579821,0.4642857142857143,0,
iid,0,51,3,3012f8218334b0882801,all_wrong,0.0,0,0,0,1,-0.0,1.0,0,
iid,0,52,3,474db377df5acbb5d0c3,all_wrong,0.0,0,0,0,1,-0.0,1.0,0,
iid,0,53,3,1024659a78eaf340da4e,all_wrong,0.0,0,0,0,1,-0.0,1.0,0,
iid,0,54,3,261af030ee95227ce2c8,all_wrong,0.0,0,0,0,1,-0.0,1.0,0,
iid,0,55,3,3c58229f4e9cbda91be5,all_wrong,0.0,0,0,0,2,0.6931471805599453,0.42857142857142855,0,
iid,0,56,3,584024edc0865d1e66c1,all_wrong,0.0,0,0,0,1,-0.0,1.0,0,
iid,0,57,3,013b955ed2c9d6feeb28,all_wrong,0.0,0,0,0,2,0.5623351446188083,0.5714285714285714,0,
iid,0,58,3,7114759266ada9575ded,all_wrong,0.0,0,0,0,1,-0.0,1.0,0,
iid,0,59,3,fd3d7a2c987035d5e8c1,all_wrong,0.0,0,0,0,1,-0.0,1.0,0,
iid,0,60,3,dc1a6d20f0fa146b62f2,all_wrong,0.0,0,0,0,3,1.0821955300387673,0.25,0,
iid,0,61,3,76b7e95f2c5d8f517843,all_wrong,0.0,0,0,0,2,0.37677016125643675,0.75,0,
iid,0,62,3,5b759cdfc67909c722c7,all_wrong,0.0,0,0,0,2,0.37677016125643675,0.75,0,
iid,0,63,3,5511a7e3832427045228,all_wrong,0.0,0,0,0,4,1.3208883431493221,0.17857142857142858,0,
iid,0,64,3,670146be6d32a043bf49,all_wrong,0.0,0,0,0,1,-0.0,1.0,0,
iid,0,65,3,6aa54196eb4a8e4964c0,all_wrong,0.0,0,0,0,1,-0.0,1.0,0,
iid,0,66,3,4198150f0b2baf30e430,all_wrong,0.0,0,0,0,1,-0.0,1.0,0,
iid,0,67,3,b376ab06e82f60a7c613,all_wrong,0.0,0,0,0,1,-0.0,1.0,0,
iid,0,68,3,7741fff7c0d9471d9963,all_wrong,0.0,0,0,0,3,0.9002560512685369,0.39285714285714285,0,
iid,0,69,3,f9e7b4b67374cd48b677,all_wrong,0.0,0,0,0,1,-0.0,1.0,0,
iid,0,70,3,33c7285a84f38344a733,all_wrong,0.0,0,0,0,1,-0.0,1.0,0,
iid,0,71,3,ebd9684ddbd2052363b4,all_wrong,0.0,0,0,0,2,0.6615632381579821,0.4642857142857143,0,
iid,0,72,3,6273147a5dd10058351d,all_wrong,0.0,0,0,0,1,-0.0,1.0,0,
iid,0,73,3,e08246e900811f8d8911,all_wrong,0.0,0,0,0,2,0.37677016125643675,0.75,0,
iid,0,74,3,bcc13ad79509a1a2a0fd,mixed,0.125,1,1,1,3,0.9002560512685369,0.39285714285714285,1,-0.0
iid,0,75,3,c99880e9145a7b0a8ef4,all_wrong,0.0,1,1,0,2,0.6931471805599453,0.42857142857142855,0,
iid,0,76,4,6bcbfe751dedfec8fa6a,all_wrong,0.0,1,1,0,1,-0.0,1.0,0,
iid,0,77,4,ed65448eeda9dc2f1ad3,all_wrong,0.0,1,1,0,2,0.37677016125643675,0.75,0,
iid,0,78,4,dd60c963a673ec62bd53,all_wrong,0.0,1,1,0,1,-0.0,1.0,0,
iid,0,79,4,1c7002ecf3a5805fb8ea,all_wrong,0.0,1,1,0,1,-0.0,1.0,0,
iid,0,80,4,c3230c325dbe3b046c21,all_wrong,0.0,1,1,0,1,-0.0,1.0,0,
iid,0,81,4,e19815e575c67d65d6d6,all_wrong,0.0,1,1,0,2,0.37677016125643675,0.75,0,
iid,0,82,4,b8610bc345dfbc4c2b94,all_wrong,0.0,1,1,0,1,-0.0,1.0,0,
iid,0,83,4,528d3d894d60c2b26473,all_wrong,0.0,1,1,0,1,-0.0,1.0,0,
iid,0,84,4,6fe6428696d1bda6dcdb,all_wrong,0.0,1,1,0,1,-0.0,1.0,0,
iid,0,85,4,6fddb775dfc78fbffd3f,all_wrong,0.0,1,1,0,1,-0.0,1.0,0,
iid,0,86,4,d62b9ce05813dccdbae5,all_wrong,0.0,1,1,0,1,-0.0,1.0,0,
iid,0,87,4,4db70371d92b545bd09e,all_wrong,0.0,1,1,0,2,0.6615632381579821,0.4642857142857143,0,
iid,0,88,4,ef175a0420dcffd4a635,all_wrong,0.0,1,1,0,1,-0.0,1.0,0,
iid,0,89,4,22196ceeee8485da3677,all_wrong,0.0,1,1,0,1,-0.0,1.0,0,
iid,0,90,4,70802cd8dfb912800eac,all_wrong,0.0,1,1,0,1,-0.0,1.0,0,
iid,0,91,4,e6d56dad889595b1db3b,all_wrong,0.0,1,1,0,2,0.6931471805599453,0.42857142857142855,0,
iid,0,92,4,dc55e5d72251ed53732b,all_wrong,0.0,1,1,0,2,0.37677016125643675,0.75,0,
iid,0,93,4,fcb3ba347163d9983308,all_wrong,0.0,1,1,0,1,-0.0,1.0,0,
iid,0,94,4,1abb8f5eb5e604d3bb10,all_wrong,0.0,1,1,0,2,0.37677016125643675,0.75,0,
iid,0,95,4,7dd7d737d3b8c0981663,all_wrong,0.0,1,1,0,1,-0.0,1.0,0,
iid,0,96,4,4abba5ed5683e973a9b5,all_wrong,0.0,1,1,0,2,0.5623351446188083,0.5714285714285714,0,
iid,0,97,4,596fd88d55ffccc82db1,mixed,0.375,2,2,3,2,0.6615632381579821,0.4642857142857143,1,-0.0
iid,0,98,4,9247fc6a258fa2c52946,all_wrong,0.0,2,2,0,1,-0.0,1.0,0,
iid,0,99,4,d5bdbdb166afffeb25da,all_wrong,0.0,2,2,0,1,-0.0,1.0,0,
iid,0,100,4,8491a8968779a6ac5e3b,all_wrong,0.0,2,2,0,2,0.6615632381579821,0.4642857142857143,0,
iid,0,101,5,ff3131068ead3bdc67f5,all_correct,1.0,3,3,8,1,-0.0,1.0,1,-0.0
iid,0,102,5,0f3d59ce3c2ca503cb3a,all_wrong,0.0,3,3,0,1,-0.0,1.0,0,
iid,0,103,5,bd67c5f394cd058b6a30,all_wrong,0.0,3,3,0,1,-0.0,1.0,0,
iid,0,104,5,947d983c078d61eb73dc,all_wrong,0.0,3,3,0,1,-0.0,1.0,0,
iid,0,105,5,941d1659e299d32b5509,all_correct,1.0,4,3,8,1,-0.0,1.0,1,-0.0
iid,0,106,5,8981c8a2bbb0f7338850,all_wrong,0.0,4,3,0,3,0.9002560512685369,0.39285714285714285,0,
iid,0,107,5,34c2c231b3b0bb437382,all_wrong,0.0,4,3,0,1,-0.0,1.0,0,
iid,0,108,5,da8d740dbe335398ce88,all_correct,1.0,5,3,8,1,-0.0,1.0,1,-0.0
iid,0,109,5,76f90bf6e885e69b0a89,all_wrong,0.0,5,3,0,2,0.37677016125643675,0.75,0,
iid,0,110,5,9db8536e4fd843db257f,mixed,0.25,6,4,2,3,0.9002560512685369,0.39285714285714285,1,-0.0
iid,0,111,5,f528410ef35f647cdf70,all_wrong,0.0,6,4,0,2,0.6931471805599453,0.42857142857142855,0,
iid,0,112,5,9886fb653aa0e0f98c6c,all_wrong,0.0,6,4,0,2,0.37677016125643675,0.75,0,
iid,0,113,5,d1e9cd7b0c49ad949db2,all_wrong,0.0,6,4,0,2,0.5623351446188083,0.5714285714285714,0,
iid,0,114,5,fe0b9f9eb2341c473ef3,all_wrong,0.0,6,4,0,1,-0.0,1.0,0,
iid,0,115,5,873684023f572450072f,all_wrong,0.0,6,4,0,2,0.37677016125643675,0.75,0,
iid,0,116,5,947517d0d59a19a72ad7,all_wrong,0.0,6,4,0,4,1.0735428464085233,0.35714285714285715,0,
iid,0,117,5,c0e8bc1fb6092159dd6f,all_wrong,0.0,6,4,0,2,0.5623351446188083,0.5714285714285714,0,
iid,0,118,5,6ce79849a45a488c196d,all_wrong,0.0,6,4,0,1,-0.0,1.0,0,
iid,0,119,5,05b0a2384ae6a380c7d2,all_wrong,0.0,6,4,0,1,-0.0,1.0,0,
iid,0,120,5,48809c9ccc0ba30c59c9,all_wrong,0.0,6,4,0,1,-0.0,1.0,0,
iid,0,121,5,8d2e2c51a12026ae3f10,all_wrong,0.0,6,4,0,1,-0.0,1.0,0,
iid,0,122,5,05e55afea76e67ea6ccc,all_correct,1.0,7,4,8,1,-0.0,1.0,1,-0.0
iid,0,123,5,650c00763900b7f4e071,all_wrong,0.0,7,4,0,1,-0.0,1.0,0,
iid,0,124,5,194b465fc259ddd42d3c,all_wrong,0.0,7,4,0,1,-0.0,1.0,0,
iid,0,125,5,78d4a79b4b77193c2a38,all_wrong,0.0,7,4,0,1,-0.0,1.0,0,
iid,0,126,6,64c3e013c7bba3ab8a30,all_wrong,0.0,7,4,0,1,-0.0,1.0,0,
iid,0,127,6,7bab8dea0d18f5ff37cb,all_wrong,0.0,7,4,0,3,1.0821955300387671,0.25,0,
iid,0,128,6,23376bee554fd8074c0c,all_wrong,0.0,7,4,0,1,-0.0,1.0,0,
iid,0,129,6,93823a7cc4df2d29e9d1,all_wrong,0.0,7,4,0,2,0.6615632381579821,0.4642857142857143,0,
iid,0,130,6,9146fc6fb12cdebc55c7,all_wrong,0.0,7,4,0,1,-0.0,1.0,0,
iid,0,131,6,468a783e528f80469a12,all_wrong,0.0,7,4,0,1,-0.0,1.0,0,
iid,0,132,6,4d303008bd587932a929,all_wrong,0.0,7,4,0,2,0.6931471805599453,0.42857142857142855,0,
iid,0,133,6,1f0d8a6c547ab1be9881,all_wrong,0.0,7,4,0,2,0.37677016125643675,0.75,0,
iid,0,134,6,2550c7a734bf9d1df18f,all_wrong,0.0,7,4,0,1,-0.0,1.0,0,
iid,0,135,6,dc89697610c74fca8a66,all_wrong,0.0,7,4,0,2,0.5623351446188083,0.5714285714285714,0,
iid,0,136,6,61487b72c6261bf53073,all_wrong,0.0,7,4,0,2,0.37677016125643675,0.75,0,
iid,0,137,6,dbd98eaa0810481218b4,all_wrong,0.0,7,4,0,1,-0.0,1.0,0,
iid,0,138,6,b86ae3e6251fe7792e14,all_wrong,0.0,7,4,0,3,0.9743147528693494,0.32142857142857145,0,
iid,0,139,6,cd0d39d8b07b3b99d88a,all_wrong,0.0,7,4,0,3,0.9743147528693494,0.32142857142857145,0,
iid,0,140,6,7b388d98ae0d944f1925,all_wrong,0.0,7,4,0,1,-0.0,1.0,0,
iid,0,141,6,0942ca362c9bb4e92156,all_correct,1.0,8,4,8,1,-0.0,1.0,1,-0.0
iid,0,142,6,5a8613d101df5db899bd,all_wrong,0.0,8,4,0,6,1.7328679513998633,0.07142857142857142,0,
iid,0,143,6,9fbac876b450cde1cadf,all_wrong,0.0,8,4,0,1,-0.0,1.0,0,
iid,0,144,6,5abe24088e2cc62a64de,all_wrong,0.0,8,4,0,1,-0.0,1.0,0,
iid,0,145,6,8c6e2943c4bb9c2e5cda,all_wrong,0.0,8,4,0,1,-0.0,1.0,0,
iid,0,146,6,fe5aace7fc6d828a6d44,mixed,0.125,9,4,1,3,0.7356219397587946,0.5357142857142857,1,-0.0
iid,0,147,6,18bb600571e811780aeb,all_wrong,0.0,9,4,0,4,1.0735428464085233,0.35714285714285715,0,
iid,0,148,6,ce61e0eb7137279c8cfb,all_wrong,0.0,9,4,0,2,0.5623351446188083,0.5714285714285714,0,
iid,0,149,6,9777165aa1a5c0f1b439,all_wrong,0.0,9,4,0,2,0.5623351446188083,0.5714285714285714,0,
iid,0,150,6,46b190e25d53f7f5f817,all_wrong,0.0,9,4,0,2,0.37677016125643675,0.75,0,
iid,0,151,7,f4c34dd4d2db54587fe7,all_wrong,0.0,9,4,0,1,-0.0,1.0,0,
iid,0,152,7,391b5fce3e24abe2254b,all_wrong,0.0,9,4,0,1,-0.0,1.0,0,
iid,0,153,7,d4a1cfb3981ba5d515d3,all_wrong,0.0,9,4,0,1,-0.0,1.0,0,
iid,0,154,7,055c0b3e9c73b912946f,all_wrong,0.0,9,4,0,1,-0.0,1.0,0,
iid,0,155,7,9ccabee528f1681eb246,all_wrong,0.0,9,4,0,3,1.0397207708399179,0.2857142857142857,0,
iid,0,156,7,c2b55f70979ccb528146,all_wrong,0.0,9,4,0,2,0.37677016125643675,0.75,0,
iid,0,157,7,a0a04fd3d53e65772151,all_wrong,0.0,9,4,0,2,0.37677016125643675,0.75,0,
iid,0,158,7,c9836a00dc3f36bdb5c2,all_wrong,0.0,9,4,0,1,-0.0,1.0,0,
iid,0,159,7,69321ce445a5539853b7,all_wrong,0.0,9,4,0,3,0.7356219397587946,0.5357142857142857,0,
iid,0,160,7,b43b6f62a988f6f5b9e9,all_wrong,0.0,9,4,0,1,-0.0,1.0,0,
iid,0,161,7,069ee2efb67b497c0ac5,all_wrong,0.0,9,4,0,1,-0.0,1.0,0,
iid,0,162,7,9ce1e8b938112d4d4c6c,all_wrong,0.0,9,4,0,1,-0.0,1.0,0,
iid,0,163,7,6c001c7ad666d12885f6,all_wrong,0.0,9,4,0,2,0.37677016125643675,0.75,0,
iid,0,164,7,61d835a76e24f605aefc,all_wrong,0.0,9,4,0,2,0.37677016125643675,0.75,0,
iid,0,165,7,5b40b0801b39319f2601,all_wrong,0.0,9,4,0,1,-0.0,1.0,0,
iid,0,166,7,2e1f9ced3a1d3a3a401c,all_wrong,0.0,9,4,0,2,0.5623351446188083,0.5714285714285714,0,
iid,0,167,7,95eaa1f805e4464e5465,all_wrong,0.0,9,4,0,1,-0.0,1.0,0,
iid,0,168,7,1deb18d5faa29ac53b03,all_wrong,0.0,9,4,0,1,-0.0,1.0,0,
iid,0,169,7,2de4e7cb2a37514cdc4c,all_wrong,0.0,9,4,0,3,0.7356219397587946,0.5357142857142857,0,
iid,0,170,7,0e25805e3a68f642e9a7,all_wrong,0.0,9,4,0,2,0.37677016125643675,0.75,0,
iid,0,171,7,7e6941bc8b261c9bdf46,all_wrong,0.0,9,4,0,1,-0.0,1.0,0,
iid,0,172,7,5e9c3e0f43a4a996cf19,all_wrong,0.0,9,4,0,1,-0.0,1.0,0,
iid,0,173,7,9cf383eaf4a20437d07f,all_wrong,0.0,9,4,0,3,0.9002560512685369,0.39285714285714285,0,
iid,0,174,7,caf85b1966da82476384,all_wrong,0.0,9,4,0,1,-0.0,1.0,0,
iid,0,175,7,5a5b6600675ad49af7fa,all_wrong,0.0,9,4,0,1,-0.0,1.0,0,
iid,0,176,8,a47c9f60d0050c531ce7,all_wrong,0.0,9,4,0,1,-0.0,1.0,0,
iid,0,177,8,ee744132b4161e706199,mixed,0.25,10,4,2,2,0.5623351446188083,0.5714285714285714,1,-0.0
iid,0,178,8,207d3eac8222c945231b,all_wrong,0.0,10,4,0,1,-0.0,1.0,0,
iid,0,179,8,5cc33cd79e147f5aec38,all_wrong,0.0,10,4,0,1,-0.0,1.0,0,
iid,0,180,8,038dbf186d440784b844,all_wrong,0.0,10,4,0,2,0.6615632381579821,0.4642857142857143,0,
iid,0,181,8,e47563a535a1054e5c4b,all_wrong,0.0,10,4,0,1,-0.0,1.0,0,
iid,0,182,8,32dd13b8aae87d07d840,all_wrong,0.0,10,4,0,2,0.37677016125643675,0.75,0,
iid,0,183,8,7fc41e235c90f7dddd90,all_wrong,0.0,10,4,0,1,-0.0,1.0,0,
iid,0,184,8,d3b38e847e624ed82167,all_wrong,0.0,10,4,0,1,-0.0,1.0,0,
iid,0,185,8,fb0836242205e30b2f28,all_wrong,0.0,10,4,0,3,0.9743147528693494,0.32142857142857145,0,
iid,0,186,8,3744e937e15316d76660,all_wrong,0.0,10,4,0,1,-0.0,1.0,0,
iid,0,187,8,ad5efa65c4181f462e3b,all_wrong,0.0,10,4,0,3,0.9002560512685369,0.39285714285714285,0,
iid,0,188,8,35e05333a0e8d104bb11,all_wrong,0.0,10,4,0,1,-0.0,1.0,0,
iid,0,189,8,550066f263874da2c6bf,all_wrong,0.0,10,4,0,1,-0.0,1.0,0,
iid,0,190,8,b84fc00a3abccc9d080e,all_wrong,0.0,10,4,0,1,-0.0,1.0,0,
iid,0,191,8,5a400e19635fe303647f,all_wrong,0.0,10,4,0,1,-0.0,1.0,0,
iid,0,192,8,d4457b06ca71659d6c1e,all_wrong,0.0,10,4,0,4,1.3208883431493221,0.17857142857142858,0,
iid,0,193,8,9108757228d2c727c47b,all_wrong,0.0,10,4,0,3,1.0397207708399179,0.2857142857142857,0,
iid,0,194,8,afaf06828302fc24642b,all_wrong,0.0,10,4,0,4,1.3208883431493221,0.17857142857142858,0,
iid,0,195,8,83f13f48931968a08804,all_wrong,0.0,10,4,0,2,0.37677016125643675,0.75,0,
iid,0,196,8,c4008c5ff93d59fa8e6c,all_wrong,0.0,10,4,0,2,0.37677016125643675,0.75,0,
iid,0,197,8,5ba265e86479190dd2b6,mixed,0.875,11,5,7,2,0.37677016125643675,0.75,1,-0.0
iid,0,198,8,149913b1085c0e7efeb1,all_wrong,0.0,11,5,0,1,-0.0,1.0,0,
iid,0,199,8,4c8afad2b3c02b83f166,all_wrong,0.0,11,5,0,1,-0.0,1.0,0,
iid,0,200,8,d1b1f9d2e1ab7ad7df98,all_wrong,0.0,11,5,0,1,-0.0,1.0,0,
iid,0,201,9,358af1f24c822e0a9a47,all_wrong,0.0,11,5,0,5,1.559581156259877,0.10714285714285714,0,
iid,0,202,9,ea46abb7f2605d636b9a,all_wrong,0.0,11,5,0,2,0.37677016125643675,0.75,0,
iid,0,203,9,579ba8d011d16c0ec216,all_wrong,0.0,11,5,0,1,-0.0,1.0,0,
iid,0,204,9,8b3818b16bb5176cfe5f,all_wrong,0.0,11,5,0,2,0.37677016125643675,0.75,0,
iid,0,205,9,e718645a913043afcbd2,all_wrong,0.0,11,5,0,3,0.9002560512685369,0.39285714285714285,0,
iid,0,206,9,e321529f82c331665331,all_wrong,0.0,11,5,0,1,-0.0,1.0,0,
iid,0,207,9,78390ec877cab9f426af,all_wrong,0.0,11,5,0,1,-0.0,1.0,0,
iid,0,208,9,c017c930fe710d063798,all_wrong,0.0,11,5,0,1,-0.0,1.0,0,
iid,0,209,9,182e0a9e3d838d9240fc,all_wrong,0.0,11,5,0,4,1.2130075659799042,0.25,0,
iid,0,210,9,b60a0986bcbb036f14f0,all_wrong,0.0,11,5,0,1,-0.0,1.0,0,
iid,0,211,9,cde00ae2d594f0d33c4e,all_wrong,0.0,11,5,0,1,-0.0,1.0,0,
iid,0,212,9,9be2574c5e100539a6c2,mixed,0.125,12,5,1,6,1.7328679513998633,0.07142857142857142,1,-0.0
iid,0,213,9,cf78859f172bec896ab6,all_wrong,0.0,12,5,0,3,0.9743147528693494,0.32142857142857145,0,
iid,0,214,9,d7e354ac002bf841af51,all_wrong,0.0,12,5,0,1,-0.0,1.0,0,
iid,0,215,9,d62a79efc58dbf180396,all_wrong,0.0,12,5,0,1,-0.0,1.0,0,
iid,0,216,9,619a76d4f212b9a50556,all_wrong,0.0,12,5,0,3,0.7356219397587946,0.5357142857142857,0,
iid,0,217,9,dd34d92c2fafc4742f4f,all_wrong,0.0,12,5,0,2,0.37677016125643675,0.75,0,
iid,0,218,9,228b8c0191dbb35adac7,all_wrong,0.0,12,5,0,1,-0.0,1.0,0,
iid,0,219,9,fc0c597939083108ba53,all_wrong,0.0,12,5,0,1,-0.0,1.0,0,
iid,0,220,9,71fc27fcf69390db8f37,all_wrong,0.0,12,5,0,1,-0.0,1.0,0,
iid,0,221,9,aba74531ce294295a174,all_wrong,0.0,12,5,0,2,0.6615632381579821,0.4642857142857143,0,
iid,0,222,9,beb301b7347d27085a3a,all_wrong,0.0,12,5,0,2,0.6615632381579821,0.4642857142857143,0,
iid,0,223,9,6fa8a543c58113af3226,all_correct,1.0,13,6,8,1,-0.0,1.0,1,-0.0
iid,0,224,9,5050a2de4777967cdaa5,all_wrong,0.0,13,6,0,1,-0.0,1.0,0,
iid,0,225,9,360fe126190238fbc60c,all_wrong,0.0,13,6,0,1,-0.0,1.0,0,
iid,0,226,10,398706ce258a22ea00c1,all_wrong,0.0,13,6,0,1,-0.0,1.0,0,
iid,0,227,10,d070b6ceaa6a58e86fe3,all_wrong,0.0,13,6,0,1,-0.0,1.0,0,
iid,0,228,10,58d1fb042853a49b5db8,all_correct,1.0,14,6,8,1,-0.0,1.0,1,-0.0
iid,0,229,10,f9c18d1366459d8e6f9c,all_wrong,0.0,14,6,0,2,0.6931471805599453,0.42857142857142855,0,
iid,0,230,10,397a90e0a1bf7902b244,all_wrong,0.0,14,6,0,1,-0.0,1.0,0,
iid,0,231,10,1d0b4334ef1efbf29f32,all_wrong,0.0,14,6,0,4,1.3208883431493221,0.17857142857142858,0,
iid,0,232,10,33b7f3a8a9f93f412958,all_wrong,0.0,14,6,0,1,-0.0,1.0,0,
iid,0,233,10,653e44c6d4a828887f81,all_wrong,0.0,14,6,0,1,-0.0,1.0,0,
iid,0,234,10,a5b89b318429db6071b1,all_wrong,0.0,14,6,0,1,-0.0,1.0,0,
iid,0,235,10,367de3ae8658802f9c8c,all_wrong,0.0,14,6,0,1,-0.0,1.0,0,
iid,0,236,10,4372ce88837a0156dd93,all_wrong,0.0,14,6,0,1,-0.0,1.0,0,
iid,0,237,10,301fb492cd3e430be689,all_wrong,0.0,14,6,0,1,-0.0,1.0,0,
iid,0,238,10,7be4905a13bd49ce40fd,all_wrong,0.0,14,6,0,2,0.37677016125643675,0.75,0,
iid,0,239,10,0905739b30a79fcdc440,all_wrong,0.0,14,6,0,3,0.7356219397587946,0.5357142857142857,0,
iid,0,240,10,8c4b5c8655da411970b5,all_wrong,0.0,14,6,0,1,-0.0,1.0,0,
iid,0,241,10,30c2ddd3fa0e7ff5a6c2,all_wrong,0.0,14,6,0,2,0.37677016125643675,0.75,0,
iid,0,242,10,183489cf47392b992c54,all_wrong,0.0,14,6,0,1,-0.0,1.0,0,
iid,0,243,10,b83f83e94d96454adde9,all_wrong,0.0,14,6,0,1,-0.0,1.0,0,
iid,0,244,10,b5d2c32057cae3eb1011,all_wrong,0.0,14,6,0,1,-0.0,1.0,0,
iid,0,245,10,9454812d67a4ee5ad62c,all_wrong,0.0,14,6,0,1,-0.0,1.0,0,
iid,0,246,10,d327013a22bee72e501d,all_wrong,0.0,14,6,0,1,-0.0,1.0,0,
iid,0,247,10,fe4f53654a6a9ba76771,all_wrong,0.0,14,6,0,1,-0.0,1.0,0,
iid,0,248,10,ea915def88a42f813ec3,all_wrong,0.0,14,6,0,1,-0.0,1.0,0,
iid,0,249,10,dd8d15a7e8b630fb37f6,all_wrong,0.0,14,6,0,3,1.0397207708399179,0.2857142857142857,0,
iid,0,250,10,fc64186124c711940f1b,all_wrong,0.0,14,6,0,3,0.9002560512685369,0.39285714285714285,0,
iid,0,251,11,1d97f3cc70f2b4486afe,all_wrong,0.0,14,6,0,1,-0.0,1.0,0,
iid,0,252,11,5ea3079d1dcaeed39ffd,all_wrong,0.0,14,6,0,1,-0.0,1.0,0,
iid,0,253,11,2843db09530044d3281e,all_wrong,0.0,14,6,0,1,-0.0,1.0,0,
iid,0,254,11,d53bd3a61dd80866979c,all_wrong,0.0,14,6,0,3,0.7356219397587946,0.5357142857142857,0,
iid,0,255,11,84606d1a26eedbd6ab2c,all_wrong,0.0,14,6,0,1,-0.0,1.0,0,
iid,0,256,11,d70f207278c1da50a91d,all_wrong,0.0,14,6,0,1,-0.0,1.0,0,
iid,0,257,11,92fd0c50151a0922fc2f,all_wrong,0.0,14,6,0,1,-0.0,1.0,0,
iid,0,258,11,2882a43d15cf648ff4e2,all_wrong,0.0,14,6,0,3,0.9002560512685369,0.39285714285714285,0,
iid,0,259,11,4bdfe539bd950fc440b2,all_wrong,0.0,14,6,0,1,-0.0,1.0,0,
iid,0,260,11,d3cacf744c94d4c0007a,all_wrong,0.0,14,6,0,1,-0.0,1.0,0,
iid,0,261,11,5f898caaf3158950c522,all_wrong,0.0,14,6,0,1,-0.0,1.0,0,
iid,0,262,11,68b2db0feec6b6533fd1,all_wrong,0.0,14,6,0,1,-0.0,1.0,0,
iid,0,263,11,cc37f2f0b601eda91157,all_wrong,0.0,14,6,0,1,-0.0,1.0,0,
iid,0,264,11,0e716b8b24f9fb8b814c,all_wrong,0.0,14,6,0,5,1.4941751382893085,0.14285714285714285,0,
iid,0,265,11,61cd3de4e53b6581c34a,all_wrong,0.0,14,6,0,3,0.9002560512685369,0.39285714285714285,0,
iid,0,266,11,dcb7f654b52c265f6399,all_wrong,0.0,14,6,0,1,-0.0,1.0,0,
iid,0,267,11,24f3264fa6b46787f7c0,all_wrong,0.0,14,6,0,1,-0.0,1.0,0,
iid,0,268,11,8619ab3977fa82c3365c,all_wrong,0.0,14,6,0,1,-0.0,1.0,0,
iid,0,269,11,d622ddeaa78127b22aea,all_wrong,0.0,14,6,0,4,1.2130075659799042,0.25,0,
iid,0,270,11,974e09bbf710f5e051de,all_wrong,0.0,14,6,0,1,-0.0,1.0,0,
iid,0,271,11,2840d37f0dac60a4a1ce,all_wrong,0.0,14,6,0,3,0.9002560512685369,0.39285714285714285,0,
iid,0,272,11,94df7d49e341b77ad181,all_wrong,0.0,14,6,0,2,0.6615632381579821,0.4642857142857143,0,
iid,0,273,11,32e917e13cc3234e32d5,all_wrong,0.0,14,6,0,1,-0.0,1.0,0,
iid,0,274,11,a1a86772d721d6592bd1,all_wrong,0.0,14,6,0,2,0.6931471805599453,0.42857142857142855,0,
iid,0,275,11,a4ef3547e6e3c2e7b368,all_wrong,0.0,14,6,0,1,-0.0,1.0,0,
iid,0,276,12,779a5b55ede96a97d2d6,all_wrong,0.0,14,6,0,2,0.5623351446188083,0.5714285714285714,0,
iid,0,277,12,f68c0897daddb3778961,all_wrong,0.0,14,6,0,1,-0.0,1.0,0,
iid,0,278,12,924daa12f0ae44e76348,all_wrong,0.0,14,6,0,2,0.6615632381579821,0.4642857142857143,0,
iid,0,279,12,2770d6cfcf4dcac606d4,all_wrong,0.0,14,6,0,5,1.3862943611198906,0.21428571428571427,0,
iid,0,280,12,75bfee3eb8296e5b16bc,mixed,0.375,15,7,3,2,0.6615632381579821,0.4642857142857143,1,-0.0
iid,0,281,12,f05fca54cd7745038049,all_wrong,0.0,15,7,0,1,-0.0,1.0,0,
iid,0,282,12,163135bcb6e0c9d09eca,all_wrong,0.0,15,7,0,3,0.7356219397587946,0.5357142857142857,0,
iid,0,283,12,9da700af9e5999330f42,all_wrong,0.0,15,7,0,2,0.37677016125643675,0.75,0,
iid,0,284,12,ea38191ee44477d0e4cd,all_wrong,0.0,15,7,0,6,1.7328679513998633,0.07142857142857142,0,
iid,0,285,12,3158420ebfa03c7cbcca,all_wrong,0.0,15,7,0,5,1.4941751382893085,0.14285714285714285,0,
iid,0,286,12,d58ce388208127d39178,all_wrong,0.0,15,7,0,2,0.37677016125643675,0.75,0,
iid,0,287,12,d75ccdaa52ed209bc7ac,all_wrong,0.0,15,7,0,1,-0.0,1.0,0,
iid,0,288,12,4d72aac57727daee53b2,all_correct,1.0,16,7,8,1,-0.0,1.0,1,-0.0
iid,0,289,12,04d52291ef2f0a3b3538,all_wrong,0.0,16,7,0,1,-0.0,1.0,0,
iid,0,290,12,9b932aa1ea2e55c31603,all_wrong,0.0,16,7,0,2,0.5623351446188083,0.5714285714285714,0,
iid,0,291,12,c9cf99f5dbaebd18bfc1,all_wrong,0.0,16,7,0,1,-0.0,1.0,0,
iid,0,292,12,d5e6bfe861c2ada78dbd,all_wrong,0.0,16,7,0,1,-0.0,1.0,0,
iid,0,293,12,33e8ed56f91bfe8a49b7,all_wrong,0.0,16,7,0,2,0.37677016125643675,0.75,0,
iid,0,294,12,c9dabec0ca23721e2bbb,all_wrong,0.0,16,7,0,1,-0.0,1.0,0,
iid,0,295,12,5e347354fb0fe52697d2,all_wrong,0.0,16,7,0,1,-0.0,1.0,0,
iid,0,296,12,4fa086ce6a27b99cb96b,all_wrong,0.0,16,7,0,1,-0.0,1.0,0,
iid,0,297,12,eee4e371545b86ca2718,all_wrong,0.0,16,7,0,1,-0.0,1.0,0,
iid,0,298,12,dd8ff1bc4630e090c78b,all_wrong,0.0,16,7,0,1,-0.0,1.0,0,
iid,0,299,12,89983fcf482cc8919399,all_wrong,0.0,16,7,0,1,-0.0,1.0,0,
iid,0,300,12,cc79b5e45d6e93abc859,all_wrong,0.0,16,7,0,1,-0.0,1.0,0,
iid,0,301,13,98a6cd5c1bfb6bfb652f,all_wrong,0.0,16,7,0,1,-0.0,1.0,0,
iid,0,302,13,d5ed92acce68ad44b4dc,all_wrong,0.0,16,7,0,1,-0.0,1.0,0,
iid,0,303,13,e128e11a24e1c7cdd054,all_wrong,0.0,16,7,0,2,0.37677016125643675,0.75,0,
iid,0,304,13,b42b2d483c63f47380da,all_wrong,0.0,16,7,0,2,0.6931471805599453,0.42857142857142855,0,
iid,0,305,13,8939e8029df407a884e4,all_wrong,0.0,16,7,0,2,0.5623351446188083,0.5714285714285714,0,
iid,0,306,13,eea39c944b491d9fb480,all_wrong,0.0,16,7,0,1,-0.0,1.0,0,
iid,0,307,13,0a0a28b12d4e7acc34d5,all_wrong,0.0,16,7,0,1,-0.0,1.0,0,
iid,0,308,13,79472df5fc930c5ec2fa,all_wrong,0.0,16,7,0,1,-0.0,1.0,0,
iid,0,309,13,48dc7cccfc8017b7087a,all_wrong,0.0,16,7,0,2,0.5623351446188083,0.5714285714285714,0,
iid,0,310,13,8e5326e03845fb9b3d1b,mixed,0.125,17,7,1,2,0.37677016125643675,0.75,1,-0.0
iid,0,311,13,48bd4db1a37946e2f6c2,all_wrong,0.0,17,7,0,1,-0.0,1.0,0,
iid,0,312,13,7643416cd50bb89fe4af,all_wrong,0.0,17,7,0,2,0.5623351446188083,0.5714285714285714,0,
iid,0,313,13,5d1d63d7924b3f6bfdbc,all_wrong,0.0,17,7,0,3,0.9743147528693494,0.32142857142857145,0,
iid,0,314,13,6bed70f1ebcf19e13303,all_wrong,0.0,17,7,0,2,0.6615632381579821,0.4642857142857143,0,
iid,0,315,13,16b8ee9ff32b422527a9,all_wrong,0.0,17,7,0,1,-0.0,1.0,0,
iid,0,316,13,aad30a0b758211c6d680,all_correct,1.0,18,7,8,1,-0.0,1.0,1,-0.0
iid,0,317,13,2c5c86ee6d2b5fca5587,all_wrong,0.0,18,7,0,1,-0.0,1.0,0,
iid,0,318,13,4634f608da6cfa2135a2,all_wrong,0.0,18,7,0,1,-0.0,1.0,0,
iid,0,319,13,adc1c8d35b8240ccdd5f,all_wrong,0.0,18,7,0,1,-0.0,1.0,0,
iid,0,320,13,a3966fe8f84fc26709d4,all_wrong,0.0,18,7,0,2,0.37677016125643675,0.75,0,
iid,0,321,13,a43647fbd9268eef63a5,all_wrong,0.0,18,7,0,3,0.9743147528693494,0.32142857142857145,0,
iid,0,322,13,b760ba544ca02814169b,all_wrong,0.0,18,7,0,2,0.5623351446188083,0.5714285714285714,0,
iid,0,323,13,85012706683c7f826bda,all_wrong,0.0,18,7,0,5,1.3862943611198906,0.21428571428571427,0,
iid,0,324,13,5f24a6c65b15a572079b,all_wrong,0.0,18,7,0,4,1.0735428464085233,0.35714285714285715,0,
iid,0,325,13,4b111f9ab5b3cff565f5,all_wrong,0.0,18,7,0,1,-0.0,1.0,0,
iid,0,326,14,85acad5a006e86a7763e,all_wrong,0.0,18,7,0,3,0.9743147528693494,0.32142857142857145,0,
iid,0,327,14,0a3236b2c24210fe162b,all_wrong,0.0,18,7,0,2,0.37677016125643675,0.75,0,
iid,0,328,14,69e5d0e17d8730056cd2,all_wrong,0.0,18,7,0,1,-0.0,1.0,0,
iid,0,329,14,541286be1891498dfa91,all_correct,1.0,19,7,8,1,-0.0,1.0,1,-0.0
iid,0,330,14,a15ceea7b21f6628992e,all_wrong,0.0,19,7,0,1,-0.0,1.0,0,
iid,0,331,14,04b12eafe0129cd6c860,all_wrong,0.0,19,7,0,1,-0.0,1.0,0,
iid,0,332,14,a6ed873d402e49818288,all_wrong,0.0,19,7,0,1,-0.0,1.0,0,
iid,0,333,14,c42b09da658a2c2abd08,all_wrong,0.0,19,7,0,1,-0.0,1.0,0,
iid,0,334,14,b6a8579166d70c13cfad,all_wrong,0.0,19,7,0,2,0.37677016125643675,0.75,0,
iid,0,335,14,36269b265d045aeaea4c,all_wrong,0.0,19,7,0,1,-0.0,1.0,0,
iid,0,336,14,ffbd7a9ff21ee2899fa3,all_wrong,0.0,19,7,0,1,-0.0,1.0,0,
iid,0,337,14,b46dfceb2e3ce7e5081a,all_wrong,0.0,19,7,0,1,-0.0,1.0,0,
iid,0,338,14,02becb103cbba839f11e,all_correct,1.0,20,7,8,1,-0.0,1.0,1,-0.0
iid,0,339,14,65b5d95e6307f35ceba7,all_wrong,0.0,20,7,0,1,-0.0,1.0,0,
iid,0,340,14,48ece94e8be480c937b0,all_wrong,0.0,20,7,0,1,-0.0,1.0,0,
iid,0,341,14,dabd8d4cda9028631bc7,all_wrong,0.0,20,7,0,1,-0.0,1.0,0,
iid,0,342,14,a17a23f9643d34ce7e0b,all_wrong,0.0,20,7,0,3,0.9002560512685369,0.39285714285714285,0,
iid,0,343,14,8640f5fc8a5b7d6b5acf,all_wrong,0.0,20,7,0,3,0.9002560512685369,0.39285714285714285,0,
iid,0,344,14,af3a6c5ce79eede7398a,all_wrong,0.0,20,7,0,2,0.5623351446188083,0.5714285714285714,0,
iid,0,345,14,99f2784ccd66471ee7a9,all_wrong,0.0,20,7,0,1,-0.0,1.0,0,
iid,0,346,14,f2836343a94d4b0b6315,all_wrong,0.0,20,7,0,1,-0.0,1.0,0,
iid,0,347,14,83b4746f24a5a30c7a2b,all_wrong,0.0,20,7,0,1,-0.0,1.0,0,
iid,0,348,14,563582915ff00b2ccb66,all_wrong,0.0,20,7,0,2,0.37677016125643675,0.75,0,
iid,0,349,14,fda288cf8cf189bb087d,all_wrong,0.0,20,7,0,2,0.5623351446188083,0.5714285714285714,0,
iid,0,350,14,a8a79546ec5131e98590,all_wrong,0.0,20,7,0,1,-0.0,1.0,0,
iid,0,351,15,d159562db4d9465071b9,all_wrong,0.0,20,7,0,1,-0.0,1.0,0,
iid,0,352,15,5da1012cfc592e79107d,all_wrong,0.0,20,7,0,3,0.7356219397587946,0.5357142857142857,0,
iid,0,353,15,5ad436bd0beb00872f91,all_wrong,0.0,20,7,0,3,0.7356219397587946,0.5357142857142857,0,
iid,0,354,15,90e782d0cb8984918279,mixed,0.125,21,8,1,3,0.9002560512685369,0.39285714285714285,1,-0.0
iid,0,355,15,f90e7d0f485585acd008,all_wrong,0.0,21,8,0,2,0.37677016125643675,0.75,0,
iid,0,356,15,0f3cc219c9fbdadfcc63,all_wrong,0.0,21,8,0,1,-0.0,1.0,0,
iid,0,357,15,6543a11c0f682113c28e,all_wrong,0.0,21,8,0,2,0.37677016125643675,0.75,0,
iid,0,358,15,8b25e11f17b1a0a078ac,all_wrong,0.0,21,8,0,1,-0.0,1.0,0,
iid,0,359,15,fa18587cc5cc4882d08e,all_wrong,0.0,21,8,0,2,0.6615632381579821,0.4642857142857143,0,
iid,0,360,15,c037c6c99e0c50476bc7,all_wrong,0.0,21,8,0,1,-0.0,1.0,0,
iid,0,361,15,2e9a107c5bca042ef454,all_wrong,0.0,21,8,0,1,-0.0,1.0,0,
iid,0,362,15,235389eab74f0cc4b907,all_wrong,0.0,21,8,0,2,0.37677016125643675,0.75,0,
iid,0,363,15,9cf19c91454458915931,all_wrong,0.0,21,8,0,3,0.7356219397587946,0.5357142857142857,0,
iid,0,364,15,22ca5217057a2e3fee9f,all_correct,1.0,22,8,8,1,-0.0,1.0,1,-0.0
iid,0,365,15,5236043dee03ea05cac7,all_wrong,0.0,22,8,0,1,-0.0,1.0,0,
iid,0,366,15,623822d905c26d0a09b1,all_wrong,0.0,22,8,0,2,0.5623351446188083,0.5714285714285714,0,
iid,0,367,15,51bc92cafba961be3655,all_wrong,0.0,22,8,0,1,-0.0,1.0,0,
iid,0,368,15,8eb4d2c8db39d5bcb130,all_wrong,0.0,22,8,0,1,-0.0,1.0,0,
iid,0,369,15,6a794a14c7c04c9f7e9f,all_correct,1.0,23,8,8,1,-0.0,1.0,1,-0.0
iid,0,370,15,2ca91847d926c4591d0e,all_wrong,0.0,23,8,0,1,-0.0,1.0,0,
iid,0,371,15,39d7cf50037b7dc23990,all_wrong,0.0,23,8,0,2,0.37677016125643675,0.75,0,
iid,0,372,15,cc6245ae6bdc5780ac9c,all_wrong,0.0,23,8,0,2,0.6931471805599453,0.42857142857142855,0,
iid,0,373,15,e96f1068dbed01d688da,all_correct,1.0,24,8,8,1,-0.0,1.0,1,-0.0
iid,0,374,15,e42f96f65b8d04be048d,all_wrong,0.0,24,8,0,1,-0.0,1.0,0,
iid,0,375,15,28e511774cb00f66f19c,all_wrong,0.0,24,8,0,1,-0.0,1.0,0,
iid,0,376,16,d686398c0a88de5e923e,all_wrong,0.0,24,8,0,1,-0.0,1.0,0,
iid,0,377,16,5445116f9e8690eb5e94,all_wrong,0.0,24,8,0,1,-0.0,1.0,0,
iid,0,378,16,de5d61e367acc325ae60,all_wrong,0.0,24,8,0,2,0.37677016125643675,0.75,0,
iid,0,379,16,419312754f7609d342d2,all_wrong,0.0,24,8,0,1,-0.0,1.0,0,
iid,0,380,16,442120c64618ad5bdab5,all_wrong,0.0,24,8,0,3,0.9743147528693494,0.32142857142857145,0,
iid,0,381,16,4042f2db8a91dd0984c2,all_wrong,0.0,24,8,0,1,-0.0,1.0,0,
iid,0,382,16,1de9ba1ec82d7340df52,mixed,0.75,25,8,6,2,0.5623351446188083,0.5714285714285714,1,-0.0
iid,0,383,16,a451b974a46913f398da,all_wrong,0.0,25,8,0,1,-0.0,1.0,0,
iid,0,384,16,89e9061a26e27ccc840e,all_wrong,0.0,25,8,0,2,0.37677016125643675,0.75,0,
iid,0,385,16,beb4015aa9900d44a3b9,all_wrong,0.0,25,8,0,3,0.7356219397587946,0.5357142857142857,0,
iid,0,386,16,b558934559eb1b79e82d,all_wrong,0.0,25,8,0,1,-0.0,1.0,0,
iid,0,387,16,ea6982beffc89601e413,all_wrong,0.0,25,8,0,1,-0.0,1.0,0,
iid,0,388,16,9256520e60e28b9d7f9e,all_wrong,0.0,25,8,0,1,-0.0,1.0,0,
iid,0,389,16,6d237ed15b98208fd13c,all_wrong,0.0,25,8,0,4,1.2130075659799042,0.25,0,
iid,0,390,16,f35a9074bda66d517f5c,all_wrong,0.0,25,8,0,1,-0.0,1.0,0,
iid,0,391,16,a14f577583802174dd94,all_wrong,0.0,25,8,0,1,-0.0,1.0,0,
iid,0,392,16,d496dddf61c214f09dfa,all_wrong,0.0,25,8,0,1,-0.0,1.0,0,
iid,0,393,16,f2052eafe6acc7fffb0c,all_wrong,0.0,25,8,0,1,-0.0,1.0,0,
iid,0,394,16,f34cf3baec0b4a508f79,all_wrong,0.0,25,8,0,1,-0.0,1.0,0,
iid,0,395,16,c0dcd03a8d53832e28ef,all_wrong,0.0,25,8,0,1,-0.0,1.0,0,
iid,0,396,16,b6ca03bd87aced98b7a1,all_wrong,0.0,25,8,0,1,-0.0,1.0,0,
iid,0,397,16,2f2439d82f644954cbce,all_wrong,0.0,25,8,0,1,-0.0,1.0,0,
iid,0,398,16,da3a15fd37ab2fd423f6,all_wrong,0.0,25,8,0,1,-0.0,1.0,0,
iid,0,399,16,265f9693706e37e57d6f,all_wrong,0.0,25,8,0,1,-0.0,1.0,0,
iid,0,400,16,73b6c48b33b4a16dd13f,all_wrong,0.0,25,8,0,1,-0.0,1.0,0,
iid,1,1,1,344e65a062c043b7d4f1,all_wrong,0.0,0,0,0,4,1.0735428464085233,0.35714285714285715,0,
iid,1,2,1,ff8e32ab6bd1b8ccbd62,all_wrong,0.0,0,0,0,1,-0.0,1.0,0,
iid,1,3,1,acd00e67c207b241a9cb,all_wrong,0.0,0,0,0,1,-0.0,1.0,0,
iid,1,4,1,55e041f525a03550457f,all_wrong,0.0,0,0,0,2,0.37677016125643675,0.75,0,
iid,1,5,1,7823aeee84310d484a67,all_wrong,0.0,0,0,0,2,0.37677016125643675,0.75,0,
iid,1,6,1,2853ebfbf4ff1fef974a,all_wrong,0.0,0,0,0,1,-0.0,1.0,0,
iid,1,7,1,4eb9d2f867a1743e1f5a,all_wrong,0.0,0,0,0,1,-0.0,1.0,0,
iid,1,8,1,eb7b85e4ff7846becf1d,all_wrong,0.0,0,0,0,1,-0.0,1.0,0,
iid,1,9,1,9a4f281f7c0a352a29d6,all_wrong,0.0,0,0,0,1,-0.0,1.0,0,
iid,1,10,1,f1752a0aba86c25de9b1,all_wrong,0.0,0,0,0,1,-0.0,1.0,0,
iid,1,11,1,c0b94ee8f8bd2e7f22d3,all_wrong,0.0,0,0,0,1,-0.0,1.0,0,
iid,1,12,1,8fd5c706abca9e556c21,all_wrong,0.0,0,0,0,1,-0.0,1.0,0,
iid,1,13,1,295c1c6b0676ebeaafb8,all_wrong,0.0,0,0,0,1,-0.0,1.0,0,
iid,1,14,1,92618aede71d2a8a4da7,all_wrong,0.0,0,0,0,1,-0.0,1.0,0,
iid,1,15,1,04be5cc9a0a5f0df27d5,all_wrong,0.0,0,0,0,1,-0.0,1.0,0,
iid,1,16,1,6f371b0dc9c288435fa6,all_wrong,0.0,0,0,0,1,-0.0,1.0,0,
iid,1,17,1,9afd1cb37fbc81c8f3d9,all_wrong,0.0,0,0,0,1,-0.0,1.0,0,
iid,1,18,1,58d0961cf85a13acbb24,all_wrong,0.0,0,0,0,1,-0.0,1.0,0,
iid,1,19,1,fccb2867d126ccc3f76c,all_wrong,0.0,0,0,0,1,-0.0,1.0,0,
iid,1,20,1,77eaf86db56beb9cc52a,all_wrong,0.0,0,0,0,2,0.37677016125643675,0.75,0,
iid,1,21,1,16097a9b65351ea2f108,all_wrong,0.0,0,0,0,4,1.320888343149322,0.17857142857142858,0,
iid,1,22,1,83b86db2e855a54563c0,all_wrong,0.0,0,0,0,1,-0.0,1.0,0,
iid,1,23,1,b0a836d114a63c51f3e4,all_wrong,0.0,0,0,0,1,-0.0,1.0,0,
iid,1,24,1,ecc7e2a8af6bd82a7d27,all_wrong,0.0,0,0,0,1,-0.0,1.0,0,
iid,1,25,1,a850fa6c6828c7ded14c,all_wrong,0.0,0,0,0,1,-0.0,1.0,0,
iid,1,26,2,b4c334126e21ffe44d18,all_wrong,0.0,0,0,0,1,-0.0,1.0,0,
iid,1,27,2,7c2cce2380ac777225f6,all_wrong,0.0,0,0,0,2,0.37677016125643675,0.75,0,
iid,1,28,2,9892c1d68cd283371348,all_wrong,0.0,0,0,0,1,-0.0,1.0,0,
iid,1,29,2,037b7eb668db0dd99b57,all_wrong,0.0,0,0,0,4,1.2130075659799042,0.25,0,
iid,1,30,2,a72a59cf237e141977a2,all_wrong,0.0,0,0,0,1,-0.0,1.0,0,
iid,1,31,2,ed74be1f173685366128,mixed,0.125,1,1,1,5,1.4941751382893085,0.14285714285714285,1,-0.0
iid,1,32,2,25f7e42df573b5f79d2f,all_wrong,0.0,1,1,0,1,-0.0,1.0,0,
iid,1,33,2,60bd24c8aab981664ee8,all_wrong,0.0,1,1,0,2,0.37677016125643675,0.75,0,
iid,1,34,2,24f259a8ad87bc3bee7b,all_wrong,0.0,1,1,0,4,1.3208883431493221,0.17857142857142858,0,
iid,1,35,2,7ec1b6d67b420c846378,all_wrong,0.0,1,1,0,1,-0.0,1.0,0,
iid,1,36,2,40cc6b0d2ada49f0a241,all_wrong,0.0,1,1,0,1,-0.0,1.0,0,
iid,1,37,2,d68c968d706a8bfe92dc,all_wrong,0.0,1,1,0,1,-0.0,1.0,0,
iid,1,38,2,3e84221eab9a1a4b91a0,all_wrong,0.0,1,1,0,2,0.6615632381579821,0.4642857142857143,0,
iid,1,39,2,ecc63954c643d1a88a69,all_wrong,0.0,1,1,0,1,-0.0,1.0,0,
iid,1,40,2,ec55a18c3af5c6989c36,all_wrong,0.0,1,1,0,1,-0.0,1.0,0,
iid,1,41,2,98a0bf2389fdbf5ecd98,all_wrong,0.0,1,1,0,1,-0.0,1.0,0,
iid,1,42,2,f665c1af2c96c415ae4f,all_wrong,0.0,1,1,0,2,0.6931471805599453,0.42857142857142855,0,
iid,1,43,2,912342bd3661f2a0edef,all_wrong,0.0,1,1,0,3,0.9002560512685369,0.39285714285714285,0,
iid,1,44,2,40696ae20d712c7ef99c,all_wrong,0.0,1,1,0,2,0.6931471805599453,0.42857142857142855,0,
iid,1,45,2,663615844bbe432868b1,all_wrong,0.0,1,1,0,2,0.5623351446188083,0.5714285714285714,0,
iid,1,46,2,d1dbf37dad1c6d585307,all_wrong,0.0,1,1,0,1,-0.0,1.0,0,
iid,1,47,2,e120fa84b3331cd1bdfe,all_wrong,0.0,1,1,0,1,-0.0,1.0,0,
iid,1,48,2,285cc2d99bc64773d128,all_wrong,0.0,1,1,0,6,1.6674619334292948,0.10714285714285714,0,
iid,1,49,2,c080b7705371fbd18af9,all_wrong,0.0,1,1,0,5,1.4941751382893085,0.14285714285714285,0,
iid,1,50,2,ed34fcfa3a095d03cb61,all_wrong,0.0,1,1,0,1,-0.0,1.0,0,
iid,1,51,3,3012f8218334b0882801,all_wrong,0.0,1,1,0,1,-0.0,1.0,0,
iid,1,52,3,474db377df5acbb5d0c3,all_wrong,0.0,1,1,0,1,-0.0,1.0,0,
iid,1,53,3,1024659a78eaf340da4e,all_wrong,0.0,1,1,0,1,-0.0,1.0,0,
iid,1,54,3,261af030ee95227ce2c8,all_wrong,0.0,1,1,0,1,-0.0,1.0,0,
iid,1,55,3,3c58229f4e9cbda91be5,all_wrong,0.0,1,1,0,1,-0.0,1.0,0,
iid,1,56,3,584024edc0865d1e66c1,all_wrong,0.0,1,1,0,1,-0.0,1.0,0,
iid,1,57,3,013b955ed2c9d6feeb28,all_wrong,0.0,1,1,0,3,0.7356219397587946,0.5357142857142857,0,
iid,1,58,3,7114759266ada9575ded,all_wrong,0.0,1,1,0,1,-0.0,1.0,0,
iid,1,59,3,fd3d7a2c987035d5e8c1,all_wrong,0.0,1,1,0,1,-0.0,1.0,0,
iid,1,60,3,dc1a6d20f0fa146b62f2,all_wrong,0.0,1,1,0,2,0.5623351446188083,0.5714285714285714,0,
iid,1,61,3,76b7e95f2c5d8f517843,all_wrong,0.0,1,1,0,1,-0.0,1.0,0,
iid,1,62,3,5b759cdfc67909c722c7,all_wrong,0.0,1,1,0,3,0.9002560512685369,0.39285714285714285,0,
iid,1,63,3,5511a7e3832427045228,all_wrong,0.0,1,1,0,5,1.3862943611198906,0.21428571428571427,0,
iid,1,64,3,670146be6d32a043bf49,all_wrong,0.0,1,1,0,1,-0.0,1.0,0,
iid,1,65,3,6aa54196eb4a8e4964c0,all_wrong,0.0,1,1,0,1,-0.0,1.0,0,
iid,1,66,3,4198150f0b2baf30e430,all_wrong,0.0,1,1,0,1,-0.0,1.0,0,
iid,1,67,3,b376ab06e82f60a7c613,all_wrong,0.0,1,1,0,1,-0.0,1.0,0,
iid,1,68,3,7741fff7c0d9471d9963,all_wrong,0.0,1,1,0,3,1.0397207708399179,0.2857142857142857,0,
iid,1,69,3,f9e7b4b67374cd48b677,all_wrong,0.0,1,1,0,2,0.37677016125643675,0.75,0,
iid,1,70,3,33c7285a84f38344a733,all_wrong,0.0,1,1,0,1,-0.0,1.0,0,
iid,1,71,3,ebd9684ddbd2052363b4,all_wrong,0.0,1,1,0,2,0.6931471805599453,0.42857142857142855,0,
iid,1,72,3,6273147a5dd10058351d,all_wrong,0.0,1,1,0,1,-0.0,1.0,0,
iid,1,73,3,e08246e900811f8d8911,all_wrong,0.0,1,1,0,1,-0.0,1.0,0,
iid,1,74,3,bcc13ad79509a1a2a0fd,mixed,0.125,2,2,1,3,0.9743147528693494,0.32142857142857145,1,-0.0
iid,1,75,3,c99880e9145a7b0a8ef4,all_wrong,0.0,2,2,0,1,-0.0,1.0,0,
iid,1,76,4,6bcbfe751dedfec8fa6a,all_wrong,0.0,2,2,0,1,-0.0,1.0,0,
iid,1,77,4,ed65448eeda9dc2f1ad3,all_wrong,0.0,2,2,0,2,0.5623351446188083,0.5714285714285714,0,
iid,1,78,4,dd60c963a673ec62bd53,all_wrong,0.0,2,2,0,1,-0.0,1.0,0,
iid,1,79,4,1c7002ecf3a5805fb8ea,all_wrong,0.0,2,2,0,1,-0.0,1.0,0,
iid,1,80,4,c3230c325dbe3b046c21,all_wrong,0.0,2,2,0,1,-0.0,1.0,0,
iid,1,81,4,e19815e575c67d65d6d6,all_wrong,0.0,2,2,0,2,0.37677016125643675,0.75,0,
iid,1,82,4,b8610bc345dfbc4c2b94,all_wrong,0.0,2,2,0,2,0.5623351446188083,0.5714285714285714,0,
iid,1,83,4,528d3d894d60c2b26473,all_wrong,0.0,2,2,0,1,-0.0,1.0,0,
iid,1,84,4,6fe6428696d1bda6dcdb,all_wrong,0.0,2,2,0,1,-0.0,1.0,0,
iid,1,85,4,6fddb775dfc78fbffd3f,all_wrong,0.0,2,2,0,1,-0.0,1.0,0,
iid,1,86,4,d62b9ce05813dccdbae5,all_wrong,0.0,2,2,0,1,-0.0,1.0,0,
iid,1,87,4,4db70371d92b545bd09e,all_wrong,0.0,2,2,0,6,1.7328679513998633,0.07142857142857142,0,
iid,1,88,4,ef175a0420dcffd4a635,all_wrong,0.0,2,2,0,1,-0.0,1.0,0,
iid,1,89,4,22196ceeee8485da3677,all_wrong,0.0,2,2,0,1,-0.0,1.0,0,
iid,1,90,4,70802cd8dfb912800eac,all_wrong,0.0,2,2,0,1,-0.0,1.0,0,
iid,1,91,4,e6d56dad889595b1db3b,all_wrong,0.0,2,2,0,4,1.2130075659799042,0.25,0,
iid,1,92,4,dc55e5d72251ed53732b,all_wrong,0.0,2,2,0,4,1.2130075659799042,0.25,0,
iid,1,93,4,fcb3ba347163d9983308,all_wrong,0.0,2,2,0,1,-0.0,1.0,0,
iid,1,94,4,1abb8f5eb5e604d3bb10,all_wrong,0.0,2,2,0,1,-0.0,1.0,0,
iid,1,95,4,7dd7d737d3b8c0981663,all_wrong,0.0,2,2,0,1,-0.0,1.0,0,
iid,1,96,4,4abba5ed5683e973a9b5,all_wrong,0.0,2,2,0,1,-0.0,1.0,0,
iid,1,97,4,596fd88d55ffccc82db1,mixed,0.875,3,3,7,2,0.37677016125643675,0.75,1,-0.0
iid,1,98,4,9247fc6a258fa2c52946,all_wrong,0.0,3,3,0,1,-0.0,1.0,0,
iid,1,99,4,d5bdbdb166afffeb25da,all_wrong,0.0,3,3,0,1,-0.0,1.0,0,
iid,1,100,4,8491a8968779a6ac5e3b,all_wrong,0.0,3,3,0,2,0.5623351446188083,0.5714285714285714,0,
iid,1,101,5,ff3131068ead3bdc67f5,all_correct,1.0,4,4,8,1,-0.0,1.0,1,-0.0
iid,1,102,5,0f3d59ce3c2ca503cb3a,all_wrong,0.0,4,4,0,1,-0.0,1.0,0,
iid,1,103,5,bd67c5f394cd058b6a30,all_wrong,0.0,4,4,0,1,-0.0,1.0,0,
iid,1,104,5,947d983c078d61eb73dc,all_wrong,0.0,4,4,0,1,-0.0,1.0,0,
iid,1,105,5,941d1659e299d32b5509,all_correct,1.0,5,4,8,1,-0.0,1.0,1,-0.0
iid,1,106,5,8981c8a2bbb0f7338850,all_wrong,0.0,5,4,0,2,0.37677016125643675,0.75,0,
iid,1,107,5,34c2c231b3b0bb437382,all_wrong,0.0,5,4,0,1,-0.0,1.0,0,
iid,1,108,5,da8d740dbe335398ce88,mixed,0.5,6,4,4,2,0.6931471805599453,0.42857142857142855,1,-0.0
iid,1,109,5,76f90bf6e885e69b0a89,all_wrong,0.0,6,4,0,3,0.7356219397587946,0.5357142857142857,0,
iid,1,110,5,9db8536e4fd843db257f,mixed,0.5,7,5,4,3,0.9743147528693494,0.32142857142857145,1,-0.0
iid,1,111,5,f528410ef35f647cdf70,all_wrong,0.0,7,5,0,4,1.0735428464085233,0.35714285714285715,0,
iid,1,112,5,9886fb653aa0e0f98c6c,all_wrong,0.0,7,5,0,2,0.37677016125643675,0.75,0,
iid,1,113,5,d1e9cd7b0c49ad949db2,all_wrong,0.0,7,5,0,2,0.37677016125643675,0.75,0,
iid,1,114,5,fe0b9f9eb2341c473ef3,all_wrong,0.0,7,5,0,2,0.6615632381579821,0.4642857142857143,0,
iid,1,115,5,873684023f572450072f,all_wrong,0.0,7,5,0,3,1.0397207708399179,0.2857142857142857,0,
iid,1,116,5,947517d0d59a19a72ad7,all_wrong,0.0,7,5,0,2,0.5623351446188083,0.5714285714285714,0,
iid,1,117,5,c0e8bc1fb6092159dd6f,all_wrong,0.0,7,5,0,2,0.37677016125643675,0.75,0,
iid,1,118,5,6ce79849a45a488c196d,all_wrong,0.0,7,5,0,2,0.37677016125643675,0.75,0,
iid,1,119,5,05b0a2384ae6a380c7d2,all_wrong,0.0,7,5,0,1,-0.0,1.0,0,
iid,1,120,5,48809c9ccc0ba30c59c9,all_wrong,0.0,7,5,0,1,-0.0,1.0,0,
iid,1,121,5,8d2e2c51a12026ae3f10,all_wrong,0.0,7,5,0,1,-0.0,1.0,0,
iid,1,122,5,05e55afea76e67ea6ccc,mixed,0.625,8,5,5,3,0.9002560512685369,0.39285714285714285,1,-0.0
iid,1,123,5,650c00763900b7f4e071,all_wrong,0.0,8,5,0,1,-0.0,1.0,0,
iid,1,124,5,194b465fc259ddd42d3c,all_wrong,0.0,8,5,0,1,-0.0,1.0,0,
iid,1,125,5,78d4a79b4b77193c2a38,all_wrong,0.0,8,5,0,1,-0.0,1.0,0,
iid,1,126,6,64c3e013c7bba3ab8a30,all_wrong,0.0,8,5,0,1,-0.0,1.0,0,
iid,1,127,6,7bab8dea0d18f5ff37cb,all_wrong,0.0,8,5,0,3,0.9743147528693494,0.32142857142857145,0,
iid,1,128,6,23376bee554fd8074c0c,all_wrong,0.0,8,5,0,1,-0.0,1.0,0,
iid,1,129,6,93823a7cc4df2d29e9d1,all_wrong,0.0,8,5,0,2,0.6615632381579821,0.4642857142857143,0,
iid,1,130,6,9146fc6fb12cdebc55c7,all_wrong,0.0,8,5,0,1,-0.0,1.0,0,
iid,1,131,6,468a783e528f80469a12,all_wrong,0.0,8,5,0,1,-0.0,1.0,0,
iid,1,132,6,4d303008bd587932a929,all_wrong,0.0,8,5,0,3,0.9002560512685369,0.39285714285714285,0,
iid,1,133,6,1f0d8a6c547ab1be9881,all_wrong,0.0,8,5,0,2,0.5623351446188083,0.5714285714285714,0,
iid,1,134,6,2550c7a734bf9d1df18f,all_wrong,0.0,8,5,0,1,-0.0,1.0,0,
iid,1,135,6,dc89697610c74fca8a66,all_wrong,0.0,8,5,0,2,0.6615632381579821,0.4642857142857143,0,
iid,1,136,6,61487b72c6261bf53073,all_wrong,0.0,8,5,0,3,0.7356219397587946,0.5357142857142857,0,
iid,1,137,6,dbd98eaa0810481218b4,all_wrong,0.0,8,5,0,1,-0.0,1.0,0,
iid,1,138,6,b86ae3e6251fe7792e14,all_wrong,0.0,8,5,0,3,0.7356219397587946,0.5357142857142857,0,
iid,1,139,6,cd0d39d8b07b3b99d88a,all_wrong,0.0,8,5,0,3,0.7356219397587946,0.5357142857142857,0,
iid,1,140,6,7b388d98ae0d944f1925,all_wrong,0.0,8,5,0,1,-0.0,1.0,0,
iid,1,141,6,0942ca362c9bb4e92156,mixed,0.625,9,5,5,2,0.6615632381579821,0.4642857142857143,1,-0.0
iid,1,142,6,5a8613d101df5db899bd,all_wrong,0.0,9,5,0,5,1.4941751382893085,0.14285714285714285,0,
iid,1,143,6,9fbac876b450cde1cadf,all_wrong,0.0,9,5,0,1,-0.0,1.0,0,
iid,1,144,6,5abe24088e2cc62a64de,all_wrong,0.0,9,5,0,1,-0.0,1.0,0,
iid,1,145,6,8c6e2943c4bb9c2e5cda,all_wrong,0.0,9,5,0,1,-0.0,1.0,0,
iid,1,146,6,fe5aace7fc6d828a6d44,mixed,0.875,10,5,7,2,0.37677016125643675,0.75,1,-0.0
iid,1,147,6,18bb600571e811780aeb,all_wrong,0.0,10,5,0,3,0.9002560512685369,0.39285714285714285,0,
iid,1,148,6,ce61e0eb7137279c8cfb,all_wrong,0.0,10,5,0,2,0.6931471805599453,0.42857142857142855,0,
iid,1,149,6,9777165aa1a5c0f1b439,all_wrong,0.0,10,5,0,1,-0.0,1.0,0,
iid,1,150,6,46b190e25d53f7f5f817,all_wrong,0.0,10,5,0,2,0.5623351446188083,0.5714285714285714,0,
iid,1,151,7,f4c34dd4d2db54587fe7,all_wrong,0.0,10,5,0,1,-0.0,1.0,0,
iid,1,152,7,391b5fce3e24abe2254b,all_wrong,0.0,10,5,0,1,-0.0,1.0,0,
iid,1,153,7,d4a1cfb3981ba5d515d3,all_wrong,0.0,10,5,0,2,0.5623351446188083,0.5714285714285714,0,
iid,1,154,7,055c0b3e9c73b912946f,all_wrong,0.0,10,5,0,1,-0.0,1.0,0,
iid,1,155,7,9ccabee528f1681eb246,all_wrong,0.0,10,5,0,3,0.9002560512685369,0.39285714285714285,0,
iid,1,156,7,c2b55f70979ccb528146,all_wrong,0.0,10,5,0,1,-0.0,1.0,0,
iid,1,157,7,a0a04fd3d53e65772151,all_wrong,0.0,10,5,0,2,0.6615632381579821,0.4642857142857143,0,
iid,1,158,7,c9836a00dc3f36bdb5c2,all_wrong,0.0,10,5,0,1,-0.0,1.0,0,
iid,1,159,7,69321ce445a5539853b7,all_wrong,0.0,10,5,0,3,1.0821955300387673,0.25,0,
iid,1,160,7,b43b6f62a988f6f5b9e9,all_wrong,0.0,10,5,0,1,-0.0,1.0,0,
iid,1,161,7,069ee2efb67b497c0ac5,all_wrong,0.0,10,5,0,1,-0.0,1.0,0,
iid,1,162,7,9ce1e8b938112d4d4c6c,all_wrong,0.0,10,5,0,1,-0.0,1.0,0,
iid,1,163,7,6c001c7ad666d12885f6,all_wrong,0.0,10,5,0,1,-0.0,1.0,0,
iid,1,164,7,61d835a76e24f605aefc,all_wrong,0.0,10,5,0,1,-0.0,1.0,0,
iid,1,165,7,5b40b0801b39319f2601,all_wrong,0.0,10,5,0,1,-0.0,1.0,0,
iid,1,166,7,2e1f9ced3a1d3a3a401c,all_wrong,0.0,10,5,0,2,0.6615632381579821,0.4642857142857143,0,
iid,1,167,7,95eaa1f805e4464e5465,all_wrong,0.0,10,5,0,1,-0.0,1.0,0,
iid,1,168,7,1deb18d5faa29ac53b03,all_wrong,0.0,10,5,0,1,-0.0,1.0,0,
iid,1,169,7,2de4e7cb2a37514cdc4c,all_wrong,0.0,10,5,0,1,-0.0,1.0,0,
iid,1,170,7,0e25805e3a68f642e9a7,all_wrong,0.0,10,5,0,1,-0.0,1.0,0,
iid,1,171,7,7e6941bc8b261c9bdf46,all_wrong,0.0,10,5,0,2,0.37677016125643675,0.75,0,
iid,1,172,7,5e9c3e0f43a4a996cf19,all_wrong,0.0,10,5,0,1,-0.0,1.0,0,
iid,1,173,7,9cf383eaf4a20437d07f,all_wrong,0.0,10,5,0,2,0.6615632381579821,0.4642857142857143,0,
iid,1,174,7,caf85b1966da82476384,all_wrong,0.0,10,5,0,1,-0.0,1.0,0,
iid,1,175,7,5a5b6600675ad49af7fa,all_wrong,0.0,10,5,0,1,-0.0,1.0,0,
iid,1,176,8,a47c9f60d0050c531ce7,all_wrong,0.0,10,5,0,1,-0.0,1.0,0,
iid,1,177,8,ee744132b4161e706199,mixed,0.125,11,5,1,2,0.37677016125643675,0.75,1,-0.0
iid,1,178,8,207d3eac8222c945231b,all_wrong,0.0,11,5,0,1,-0.0,1.0,0,
iid,1,179,8,5cc33cd79e147f5aec38,all_wrong,0.0,11,5,0,3,0.9743147528693494,0.32142857142857145,0,
iid,1,180,8,038dbf186d440784b844,all_wrong,0.0,11,5,0,2,0.6615632381579821,0.4642857142857143,0,
iid,1,181,8,e47563a535a1054e5c4b,all_wrong,0.0,11,5,0,2,0.6615632381579821,0.4642857142857143,0,
iid,1,182,8,32dd13b8aae87d07d840,all_wrong,0.0,11,5,0,1,-0.0,1.0,0,
iid,1,183,8,7fc41e235c90f7dddd90,all_wrong,0.0,11,5,0,1,-0.0,1.0,0,
iid,1,184,8,d3b38e847e624ed82167,all_wrong,0.0,11,5,0,1,-0.0,1.0,0,
iid,1,185,8,fb0836242205e30b2f28,all_wrong,0.0,11,5,0,4,1.0735428464085233,0.35714285714285715,0,
iid,1,186,8,3744e937e15316d76660,all_wrong,0.0,11,5,0,1,-0.0,1.0,0,
iid,1,187,8,ad5efa65c4181f462e3b,all_wrong,0.0,11,5,0,2,0.37677016125643675,0.75,0,
iid,1,188,8,35e05333a0e8d104bb11,all_wrong,0.0,11,5,0,2,0.6615632381579821,0.4642857142857143,0,
iid,1,189,8,550066f263874da2c6bf,all_wrong,0.0,11,5,0,1,-0.0,1.0,0,
iid,1,190,8,b84fc00a3abccc9d080e,all_wrong,0.0,11,5,0,1,-0.0,1.0,0,
iid,1,191,8,5a400e19635fe303647f,all_wrong,0.0,11,5,0,1,-0.0,1.0,0,
iid,1,192,8,d4457b06ca71659d6c1e,all_wrong,0.0,11,5,0,2,0.6931471805599453,0.42857142857142855,0,
iid,1,193,8,9108757228d2c727c47b,all_wrong,0.0,11,5,0,2,0.6615632381579821,0.4642857142857143,0,
iid,1,194,8,afaf06828302fc24642b,all_wrong,0.0,11,5,0,2,0.37677016125643675,0.75,0,
iid,1,195,8,83f13f48931968a08804,all_wrong,0.0,11,5,0,3,0.9002560512685369,0.39285714285714285,0,
iid,1,196,8,c4008c5ff93d59fa8e6c,all_wrong,0.0,11,5,0,3,0.9002560512685369,0.39285714285714285,0,
iid,1,197,8,5ba265e86479190dd2b6,all_correct,1.0,12,6,8,1,-0.0,1.0,1,-0.0
iid,1,198,8,149913b1085c0e7efeb1,all_wrong,0.0,12,6,0,3,0.9002560512685369,0.39285714285714285,0,
iid,1,199,8,4c8afad2b3c02b83f166,all_wrong,0.0,12,6,0,1,-0.0,1.0,0,
iid,1,200,8,d1b1f9d2e1ab7ad7df98,all_wrong,0.0,12,6,0,1,-0.0,1.0,0,
iid,1,201,9,358af1f24c822e0a9a47,all_wrong,0.0,12,6,0,5,1.4941751382893085,0.14285714285714285,0,
iid,1,202,9,ea46abb7f2605d636b9a,all_wrong,0.0,12,6,0,3,0.7356219397587946,0.5357142857142857,0,
iid,1,203,9,579ba8d011d16c0ec216,all_wrong,0.0,12,6,0,1,-0.0,1.0,0,
iid,1,204,9,8b3818b16bb5176cfe5f,all_wrong,0.0,12,6,0,2,0.37677016125643675,0.75,0,
iid,1,205,9,e718645a913043afcbd2,all_wrong,0.0,12,6,0,2,0.5623351446188083,0.5714285714285714,0,
iid,1,206,9,e321529f82c331665331,all_wrong,0.0,12,6,0,1,-0.0,1.0,0,
iid,1,207,9,78390ec877cab9f426af,all_wrong,0.0,12,6,0,2,0.5623351446188083,0.5714285714285714,0,
iid,1,208,9,c017c930fe710d063798,all_wrong,0.0,12,6,0,1,-0.0,1.0,0,
iid,1,209,9,182e0a9e3d838d9240fc,all_wrong,0.0,12,6,0,2,0.6931471805599453,0.42857142857142855,0,
iid,1,210,9,b60a0986bcbb036f14f0,all_wrong,0.0,12,6,0,2,0.37677016125643675,0.75,0,
iid,1,211,9,cde00ae2d594f0d33c4e,all_wrong,0.0,12,6,0,1,-0.0,1.0,0,
iid,1,212,9,9be2574c5e100539a6c2,all_wrong,0.0,12,6,0,5,1.559581156259877,0.10714285714285714,0,
iid,1,213,9,cf78859f172bec896ab6,all_wrong,0.0,12,6,0,3,0.9002560512685369,0.39285714285714285,0,
iid,1,214,9,d7e354ac002bf841af51,all_wrong,0.0,12,6,0,1,-0.0,1.0,0,
iid,1,215,9,d62a79efc58dbf180396,all_wrong,0.0,12,6,0,1,-0.0,1.0,0,
iid,1,216,9,619a76d4f212b9a50556,all_wrong,0.0,12,6,0,2,0.6615632381579821,0.4642857142857143,0,
iid,1,217,9,dd34d92c2fafc4742f4f,all_wrong,0.0,12,6,0,2,0.6615632381579821,0.4642857142857143,0,
iid,1,218,9,228b8c0191dbb35adac7,all_wrong,0.0,12,6,0,1,-0.0,1.0,0,
iid,1,219,9,fc0c597939083108ba53,all_wrong,0.0,12,6,0,1,-0.0,1.0,0,
iid,1,220,9,71fc27fcf69390db8f37,mixed,0.125,13,6,1,2,0.37677016125643675,0.75,1,-0.0
iid,1,221,9,aba74531ce294295a174,all_wrong,0.0,13,6,0,3,1.0821955300387671,0.25,0,
iid,1,222,9,beb301b7347d27085a3a,all_wrong,0.0,13,6,0,2,0.37677016125643675,0.75,0,
iid,1,223,9,6fa8a543c58113af3226,all_correct,1.0,14,7,8,1,-0.0,1.0,1,-0.0
iid,1,224,9,5050a2de4777967cdaa5,all_wrong,0.0,14,7,0,2,0.6615632381579821,0.4642857142857143,0,
iid,1,225,9,360fe126190238fbc60c,all_wrong,0.0,14,7,0,1,-0.0,1.0,0,
iid,1,226,10,398706ce258a22ea00c1,all_wrong,0.0,14,7,0,1,-0.0,1.0,0,
iid,1,227,10,d070b6ceaa6a58e86fe3,all_wrong,0.0,14,7,0,1,-0.0,1.0,0,
iid,1,228,10,58d1fb042853a49b5db8,mixed,0.125,15,7,1,2,0.37677016125643675,0.75,1,-0.0
iid,1,229,10,f9c18d1366459d8e6f9c,all_wrong,0.0,15,7,0,2,0.5623351446188083,0.5714285714285714,0,
iid,1,230,10,397a90e0a1bf7902b244,all_wrong,0.0,15,7,0,1,-0.0,1.0,0,
iid,1,231,10,1d0b4334ef1efbf29f32,all_wrong,0.0,15,7,0,2,0.37677016125643675,0.75,0,
iid,1,232,10,33b7f3a8a9f93f412958,all_wrong,0.0,15,7,0,1,-0.0,1.0,0,
iid,1,233,10,653e44c6d4a828887f81,all_wrong,0.0,15,7,0,1,-0.0,1.0,0,
iid,1,234,10,a5b89b318429db6071b1,all_wrong,0.0,15,7,0,2,0.37677016125643675,0.75,0,
iid,1,235,10,367de3ae8658802f9c8c,all_wrong,0.0,15,7,0,2,0.37677016125643675,0.75,0,
iid,1,236,10,4372ce88837a0156dd93,all_wrong,0.0,15,7,0,1,-0.0,1.0,0,
iid,1,237,10,301fb492cd3e430be689,all_wrong,0.0,15,7,0,1,-0.0,1.0,0,
iid,1,238,10,7be4905a13bd49ce40fd,all_wrong,0.0,15,7,0,2,0.6615632381579821,0.4642857142857143,0,
iid,1,239,10,0905739b30a79fcdc440,all_wrong,0.0,15,7,0,4,1.2130075659799042,0.25,0,
iid,1,240,10,8c4b5c8655da411970b5,all_wrong,0.0,15,7,0,1,-0.0,1.0,0,
iid,1,241,10,30c2ddd3fa0e7ff5a6c2,all_wrong,0.0,15,7,0,3,0.7356219397587946,0.5357142857142857,0,
iid,1,242,10,183489cf47392b992c54,all_wrong,0.0,15,7,0,1,-0.0,1.0,0,
iid,1,243,10,b83f83e94d96454adde9,all_wrong,0.0,15,7,0,2,0.6615632381579821,0.4642857142857143,0,
iid,1,244,10,b5d2c32057cae3eb1011,all_wrong,0.0,15,7,0,1,-0.0,1.0,0,
iid,1,245,10,9454812d67a4ee5ad62c,all_wrong,0.0,15,7,0,1,-0.0,1.0,0,
iid,1,246,10,d327013a22bee72e501d,all_wrong,0.0,15,7,0,1,-0.0,1.0,0,
iid,1,247,10,fe4f53654a6a9ba76771,all_wrong,0.0,15,7,0,1,-0.0,1.0,0,
iid,1,248,10,ea915def88a42f813ec3,all_wrong,0.0,15,7,0,1,-0.0,1.0,0,
iid,1,249,10,dd8d15a7e8b630fb37f6,all_wrong,0.0,15,7,0,3,0.9743147528693494,0.32142857142857145,0,
iid,1,250,10,fc64186124c711940f1b,all_wrong,0.0,15,7,0,3,0.9002560512685369,0.39285714285714285,0,
iid,1,251,11,1d97f3cc70f2b4486afe,all_wrong,0.0,15,7,0,1,-0.0,1.0,0,
iid,1,252,11,5ea3079d1dcaeed39ffd,all_wrong,0.0,15,7,0,1,-0.0,1.0,0,
iid,1,253,11,2843db09530044d3281e,all_wrong,0.0,15,7,0,1,-0.0,1.0,0,
iid,1,254,11,d53bd3a61dd80866979c,all_wrong,0.0,15,7,0,1,-0.0,1.0,0,
iid,1,255,11,84606d1a26eedbd6ab2c,all_wrong,0.0,15,7,0,2,0.37677016125643675,0.75,0,
iid,1,256,11,d70f207278c1da50a91d,all_wrong,0.0,15,7,0,1,-0.0,1.0,0,
iid,1,257,11,92fd0c50151a0922fc2f,all_wrong,0.0,15,7,0,1,-0.0,1.0,0,
iid,1,258,11,2882a43d15cf648ff4e2,all_wrong,0.0,15,7,0,1,-0.0,1.0,0,
iid,1,259,11,4bdfe539bd950fc440b2,all_wrong,0.0,15,7,0,1,-0.0,1.0,0,
iid,1,260,11,d3cacf744c94d4c0007a,all_wrong,0.0,15,7,0,1,-0.0,1.0,0,
iid,1,261,11,5f898caaf3158950c522,all_wrong,0.0,15,7,0,1,-0.0,1.0,0,
iid,1,262,11,68b2db0feec6b6533fd1,all_wrong,0.0,15,7,0,1,-0.0,1.0,0,
iid,1,263,11,cc37f2f0b601eda91157,all_wrong,0.0,15,7,0,1,-0.0,1.0,0,
iid,1,264,11,0e716b8b24f9fb8b814c,all_wrong,0.0,15,7,0,4,1.2554823251787535,0.21428571428571427,0,
iid,1,265,11,61cd3de4e53b6581c34a,all_wrong,0.0,15,7,0,2,0.6931471805599453,0.42857142857142855,0,
iid,1,266,11,dcb7f654b52c265f6399,all_wrong,0.0,15,7,0,2,0.37677016125643675,0.75,0,
iid,1,267,11,24f3264fa6b46787f7c0,all_wrong,0.0,15,7,0,1,-0.0,1.0,0,
iid,1,268,11,8619ab3977fa82c3365c,all_wrong,0.0,15,7,0,2,0.37677016125643675,0.75,0,
iid,1,269,11,d622ddeaa78127b22aea,all_wrong,0.0,15,7,0,2,0.37677016125643675,0.75,0,
iid,1,270,11,974e09bbf710f5e051de,all_wrong,0.0,15,7,0,1,-0.0,1.0,0,
iid,1,271,11,2840d37f0dac60a4a1ce,all_wrong,0.0,15,7,0,1,-0.0,1.0,0,
iid,1,272,11,94df7d49e341b77ad181,all_wrong,0.0,15,7,0,2,0.37677016125643675,0.75,0,
iid,1,273,11,32e917e13cc3234e32d5,all_wrong,0.0,15,7,0,1,-0.0,1.0,0,
iid,1,274,11,a1a86772d721d6592bd1,all_wrong,0.0,15,7,0,5,1.4941751382893085,0.14285714285714285,0,
iid,1,275,11,a4ef3547e6e3c2e7b368,all_wrong,0.0,15,7,0,1,-0.0,1.0,0,
iid,1,276,12,779a5b55ede96a97d2d6,all_wrong,0.0,15,7,0,2,0.6615632381579821,0.4642857142857143,0,
iid,1,277,12,f68c0897daddb3778961,all_wrong,0.0,15,7,0,1,-0.0,1.0,0,
iid,1,278,12,924daa12f0ae44e76348,all_wrong,0.0,15,7,0,2,0.37677016125643675,0.75,0,
iid,1,279,12,2770d6cfcf4dcac606d4,all_wrong,0.0,15,7,0,6,1.6674619334292948,0.10714285714285714,0,
iid,1,280,12,75bfee3eb8296e5b16bc,mixed,0.875,16,8,7,2,0.37677016125643675,0.75,1,-0.0
iid,1,281,12,f05fca54cd7745038049,all_wrong,0.0,16,8,0,1,-0.0,1.0,0,
iid,1,282,12,163135bcb6e0c9d09eca,all_wrong,0.0,16,8,0,2,0.5623351446188083,0.5714285714285714,0,
iid,1,283,12,9da700af9e5999330f42,all_wrong,0.0,16,8,0,1,-0.0,1.0,0,
iid,1,284,12,ea38191ee44477d0e4cd,all_wrong,0.0,16,8,0,3,0.7356219397587946,0.5357142857142857,0,
iid,1,285,12,3158420ebfa03c7cbcca,all_wrong,0.0,16,8,0,5,1.3862943611198906,0.21428571428571427,0,
iid,1,286,12,d58ce388208127d39178,all_wrong,0.0,16,8,0,2,0.37677016125643675,0.75,0,
iid,1,287,12,d75ccdaa52ed209bc7ac,all_wrong,0.0,16,8,0,1,-0.0,1.0,0,
iid,1,288,12,4d72aac57727daee53b2,all_correct,1.0,17,8,8,1,-0.0,1.0,1,-0.0
iid,1,289,12,04d52291ef2f0a3b3538,all_wrong,0.0,17,8,0,2,0.5623351446188083,0.5714285714285714,0,
iid,1,290,12,9b932aa1ea2e55c31603,all_wrong,0.0,17,8,0,2,0.6615632381579821,0.4642857142857143,0,
iid,1,291,12,c9cf99f5dbaebd18bfc1,all_wrong,0.0,17,8,0,1,-0.0,1.0,0,
iid,1,292,12,d5e6bfe861c2ada78dbd,all_wrong,0.0,17,8,0,1,-0.0,1.0,0,
iid,1,293,12,33e8ed56f91bfe8a49b7,all_wrong,0.0,17,8,0,2,0.37677016125643675,0.75,0,
iid,1,294,12,c9dabec0ca23721e2bbb,all_wrong,0.0,17,8,0,1,-0.0,1.0,0,
iid,1,295,12,5e347354fb0fe52697d2,all_wrong,0.0,17,8,0,1,-0.0,1.0,0,
iid,1,296,12,4fa086ce6a27b99cb96b,all_wrong,0.0,17,8,0,1,-0.0,1.0,0,
iid,1,297,12,eee4e371545b86ca2718,all_wrong,0.0,17,8,0,1,-0.0,1.0,0,
iid,1,298,12,dd8ff1bc4630e090c78b,all_wrong,0.0,17,8,0,1,-0.0,1.0,0,
iid,1,299,12,89983fcf482cc8919399,all_wrong,0.0,17,8,0,2,0.37677016125643675,0.75,0,
iid,1,300,12,cc79b5e45d6e93abc859,all_wrong,0.0,17,8,0,1,-0.0,1.0,0,
iid,1,301,13,98a6cd5c1bfb6bfb652f,all_wrong,0.0,17,8,0,1,-0.0,1.0,0,
iid,1,302,13,d5ed92acce68ad44b4dc,all_wrong,0.0,17,8,0,1,-0.0,1.0,0,
iid,1,303,13,e128e11a24e1c7cdd054,all_wrong,0.0,17,8,0,2,0.5623351446188083,0.5714285714285714,0,
iid,1,304,13,b42b2d483c63f47380da,all_wrong,0.0,17,8,0,3,0.9743147528693494,0.32142857142857145,0,
iid,1,305,13,8939e8029df407a884e4,all_wrong,0.0,17,8,0,1,-0.0,1.0,0,
iid,1,306,13,eea39c944b491d9fb480,all_wrong,0.0,17,8,0,1,-0.0,1.0,0,
iid,1,307,13,0a0a28b12d4e7acc34d5,all_wrong,0.0,17,8,0,1,-0.0,1.0,0,
iid,1,308,13,79472df5fc930c5ec2fa,all_wrong,0.0,17,8,0,2,0.37677016125643675,0.75,0,
iid,1,309,13,48dc7cccfc8017b7087a,all_wrong,0.0,17,8,0,2,0.6615632381579821,0.4642857142857143,0,
iid,1,310,13,8e5326e03845fb9b3d1b,all_wrong,0.0,17,8,0,1,-0.0,1.0,0,
iid,1,311,13,48bd4db1a37946e2f6c2,all_wrong,0.0,17,8,0,1,-0.0,1.0,0,
iid,1,312,13,7643416cd50bb89fe4af,all_wrong,0.0,17,8,0,2,0.5623351446188083,0.5714285714285714,0,
iid,1,313,13,5d1d63d7924b3f6bfdbc,all_wrong,0.0,17,8,0,2,0.6615632381579821,0.4642857142857143,0,
iid,1,314,13,6bed70f1ebcf19e13303,all_wrong,0.0,17,8,0,1,-0.0,1.0,0,
iid,1,315,13,16b8ee9ff32b422527a9,all_wrong,0.0,17,8,0,1,-0.0,1.0,0,
iid,1,316,13,aad30a0b758211c6d680,all_correct,1.0,18,8,8,1,-0.0,1.0,1,-0.0
iid,1,317,13,2c5c86ee6d2b5fca5587,all_wrong,0.0,18,8,0,3,0.9743147528693494,0.32142857142857145,0,
iid,1,318,13,4634f608da6cfa2135a2,all_wrong,0.0,18,8,0,1,-0.0,1.0,0,
iid,1,319,13,adc1c8d35b8240ccdd5f,all_wrong,0.0,18,8,0,1,-0.0,1.0,0,
iid,1,320,13,a3966fe8f84fc26709d4,all_wrong,0.0,18,8,0,1,-0.0,1.0,0,
iid,1,321,13,a43647fbd9268eef63a5,all_wrong,0.0,18,8,0,2,0.5623351446188083,0.5714285714285714,0,
iid,1,322,13,b760ba544ca02814169b,all_wrong,0.0,18,8,0,1,-0.0,1.0,0,
iid,1,323,13,85012706683c7f826bda,all_wrong,0.0,18,8,0,4,1.2554823251787535,0.21428571428571427,0,
iid,1,324,13,5f24a6c65b15a572079b,all_wrong,0.0,18,8,0,1,-0.0,1.0,0,
iid,1,325,13,4b111f9ab5b3cff565f5,all_wrong,0.0,18,8,0,1,-0.0,1.0,0,
iid,1,326,14,85acad5a006e86a7763e,all_wrong,0.0,18,8,0,2,0.37677016125643675,0.75,0,
iid,1,327,14,0a3236b2c24210fe162b,all_wrong,0.0,18,8,0,1,-0.0,1.0,0,
iid,1,328,14,69e5d0e17d8730056cd2,all_wrong,0.0,18,8,0,1,-0.0,1.0,0,
iid,1,329,14,541286be1891498dfa91,all_correct,1.0,19,8,8,1,-0.0,1.0,1,-0.0
iid,1,330,14,a15ceea7b21f6628992e,all_wrong,0.0,19,8,0,1,-0.0,1.0,0,
iid,1,331,14,04b12eafe0129cd6c860,all_wrong,0.0,19,8,0,2,0.37677016125643675,0.75,0,
iid,1,332,14,a6ed873d402e49818288,mixed,0.375,20,8,3,3,0.9743147528693494,0.32142857142857145,1,-0.0
iid,1,333,14,c42b09da658a2c2abd08,all_wrong,0.0,20,8,0,1,-0.0,1.0,0,
iid,1,334,14,b6a8579166d70c13cfad,all_wrong,0.0,20,8,0,2,0.37677016125643675,0.75,0,
iid,1,335,14,36269b265d045aeaea4c,all_wrong,0.0,20,8,0,2,0.37677016125643675,0.75,0,
iid,1,336,14,ffbd7a9ff21ee2899fa3,all_wrong,0.0,20,8,0,2,0.37677016125643675,0.75,0,
iid,1,337,14,b46dfceb2e3ce7e5081a,all_wrong,0.0,20,8,0,1,-0.0,1.0,0,
iid,1,338,14,02becb103cbba839f11e,all_correct,1.0,21,8,8,1,-0.0,1.0,1,-0.0
iid,1,339,14,65b5d95e6307f35ceba7,all_wrong,0.0,21,8,0,1,-0.0,1.0,0,
iid,1,340,14,48ece94e8be480c937b0,all_wrong,0.0,21,8,0,1,-0.0,1.0,0,
iid,1,341,14,dabd8d4cda9028631bc7,all_wrong,0.0,21,8,0,1,-0.0,1.0,0,
iid,1,342,14,a17a23f9643d34ce7e0b,all_wrong,0.0,21,8,0,2,0.37677016125643675,0.75,0,
iid,1,343,14,8640f5fc8a5b7d6b5acf,all_wrong,0.0,21,8,0,2,0.5623351446188083,0.5714285714285714,0,
iid,1,344,14,af3a6c5ce79eede7398a,all_wrong,0.0,21,8,0,3,0.9743147528693494,0.32142857142857145,0,
iid,1,345,14,99f2784ccd66471ee7a9,all_wrong,0.0,21,8,0,2,0.37677016125643675,0.75,0,
iid,1,346,14,f2836343a94d4b0b6315,all_wrong,0.0,21,8,0,1,-0.0,1.0,0,
iid,1,347,14,83b4746f24a5a30c7a2b,all_wrong,0.0,21,8,0,1,-0.0,1.0,0,
iid,1,348,14,563582915ff00b2ccb66,all_wrong,0.0,21,8,0,1,-0.0,1.0,0,
iid,1,349,14,fda288cf8cf189bb087d,all_wrong,0.0,21,8,0,3,0.7356219397587946,0.5357142857142857,0,
iid,1,350,14,a8a79546ec5131e98590,all_wrong,0.0,21,8,0,1,-0.0,1.0,0,
iid,1,351,15,d159562db4d9465071b9,mixed,0.125,22,8,1,2,0.37677016125643675,0.75,1,-0.0
iid,1,352,15,5da1012cfc592e79107d,all_wrong,0.0,22,8,0,3,0.9002560512685369,0.39285714285714285,0,
iid,1,353,15,5ad436bd0beb00872f91,all_wrong,0.0,22,8,0,1,-0.0,1.0,0,
iid,1,354,15,90e782d0cb8984918279,all_wrong,0.0,22,8,0,2,0.6931471805599453,0.42857142857142855,0,
iid,1,355,15,f90e7d0f485585acd008,all_wrong,0.0,22,8,0,3,0.9743147528693494,0.32142857142857145,0,
iid,1,356,15,0f3cc219c9fbdadfcc63,all_wrong,0.0,22,8,0,1,-0.0,1.0,0,
iid,1,357,15,6543a11c0f682113c28e,all_wrong,0.0,22,8,0,3,0.9002560512685369,0.39285714285714285,0,
iid,1,358,15,8b25e11f17b1a0a078ac,all_wrong,0.0,22,8,0,1,-0.0,1.0,0,
iid,1,359,15,fa18587cc5cc4882d08e,all_wrong,0.0,22,8,0,2,0.5623351446188083,0.5714285714285714,0,
iid,1,360,15,c037c6c99e0c50476bc7,all_wrong,0.0,22,8,0,2,0.37677016125643675,0.75,0,
iid,1,361,15,2e9a107c5bca042ef454,all_wrong,0.0,22,8,0,1,-0.0,1.0,0,
iid,1,362,15,235389eab74f0cc4b907,all_wrong,0.0,22,8,0,2,0.5623351446188083,0.5714285714285714,0,
iid,1,363,15,9cf19c91454458915931,all_wrong,0.0,22,8,0,2,0.37677016125643675,0.75,0,
iid,1,364,15,22ca5217057a2e3fee9f,all_correct,1.0,23,8,8,1,-0.0,1.0,1,-0.0
iid,1,365,15,5236043dee03ea05cac7,mixed,0.375,24,8,3,4,1.2554823251787535,0.21428571428571427,1,-0.0
iid,1,366,15,623822d905c26d0a09b1,all_wrong,0.0,24,8,0,1,-0.0,1.0,0,
iid,1,367,15,51bc92cafba961be3655,all_wrong,0.0,24,8,0,1,-0.0,1.0,0,
iid,1,368,15,8eb4d2c8db39d5bcb130,all_wrong,0.0,24,8,0,1,-0.0,1.0,0,
iid,1,369,15,6a794a14c7c04c9f7e9f,all_correct,1.0,25,8,8,1,-0.0,1.0,1,-0.0
iid,1,370,15,2ca91847d926c4591d0e,all_wrong,0.0,25,8,0,1,-0.0,1.0,0,
iid,1,371,15,39d7cf50037b7dc23990,all_wrong,0.0,25,8,0,3,0.7356219397587946,0.5357142857142857,0,
iid,1,372,15,cc6245ae6bdc5780ac9c,all_wrong,0.0,25,8,0,2,0.5623351446188083,0.5714285714285714,0,
iid,1,373,15,e96f1068dbed01d688da,all_correct,1.0,26,8,8,1,-0.0,1.0,1,-0.0
iid,1,374,15,e42f96f65b8d04be048d,all_wrong,0.0,26,8,0,1,-0.0,1.0,0,
iid,1,375,15,28e511774cb00f66f19c,all_wrong,0.0,26,8,0,1,-0.0,1.0,0,
iid,1,376,16,d686398c0a88de5e923e,all_wrong,0.0,26,8,0,1,-0.0,1.0,0,
iid,1,377,16,5445116f9e8690eb5e94,all_wrong,0.0,26,8,0,1,-0.0,1.0,0,
iid,1,378,16,de5d61e367acc325ae60,all_wrong,0.0,26,8,0,2,0.5623351446188083,0.5714285714285714,0,
iid,1,379,16,419312754f7609d342d2,all_wrong,0.0,26,8,0,2,0.37677016125643675,0.75,0,
iid,1,380,16,442120c64618ad5bdab5,all_wrong,0.0,26,8,0,3,0.7356219397587946,0.5357142857142857,0,
iid,1,381,16,4042f2db8a91dd0984c2,all_wrong,0.0,26,8,0,2,0.37677016125643675,0.75,0,
iid,1,382,16,1de9ba1ec82d7340df52,mixed,0.125,27,8,1,2,0.37677016125643675,0.75,1,-0.0
iid,1,383,16,a451b974a46913f398da,all_wrong,0.0,27,8,0,2,0.37677016125643675,0.75,0,
iid,1,384,16,89e9061a26e27ccc840e,all_wrong,0.0,27,8,0,1,-0.0,1.0,0,
iid,1,385,16,beb4015aa9900d44a3b9,all_wrong,0.0,27,8,0,2,0.5623351446188083,0.5714285714285714,0,
iid,1,386,16,b558934559eb1b79e82d,all_wrong,0.0,27,8,0,1,-0.0,1.0,0,
iid,1,387,16,ea6982beffc89601e413,all_wrong,0.0,27,8,0,1,-0.0,1.0,0,
iid,1,388,16,9256520e60e28b9d7f9e,all_wrong,0.0,27,8,0,1,-0.0,1.0,0,
iid,1,389,16,6d237ed15b98208fd13c,all_wrong,0.0,27,8,0,3,0.7356219397587946,0.5357142857142857,0,
iid,1,390,16,f35a9074bda66d517f5c,all_wrong,0.0,27,8,0,1,-0.0,1.0,0,
iid,1,391,16,a14f577583802174dd94,all_wrong,0.0,27,8,0,1,-0.0,1.0,0,
iid,1,392,16,d496dddf61c214f09dfa,all_wrong,0.0,27,8,0,1,-0.0,1.0,0,
iid,1,393,16,f2052eafe6acc7fffb0c,all_wrong,0.0,27,8,0,1,-0.0,1.0,0,
iid,1,394,16,f34cf3baec0b4a508f79,all_wrong,0.0,27,8,0,1,-0.0,1.0,0,
iid,1,395,16,c0dcd03a8d53832e28ef,all_wrong,0.0,27,8,0,1,-0.0,1.0,0,
iid,1,396,16,b6ca03bd87aced98b7a1,all_wrong,0.0,27,8,0,1,-0.0,1.0,0,
iid,1,397,16,2f2439d82f644954cbce,all_wrong,0.0,27,8,0,1,-0.0,1.0,0,
iid,1,398,16,da3a15fd37ab2fd423f6,all_wrong,0.0,27,8,0,1,-0.0,1.0,0,
iid,1,399,16,265f9693706e37e57d6f,all_wrong,0.0,27,8,0,2,0.37677016125643675,0.75,0,
iid,1,400,16,73b6c48b33b4a16dd13f,all_wrong,0.0,27,8,0,2,0.5623351446188083,0.5714285714285714,0,
iid,2,1,1,344e65a062c043b7d4f1,all_wrong,0.0,0,0,0,2,0.5623351446188083,0.5714285714285714,0,
iid,2,2,1,ff8e32ab6bd1b8ccbd62,all_wrong,0.0,0,0,0,2,0.37677016125643675,0.75,0,
iid,2,3,1,acd00e67c207b241a9cb,mixed,0.125,1,1,1,2,0.37677016125643675,0.75,1,-0.0
iid,2,4,1,55e041f525a03550457f,all_wrong,0.0,1,1,0,1,-0.0,1.0,0,
iid,2,5,1,7823aeee84310d484a67,all_wrong,0.0,1,1,0,2,0.5623351446188083,0.5714285714285714,0,
iid,2,6,1,2853ebfbf4ff1fef974a,all_wrong,0.0,1,1,0,1,-0.0,1.0,0,
iid,2,7,1,4eb9d2f867a1743e1f5a,all_wrong,0.0,1,1,0,2,0.5623351446188083,0.5714285714285714,0,
iid,2,8,1,eb7b85e4ff7846becf1d,all_wrong,0.0,1,1,0,3,0.7356219397587946,0.5357142857142857,0,
iid,2,9,1,9a4f281f7c0a352a29d6,all_wrong,0.0,1,1,0,1,-0.0,1.0,0,
iid,2,10,1,f1752a0aba86c25de9b1,all_wrong,0.0,1,1,0,1,-0.0,1.0,0,
iid,2,11,1,c0b94ee8f8bd2e7f22d3,all_wrong,0.0,1,1,0,1,-0.0,1.0,0,
iid,2,12,1,8fd5c706abca9e556c21,all_wrong,0.0,1,1,0,2,0.5623351446188083,0.5714285714285714,0,
iid,2,13,1,295c1c6b0676ebeaafb8,all_wrong,0.0,1,1,0,4,1.2554823251787535,0.21428571428571427,0,
iid,2,14,1,92618aede71d2a8a4da7,all_wrong,0.0,1,1,0,1,-0.0,1.0,0,
iid,2,15,1,04be5cc9a0a5f0df27d5,all_wrong,0.0,1,1,0,1,-0.0,1.0,0,
iid,2,16,1,6f371b0dc9c288435fa6,all_wrong,0.0,1,1,0,2,0.37677016125643675,0.75,0,
iid,2,17,1,9afd1cb37fbc81c8f3d9,all_wrong,0.0,1,1,0,2,0.37677016125643675,0.75,0,
iid,2,18,1,58d0961cf85a13acbb24,all_wrong,0.0,1,1,0,1,-0.0,1.0,0,
iid,2,19,1,fccb2867d126ccc3f76c,all_wrong,0.0,1,1,0,2,0.37677016125643675,0.75,0,
iid,2,20,1,77eaf86db56beb9cc52a,all_wrong,0.0,1,1,0,1,-0.0,1.0,0,
iid,2,21,1,16097a9b65351ea2f108,all_wrong,0.0,1,1,0,4,1.2130075659799042,0.25,0,
iid,2,22,1,83b86db2e855a54563c0,all_wrong,0.0,1,1,0,1,-0.0,1.0,0,
iid,2,23,1,b0a836d114a63c51f3e4,all_wrong,0.0,1,1,0,1,-0.0,1.0,0,
iid,2,24,1,ecc7e2a8af6bd82a7d27,all_wrong,0.0,1,1,0,1,-0.0,1.0,0,
iid,2,25,1,a850fa6c6828c7ded14c,all_wrong,0.0,1,1,0,1,-0.0,1.0,0,
iid,2,26,2,b4c334126e21ffe44d18,all_wrong,0.0,1,1,0,1,-0.0,1.0,0,
iid,2,27,2,7c2cce2380ac777225f6,all_wrong,0.0,1,1,0,2,0.6615632381579821,0.4642857142857143,0,
iid,2,28,2,9892c1d68cd283371348,all_wrong,0.0,1,1,0,1,-0.0,1.0,0,
iid,2,29,2,037b7eb668db0dd99b57,all_wrong,0.0,1,1,0,3,1.0821955300387671,0.25,0,
iid,2,30,2,a72a59cf237e141977a2,all_wrong,0.0,1,1,0,1,-0.0,1.0,0,
iid,2,31,2,ed74be1f173685366128,all_wrong,0.0,1,1,0,4,1.2130075659799042,0.25,0,
iid,2,32,2,25f7e42df573b5f79d2f,all_wrong,0.0,1,1,0,1,-0.0,1.0,0,
iid,2,33,2,60bd24c8aab981664ee8,all_wrong,0.0,1,1,0,1,-0.0,1.0,0,
iid,2,34,2,24f259a8ad87bc3bee7b,all_wrong,0.0,1,1,0,2,0.37677016125643675,0.75,0,
iid,2,35,2,7ec1b6d67b420c846378,all_wrong,0.0,1,1,0,1,-0.0,1.0,0,
iid,2,36,2,40cc6b0d2ada49f0a241,all_wrong,0.0,1,1,0,1,-0.0,1.0,0,
iid,2,37,2,d68c968d706a8bfe92dc,all_wrong,0.0,1,1,0,1,-0.0,1.0,0,
iid,2,38,2,3e84221eab9a1a4b91a0,mixed,0.125,2,2,1,5,1.4941751382893085,0.14285714285714285,1,-0.0
iid,2,39,2,ecc63954c643d1a88a69,all_wrong,0.0,2,2,0,1,-0.0,1.0,0,
iid,2,40,2,ec55a18c3af5c6989c36,all_wrong,0.0,2,2,0,1,-0.0,1.0,0,
iid,2,41,2,98a0bf2389fdbf5ecd98,all_wrong,0.0,2,2,0,1,-0.0,1.0,0,
iid,2,42,2,f665c1af2c96c415ae4f,all_wrong,0.0,2,2,0,1,-0.0,1.0,0,
iid,2,43,2,912342bd3661f2a0edef,all_wrong,0.0,2,2,0,2,0.5623351446188083,0.5714285714285714,0,
iid,2,44,2,40696ae20d712c7ef99c,all_wrong,0.0,2,2,0,2,0.6615632381579821,0.4642857142857143,0,
iid,2,45,2,663615844bbe432868b1,all_wrong,0.0,2,2,0,3,0.9743147528693494,0.32142857142857145,0,
iid,2,46,2,d1dbf37dad1c6d585307,all_wrong,0.0,2,2,0,1,-0.0,1.0,0,
iid,2,47,2,e120fa84b3331cd1bdfe,all_wrong,0.0,2,2,0,1,-0.0,1.0,0,
iid,2,48,2,285cc2d99bc64773d128,all_wrong,0.0,2,2,0,3,0.9743147528693494,0.32142857142857145,0,
iid,2,49,2,c080b7705371fbd18af9,all_wrong,0.0,2,2,0,6,1.6674619334292948,0.10714285714285714,0,
iid,2,50,2,ed34fcfa3a095d03cb61,all_wrong,0.0,2,2,0,2,0.5623351446188083,0.5714285714285714,0,
iid,2,51,3,3012f8218334b0882801,all_wrong,0.0,2,2,0,1,-0.0,1.0,0,
iid,2,52,3,474db377df5acbb5d0c3,all_wrong,0.0,2,2,0,1,-0.0,1.0,0,
iid,2,53,3,1024659a78eaf340da4e,all_wrong,0.0,2,2,0,1,-0.0,1.0,0,
iid,2,54,3,261af030ee95227ce2c8,all_wrong,0.0,2,2,0,1,-0.0,1.0,0,
iid,2,55,3,3c58229f4e9cbda91be5,all_wrong,0.0,2,2,0,2,0.37677016125643675,0.75,0,
iid,2,56,3,584024edc0865d1e66c1,all_wrong,0.0,2,2,0,1,-0.0,1.0,0,
iid,2,57,3,013b955ed2c9d6feeb28,all_wrong,0.0,2,2,0,2,0.5623351446188083,0.5714285714285714,0,
iid,2,58,3,7114759266ada9575ded,all_wrong,0.0,2,2,0,1,-0.0,1.0,0,
iid,2,59,3,fd3d7a2c987035d5e8c1,all_wrong,0.0,2,2,0,1,-0.0,1.0,0,
iid,2,60,3,dc1a6d20f0fa146b62f2,all_wrong,0.0,2,2,0,2,0.6615632381579821,0.4642857142857143,0,
iid,2,61,3,76b7e95f2c5d8f517843,all_wrong,0.0,2,2,0,1,-0.0,1.0,0,
iid,2,62,3,5b759cdfc67909c722c7,all_wrong,0.0,2,2,0,2,0.37677016125643675,0.75,0,
iid,2,63,3,5511a7e3832427045228,all_wrong,0.0,2,2,0,4,1.2130075659799042,0.25,0,
iid,2,64,3,670146be6d32a043bf49,all_wrong,0.0,2,2,0,1,-0.0,1.0,0,
iid,2,65,3,6aa54196eb4a8e4964c0,all_wrong,0.0,2,2,0,2,0.5623351446188083,0.5714285714285714,0,
iid,2,66,3,4198150f0b2baf30e430,all_wrong,0.0,2,2,0,1,-0.0,1.0,0,
iid,2,67,3,b376ab06e82f60a7c613,all_wrong,0.0,2,2,0,1,-0.0,1.0,0,
iid,2,68,3,7741fff7c0d9471d9963,all_wrong,0.0,2,2,0,4,1.3208883431493221,0.17857142857142858,0,
iid,2,69,3,f9e7b4b67374cd48b677,all_wrong,0.0,2,2,0,1,-0.0,1.0,0,
iid,2,70,3,33c7285a84f38344a733,all_wrong,0.0,2,2,0,1,-0.0,1.0,0,
iid,2,71,3,ebd9684ddbd2052363b4,all_wrong,0.0,2,2,0,3,0.9002560512685369,0.39285714285714285,0,
iid,2,72,3,6273147a5dd10058351d,all_wrong,0.0,2,2,0,1,-0.0,1.0,0,
iid,2,73,3,e08246e900811f8d8911,all_wrong,0.0,2,2,0,2,0.37677016125643675,0.75,0,
iid,2,74,3,bcc13ad79509a1a2a0fd,all_wrong,0.0,2,2,0,2,0.37677016125643675,0.75,0,
iid,2,75,3,c99880e9145a7b0a8ef4,all_wrong,0.0,2,2,0,2,0.37677016125643675,0.75,0,
iid,2,76,4,6bcbfe751dedfec8fa6a,all_wrong,0.0,2,2,0,1,-0.0,1.0,0,
iid,2,77,4,ed65448eeda9dc2f1ad3,all_wrong,0.0,2,2,0,2,0.37677016125643675,0.75,0,
iid,2,78,4,dd60c963a673ec62bd53,all_wrong,0.0,2,2,0,1,-0.0,1.0,0,
iid,2,79,4,1c7002ecf3a5805fb8ea,all_wrong,0.0,2,2,0,1,-0.0,1.0,0,
iid,2,80,4,c3230c325dbe3b046c21,all_wrong,0.0,2,2,0,1,-0.0,1.0,0,
iid,2,81,4,e19815e575c67d65d6d6,all_wrong,0.0,2,2,0,1,-0.0,1.0,0,
iid,2,82,4,b8610bc345dfbc4c2b94,all_wrong,0.0,2,2,0,2,0.37677016125643675,0.75,0,
iid,2,83,4,528d3d894d60c2b26473,all_wrong,0.0,2,2,0,1,-0.0,1.0,0,
iid,2,84,4,6fe6428696d1bda6dcdb,all_wrong,0.0,2,2,0,1,-0.0,1.0,0,
iid,2,85,4,6fddb775dfc78fbffd3f,all_wrong,0.0,2,2,0,1,-0.0,1.0,0,
iid,2,86,4,d62b9ce05813dccdbae5,all_wrong,0.0,2,2,0,1,-0.0,1.0,0,
iid,2,87,4,4db70371d92b545bd09e,all_wrong,0.0,2,2,0,4,1.3208883431493221,0.17857142857142858,0,
iid,2,88,4,ef175a0420dcffd4a635,all_wrong,0.0,2,2,0,1,-0.0,1.0,0,
iid,2,89,4,22196ceeee8485da3677,all_wrong,0.0,2,2,0,2,0.5623351446188083,0.5714285714285714,0,
iid,2,90,4,70802cd8dfb912800eac,all_wrong,0.0,2,2,0,1,-0.0,1.0,0,
iid,2,91,4,e6d56dad889595b1db3b,all_wrong,0.0,2,2,0,2,0.6931471805599453,0.42857142857142855,0,
iid,2,92,4,dc55e5d72251ed53732b,all_wrong,0.0,2,2,0,2,0.37677016125643675,0.75,0,
iid,2,93,4,fcb3ba347163d9983308,all_wrong,0.0,2,2,0,1,-0.0,1.0,0,
iid,2,94,4,1abb8f5eb5e604d3bb10,all_wrong,0.0,2,2,0,1,-0.0,1.0,0,
iid,2,95,4,7dd7d737d3b8c0981663,all_wrong,0.0,2,2,0,1,-0.0,1.0,0,
iid,2,96,4,4abba5ed5683e973a9b5,all_wrong,0.0,2,2,0,2,0.37677016125643675,0.75,0,
iid,2,97,4,596fd88d55ffccc82db1,mixed,0.875,3,3,7,2,0.37677016125643675,0.75,1,-0.0
iid,2,98,4,9247fc6a258fa2c52946,all_wrong,0.0,3,3,0,1,-0.0,1.0,0,
iid,2,99,4,d5bdbdb166afffeb25da,all_wrong,0.0,3,3,0,1,-0.0,1.0,0,
iid,2,100,4,8491a8968779a6ac5e3b,all_wrong,0.0,3,3,0,1,-0.0,1.0,0,
iid,2,101,5,ff3131068ead3bdc67f5,all_correct,1.0,4,4,8,1,-0.0,1.0,1,-0.0
iid,2,102,5,0f3d59ce3c2ca503cb3a,all_wrong,0.0,4,4,0,1,-0.0,1.0,0,
iid,2,103,5,bd67c5f394cd058b6a30,all_wrong,0.0,4,4,0,1,-0.0,1.0,0,
iid,2,104,5,947d983c078d61eb73dc,all_wrong,0.0,4,4,0,2,0.37677016125643675,0.75,0,
iid,2,105,5,941d1659e299d32b5509,all_correct,1.0,5,4,8,1,-0.0,1.0,1,-0.0
iid,2,106,5,8981c8a2bbb0f7338850,all_wrong,0.0,5,4,0,3,0.7356219397587946,0.5357142857142857,0,
iid,2,107,5,34c2c231b3b0bb437382,all_wrong,0.0,5,4,0,1,-0.0,1.0,0,
iid,2,108,5,da8d740dbe335398ce88,all_correct,1.0,6,4,8,1,-0.0,1.0,1,-0.0
iid,2,109,5,76f90bf6e885e69b0a89,all_wrong,0.0,6,4,0,2,0.5623351446188083,0.5714285714285714,0,
iid,2,110,5,9db8536e4fd843db257f,mixed,0.5,7,5,4,4,1.2130075659799042,0.25,1,-0.0
iid,2,111,5,f528410ef35f647cdf70,all_wrong,0.0,7,5,0,3,0.9002560512685369,0.39285714285714285,0,
iid,2,112,5,9886fb653aa0e0f98c6c,all_wrong,0.0,7,5,0,3,0.9002560512685369,0.39285714285714285,0,
iid,2,113,5,d1e9cd7b0c49ad949db2,all_wrong,0.0,7,5,0,3,0.9002560512685369,0.39285714285714285,0,
iid,2,114,5,fe0b9f9eb2341c473ef3,all_wrong,0.0,7,5,0,2,0.5623351446188083,0.5714285714285714,0,
iid,2,115,5,873684023f572450072f,all_wrong,0.0,7,5,0,3,1.0821955300387673,0.25,0,
iid,2,116,5,947517d0d59a19a72ad7,all_wrong,0.0,7,5,0,2,0.5623351446188083,0.5714285714285714,0,
iid,2,117,5,c0e8bc1fb6092159dd6f,all_wrong,0.0,7,5,0,2,0.37677016125643675,0.75,0,
iid,2,118,5,6ce79849a45a488c196d,all_wrong,0.0,7,5,0,2,0.37677016125643675,0.75,0,
iid,2,119,5,05b0a2384ae6a380c7d2,all_wrong,0.0,7,5,0,1,-0.0,1.0,0,
iid,2,120,5,48809c9ccc0ba30c59c9,all_wrong,0.0,7,5,0,1,-0.0,1.0,0,
iid,2,121,5,8d2e2c51a12026ae3f10,all_wrong,0.0,7,5,0,1,-0.0,1.0,0,
iid,2,122,5,05e55afea76e67ea6ccc,all_correct,1.0,8,5,8,1,-0.0,1.0,1,-0.0
iid,2,123,5,650c00763900b7f4e071,all_wrong,0.0,8,5,0,1,-0.0,1.0,0,
iid,2,124,5,194b465fc259ddd42d3c,all_wrong,0.0,8,5,0,1,-0.0,1.0,0,
iid,2,125,5,78d4a79b4b77193c2a38,all_wrong,0.0,8,5,0,2,0.37677016125643675,0.75,0,
iid,2,126,6,64c3e013c7bba3ab8a30,all_wrong,0.0,8,5,0,1,-0.0,1.0,0,
iid,2,127,6,7bab8dea0d18f5ff37cb,all_wrong,0.0,8,5,0,2,0.6931471805599453,0.42857142857142855,0,
iid,2,128,6,23376bee554fd8074c0c,all_wrong,0.0,8,5,0,1,-0.0,1.0,0,
iid,2,129,6,93823a7cc4df2d29e9d1,all_wrong,0.0,8,5,0,2,0.5623351446188083,0.5714285714285714,0,
iid,2,130,6,9146fc6fb12cdebc55c7,all_wrong,0.0,8,5,0,1,-0.0,1.0,0,
iid,2,131,6,468a783e528f80469a12,all_wrong,0.0,8,5,0,1,-0.0,1.0,0,
iid,2,132,6,4d303008bd587932a929,all_wrong,0.0,8,5,0,2,0.6615632381579821,0.4642857142857143,0,
iid,2,133,6,1f0d8a6c547ab1be9881,all_wrong,0.0,8,5,0,3,0.9743147528693494,0.32142857142857145,0,
iid,2,134,6,2550c7a734bf9d1df18f,all_wrong,0.0,8,5,0,1,-0.0,1.0,0,
iid,2,135,6,dc89697610c74fca8a66,all_wrong,0.0,8,5,0,2,0.37677016125643675,0.75,0,
iid,2,136,6,61487b72c6261bf53073,all_wrong,0.0,8,5,0,2,0.5623351446188083,0.5714285714285714,0,
iid,2,137,6,dbd98eaa0810481218b4,all_wrong,0.0,8,5,0,1,-0.0,1.0,0,
iid,2,138,6,b86ae3e6251fe7792e14,all_wrong,0.0,8,5,0,3,0.9002560512685369,0.39285714285714285,0,
iid,2,139,6,cd0d39d8b07b3b99d88a,all_wrong,0.0,8,5,0,1,-0.0,1.0,0,
iid,2,140,6,7b388d98ae0d944f1925,all_wrong,0.0,8,5,0,1,-0.0,1.0,0,
iid,2,141,6,0942ca362c9bb4e92156,all_correct,1.0,9,5,8,1,-0.0,1.0,1,-0.0
iid,2,142,6,5a8613d101df5db899bd,all_wrong,0.0,9,5,0,5,1.3862943611198906,0.21428571428571427,0,
iid,2,143,6,9fbac876b450cde1cadf,all_wrong,0.0,9,5,0,1,-0.0,1.0,0,
iid,2,144,6,5abe24088e2cc62a64de,all_wrong,0.0,9,5,0,1,-0.0,1.0,0,
iid,2,145,6,8c6e2943c4bb9c2e5cda,all_wrong,0.0,9,5,0,1,-0.0,1.0,0,
iid,2,146,6,fe5aace7fc6d828a6d44,all_correct,1.0,10,5,8,1,-0.0,1.0,1,-0.0
iid,2,147,6,18bb600571e811780aeb,all_wrong,0.0,10,5,0,3,1.0397207708399179,0.2857142857142857,0,
iid,2,148,6,ce61e0eb7137279c8cfb,all_wrong,0.0,10,5,0,2,0.6615632381579821,0.4642857142857143,0,
iid,2,149,6,9777165aa1a5c0f1b439,all_wrong,0.0,10,5,0,2,0.37677016125643675,0.75,0,
iid,2,150,6,46b190e25d53f7f5f817,all_wrong,0.0,10,5,0,1,-0.0,1.0,0,
iid,2,151,7,f4c34dd4d2db54587fe7,all_wrong,0.0,10,5,0,1,-0.0,1.0,0,
iid,2,152,7,391b5fce3e24abe2254b,all_wrong,0.0,10,5,0,2,0.37677016125643675,0.75,0,
iid,2,153,7,d4a1cfb3981ba5d515d3,all_wrong,0.0,10,5,0,2,0.37677016125643675,0.75,0,
iid,2,154,7,055c0b3e9c73b912946f,all_wrong,0.0,10,5,0,1,-0.0,1.0,0,
iid,2,155,7,9ccabee528f1681eb246,all_wrong,0.0,10,5,0,2,0.37677016125643675,0.75,0,
iid,2,156,7,c2b55f70979ccb528146,all_wrong,0.0,10,5,0,3,0.9743147528693494,0.32142857142857145,0,
iid,2,157,7,a0a04fd3d53e65772151,all_wrong,0.0,10,5,0,2,0.37677016125643675,0.75,0,
iid,2,158,7,c9836a00dc3f36bdb5c2,all_wrong,0.0,10,5,0,1,-0.0,1.0,0,
iid,2,159,7,69321ce445a5539853b7,all_wrong,0.0,10,5,0,2,0.5623351446188083,0.5714285714285714,0,
iid,2,160,7,b43b6f62a988f6f5b9e9,all_wrong,0.0,10,5,0,1,-0.0,1.0,0,
iid,2,161,7,069ee2efb67b497c0ac5,all_wrong,0.0,10,5,0,1,-0.0,1.0,0,
iid,2,162,7,9ce1e8b938112d4d4c6c,all_wrong,0.0,10,5,0,1,-0.0,1.0,0,
iid,2,163,7,6c001c7ad666d12885f6,all_wrong,0.0,10,5,0,2,0.37677016125643675,0.75,0,
iid,2,164,7,61d835a76e24f605aefc,all_wrong,0.0,10,5,0,1,-0.0,1.0,0,
iid,2,165,7,5b40b0801b39319f2601,all_wrong,0.0,10,5,0,1,-0.0,1.0,0,
iid,2,166,7,2e1f9ced3a1d3a3a401c,all_wrong,0.0,10,5,0,2,0.5623351446188083,0.5714285714285714,0,
iid,2,167,7,95eaa1f805e4464e5465,all_wrong,0.0,10,5,0,1,-0.0,1.0,0,
iid,2,168,7,1deb18d5faa29ac53b03,all_wrong,0.0,10,5,0,1,-0.0,1.0,0,
iid,2,169,7,2de4e7cb2a37514cdc4c,all_wrong,0.0,10,5,0,2,0.5623351446188083,0.5714285714285714,0,
iid,2,170,7,0e25805e3a68f642e9a7,all_wrong,0.0,10,5,0,2,0.37677016125643675,0.75,0,
iid,2,171,7,7e6941bc8b261c9bdf46,all_wrong,0.0,10,5,0,2,0.37677016125643675,0.75,0,
iid,2,172,7,5e9c3e0f43a4a996cf19,all_wrong,0.0,10,5,0,1,-0.0,1.0,0,
iid,2,173,7,9cf383eaf4a20437d07f,all_wrong,0.0,10,5,0,2,0.37677016125643675,0.75,0,
iid,2,174,7,caf85b1966da82476384,all_wrong,0.0,10,5,0,1,-0.0,1.0,0,
iid,2,175,7,5a5b6600675ad49af7fa,all_wrong,0.0,10,5,0,1,-0.0,1.0,0,
iid,2,176,8,a47c9f60d0050c531ce7,all_wrong,0.0,10,5,0,1,-0.0,1.0,0,
iid,2,177,8,ee744132b4161e706199,mixed,0.125,11,5,1,2,0.37677016125643675,0.75,1,-0.0
iid,2,178,8,207d3eac8222c945231b,all_wrong,0.0,11,5,0,1,-0.0,1.0,0,
iid,2,179,8,5cc33cd79e147f5aec38,all_wrong,0.0,11,5,0,1,-0.0,1.0,0,
iid,2,180,8,038dbf186d440784b844,all_wrong,0.0,11,5,0,1,-0.0,1.0,0,
iid,2,181,8,e47563a535a1054e5c4b,all_wrong,0.0,11,5,0,2,0.5623351446188083,0.5714285714285714,0,
iid,2,182,8,32dd13b8aae87d07d840,all_wrong,0.0,11,5,0,2,0.6931471805599453,0.42857142857142855,0,
iid,2,183,8,7fc41e235c90f7dddd90,all_wrong,0.0,11,5,0,1,-0.0,1.0,0,
iid,2,184,8,d3b38e847e624ed82167,all_wrong,0.0,11,5,0,1,-0.0,1.0,0,
iid,2,185,8,fb0836242205e30b2f28,all_wrong,0.0,11,5,0,2,0.37677016125643675,0.75,0,
iid,2,186,8,3744e937e15316d76660,all_wrong,0.0,11,5,0,1,-0.0,1.0,0,
iid,2,187,8,ad5efa65c4181f462e3b,all_wrong,0.0,11,5,0,2,0.37677016125643675,0.75,0,
iid,2,188,8,35e05333a0e8d104bb11,all_wrong,0.0,11,5,0,1,-0.0,1.0,0,
iid,2,189,8,550066f263874da2c6bf,all_wrong,0.0,11,5,0,1,-0.0,1.0,0,
iid,2,190,8,b84fc00a3abccc9d080e,all_wrong,0.0,11,5,0,3,1.0821955300387671,0.25,0,
iid,2,191,8,5a400e19635fe303647f,all_wrong,0.0,11,5,0,1,-0.0,1.0,0,
iid,2,192,8,d4457b06ca71659d6c1e,all_wrong,0.0,11,5,0,2,0.6615632381579821,0.4642857142857143,0,
iid,2,193,8,9108757228d2c727c47b,all_wrong,0.0,11,5,0,2,0.37677016125643675,0.75,0,
iid,2,194,8,afaf06828302fc24642b,all_wrong,0.0,11,5,0,3,0.9002560512685369,0.39285714285714285,0,
iid,2,195,8,83f13f48931968a08804,all_wrong,0.0,11,5,0,2,0.5623351446188083,0.5714285714285714,0,
iid,2,196,8,c4008c5ff93d59fa8e6c,all_wrong,0.0,11,5,0,2,0.6615632381579821,0.4642857142857143,0,
iid,2,197,8,5ba265e86479190dd2b6,all_correct,1.0,12,6,8,1,-0.0,1.0,1,-0.0
iid,2,198,8,149913b1085c0e7efeb1,all_wrong,0.0,12,6,0,1,-0.0,1.0,0,
iid,2,199,8,4c8afad2b3c02b83f166,all_wrong,0.0,12,6,0,1,-0.0,1.0,0,
iid,2,200,8,d1b1f9d2e1ab7ad7df98,all_wrong,0.0,12,6,0,1,-0.0,1.0,0,
iid,2,201,9,358af1f24c822e0a9a47,all_wrong,0.0,12,6,0,4,1.320888343149322,0.17857142857142858,0,
iid,2,202,9,ea46abb7f2605d636b9a,all_wrong,0.0,12,6,0,1,-0.0,1.0,0,
iid,2,203,9,579ba8d011d16c0ec216,all_wrong,0.0,12,6,0,1,-0.0,1.0,0,
iid,2,204,9,8b3818b16bb5176cfe5f,all_wrong,0.0,12,6,0,2,0.5623351446188083,0.5714285714285714,0,
iid,2,205,9,e718645a913043afcbd2,all_wrong,0.0,12,6,0,2,0.6615632381579821,0.4642857142857143,0,
iid,2,206,9,e321529f82c331665331,all_wrong,0.0,12,6,0,1,-0.0,1.0,0,
iid,2,207,9,78390ec877cab9f426af,all_wrong,0.0,12,6,0,2,0.5623351446188083,0.5714285714285714,0,
iid,2,208,9,c017c930fe710d063798,all_wrong,0.0,12,6,0,1,-0.0,1.0,0,
iid,2,209,9,182e0a9e3d838d9240fc,all_wrong,0.0,12,6,0,2,0.37677016125643675,0.75,0,
iid,2,210,9,b60a0986bcbb036f14f0,all_wrong,0.0,12,6,0,3,0.7356219397587946,0.5357142857142857,0,
iid,2,211,9,cde00ae2d594f0d33c4e,all_wrong,0.0,12,6,0,1,-0.0,1.0,0,
iid,2,212,9,9be2574c5e100539a6c2,all_wrong,0.0,12,6,0,4,1.2554823251787535,0.21428571428571427,0,
iid,2,213,9,cf78859f172bec896ab6,all_wrong,0.0,12,6,0,4,1.2130075659799042,0.25,0,
iid,2,214,9,d7e354ac002bf841af51,all_wrong,0.0,12,6,0,2,0.37677016125643675,0.75,0,
iid,2,215,9,d62a79efc58dbf180396,all_wrong,0.0,12,6,0,1,-0.0,1.0,0,
iid,2,216,9,619a76d4f212b9a50556,all_wrong,0.0,12,6,0,3,1.0821955300387673,0.25,0,
iid,2,217,9,dd34d92c2fafc4742f4f,all_wrong,0.0,12,6,0,2,0.6931471805599453,0.42857142857142855,0,
iid,2,218,9,228b8c0191dbb35adac7,all_wrong,0.0,12,6,0,1,-0.0,1.0,0,
iid,2,219,9,fc0c597939083108ba53,all_wrong,0.0,12,6,0,2,0.37677016125643675,0.75,0,
iid,2,220,9,71fc27fcf69390db8f37,all_wrong,0.0,12,6,0,1,-0.0,1.0,0,
iid,2,221,9,aba74531ce294295a174,all_wrong,0.0,12,6,0,3,0.9002560512685369,0.39285714285714285,0,
iid,2,222,9,beb301b7347d27085a3a,all_wrong,0.0,12,6,0,2,0.37677016125643675,0.75,0,
iid,2,223,9,6fa8a543c58113af3226,all_correct,1.0,13,7,8,1,-0.0,1.0,1,-0.0
iid,2,224,9,5050a2de4777967cdaa5,all_wrong,0.0,13,7,0,1,-0.0,1.0,0,
iid,2,225,9,360fe126190238fbc60c,all_wrong,0.0,13,7,0,1,-0.0,1.0,0,
iid,2,226,10,398706ce258a22ea00c1,all_wrong,0.0,13,7,0,1,-0.0,1.0,0,
iid,2,227,10,d070b6ceaa6a58e86fe3,all_wrong,0.0,13,7,0,1,-0.0,1.0,0,
iid,2,228,10,58d1fb042853a49b5db8,mixed,0.625,14,7,5,3,0.9002560512685369,0.39285714285714285,1,-0.0
iid,2,229,10,f9c18d1366459d8e6f9c,all_wrong,0.0,14,7,0,2,0.37677016125643675,0.75,0,
iid,2,230,10,397a90e0a1bf7902b244,all_wrong,0.0,14,7,0,1,-0.0,1.0,0,
iid,2,231,10,1d0b4334ef1efbf29f32,all_wrong,0.0,14,7,0,3,1.0397207708399179,0.2857142857142857,0,
iid,2,232,10,33b7f3a8a9f93f412958,all_wrong,0.0,14,7,0,1,-0.0,1.0,0,
iid,2,233,10,653e44c6d4a828887f81,all_wrong,0.0,14,7,0,2,0.37677016125643675,0.75,0,
iid,2,234,10,a5b89b318429db6071b1,all_wrong,0.0,14,7,0,1,-0.0,1.0,0,
iid,2,235,10,367de3ae8658802f9c8c,all_wrong,0.0,14,7,0,1,-0.0,1.0,0,
iid,2,236,10,4372ce88837a0156dd93,all_wrong,0.0,14,7,0,3,0.9002560512685369,0.39285714285714285,0,
iid,2,237,10,301fb492cd3e430be689,all_wrong,0.0,14,7,0,1,-0.0,1.0,0,
iid,2,238,10,7be4905a13bd49ce40fd,all_wrong,0.0,14,7,0,2,0.6931471805599453,0.42857142857142855,0,
iid,2,239,10,0905739b30a79fcdc440,all_wrong,0.0,14,7,0,5,1.3862943611198906,0.21428571428571427,0,
iid,2,240,10,8c4b5c8655da411970b5,all_wrong,0.0,14,7,0,1,-0.0,1.0,0,
iid,2,241,10,30c2ddd3fa0e7ff5a6c2,all_wrong,0.0,14,7,0,2,0.5623351446188083,0.5714285714285714,0,
iid,2,242,10,183489cf47392b992c54,all_wrong,0.0,14,7,0,1,-0.0,1.0,0,
iid,2,243,10,b83f83e94d96454adde9,all_wrong,0.0,14,7,0,2,0.37677016125643675,0.75,0,
iid,2,244,10,b5d2c32057cae3eb1011,all_wrong,0.0,14,7,0,1,-0.0,1.0,0,
iid,2,245,10,9454812d67a4ee5ad62c,all_wrong,0.0,14,7,0,2,0.37677016125643675,0.75,0,
iid,2,246,10,d327013a22bee72e501d,all_wrong,0.0,14,7,0,2,0.5623351446188083,0.5714285714285714,0,
iid,2,247,10,fe4f53654a6a9ba76771,all_wrong,0.0,14,7,0,1,-0.0,1.0,0,
iid,2,248,10,ea915def88a42f813ec3,all_wrong,0.0,14,7,0,1,-0.0,1.0,0,
iid,2,249,10,dd8d15a7e8b630fb37f6,all_wrong,0.0,14,7,0,4,1.0735428464085233,0.35714285714285715,0,
iid,2,250,10,fc64186124c711940f1b,all_wrong,0.0,14,7,0,2,0.5623351446188083,0.5714285714285714,0,
iid,2,251,11,1d97f3cc70f2b4486afe,all_wrong,0.0,14,7,0,1,-0.0,1.0,0,
iid,2,252,11,5ea3079d1dcaeed39ffd,all_wrong,0.0,14,7,0,1,-0.0,1.0,0,
iid,2,253,11,2843db09530044d3281e,all_wrong,0.0,14,7,0,1,-0.0,1.0,0,
iid,2,254,11,d53bd3a61dd80866979c,all_wrong,0.0,14,7,0,2,0.37677016125643675,0.75,0,
iid,2,255,11,84606d1a26eedbd6ab2c,all_wrong,0.0,14,7,0,2,0.5623351446188083,0.5714285714285714,0,
iid,2,256,11,d70f207278c1da50a91d,all_wrong,0.0,14,7,0,2,0.6931471805599453,0.42857142857142855,0,
iid,2,257,11,92fd0c50151a0922fc2f,all_wrong,0.0,14,7,0,1,-0.0,1.0,0,
iid,2,258,11,2882a43d15cf648ff4e2,all_wrong,0.0,14,7,0,1,-0.0,1.0,0,
iid,2,259,11,4bdfe539bd950fc440b2,all_wrong,0.0,14,7,0,1,-0.0,1.0,0,
iid,2,260,11,d3cacf744c94d4c0007a,all_wrong,0.0,14,7,0,1,-0.0,1.0,0,
iid,2,261,11,5f898caaf3158950c522,all_wrong,0.0,14,7,0,3,1.0821955300387671,0.25,0,
iid,2,262,11,68b2db0feec6b6533fd1,all_wrong,0.0,14,7,0,1,-0.0,1.0,0,
iid,2,263,11,cc37f2f0b601eda91157,all_wrong,0.0,14,7,0,1,-0.0,1.0,0,
iid,2,264,11,0e716b8b24f9fb8b814c,all_wrong,0.0,14,7,0,4,1.0735428464085233,0.35714285714285715,0,
iid,2,265,11,61cd3de4e53b6581c34a,all_wrong,0.0,14,7,0,2,0.6615632381579821,0.4642857142857143,0,
iid,2,266,11,dcb7f654b52c265f6399,all_wrong,0.0,14,7,0,2,0.37677016125643675,0.75,0,
iid,2,267,11,24f3264fa6b46787f7c0,all_wrong,0.0,14,7,0,1,-0.0,1.0,0,
iid,2,268,11,8619ab3977fa82c3365c,all_wrong,0.0,14,7,0,1,-0.0,1.0,0,
iid,2,269,11,d622ddeaa78127b22aea,all_wrong,0.0,14,7,0,2,0.6615632381579821,0.4642857142857143,0,
iid,2,270,11,974e09bbf710f5e051de,all_wrong,0.0,14,7,0,1,-0.0,1.0,0,
iid,2,271,11,2840d37f0dac60a4a1ce,all_wrong,0.0,14,7,0,2,0.37677016125643675,0.75,0,
iid,2,272,11,94df7d49e341b77ad181,all_wrong,0.0,14,7,0,2,0.37677016125643675,0.75,0,
iid,2,273,11,32e917e13cc3234e32d5,all_wrong,0.0,14,7,0,3,0.9002560512685369,0.39285714285714285,0,
iid,2,274,11,a1a86772d721d6592bd1,all_wrong,0.0,14,7,0,2,0.37677016125643675,0.75,0,
iid,2,275,11,a4ef3547e6e3c2e7b368,all_wrong,0.0,14,7,0,1,-0.0,1.0,0,
iid,2,276,12,779a5b55ede96a97d2d6,all_wrong,0.0,14,7,0,3,0.7356219397587946,0.5357142857142857,0,
iid,2,277,12,f68c0897daddb3778961,all_wrong,0.0,14,7,0,2,0.37677016125643675,0.75,0,
iid,2,278,12,924daa12f0ae44e76348,all_wrong,0.0,14,7,0,4,1.0735428464085233,0.35714285714285715,0,
iid,2,279,12,2770d6cfcf4dcac606d4,all_wrong,0.0,14,7,0,6,1.6674619334292948,0.10714285714285714,0,
iid,2,280,12,75bfee3eb8296e5b16bc,mixed,0.375,15,8,3,3,1.0821955300387671,0.25,1,-0.0
iid,2,281,12,f05fca54cd7745038049,all_wrong,0.0,15,8,0,1,-0.0,1.0,0,
iid,2,282,12,163135bcb6e0c9d09eca,all_wrong,0.0,15,8,0,4,1.2130075659799042,0.25,0,
iid,2,283,12,9da700af9e5999330f42,all_wrong,0.0,15,8,0,2,0.6615632381579821,0.4642857142857143,0,
iid,2,284,12,ea38191ee44477d0e4cd,all_wrong,0.0,15,8,0,4,1.2130075659799042,0.25,0,
iid,2,285,12,3158420ebfa03c7cbcca,all_wrong,0.0,15,8,0,5,1.3862943611198906,0.21428571428571427,0,
iid,2,286,12,d58ce388208127d39178,all_wrong,0.0,15,8,0,2,0.37677016125643675,0.75,0,
iid,2,287,12,d75ccdaa52ed209bc7ac,all_wrong,0.0,15,8,0,1,-0.0,1.0,0,
iid,2,288,12,4d72aac57727daee53b2,all_correct,1.0,16,8,8,1,-0.0,1.0,1,-0.0
iid,2,289,12,04d52291ef2f0a3b3538,all_wrong,0.0,16,8,0,4,1.2130075659799042,0.25,0,
iid,2,290,12,9b932aa1ea2e55c31603,all_wrong,0.0,16,8,0,2,0.37677016125643675,0.75,0,
iid,2,291,12,c9cf99f5dbaebd18bfc1,all_wrong,0.0,16,8,0,1,-0.0,1.0,0,
iid,2,292,12,d5e6bfe861c2ada78dbd,all_wrong,0.0,16,8,0,1,-0.0,1.0,0,
iid,2,293,12,33e8ed56f91bfe8a49b7,all_wrong,0.0,16,8,0,2,0.5623351446188083,0.5714285714285714,0,
iid,2,294,12,c9dabec0ca23721e2bbb,all_wrong,0.0,16,8,0,1,-0.0,1.0,0,
iid,2,295,12,5e347354fb0fe52697d2,all_wrong,0.0,16,8,0,1,-0.0,1.0,0,
iid,2,296,12,4fa086ce6a27b99cb96b,all_wrong,0.0,16,8,0,1,-0.0,1.0,0,
iid,2,297,12,eee4e371545b86ca2718,all_wrong,0.0,16,8,0,1,-0.0,1.0,0,
iid,2,298,12,dd8ff1bc4630e090c78b,all_wrong,0.0,16,8,0,1,-0.0,1.0,0,
iid,2,299,12,89983fcf482cc8919399,all_wrong,0.0,16,8,0,1,-0.0,1.0,0,
iid,2,300,12,cc79b5e45d6e93abc859,all_wrong,0.0,16,8,0,1,-0.0,1.0,0,
iid,2,301,13,98a6cd5c1bfb6bfb652f,all_wrong,0.0,16,8,0,1,-0.0,1.0,0,
iid,2,302,13,d5ed92acce68ad44b4dc,all_wrong,0.0,16,8,0,1,-0.0,1.0,0,
iid,2,303,13,e128e11a24e1c7cdd054,all_wrong,0.0,16,8,0,4,1.2554823251787535,0.21428571428571427,0,
iid,2,304,13,b42b2d483c63f47380da,all_wrong,0.0,16,8,0,3,0.9743147528693494,0.32142857142857145,0,
iid,2,305,13,8939e8029df407a884e4,all_wrong,0.0,16,8,0,1,-0.0,1.0,0,
iid,2,306,13,eea39c944b491d9fb480,all_wrong,0.0,16,8,0,2,0.37677016125643675,0.75,0,
iid,2,307,13,0a0a28b12d4e7acc34d5,all_wrong,0.0,16,8,0,1,-0.0,1.0,0,
iid,2,308,13,79472df5fc930c5ec2fa,all_wrong,0.0,16,8,0,1,-0.0,1.0,0,
iid,2,309,13,48dc7cccfc8017b7087a,all_wrong,0.0,16,8,0,1,-0.0,1.0,0,
iid,2,310,13,8e5326e03845fb9b3d1b,all_wrong,0.0,16,8,0,1,-0.0,1.0,0,
iid,2,311,13,48bd4db1a37946e2f6c2,all_wrong,0.0,16,8,0,1,-0.0,1.0,0,
iid,2,312,13,7643416cd50bb89fe4af,all_wrong,0.0,16,8,0,1,-0.0,1.0,0,
iid,2,313,13,5d1d63d7924b3f6bfdbc,all_wrong,0.0,16,8,0,3,1.0397207708399179,0.2857142857142857,0,
iid,2,314,13,6bed70f1ebcf19e13303,all_wrong,0.0,16,8,0,1,-0.0,1.0,0,
iid,2,315,13,16b8ee9ff32b422527a9,all_wrong,0.0,16,8,0,1,-0.0,1.0,0,
iid,2,316,13,aad30a0b758211c6d680,all_correct,1.0,17,8,8,1,-0.0,1.0,1,-0.0
iid,2,317,13,2c5c86ee6d2b5fca5587,all_wrong,0.0,17,8,0,2,0.5623351446188083,0.5714285714285714,0,
iid,2,318,13,4634f608da6cfa2135a2,all_wrong,0.0,17,8,0,1,-0.0,1.0,0,
iid,2,319,13,adc1c8d35b8240ccdd5f,all_wrong,0.0,17,8,0,1,-0.0,1.0,0,
iid,2,320,13,a3966fe8f84fc26709d4,all_wrong,0.0,17,8,0,3,0.9002560512685369,0.39285714285714285,0,
iid,2,321,13,a43647fbd9268eef63a5,all_wrong,0.0,17,8,0,1,-0.0,1.0,0,
iid,2,322,13,b760ba544ca02814169b,all_wrong,0.0,17,8,0,1,-0.0,1.0,0,
iid,2,323,13,85012706683c7f826bda,all_wrong,0.0,17,8,0,4,1.0735428464085233,0.35714285714285715,0,
iid,2,324,13,5f24a6c65b15a572079b,all_wrong,0.0,17,8,0,3,0.9743147528693494,0.32142857142857145,0,
iid,2,325,13,4b111f9ab5b3cff565f5,all_wrong,0.0,17,8,0,1,-0.0,1.0,0,
iid,2,326,14,85acad5a006e86a7763e,all_wrong,0.0,17,8,0,1,-0.0,1.0,0,
iid,2,327,14,0a3236b2c24210fe162b,all_wrong,0.0,17,8,0,2,0.5623351446188083,0.5714285714285714,0,
iid,2,328,14,69e5d0e17d8730056cd2,all_wrong,0.0,17,8,0,1,-0.0,1.0,0,
iid,2,329,14,541286be1891498dfa91,all_correct,1.0,18,8,8,1,-0.0,1.0,1,-0.0
iid,2,330,14,a15ceea7b21f6628992e,all_wrong,0.0,18,8,0,1,-0.0,1.0,0,
iid,2,331,14,04b12eafe0129cd6c860,all_wrong,0.0,18,8,0,2,0.37677016125643675,0.75,0,
iid,2,332,14,a6ed873d402e49818288,mixed,0.125,19,8,1,2,0.37677016125643675,0.75,1,-0.0
iid,2,333,14,c42b09da658a2c2abd08,all_wrong,0.0,19,8,0,2,0.5623351446188083,0.5714285714285714,0,
iid,2,334,14,b6a8579166d70c13cfad,all_wrong,0.0,19,8,0,2,0.6615632381579821,0.4642857142857143,0,
iid,2,335,14,36269b265d045aeaea4c,all_wrong,0.0,19,8,0,2,0.37677016125643675,0.75,0,
iid,2,336,14,ffbd7a9ff21ee2899fa3,all_wrong,0.0,19,8,0,3,0.9743147528693494,0.32142857142857145,0,
iid,2,337,14,b46dfceb2e3ce7e5081a,all_wrong,0.0,19,8,0,1,-0.0,1.0,0,
iid,2,338,14,02becb103cbba839f11e,all_correct,1.0,20,8,8,1,-0.0,1.0,1,-0.0
iid,2,339,14,65b5d95e6307f35ceba7,all_wrong,0.0,20,8,0,1,-0.0,1.0,0,
iid,2,340,14,48ece94e8be480c937b0,all_wrong,0.0,20,8,0,1,-0.0,1.0,0,
iid,2,341,14,dabd8d4cda9028631bc7,all_wrong,0.0,20,8,0,1,-0.0,1.0,0,
iid,2,342,14,a17a23f9643d34ce7e0b,all_wrong,0.0,20,8,0,2,0.37677016125643675,0.75,0,
iid,2,343,14,8640f5fc8a5b7d6b5acf,all_wrong,0.0,20,8,0,3,0.7356219397587946,0.5357142857142857,0,
iid,2,344,14,af3a6c5ce79eede7398a,all_wrong,0.0,20,8,0,2,0.6615632381579821,0.4642857142857143,0,
iid,2,345,14,99f2784ccd66471ee7a9,all_wrong,0.0,20,8,0,2,0.37677016125643675,0.75,0,
iid,2,346,14,f2836343a94d4b0b6315,all_wrong,0.0,20,8,0,1,-0.0,1.0,0,
iid,2,347,14,83b4746f24a5a30c7a2b,all_wrong,0.0,20,8,0,1,-0.0,1.0,0,
iid,2,348,14,563582915ff00b2ccb66,all_wrong,0.0,20,8,0,3,0.9002560512685369,0.39285714285714285,0,
iid,2,349,14,fda288cf8cf189bb087d,all_wrong,0.0,20,8,0,2,0.37677016125643675,0.75,0,
iid,2,350,14,a8a79546ec5131e98590,all_wrong,0.0,20,8,0,1,-0.0,1.0,0,
iid,2,351,15,d159562db4d9465071b9,mixed,0.125,21,8,1,3,0.9002560512685369,0.39285714285714285,1,-0.0
iid,2,352,15,5da1012cfc592e79107d,all_wrong,0.0,21,8,0,2,0.37677016125643675,0.75,0,
iid,2,353,15,5ad436bd0beb00872f91,all_wrong,0.0,21,8,0,2,0.37677016125643675,0.75,0,
iid,2,354,15,90e782d0cb8984918279,all_wrong,0.0,21,8,0,2,0.37677016125643675,0.75,0,
iid,2,355,15,f90e7d0f485585acd008,all_wrong,0.0,21,8,0,2,0.6931471805599453,0.42857142857142855,0,
iid,2,356,15,0f3cc219c9fbdadfcc63,all_wrong,0.0,21,8,0,1,-0.0,1.0,0,
iid,2,357,15,6543a11c0f682113c28e,all_wrong,0.0,21,8,0,2,0.6615632381579821,0.4642857142857143,0,
iid,2,358,15,8b25e11f17b1a0a078ac,all_wrong,0.0,21,8,0,1,-0.0,1.0,0,
iid,2,359,15,fa18587cc5cc4882d08e,all_wrong,0.0,21,8,0,2,0.5623351446188083,0.5714285714285714,0,
iid,2,360,15,c037c6c99e0c50476bc7,all_wrong,0.0,21,8,0,1,-0.0,1.0,0,
iid,2,361,15,2e9a107c5bca042ef454,all_wrong,0.0,21,8,0,1,-0.0,1.0,0,
iid,2,362,15,235389eab74f0cc4b907,all_wrong,0.0,21,8,0,2,0.6615632381579821,0.4642857142857143,0,
iid,2,363,15,9cf19c91454458915931,all_wrong,0.0,21,8,0,1,-0.0,1.0,0,
iid,2,364,15,22ca5217057a2e3fee9f,all_correct,1.0,22,8,8,1,-0.0,1.0,1,-0.0
iid,2,365,15,5236043dee03ea05cac7,mixed,0.875,23,9,7,2,0.37677016125643675,0.75,1,-0.0
iid,2,366,15,623822d905c26d0a09b1,all_wrong,0.0,23,9,0,1,-0.0,1.0,0,
iid,2,367,15,51bc92cafba961be3655,mixed,0.375,24,9,3,3,0.9743147528693494,0.32142857142857145,1,-0.0
iid,2,368,15,8eb4d2c8db39d5bcb130,all_wrong,0.0,24,9,0,1,-0.0,1.0,0,
iid,2,369,15,6a794a14c7c04c9f7e9f,all_correct,1.0,25,9,8,1,-0.0,1.0,1,-0.0
iid,2,370,15,2ca91847d926c4591d0e,all_wrong,0.0,25,9,0,1,-0.0,1.0,0,
iid,2,371,15,39d7cf50037b7dc23990,all_wrong,0.0,25,9,0,1,-0.0,1.0,0,
iid,2,372,15,cc6245ae6bdc5780ac9c,all_wrong,0.0,25,9,0,2,0.6931471805599453,0.42857142857142855,0,
iid,2,373,15,e96f1068dbed01d688da,all_correct,1.0,26,9,8,1,-0.0,1.0,1,-0.0
iid,2,374,15,e42f96f65b8d04be048d,all_wrong,0.0,26,9,0,1,-0.0,1.0,0,
iid,2,375,15,28e511774cb00f66f19c,all_wrong,0.0,26,9,0,1,-0.0,1.0,0,
iid,2,376,16,d686398c0a88de5e923e,all_wrong,0.0,26,9,0,1,-0.0,1.0,0,
iid,2,377,16,5445116f9e8690eb5e94,all_wrong,0.0,26,9,0,1,-0.0,1.0,0,
iid,2,378,16,de5d61e367acc325ae60,all_wrong,0.0,26,9,0,2,0.5623351446188083,0.5714285714285714,0,
iid,2,379,16,419312754f7609d342d2,all_wrong,0.0,26,9,0,1,-0.0,1.0,0,
iid,2,380,16,442120c64618ad5bdab5,all_wrong,0.0,26,9,0,2,0.5623351446188083,0.5714285714285714,0,
iid,2,381,16,4042f2db8a91dd0984c2,all_wrong,0.0,26,9,0,3,0.7356219397587946,0.5357142857142857,0,
iid,2,382,16,1de9ba1ec82d7340df52,all_correct,1.0,27,9,8,1,-0.0,1.0,1,-0.0
iid,2,383,16,a451b974a46913f398da,all_wrong,0.0,27,9,0,2,0.37677016125643675,0.75,0,
iid,2,384,16,89e9061a26e27ccc840e,all_wrong,0.0,27,9,0,2,0.37677016125643675,0.75,0,
iid,2,385,16,beb4015aa9900d44a3b9,all_wrong,0.0,27,9,0,2,0.6615632381579821,0.4642857142857143,0,
iid,2,386,16,b558934559eb1b79e82d,all_wrong,0.0,27,9,0,1,-0.0,1.0,0,
iid,2,387,16,ea6982beffc89601e413,all_wrong,0.0,27,9,0,1,-0.0,1.0,0,
iid,2,388,16,9256520e60e28b9d7f9e,all_wrong,0.0,27,9,0,2,0.37677016125643675,0.75,0,
iid,2,389,16,6d237ed15b98208fd13c,all_wrong,0.0,27,9,0,2,0.37677016125643675,0.75,0,
iid,2,390,16,f35a9074bda66d517f5c,all_wrong,0.0,27,9,0,1,-0.0,1.0,0,
iid,2,391,16,a14f577583802174dd94,all_wrong,0.0,27,9,0,1,-0.0,1.0,0,
iid,2,392,16,d496dddf61c214f09dfa,all_wrong,0.0,27,9,0,1,-0.0,1.0,0,
iid,2,393,16,f2052eafe6acc7fffb0c,all_wrong,0.0,27,9,0,1,-0.0,1.0,0,
iid,2,394,16,f34cf3baec0b4a508f79,all_wrong,0.0,27,9,0,1,-0.0,1.0,0,
iid,2,395,16,c0dcd03a8d53832e28ef,all_wrong,0.0,27,9,0,1,-0.0,1.0,0,
iid,2,396,16,b6ca03bd87aced98b7a1,all_wrong,0.0,27,9,0,1,-0.0,1.0,0,
iid,2,397,16,2f2439d82f644954cbce,all_wrong,0.0,27,9,0,1,-0.0,1.0,0,
iid,2,398,16,da3a15fd37ab2fd423f6,all_wrong,0.0,27,9,0,3,0.9743147528693494,0.32142857142857145,0,
iid,2,399,16,265f9693706e37e57d6f,all_wrong,0.0,27,9,0,1,-0.0,1.0,0,
iid,2,400,16,73b6c48b33b4a16dd13f,all_wrong,0.0,27,9,0,2,0.37677016125643675,0.75,0,
prefix,0,1,1,344e65a062c043b7d4f1,all_wrong,0.0,0,0,0,5,1.3862943611198906,0.21428571428571427,0,
prefix,0,2,1,ff8e32ab6bd1b8ccbd62,all_wrong,0.0,0,0,0,5,1.3862943611198906,0.21428571428571427,0,
prefix,0,3,1,acd00e67c207b241a9cb,all_wrong,0.0,0,0,0,5,1.3862943611198906,0.21428571428571427,0,
prefix,0,4,1,55e041f525a03550457f,mixed,0.125,1,1,1,5,1.3862943611198906,0.21428571428571427,1,-0.0
prefix,0,5,1,7823aeee84310d484a67,all_wrong,0.0,1,1,0,5,1.3862943611198906,0.21428571428571427,0,
prefix,0,6,1,2853ebfbf4ff1fef974a,all_wrong,0.0,1,1,0,6,1.7328679513998633,0.07142857142857142,0,
prefix,0,7,1,4eb9d2f867a1743e1f5a,mixed,0.125,2,2,1,6,1.6674619334292948,0.10714285714285714,1,-0.0
prefix,0,8,1,eb7b85e4ff7846becf1d,all_wrong,0.0,2,2,0,5,1.3862943611198906,0.21428571428571427,0,
prefix,0,9,1,9a4f281f7c0a352a29d6,all_wrong,0.0,2,2,0,6,1.7328679513998633,0.07142857142857142,0,
prefix,0,10,1,f1752a0aba86c25de9b1,all_wrong,0.0,2,2,0,7,1.9061547465398496,0.03571428571428571,0,
prefix,0,11,1,c0b94ee8f8bd2e7f22d3,all_wrong,0.0,2,2,0,6,1.7328679513998633,0.07142857142857142,0,
prefix,0,12,1,8fd5c706abca9e556c21,mixed,0.125,3,3,1,5,1.3862943611198906,0.21428571428571427,1,-0.0
prefix,0,13,1,295c1c6b0676ebeaafb8,all_wrong,0.0,3,3,0,5,1.3862943611198906,0.21428571428571427,0,
prefix,0,14,1,92618aede71d2a8a4da7,all_wrong,0.0,3,3,0,5,1.3862943611198906,0.21428571428571427,0,
prefix,0,15,1,04be5cc9a0a5f0df27d5,all_wrong,0.0,3,3,0,5,1.3862943611198906,0.21428571428571427,0,
prefix,0,16,1,6f371b0dc9c288435fa6,all_wrong,0.0,3,3,0,6,1.6674619334292946,0.10714285714285714,0,
prefix,0,17,1,9afd1cb37fbc81c8f3d9,all_wrong,0.0,3,3,0,5,1.3862943611198906,0.21428571428571427,0,
prefix,0,18,1,58d0961cf85a13acbb24,all_wrong,0.0,3,3,0,5,1.3862943611198906,0.21428571428571427,0,
prefix,0,19,1,fccb2867d126ccc3f76c,all_wrong,0.0,3,3,0,5,1.3862943611198906,0.21428571428571427,0,
prefix,0,20,1,77eaf86db56beb9cc52a,all_wrong,0.0,3,3,0,5,1.3862943611198906,0.21428571428571427,0,
prefix,0,21,1,16097a9b65351ea2f108,all_wrong,0.0,3,3,0,6,1.7328679513998633,0.07142857142857142,0,
prefix,0,22,1,83b86db2e855a54563c0,all_wrong,0.0,3,3,0,5,1.3862943611198906,0.21428571428571427,0,
prefix,0,23,1,b0a836d114a63c51f3e4,mixed,0.125,4,4,1,5,1.3862943611198906,0.21428571428571427,1,-0.0
prefix,0,24,1,ecc7e2a8af6bd82a7d27,all_wrong,0.0,4,4,0,5,1.3862943611198906,0.21428571428571427,0,
prefix,0,25,1,a850fa6c6828c7ded14c,all_wrong,0.0,4,4,0,5,1.3862943611198906,0.21428571428571427,0,
prefix,0,26,2,b4c334126e21ffe44d18,mixed,0.125,5,4,1,5,1.3862943611198906,0.21428571428571427,1,-0.0
prefix,0,27,2,7c2cce2380ac777225f6,all_wrong,0.0,5,4,0,5,1.4941751382893085,0.14285714285714285,0,
prefix,0,28,2,9892c1d68cd283371348,all_wrong,0.0,5,4,0,5,1.3862943611198906,0.21428571428571427,0,
prefix,0,29,2,037b7eb668db0dd99b57,all_wrong,0.0,5,4,0,6,1.6674619334292948,0.10714285714285714,0,
prefix,0,30,2,a72a59cf237e141977a2,all_wrong,0.0,5,4,0,5,1.3862943611198906,0.21428571428571427,0,
prefix,0,31,2,ed74be1f173685366128,all_wrong,0.0,5,4,0,6,1.6674619334292946,0.10714285714285714,0,
prefix,0,32,2,25f7e42df573b5f79d2f,all_wrong,0.0,5,4,0,5,1.3862943611198906,0.21428571428571427,0,
prefix,0,33,2,60bd24c8aab981664ee8,all_wrong,0.0,5,4,0,5,1.3862943611198906,0.21428571428571427,0,
prefix,0,34,2,24f259a8ad87bc3bee7b,all_wrong,0.0,5,4,0,5,1.3862943611198906,0.21428571428571427,0,
prefix,0,35,2,7ec1b6d67b420c846378,mixed,0.125,6,4,1,5,1.3862943611198906,0.21428571428571427,1,-0.0
prefix,0,36,2,40cc6b0d2ada49f0a241,all_wrong,0.0,6,4,0,5,1.3862943611198906,0.21428571428571427,0,
prefix,0,37,2,d68c968d706a8bfe92dc,all_wrong,0.0,6,4,0,5,1.3862943611198906,0.21428571428571427,0,
prefix,0,38,2,3e84221eab9a1a4b91a0,all_wrong,0.0,6,4,0,6,1.6674619334292948,0.10714285714285714,0,
prefix,0,39,2,ecc63954c643d1a88a69,all_wrong,0.0,6,4,0,5,1.3862943611198906,0.21428571428571427,0,
prefix,0,40,2,ec55a18c3af5c6989c36,all_wrong,0.0,6,4,0,5,1.3862943611198906,0.21428571428571427,0,
prefix,0,41,2,98a0bf2389fdbf5ecd98,all_wrong,0.0,6,4,0,5,1.3862943611198906,0.21428571428571427,0,
prefix,0,42,2,f665c1af2c96c415ae4f,all_wrong,0.0,6,4,0,5,1.3862943611198906,0.21428571428571427,0,
prefix,0,43,2,912342bd3661f2a0edef,all_wrong,0.0,6,4,0,6,1.6674619334292948,0.10714285714285714,0,
prefix,0,44,2,40696ae20d712c7ef99c,mixed,0.125,7,5,1,6,1.6674619334292948,0.10714285714285714,1,-0.0
prefix,0,45,2,663615844bbe432868b1,all_wrong,0.0,7,5,0,6,1.7328679513998633,0.07142857142857142,0,
prefix,0,46,2,d1dbf37dad1c6d585307,all_wrong,0.0,7,5,0,5,1.3862943611198906,0.21428571428571427,0,
prefix,0,47,2,e120fa84b3331cd1bdfe,all_wrong,0.0,7,5,0,5,1.3862943611198906,0.21428571428571427,0,
prefix,0,48,2,285cc2d99bc64773d128,all_wrong,0.0,7,5,0,8,2.0794415416798357,0.0,0,
prefix,0,49,2,c080b7705371fbd18af9,all_wrong,0.0,7,5,0,7,1.9061547465398496,0.03571428571428571,0,
prefix,0,50,2,ed34fcfa3a095d03cb61,all_wrong,0.0,7,5,0,5,1.3862943611198906,0.21428571428571427,0,
prefix,0,51,3,3012f8218334b0882801,mixed,0.125,8,5,1,5,1.3862943611198906,0.21428571428571427,1,-0.0
prefix,0,52,3,474db377df5acbb5d0c3,all_wrong,0.0,8,5,0,5,1.3862943611198906,0.21428571428571427,0,
prefix,0,53,3,1024659a78eaf340da4e,all_wrong,0.0,8,5,0,5,1.3862943611198906,0.21428571428571427,0,
prefix,0,54,3,261af030ee95227ce2c8,all_wrong,0.0,8,5,0,5,1.3862943611198906,0.21428571428571427,0,
prefix,0,55,3,3c58229f4e9cbda91be5,mixed,0.125,9,5,1,5,1.3862943611198906,0.21428571428571427,1,-0.0
prefix,0,56,3,584024edc0865d1e66c1,all_wrong,0.0,9,5,0,5,1.3862943611198906,0.21428571428571427,0,
prefix,0,57,3,013b955ed2c9d6feeb28,all_wrong,0.0,9,5,0,6,1.6674619334292948,0.10714285714285714,0,
prefix,0,58,3,7114759266ada9575ded,all_wrong,0.0,9,5,0,5,1.3862943611198906,0.21428571428571427,0,
prefix,0,59,3,fd3d7a2c987035d5e8c1,all_wrong,0.0,9,5,0,5,1.3862943611198906,0.21428571428571427,0,
prefix,0,60,3,dc1a6d20f0fa146b62f2,all_wrong,0.0,9,5,0,6,1.6674619334292946,0.10714285714285714,0,
prefix,0,61,3,76b7e95f2c5d8f517843,all_wrong,0.0,9,5,0,5,1.3862943611198906,0.21428571428571427,0,
prefix,0,62,3,5b759cdfc67909c722c7,mixed,0.125,10,5,1,5,1.3862943611198906,0.21428571428571427,1,-0.0
prefix,0,63,3,5511a7e3832427045228,all_wrong,0.0,10,5,0,6,1.6674619334292948,0.10714285714285714,0,
prefix,0,64,3,670146be6d32a043bf49,mixed,0.125,11,5,1,5,1.3862943611198906,0.21428571428571427,1,-0.0
prefix,0,65,3,6aa54196eb4a8e4964c0,all_wrong,0.0,11,5,0,5,1.3862943611198906,0.21428571428571427,0,
prefix,0,66,3,4198150f0b2baf30e430,all_wrong,0.0,11,5,0,5,1.3862943611198906,0.21428571428571427,0,
prefix,0,67,3,b376ab06e82f60a7c613,all_wrong,0.0,11,5,0,5,1.3862943611198906,0.21428571428571427,0,
prefix,0,68,3,7741fff7c0d9471d9963,all_wrong,0.0,11,5,0,6,1.7328679513998633,0.07142857142857142,0,
prefix,0,69,3,f9e7b4b67374cd48b677,all_wrong,0.0,11,5,0,6,1.6674619334292948,0.10714285714285714,0,
prefix,0,70,3,33c7285a84f38344a733,all_wrong,0.0,11,5,0,5,1.3862943611198906,0.21428571428571427,0,
prefix,0,71,3,ebd9684ddbd2052363b4,mixed,0.125,12,6,1,5,1.3862943611198906,0.21428571428571427,1,-0.0
prefix,0,72,3,6273147a5dd10058351d,all_wrong,0.0,12,6,0,5,1.3862943611198906,0.21428571428571427,0,
prefix,0,73,3,e08246e900811f8d8911,all_wrong,0.0,12,6,0,6,1.6674619334292946,0.10714285714285714,0,
prefix,0,74,3,bcc13ad79509a1a2a0fd,mixed,0.125,13,6,1,5,1.4941751382893085,0.14285714285714285,1,-0.0
prefix,0,75,3,c99880e9145a7b0a8ef4,all_wrong,0.0,13,6,0,5,1.3862943611198906,0.21428571428571427,0,
prefix,0,76,4,6bcbfe751dedfec8fa6a,all_wrong,0.0,13,6,0,5,1.3862943611198906,0.21428571428571427,0,
prefix,0,77,4,ed65448eeda9dc2f1ad3,mixed,0.125,14,6,1,5,1.3862943611198906,0.21428571428571427,1,-0.0
prefix,0,78,4,dd60c963a673ec62bd53,all_wrong,0.0,14,6,0,5,1.3862943611198906,0.21428571428571427,0,
prefix,0,79,4,1c7002ecf3a5805fb8ea,all_wrong,0.0,14,6,0,5,1.3862943611198906,0.21428571428571427,0,
prefix,0,80,4,c3230c325dbe3b046c21,mixed,0.125,15,6,1,5,1.3862943611198906,0.21428571428571427,1,-0.0
prefix,0,81,4,e19815e575c67d65d6d6,all_wrong,0.0,15,6,0,6,1.7328679513998633,0.07142857142857142,0,
prefix,0,82,4,b8610bc345dfbc4c2b94,all_wrong,0.0,15,6,0,6,1.6674619334292948,0.10714285714285714,0,
prefix,0,83,4,528d3d894d60c2b26473,mixed,0.125,16,7,1,5,1.3862943611198906,0.21428571428571427,1,-0.0
prefix,0,84,4,6fe6428696d1bda6dcdb,all_wrong,0.0,16,7,0,5,1.3862943611198906,0.21428571428571427,0,
prefix,0,85,4,6fddb775dfc78fbffd3f,all_wrong,0.0,16,7,0,5,1.3862943611198906,0.21428571428571427,0,
prefix,0,86,4,d62b9ce05813dccdbae5,mixed,0.125,17,7,1,5,1.3862943611198906,0.21428571428571427,1,-0.0
prefix,0,87,4,4db70371d92b545bd09e,all_wrong,0.0,17,7,0,7,1.9061547465398496,0.03571428571428571,0,
prefix,0,88,4,ef175a0420dcffd4a635,all_wrong,0.0,17,7,0,5,1.3862943611198906,0.21428571428571427,0,
prefix,0,89,4,22196ceeee8485da3677,all_wrong,0.0,17,7,0,5,1.3862943611198906,0.21428571428571427,0,
prefix,0,90,4,70802cd8dfb912800eac,mixed,0.125,18,7,1,5,1.3862943611198906,0.21428571428571427,1,-0.0
prefix,0,91,4,e6d56dad889595b1db3b,all_wrong,0.0,18,7,0,6,1.6674619334292946,0.10714285714285714,0,
prefix,0,92,4,dc55e5d72251ed53732b,all_wrong,0.0,18,7,0,7,1.9061547465398496,0.03571428571428571,0,
prefix,0,93,4,fcb3ba347163d9983308,mixed,0.125,19,8,1,5,1.3862943611198906,0.21428571428571427,1,-0.0
prefix,0,94,4,1abb8f5eb5e604d3bb10,all_wrong,0.0,19,8,0,5,1.3862943611198906,0.21428571428571427,0,
prefix,0,95,4,7dd7d737d3b8c0981663,mixed,0.125,20,8,1,5,1.3862943611198906,0.21428571428571427,1,-0.0
prefix,0,96,4,4abba5ed5683e973a9b5,all_wrong,0.0,20,8,0,6,1.6674619334292948,0.10714285714285714,0,
prefix,0,97,4,596fd88d55ffccc82db1,mixed,0.5,21,8,4,5,1.3862943611198906,0.21428571428571427,1,-0.0
prefix,0,98,4,9247fc6a258fa2c52946,all_wrong,0.0,21,8,0,5,1.3862943611198906,0.21428571428571427,0,
prefix,0,99,4,d5bdbdb166afffeb25da,all_wrong,0.0,21,8,0,6,1.6674619334292948,0.10714285714285714,0,
prefix,0,100,4,8491a8968779a6ac5e3b,mixed,0.125,22,8,1,6,1.6674619334292948,0.10714285714285714,1,-0.0
prefix,0,101,5,ff3131068ead3bdc67f5,mixed,0.5,23,8,4,5,1.3862943611198906,0.21428571428571427,1,-0.0
prefix,0,102,5,0f3d59ce3c2ca503cb3a,mixed,0.125,24,8,1,5,1.3862943611198906,0.21428571428571427,1,-0.0
prefix,0,103,5,bd67c5f394cd058b6a30,mixed,0.125,25,8,1,5,1.3862943611198906,0.21428571428571427,1,-0.0
prefix,0,104,5,947d983c078d61eb73dc,all_wrong,0.0,25,8,0,6,1.6674619334292948,0.10714285714285714,0,
prefix,0,105,5,941d1659e299d32b5509,mixed,0.5,26,8,4,5,1.3862943611198906,0.21428571428571427,1,-0.0
prefix,0,106,5,8981c8a2bbb0f7338850,all_wrong,0.0,26,8,0,6,1.6674619334292948,0.10714285714285714,0,
prefix,0,107,5,34c2c231b3b0bb437382,all_wrong,0.0,26,8,0,5,1.3862943611198906,0.21428571428571427,0,
prefix,0,108,5,da8d740dbe335398ce88,mixed,0.5,27,8,4,5,1.3862943611198906,0.21428571428571427,1,-0.0
prefix,0,109,5,76f90bf6e885e69b0a89,all_wrong,0.0,27,8,0,6,1.6674619334292948,0.10714285714285714,0,
prefix,0,110,5,9db8536e4fd843db257f,all_wrong,0.0,27,8,0,5,1.3862943611198906,0.21428571428571427,0,
prefix,0,111,5,f528410ef35f647cdf70,all_wrong,0.0,27,8,0,7,1.9061547465398496,0.03571428571428571,0,
prefix,0,112,5,9886fb653aa0e0f98c6c,all_wrong,0.0,27,8,0,5,1.3862943611198906,0.21428571428571427,0,
prefix,0,113,5,d1e9cd7b0c49ad949db2,mixed,0.125,28,8,1,6,1.6674619334292948,0.10714285714285714,1,-0.0
prefix,0,114,5,fe0b9f9eb2341c473ef3,all_wrong,0.0,28,8,0,5,1.3862943611198906,0.21428571428571427,0,
prefix,0,115,5,873684023f572450072f,all_wrong,0.0,28,8,0,6,1.6674619334292948,0.10714285714285714,0,
prefix,0,116,5,947517d0d59a19a72ad7,all_wrong,0.0,28,8,0,5,1.3862943611198906,0.21428571428571427,0,
prefix,0,117,5,c0e8bc1fb6092159dd6f,all_wrong,0.0,28,8,0,6,1.6674619334292948,0.10714285714285714,0,
prefix,0,118,5,6ce79849a45a488c196d,all_wrong,0.0,28,8,0,6,1.6674619334292948,0.10714285714285714,0,
prefix,0,119,5,05b0a2384ae6a380c7d2,all_wrong,0.0,28,8,0,5,1.3862943611198906,0.21428571428571427,0,
prefix,0,120,5,48809c9ccc0ba30c59c9,all_wrong,0.0,28,8,0,5,1.3862943611198906,0.21428571428571427,0,
prefix,0,121,5,8d2e2c51a12026ae3f10,all_wrong,0.0,28,8,0,5,1.3862943611198906,0.21428571428571427,0,
prefix,0,122,5,05e55afea76e67ea6ccc,mixed,0.5,29,8,4,5,1.3862943611198906,0.21428571428571427,1,-0.0
prefix,0,123,5,650c00763900b7f4e071,all_wrong,0.0,29,8,0,5,1.3862943611198906,0.21428571428571427,0,
prefix,0,124,5,194b465fc259ddd42d3c,all_wrong,0.0,29,8,0,5,1.3862943611198906,0.21428571428571427,0,
prefix,0,125,5,78d4a79b4b77193c2a38,all_wrong,0.0,29,8,0,6,1.6674619334292948,0.10714285714285714,0,
prefix,0,126,6,64c3e013c7bba3ab8a30,all_wrong,0.0,29,8,0,5,1.3862943611198906,0.21428571428571427,0,
prefix,0,127,6,7bab8dea0d18f5ff37cb,all_wrong,0.0,29,8,0,6,1.7328679513998633,0.07142857142857142,0,
prefix,0,128,6,23376bee554fd8074c0c,all_wrong,0.0,29,8,0,5,1.3862943611198906,0.21428571428571427,0,
prefix,0,129,6,93823a7cc4df2d29e9d1,all_wrong,0.0,29,8,0,6,1.6674619334292946,0.10714285714285714,0,
prefix,0,130,6,9146fc6fb12cdebc55c7,mixed,0.125,30,8,1,5,1.3862943611198906,0.21428571428571427,1,-0.0
prefix,0,131,6,468a783e528f80469a12,mixed,0.125,31,8,1,5,1.3862943611198906,0.21428571428571427,1,-0.0
prefix,0,132,6,4d303008bd587932a929,all_wrong,0.0,31,8,0,7,1.9061547465398496,0.03571428571428571,0,
prefix,0,133,6,1f0d8a6c547ab1be9881,all_wrong,0.0,31,8,0,5,1.3862943611198906,0.21428571428571427,0,
prefix,0,134,6,2550c7a734bf9d1df18f,all_wrong,0.0,31,8,0,5,1.3862943611198906,0.21428571428571427,0,
prefix,0,135,6,dc89697610c74fca8a66,mixed,0.125,32,8,1,5,1.4941751382893085,0.14285714285714285,1,-0.0
prefix,0,136,6,61487b72c6261bf53073,all_wrong,0.0,32,8,0,6,1.6674619334292946,0.10714285714285714,0,
prefix,0,137,6,dbd98eaa0810481218b4,all_wrong,0.0,32,8,0,5,1.3862943611198906,0.21428571428571427,0,
prefix,0,138,6,b86ae3e6251fe7792e14,all_wrong,0.0,32,8,0,5,1.3862943611198906,0.21428571428571427,0,
prefix,0,139,6,cd0d39d8b07b3b99d88a,all_wrong,0.0,32,8,0,5,1.3862943611198906,0.21428571428571427,0,
prefix,0,140,6,7b388d98ae0d944f1925,mixed,0.125,33,8,1,5,1.4941751382893085,0.14285714285714285,1,-0.0
prefix,0,141,6,0942ca362c9bb4e92156,mixed,0.5,34,8,4,5,1.3862943611198906,0.21428571428571427,1,-0.0
prefix,0,142,6,5a8613d101df5db899bd,all_wrong,0.0,34,8,0,6,1.6674619334292948,0.10714285714285714,0,
prefix,0,143,6,9fbac876b450cde1cadf,all_wrong,0.0,34,8,0,5,1.3862943611198906,0.21428571428571427,0,
prefix,0,144,6,5abe24088e2cc62a64de,all_wrong,0.0,34,8,0,5,1.3862943611198906,0.21428571428571427,0,
prefix,0,145,6,8c6e2943c4bb9c2e5cda,all_wrong,0.0,34,8,0,5,1.3862943611198906,0.21428571428571427,0,
prefix,0,146,6,fe5aace7fc6d828a6d44,mixed,0.125,35,9,1,6,1.6674619334292948,0.10714285714285714,1,-0.0
prefix,0,147,6,18bb600571e811780aeb,all_wrong,0.0,35,9,0,5,1.4941751382893085,0.14285714285714285,0,
prefix,0,148,6,ce61e0eb7137279c8cfb,all_wrong,0.0,35,9,0,6,1.7328679513998633,0.07142857142857142,0,
prefix,0,149,6,9777165aa1a5c0f1b439,all_wrong,0.0,35,9,0,5,1.3862943611198906,0.21428571428571427,0,
prefix,0,150,6,46b190e25d53f7f5f817,all_wrong,0.0,35,9,0,5,1.3862943611198906,0.21428571428571427,0,
prefix,0,151,7,f4c34dd4d2db54587fe7,all_wrong,0.0,35,9,0,5,1.3862943611198906,0.21428571428571427,0,
prefix,0,152,7,391b5fce3e24abe2254b,all_wrong,0.0,35,9,0,5,1.3862943611198906,0.21428571428571427,0,
prefix,0,153,7,d4a1cfb3981ba5d515d3,mixed,0.125,36,10,1,7,1.9061547465398496,0.03571428571428571,1,-0.0
prefix,0,154,7,055c0b3e9c73b912946f,all_wrong,0.0,36,10,0,5,1.3862943611198906,0.21428571428571427,0,
prefix,0,155,7,9ccabee528f1681eb246,all_wrong,0.0,36,10,0,5,1.3862943611198906,0.21428571428571427,0,
prefix,0,156,7,c2b55f70979ccb528146,all_wrong,0.0,36,10,0,6,1.7328679513998633,0.07142857142857142,0,
prefix,0,157,7,a0a04fd3d53e65772151,all_wrong,0.0,36,10,0,6,1.6674619334292948,0.10714285714285714,0,
prefix,0,158,7,c9836a00dc3f36bdb5c2,mixed,0.125,37,10,1,5,1.3862943611198906,0.21428571428571427,1,-0.0
prefix,0,159,7,69321ce445a5539853b7,all_wrong,0.0,37,10,0,6,1.6674619334292948,0.10714285714285714,0,
prefix,0,160,7,b43b6f62a988f6f5b9e9,mixed,0.125,38,11,1,6,1.6674619334292948,0.10714285714285714,1,-0.0
prefix,0,161,7,069ee2efb67b497c0ac5,mixed,0.125,39,12,1,5,1.3862943611198906,0.21428571428571427,1,-0.0
prefix,0,162,7,9ce1e8b938112d4d4c6c,all_wrong,0.0,39,12,0,5,1.3862943611198906,0.21428571428571427,0,
prefix,0,163,7,6c001c7ad666d12885f6,all_wrong,0.0,39,12,0,5,1.3862943611198906,0.21428571428571427,0,
prefix,0,164,7,61d835a76e24f605aefc,all_wrong,0.0,39,12,0,5,1.3862943611198906,0.21428571428571427,0,
prefix,0,165,7,5b40b0801b39319f2601,all_wrong,0.0,39,12,0,5,1.3862943611198906,0.21428571428571427,0,
prefix,0,166,7,2e1f9ced3a1d3a3a401c,all_wrong,0.0,39,12,0,6,1.7328679513998633,0.07142857142857142,0,
prefix,0,167,7,95eaa1f805e4464e5465,all_wrong,0.0,39,12,0,5,1.3862943611198906,0.21428571428571427,0,
prefix,0,168,7,1deb18d5faa29ac53b03,all_wrong,0.0,39,12,0,6,1.6674619334292946,0.10714285714285714,0,
prefix,0,169,7,2de4e7cb2a37514cdc4c,all_wrong,0.0,39,12,0,6,1.6674619334292948,0.10714285714285714,0,
prefix,0,170,7,0e25805e3a68f642e9a7,all_wrong,0.0,39,12,0,6,1.7328679513998633,0.07142857142857142,0,
prefix,0,171,7,7e6941bc8b261c9bdf46,all_wrong,0.0,39,12,0,5,1.3862943611198906,0.21428571428571427,0,
prefix,0,172,7,5e9c3e0f43a4a996cf19,mixed,0.125,40,12,1,5,1.3862943611198906,0.21428571428571427,1,-0.0
prefix,0,173,7,9cf383eaf4a20437d07f,all_wrong,0.0,40,12,0,6,1.6674619334292948,0.10714285714285714,0,
prefix,0,174,7,caf85b1966da82476384,all_wrong,0.0,40,12,0,5,1.3862943611198906,0.21428571428571427,0,
prefix,0,175,7,5a5b6600675ad49af7fa,mixed,0.125,41,12,1,5,1.3862943611198906,0.21428571428571427,1,-0.0
prefix,0,176,8,a47c9f60d0050c531ce7,all_wrong,0.0,41,12,0,5,1.3862943611198906,0.21428571428571427,0,
prefix,0,177,8,ee744132b4161e706199,mixed,0.25,42,12,2,6,1.7328679513998633,0.07142857142857142,1,-0.0
prefix,0,178,8,207d3eac8222c945231b,all_wrong,0.0,42,12,0,5,1.3862943611198906,0.21428571428571427,0,
prefix,0,179,8,5cc33cd79e147f5aec38,all_wrong,0.0,42,12,0,6,1.7328679513998633,0.07142857142857142,0,
prefix,0,180,8,038dbf186d440784b844,all_wrong,0.0,42,12,0,6,1.6674619334292948,0.10714285714285714,0,
prefix,0,181,8,e47563a535a1054e5c4b,all_wrong,0.0,42,12,0,6,1.6674619334292948,0.10714285714285714,0,
prefix,0,182,8,32dd13b8aae87d07d840,all_wrong,0.0,42,12,0,5,1.3862943611198906,0.21428571428571427,0,
prefix,0,183,8,7fc41e235c90f7dddd90,all_wrong,0.0,42,12,0,5,1.3862943611198906,0.21428571428571427,0,
prefix,0,184,8,d3b38e847e624ed82167,all_wrong,0.0,42,12,0,5,1.3862943611198906,0.21428571428571427,0,
prefix,0,185,8,fb0836242205e30b2f28,all_wrong,0.0,42,12,0,6,1.7328679513998633,0.07142857142857142,0,
prefix,0,186,8,3744e937e15316d76660,mixed,0.125,43,12,1,5,1.3862943611198906,0.21428571428571427,1,-0.0
prefix,0,187,8,ad5efa65c4181f462e3b,all_wrong,0.0,43,12,0,5,1.3862943611198906,0.21428571428571427,0,
prefix,0,188,8,35e05333a0e8d104bb11,all_wrong,0.0,43,12,0,5,1.3862943611198906,0.21428571428571427,0,
prefix,0,189,8,550066f263874da2c6bf,mixed,0.125,44,12,1,5,1.3862943611198906,0.21428571428571427,1,-0.0
prefix,0,190,8,b84fc00a3abccc9d080e,all_wrong,0.0,44,12,0,5,1.3862943611198906,0.21428571428571427,0,
prefix,0,191,8,5a400e19635fe303647f,mixed,0.125,45,12,1,5,1.3862943611198906,0.21428571428571427,1,-0.0
prefix,0,192,8,d4457b06ca71659d6c1e,all_wrong,0.0,45,12,0,6,1.6674619334292948,0.10714285714285714,0,
prefix,0,193,8,9108757228d2c727c47b,all_wrong,0.0,45,12,0,6,1.6674619334292946,0.10714285714285714,0,
prefix,0,194,8,afaf06828302fc24642b,all_wrong,0.0,45,12,0,7,1.9061547465398496,0.03571428571428571,0,
prefix,0,195,8,83f13f48931968a08804,all_wrong,0.0,45,12,0,6,1.7328679513998633,0.07142857142857142,0,
prefix,0,196,8,c4008c5ff93d59fa8e6c,all_wrong,0.0,45,12,0,6,1.7328679513998633,0.07142857142857142,0,
prefix,0,197,8,5ba265e86479190dd2b6,mixed,0.5,46,13,4,5,1.3862943611198906,0.21428571428571427,1,-0.0
prefix,0,198,8,149913b1085c0e7efeb1,all_wrong,0.0,46,13,0,5,1.3862943611198906,0.21428571428571427,0,
prefix,0,199,8,4c8afad2b3c02b83f166,mixed,0.125,47,13,1,5,1.3862943611198906,0.21428571428571427,1,-0.0
prefix,0,200,8,d1b1f9d2e1ab7ad7df98,mixed,0.125,48,14,1,5,1.3862943611198906,0.21428571428571427,1,-0.0
prefix,0,201,9,358af1f24c822e0a9a47,all_wrong,0.0,48,14,0,6,1.6674619334292948,0.10714285714285714,0,
prefix,0,202,9,ea46abb7f2605d636b9a,all_wrong,0.0,48,14,0,5,1.3862943611198906,0.21428571428571427,0,
prefix,0,203,9,579ba8d011d16c0ec216,mixed,0.125,49,14,1,5,1.3862943611198906,0.21428571428571427,1,-0.0
prefix,0,204,9,8b3818b16bb5176cfe5f,mixed,0.125,50,14,1,6,1.6674619334292948,0.10714285714285714,1,-0.0
prefix,0,205,9,e718645a913043afcbd2,all_wrong,0.0,50,14,0,6,1.7328679513998633,0.07142857142857142,0,
prefix,0,206,9,e321529f82c331665331,all_wrong,0.0,50,14,0,5,1.3862943611198906,0.21428571428571427,0,
prefix,0,207,9,78390ec877cab9f426af,all_wrong,0.0,50,14,0,6,1.6674619334292948,0.10714285714285714,0,
prefix,0,208,9,c017c930fe710d063798,all_wrong,0.0,50,14,0,5,1.3862943611198906,0.21428571428571427,0,
prefix,0,209,9,182e0a9e3d838d9240fc,all_wrong,0.0,50,14,0,5,1.3862943611198906,0.21428571428571427,0,
prefix,0,210,9,b60a0986bcbb036f14f0,all_wrong,0.0,50,14,0,5,1.3862943611198906,0.21428571428571427,0,
prefix,0,211,9,cde00ae2d594f0d33c4e,all_wrong,0.0,50,14,0,5,1.3862943611198906,0.21428571428571427,0,
prefix,0,212,9,9be2574c5e100539a6c2,mixed,0.125,51,14,1,6,1.6674619334292946,0.10714285714285714,1,-0.0
prefix,0,213,9,cf78859f172bec896ab6,all_wrong,0.0,51,14,0,5,1.4941751382893085,0.14285714285714285,0,
prefix,0,214,9,d7e354ac002bf841af51,all_wrong,0.0,51,14,0,5,1.3862943611198906,0.21428571428571427,0,
prefix,0,215,9,d62a79efc58dbf180396,all_wrong,0.0,51,14,0,5,1.3862943611198906,0.21428571428571427,0,
prefix,0,216,9,619a76d4f212b9a50556,all_wrong,0.0,51,14,0,5,1.3862943611198906,0.21428571428571427,0,
prefix,0,217,9,dd34d92c2fafc4742f4f,mixed,0.125,52,14,1,5,1.3862943611198906,0.21428571428571427,1,-0.0
prefix,0,218,9,228b8c0191dbb35adac7,mixed,0.125,53,15,1,5,1.3862943611198906,0.21428571428571427,1,-0.0
prefix,0,219,9,fc0c597939083108ba53,all_wrong,0.0,53,15,0,5,1.3862943611198906,0.21428571428571427,0,
prefix,0,220,9,71fc27fcf69390db8f37,mixed,0.5,54,15,4,5,1.3862943611198906,0.21428571428571427,1,-0.0
prefix,0,221,9,aba74531ce294295a174,all_wrong,0.0,54,15,0,6,1.7328679513998633,0.07142857142857142,0,
prefix,0,222,9,beb301b7347d27085a3a,all_wrong,0.0,54,15,0,5,1.3862943611198906,0.21428571428571427,0,
prefix,0,223,9,6fa8a543c58113af3226,mixed,0.5,55,16,4,6,1.6674619334292946,0.10714285714285714,2,0.5623351446188083
prefix,0,224,9,5050a2de4777967cdaa5,all_wrong,0.0,55,16,0,6,1.6674619334292948,0.10714285714285714,0,
prefix,0,225,9,360fe126190238fbc60c,all_wrong,0.0,55,16,0,5,1.3862943611198906,0.21428571428571427,0,
prefix,0,226,10,398706ce258a22ea00c1,all_wrong,0.0,55,16,0,5,1.3862943611198906,0.21428571428571427,0,
prefix,0,227,10,d070b6ceaa6a58e86fe3,all_wrong,0.0,55,16,0,5,1.3862943611198906,0.21428571428571427,0,
prefix,0,228,10,58d1fb042853a49b5db8,mixed,0.25,56,16,2,5,1.4941751382893085,0.14285714285714285,1,-0.0
prefix,0,229,10,f9c18d1366459d8e6f9c,all_wrong,0.0,56,16,0,5,1.3862943611198906,0.21428571428571427,0,
prefix,0,230,10,397a90e0a1bf7902b244,mixed,0.25,57,16,2,5,1.4941751382893085,0.14285714285714285,1,-0.0
prefix,0,231,10,1d0b4334ef1efbf29f32,all_wrong,0.0,57,16,0,5,1.3862943611198906,0.21428571428571427,0,
prefix,0,232,10,33b7f3a8a9f93f412958,all_wrong,0.0,57,16,0,5,1.3862943611198906,0.21428571428571427,0,
prefix,0,233,10,653e44c6d4a828887f81,all_wrong,0.0,57,16,0,5,1.3862943611198906,0.21428571428571427,0,
prefix,0,234,10,a5b89b318429db6071b1,all_wrong,0.0,57,16,0,6,1.6674619334292948,0.10714285714285714,0,
prefix,0,235,10,367de3ae8658802f9c8c,all_wrong,0.0,57,16,0,5,1.3862943611198906,0.21428571428571427,0,
prefix,0,236,10,4372ce88837a0156dd93,all_wrong,0.0,57,16,0,5,1.3862943611198906,0.21428571428571427,0,
prefix,0,237,10,301fb492cd3e430be689,mixed,0.125,58,17,1,5,1.3862943611198906,0.21428571428571427,1,-0.0
prefix,0,238,10,7be4905a13bd49ce40fd,all_wrong,0.0,58,17,0,5,1.3862943611198906,0.21428571428571427,0,
prefix,0,239,10,0905739b30a79fcdc440,all_wrong,0.0,58,17,0,5,1.4941751382893085,0.14285714285714285,0,
prefix,0,240,10,8c4b5c8655da411970b5,all_wrong,0.0,58,17,0,5,1.3862943611198906,0.21428571428571427,0,
prefix,0,241,10,30c2ddd3fa0e7ff5a6c2,all_wrong,0.0,58,17,0,5,1.3862943611198906,0.21428571428571427,0,
prefix,0,242,10,183489cf47392b992c54,all_wrong,0.0,58,17,0,5,1.3862943611198906,0.21428571428571427,0,
prefix,0,243,10,b83f83e94d96454adde9,all_wrong,0.0,58,17,0,6,1.7328679513998633,0.07142857142857142,0,
prefix,0,244,10,b5d2c32057cae3eb1011,all_wrong,0.0,58,17,0,5,1.3862943611198906,0.21428571428571427,0,
prefix,0,245,10,9454812d67a4ee5ad62c,all_wrong,0.0,58,17,0,6,1.6674619334292948,0.10714285714285714,0,
prefix,0,246,10,d327013a22bee72e501d,all_wrong,0.0,58,17,0,5,1.3862943611198906,0.21428571428571427,0,
prefix,0,247,10,fe4f53654a6a9ba76771,all_wrong,0.0,58,17,0,5,1.3862943611198906,0.21428571428571427,0,
prefix,0,248,10,ea915def88a42f813ec3,mixed,0.125,59,17,1,5,1.3862943611198906,0.21428571428571427,1,-0.0
prefix,0,249,10,dd8d15a7e8b630fb37f6,all_wrong,0.0,59,17,0,5,1.3862943611198906,0.21428571428571427,0,
prefix,0,250,10,fc64186124c711940f1b,all_wrong,0.0,59,17,0,6,1.6674619334292948,0.10714285714285714,0,
prefix,0,251,11,1d97f3cc70f2b4486afe,mixed,0.125,60,17,1,5,1.3862943611198906,0.21428571428571427,1,-0.0
prefix,0,252,11,5ea3079d1dcaeed39ffd,all_wrong,0.0,60,17,0,5,1.3862943611198906,0.21428571428571427,0,
prefix,0,253,11,2843db09530044d3281e,all_wrong,0.0,60,17,0,5,1.3862943611198906,0.21428571428571427,0,
prefix,0,254,11,d53bd3a61dd80866979c,mixed,0.125,61,17,1,5,1.4941751382893085,0.14285714285714285,1,-0.0
prefix,0,255,11,84606d1a26eedbd6ab2c,mixed,0.125,62,17,1,6,1.6674619334292948,0.10714285714285714,1,-0.0
prefix,0,256,11,d70f207278c1da50a91d,all_wrong,0.0,62,17,0,6,1.6674619334292948,0.10714285714285714,0,
prefix,0,257,11,92fd0c50151a0922fc2f,all_wrong,0.0,62,17,0,6,1.6674619334292948,0.10714285714285714,0,
prefix,0,258,11,2882a43d15cf648ff4e2,mixed,0.125,63,17,1,6,1.6674619334292948,0.10714285714285714,1,-0.0
prefix,0,259,11,4bdfe539bd950fc440b2,all_wrong,0.0,63,17,0,5,1.3862943611198906,0.21428571428571427,0,
prefix,0,260,11,d3cacf744c94d4c0007a,all_wrong,0.0,63,17,0,5,1.3862943611198906,0.21428571428571427,0,
prefix,0,261,11,5f898caaf3158950c522,mixed,0.125,64,18,1,6,1.7328679513998633,0.07142857142857142,1,-0.0
prefix,0,262,11,68b2db0feec6b6533fd1,all_wrong,0.0,64,18,0,5,1.3862943611198906,0.21428571428571427,0,
prefix,0,263,11,cc37f2f0b601eda91157,mixed,0.125,65,18,1,5,1.3862943611198906,0.21428571428571427,1,-0.0
prefix,0,264,11,0e716b8b24f9fb8b814c,all_wrong,0.0,65,18,0,6,1.6674619334292946,0.10714285714285714,0,
prefix,0,265,11,61cd3de4e53b6581c34a,all_wrong,0.0,65,18,0,6,1.6674619334292948,0.10714285714285714,0,
prefix,0,266,11,dcb7f654b52c265f6399,all_wrong,0.0,65,18,0,6,1.7328679513998633,0.07142857142857142,0,
prefix,0,267,11,24f3264fa6b46787f7c0,all_wrong,0.0,65,18,0,5,1.3862943611198906,0.21428571428571427,0,
prefix,0,268,11,8619ab3977fa82c3365c,mixed,0.125,66,18,1,5,1.3862943611198906,0.21428571428571427,1,-0.0
prefix,0,269,11,d622ddeaa78127b22aea,all_wrong,0.0,66,18,0,7,1.9061547465398496,0.03571428571428571,0,
prefix,0,270,11,974e09bbf710f5e051de,all_wrong,0.0,66,18,0,5,1.3862943611198906,0.21428571428571427,0,
prefix,0,271,11,2840d37f0dac60a4a1ce,all_wrong,0.0,66,18,0,5,1.3862943611198906,0.21428571428571427,0,
prefix,0,272,11,94df7d49e341b77ad181,all_wrong,0.0,66,18,0,6,1.6674619334292946,0.10714285714285714,0,
prefix,0,273,11,32e917e13cc3234e32d5,all_wrong,0.0,66,18,0,5,1.3862943611198906,0.21428571428571427,0,
prefix,0,274,11,a1a86772d721d6592bd1,all_wrong,0.0,66,18,0,6,1.6674619334292948,0.10714285714285714,0,
prefix,0,275,11,a4ef3547e6e3c2e7b368,all_wrong,0.0,66,18,0,5,1.3862943611198906,0.21428571428571427,0,
prefix,0,276,12,779a5b55ede96a97d2d6,all_wrong,0.0,66,18,0,5,1.4941751382893085,0.14285714285714285,0,
prefix,0,277,12,f68c0897daddb3778961,all_wrong,0.0,66,18,0,5,1.3862943611198906,0.21428571428571427,0,
prefix,0,278,12,924daa12f0ae44e76348,all_wrong,0.0,66,18,0,5,1.3862943611198906,0.21428571428571427,0,
prefix,0,279,12,2770d6cfcf4dcac606d4,all_wrong,0.0,66,18,0,6,1.6674619334292948,0.10714285714285714,0,
prefix,0,280,12,75bfee3eb8296e5b16bc,mixed,0.375,67,19,3,6,1.6674619334292948,0.10714285714285714,1,-0.0
prefix,0,281,12,f05fca54cd7745038049,mixed,0.125,68,19,1,5,1.3862943611198906,0.21428571428571427,1,-0.0
prefix,0,282,12,163135bcb6e0c9d09eca,all_wrong,0.0,68,19,0,5,1.3862943611198906,0.21428571428571427,0,
prefix,0,283,12,9da700af9e5999330f42,all_wrong,0.0,68,19,0,5,1.3862943611198906,0.21428571428571427,0,
prefix,0,284,12,ea38191ee44477d0e4cd,all_wrong,0.0,68,19,0,6,1.7328679513998633,0.07142857142857142,0,
prefix,0,285,12,3158420ebfa03c7cbcca,all_wrong,0.0,68,19,0,6,1.6674619334292948,0.10714285714285714,0,
prefix,0,286,12,d58ce388208127d39178,all_wrong,0.0,68,19,0,6,1.6674619334292948,0.10714285714285714,0,
prefix,0,287,12,d75ccdaa52ed209bc7ac,all_wrong,0.0,68,19,0,5,1.3862943611198906,0.21428571428571427,0,
prefix,0,288,12,4d72aac57727daee53b2,mixed,0.5,69,19,4,5,1.3862943611198906,0.21428571428571427,1,-0.0
prefix,0,289,12,04d52291ef2f0a3b3538,all_wrong,0.0,69,19,0,6,1.6674619334292948,0.10714285714285714,0,
prefix,0,290,12,9b932aa1ea2e55c31603,all_wrong,0.0,69,19,0,5,1.3862943611198906,0.21428571428571427,0,
prefix,0,291,12,c9cf99f5dbaebd18bfc1,all_wrong,0.0,69,19,0,5,1.3862943611198906,0.21428571428571427,0,
prefix,0,292,12,d5e6bfe861c2ada78dbd,all_wrong,0.0,69,19,0,5,1.3862943611198906,0.21428571428571427,0,
prefix,0,293,12,33e8ed56f91bfe8a49b7,all_wrong,0.0,69,19,0,5,1.3862943611198906,0.21428571428571427,0,
prefix,0,294,12,c9dabec0ca23721e2bbb,mixed,0.125,70,19,1,5,1.3862943611198906,0.21428571428571427,1,-0.0
prefix,0,295,12,5e347354fb0fe52697d2,all_wrong,0.0,70,19,0,5,1.3862943611198906,0.21428571428571427,0,
prefix,0,296,12,4fa086ce6a27b99cb96b,mixed,0.125,71,19,1,6,1.6674619334292948,0.10714285714285714,1,-0.0
prefix,0,297,12,eee4e371545b86ca2718,mixed,0.125,72,19,1,5,1.3862943611198906,0.21428571428571427,1,-0.0
prefix,0,298,12,dd8ff1bc4630e090c78b,all_wrong,0.0,72,19,0,5,1.3862943611198906,0.21428571428571427,0,
prefix,0,299,12,89983fcf482cc8919399,all_wrong,0.0,72,19,0,7,1.9061547465398496,0.03571428571428571,0,
prefix,0,300,12,cc79b5e45d6e93abc859,all_wrong,0.0,72,19,0,6,1.6674619334292948,0.10714285714285714,0,
prefix,0,301,13,98a6cd5c1bfb6bfb652f,all_wrong,0.0,72,19,0,6,1.6674619334292946,0.10714285714285714,0,
prefix,0,302,13,d5ed92acce68ad44b4dc,mixed,0.125,73,19,1,5,1.3862943611198906,0.21428571428571427,1,-0.0
prefix,0,303,13,e128e11a24e1c7cdd054,all_wrong,0.0,73,19,0,6,1.6674619334292946,0.10714285714285714,0,
prefix,0,304,13,b42b2d483c63f47380da,mixed,0.125,74,19,1,6,1.7328679513998633,0.07142857142857142,1,-0.0
prefix,0,305,13,8939e8029df407a884e4,all_wrong,0.0,74,19,0,5,1.4941751382893085,0.14285714285714285,0,
prefix,0,306,13,eea39c944b491d9fb480,all_wrong,0.0,74,19,0,5,1.3862943611198906,0.21428571428571427,0,
prefix,0,307,13,0a0a28b12d4e7acc34d5,all_wrong,0.0,74,19,0,5,1.3862943611198906,0.21428571428571427,0,
prefix,0,308,13,79472df5fc930c5ec2fa,all_wrong,0.0,74,19,0,5,1.3862943611198906,0.21428571428571427,0,
prefix,0,309,13,48dc7cccfc8017b7087a,all_wrong,0.0,74,19,0,5,1.3862943611198906,0.21428571428571427,0,
prefix,0,310,13,8e5326e03845fb9b3d1b,all_wrong,0.0,74,19,0,5,1.3862943611198906,0.21428571428571427,0,
prefix,0,311,13,48bd4db1a37946e2f6c2,all_wrong,0.0,74,19,0,5,1.3862943611198906,0.21428571428571427,0,
prefix,0,312,13,7643416cd50bb89fe4af,all_wrong,0.0,74,19,0,6,1.6674619334292948,0.10714285714285714,0,
prefix,0,313,13,5d1d63d7924b3f6bfdbc,all_wrong,0.0,74,19,0,6,1.7328679513998633,0.07142857142857142,0,
prefix,0,314,13,6bed70f1ebcf19e13303,mixed,0.125,75,19,1,5,1.3862943611198906,0.21428571428571427,1,-0.0
prefix,0,315,13,16b8ee9ff32b422527a9,all_wrong,0.0,75,19,0,5,1.3862943611198906,0.21428571428571427,0,
prefix,0,316,13,aad30a0b758211c6d680,mixed,0.5,76,19,4,5,1.3862943611198906,0.21428571428571427,1,-0.0
prefix,0,317,13,2c5c86ee6d2b5fca5587,all_wrong,0.0,76,19,0,5,1.3862943611198906,0.21428571428571427,0,
prefix,0,318,13,4634f608da6cfa2135a2,mixed,0.125,77,19,1,5,1.3862943611198906,0.21428571428571427,1,-0.0
prefix,0,319,13,adc1c8d35b8240ccdd5f,mixed,0.125,78,19,1,5,1.3862943611198906,0.21428571428571427,1,-0.0
prefix,0,320,13,a3966fe8f84fc26709d4,all_wrong,0.0,78,19,0,5,1.3862943611198906,0.21428571428571427,0,
prefix,0,321,13,a43647fbd9268eef63a5,all_wrong,0.0,78,19,0,6,1.6674619334292948,0.10714285714285714,0,
prefix,0,322,13,b760ba544ca02814169b,all_wrong,0.0,78,19,0,5,1.3862943611198906,0.21428571428571427,0,
prefix,0,323,13,85012706683c7f826bda,mixed,0.125,79,20,1,7,1.9061547465398496,0.03571428571428571,1,-0.0
prefix,0,324,13,5f24a6c65b15a572079b,mixed,0.125,80,20,1,5,1.3862943611198906,0.21428571428571427,1,-0.0
prefix,0,325,13,4b111f9ab5b3cff565f5,all_wrong,0.0,80,20,0,5,1.3862943611198906,0.21428571428571427,0,
prefix,0,326,14,85acad5a006e86a7763e,all_wrong,0.0,80,20,0,5,1.3862943611198906,0.21428571428571427,0,
prefix,0,327,14,0a3236b2c24210fe162b,all_wrong,0.0,80,20,0,6,1.6674619334292948,0.10714285714285714,0,
prefix,0,328,14,69e5d0e17d8730056cd2,all_wrong,0.0,80,20,0,5,1.3862943611198906,0.21428571428571427,0,
prefix,0,329,14,541286be1891498dfa91,mixed,0.5,81,20,4,5,1.3862943611198906,0.21428571428571427,1,-0.0
prefix,0,330,14,a15ceea7b21f6628992e,all_wrong,0.0,81,20,0,5,1.3862943611198906,0.21428571428571427,0,
prefix,0,331,14,04b12eafe0129cd6c860,all_wrong,0.0,81,20,0,5,1.3862943611198906,0.21428571428571427,0,
prefix,0,332,14,a6ed873d402e49818288,mixed,0.125,82,20,1,6,1.6674619334292948,0.10714285714285714,1,-0.0
prefix,0,333,14,c42b09da658a2c2abd08,all_wrong,0.0,82,20,0,5,1.3862943611198906,0.21428571428571427,0,
prefix,0,334,14,b6a8579166d70c13cfad,all_wrong,0.0,82,20,0,5,1.3862943611198906,0.21428571428571427,0,
prefix,0,335,14,36269b265d045aeaea4c,all_wrong,0.0,82,20,0,5,1.3862943611198906,0.21428571428571427,0,
prefix,0,336,14,ffbd7a9ff21ee2899fa3,all_wrong,0.0,82,20,0,6,1.6674619334292946,0.10714285714285714,0,
prefix,0,337,14,b46dfceb2e3ce7e5081a,all_wrong,0.0,82,20,0,5,1.3862943611198906,0.21428571428571427,0,
prefix,0,338,14,02becb103cbba839f11e,mixed,0.5,83,20,4,5,1.3862943611198906,0.21428571428571427,1,-0.0
prefix,0,339,14,65b5d95e6307f35ceba7,mixed,0.125,84,20,1,5,1.3862943611198906,0.21428571428571427,1,-0.0
prefix,0,340,14,48ece94e8be480c937b0,all_wrong,0.0,84,20,0,5,1.3862943611198906,0.21428571428571427,0,
prefix,0,341,14,dabd8d4cda9028631bc7,mixed,0.125,85,20,1,5,1.3862943611198906,0.21428571428571427,1,-0.0
prefix,0,342,14,a17a23f9643d34ce7e0b,mixed,0.125,86,21,1,5,1.3862943611198906,0.21428571428571427,1,-0.0
prefix,0,343,14,8640f5fc8a5b7d6b5acf,all_wrong,0.0,86,21,0,6,1.6674619334292948,0.10714285714285714,0,
prefix,0,344,14,af3a6c5ce79eede7398a,all_wrong,0.0,86,21,0,5,1.3862943611198906,0.21428571428571427,0,
prefix,0,345,14,99f2784ccd66471ee7a9,mixed,0.125,87,21,1,5,1.3862943611198906,0.21428571428571427,1,-0.0
prefix,0,346,14,f2836343a94d4b0b6315,mixed,0.125,88,21,1,5,1.3862943611198906,0.21428571428571427,1,-0.0
prefix,0,347,14,83b4746f24a5a30c7a2b,all_wrong,0.0,88,21,0,5,1.3862943611198906,0.21428571428571427,0,
prefix,0,348,14,563582915ff00b2ccb66,all_wrong,0.0,88,21,0,6,1.6674619334292948,0.10714285714285714,0,
prefix,0,349,14,fda288cf8cf189bb087d,all_wrong,0.0,88,21,0,5,1.4941751382893085,0.14285714285714285,0,
prefix,0,350,14,a8a79546ec5131e98590,mixed,0.25,89,21,2,5,1.3862943611198906,0.21428571428571427,2,0.6931471805599453
prefix,0,351,15,d159562db4d9465071b9,mixed,0.125,90,21,1,7,1.9061547465398496,0.03571428571428571,1,-0.0
prefix,0,352,15,5da1012cfc592e79107d,all_wrong,0.0,90,21,0,7,1.9061547465398496,0.03571428571428571,0,
prefix,0,353,15,5ad436bd0beb00872f91,all_wrong,0.0,90,21,0,7,1.9061547465398496,0.03571428571428571,0,
prefix,0,354,15,90e782d0cb8984918279,mixed,0.125,91,21,1,5,1.3862943611198906,0.21428571428571427,1,-0.0
prefix,0,355,15,f90e7d0f485585acd008,all_wrong,0.0,91,21,0,6,1.6674619334292946,0.10714285714285714,0,
prefix,0,356,15,0f3cc219c9fbdadfcc63,mixed,0.125,92,21,1,5,1.3862943611198906,0.21428571428571427,1,-0.0
prefix,0,357,15,6543a11c0f682113c28e,all_wrong,0.0,92,21,0,5,1.3862943611198906,0.21428571428571427,0,
prefix,0,358,15,8b25e11f17b1a0a078ac,all_wrong,0.0,92,21,0,6,1.6674619334292948,0.10714285714285714,0,
prefix,0,359,15,fa18587cc5cc4882d08e,all_wrong,0.0,92,21,0,5,1.3862943611198906,0.21428571428571427,0,
prefix,0,360,15,c037c6c99e0c50476bc7,all_wrong,0.0,92,21,0,5,1.3862943611198906,0.21428571428571427,0,
prefix,0,361,15,2e9a107c5bca042ef454,all_wrong,0.0,92,21,0,5,1.3862943611198906,0.21428571428571427,0,
prefix,0,362,15,235389eab74f0cc4b907,all_wrong,0.0,92,21,0,5,1.4941751382893085,0.14285714285714285,0,
prefix,0,363,15,9cf19c91454458915931,all_wrong,0.0,92,21,0,5,1.3862943611198906,0.21428571428571427,0,
prefix,0,364,15,22ca5217057a2e3fee9f,mixed,0.5,93,21,4,5,1.3862943611198906,0.21428571428571427,1,-0.0
prefix,0,365,15,5236043dee03ea05cac7,mixed,0.375,94,22,3,6,1.6674619334292946,0.10714285714285714,1,-0.0
prefix,0,366,15,623822d905c26d0a09b1,mixed,0.125,95,23,1,5,1.3862943611198906,0.21428571428571427,1,-0.0
prefix,0,367,15,51bc92cafba961be3655,mixed,0.5,96,23,4,5,1.3862943611198906,0.21428571428571427,1,-0.0
prefix,0,368,15,8eb4d2c8db39d5bcb130,mixed,0.125,97,23,1,5,1.3862943611198906,0.21428571428571427,1,-0.0
prefix,0,369,15,6a794a14c7c04c9f7e9f,mixed,0.5,98,23,4,5,1.3862943611198906,0.21428571428571427,1,-0.0
prefix,0,370,15,2ca91847d926c4591d0e,all_wrong,0.0,98,23,0,6,1.6674619334292948,0.10714285714285714,0,
prefix,0,371,15,39d7cf50037b7dc23990,mixed,0.375,99,23,3,6,1.6674619334292948,0.10714285714285714,1,-0.0
prefix,0,372,15,cc6245ae6bdc5780ac9c,all_wrong,0.0,99,23,0,5,1.3862943611198906,0.21428571428571427,0,
prefix,0,373,15,e96f1068dbed01d688da,mixed,0.5,100,23,4,5,1.3862943611198906,0.21428571428571427,1,-0.0
prefix,0,374,15,e42f96f65b8d04be048d,mixed,0.125,101,23,1,5,1.3862943611198906,0.21428571428571427,1,-0.0
prefix,0,375,15,28e511774cb00f66f19c,all_wrong,0.0,101,23,0,6,1.7328679513998633,0.07142857142857142,0,
prefix,0,376,16,d686398c0a88de5e923e,all_wrong,0.0,101,23,0,5,1.3862943611198906,0.21428571428571427,0,
prefix,0,377,16,5445116f9e8690eb5e94,mixed,0.125,102,23,1,5,1.3862943611198906,0.21428571428571427,1,-0.0
prefix,0,378,16,de5d61e367acc325ae60,mixed,0.125,103,23,1,7,1.9061547465398496,0.03571428571428571,1,-0.0
prefix,0,379,16,419312754f7609d342d2,all_wrong,0.0,103,23,0,6,1.6674619334292948,0.10714285714285714,0,
prefix,0,380,16,442120c64618ad5bdab5,all_wrong,0.0,103,23,0,5,1.3862943611198906,0.21428571428571427,0,
prefix,0,381,16,4042f2db8a91dd0984c2,all_wrong,0.0,103,23,0,5,1.3862943611198906,0.21428571428571427,0,
prefix,0,382,16,1de9ba1ec82d7340df52,mixed,0.5,104,23,4,5,1.3862943611198906,0.21428571428571427,1,-0.0
prefix,0,383,16,a451b974a46913f398da,all_wrong,0.0,104,23,0,5,1.3862943611198906,0.21428571428571427,0,
prefix,0,384,16,89e9061a26e27ccc840e,all_wrong,0.0,104,23,0,5,1.3862943611198906,0.21428571428571427,0,
prefix,0,385,16,beb4015aa9900d44a3b9,all_wrong,0.0,104,23,0,5,1.4941751382893085,0.14285714285714285,0,
prefix,0,386,16,b558934559eb1b79e82d,all_wrong,0.0,104,23,0,5,1.3862943611198906,0.21428571428571427,0,
prefix,0,387,16,ea6982beffc89601e413,mixed,0.125,105,23,1,5,1.3862943611198906,0.21428571428571427,1,-0.0
prefix,0,388,16,9256520e60e28b9d7f9e,all_wrong,0.0,105,23,0,5,1.3862943611198906,0.21428571428571427,0,
prefix,0,389,16,6d237ed15b98208fd13c,all_wrong,0.0,105,23,0,6,1.6674619334292946,0.10714285714285714,0,
prefix,0,390,16,f35a9074bda66d517f5c,all_wrong,0.0,105,23,0,5,1.3862943611198906,0.21428571428571427,0,
prefix,0,391,16,a14f577583802174dd94,all_wrong,0.0,105,23,0,5,1.3862943611198906,0.21428571428571427,0,
prefix,0,392,16,d496dddf61c214f09dfa,all_wrong,0.0,105,23,0,5,1.3862943611198906,0.21428571428571427,0,
prefix,0,393,16,f2052eafe6acc7fffb0c,mixed,0.125,106,23,1,5,1.3862943611198906,0.21428571428571427,1,-0.0
prefix,0,394,16,f34cf3baec0b4a508f79,all_wrong,0.0,106,23,0,5,1.3862943611198906,0.21428571428571427,0,
prefix,0,395,16,c0dcd03a8d53832e28ef,mixed,0.125,107,23,1,5,1.3862943611198906,0.21428571428571427,1,-0.0
prefix,0,396,16,b6ca03bd87aced98b7a1,all_wrong,0.0,107,23,0,6,1.6674619334292948,0.10714285714285714,0,
prefix,0,397,16,2f2439d82f644954cbce,all_wrong,0.0,107,23,0,5,1.3862943611198906,0.21428571428571427,0,
prefix,0,398,16,da3a15fd37ab2fd423f6,mixed,0.125,108,23,1,5,1.3862943611198906,0.21428571428571427,1,-0.0
prefix,0,399,16,265f9693706e37e57d6f,all_wrong,0.0,108,23,0,5,1.3862943611198906,0.21428571428571427,0,
prefix,0,400,16,73b6c48b33b4a16dd13f,all_wrong,0.0,108,23,0,5,1.3862943611198906,0.21428571428571427,0,
prefix,1,1,1,344e65a062c043b7d4f1,all_wrong,0.0,0,0,0,5,1.3862943611198906,0.21428571428571427,0,
prefix,1,2,1,ff8e32ab6bd1b8ccbd62,all_wrong,0.0,0,0,0,5,1.3862943611198906,0.21428571428571427,0,
prefix,1,3,1,acd00e67c207b241a9cb,mixed,0.125,1,1,1,6,1.6674619334292948,0.10714285714285714,1,-0.0
prefix,1,4,1,55e041f525a03550457f,mixed,0.125,2,2,1,5,1.3862943611198906,0.21428571428571427,1,-0.0
prefix,1,5,1,7823aeee84310d484a67,all_wrong,0.0,2,2,0,6,1.6674619334292948,0.10714285714285714,0,
prefix,1,6,1,2853ebfbf4ff1fef974a,all_wrong,0.0,2,2,0,6,1.6674619334292948,0.10714285714285714,0,
prefix,1,7,1,4eb9d2f867a1743e1f5a,all_wrong,0.0,2,2,0,5,1.3862943611198906,0.21428571428571427,0,
prefix,1,8,1,eb7b85e4ff7846becf1d,all_wrong,0.0,2,2,0,5,1.3862943611198906,0.21428571428571427,0,
prefix,1,9,1,9a4f281f7c0a352a29d6,all_wrong,0.0,2,2,0,5,1.3862943611198906,0.21428571428571427,0,
prefix,1,10,1,f1752a0aba86c25de9b1,all_wrong,0.0,2,2,0,5,1.3862943611198906,0.21428571428571427,0,
prefix,1,11,1,c0b94ee8f8bd2e7f22d3,all_wrong,0.0,2,2,0,5,1.3862943611198906,0.21428571428571427,0,
prefix,1,12,1,8fd5c706abca9e556c21,mixed,0.125,3,3,1,5,1.3862943611198906,0.21428571428571427,1,-0.0
prefix,1,13,1,295c1c6b0676ebeaafb8,all_wrong,0.0,3,3,0,6,1.7328679513998633,0.07142857142857142,0,
prefix,1,14,1,92618aede71d2a8a4da7,all_wrong,0.0,3,3,0,5,1.3862943611198906,0.21428571428571427,0,
prefix,1,15,1,04be5cc9a0a5f0df27d5,all_wrong,0.0,3,3,0,5,1.3862943611198906,0.21428571428571427,0,
prefix,1,16,1,6f371b0dc9c288435fa6,all_wrong,0.0,3,3,0,5,1.3862943611198906,0.21428571428571427,0,
prefix,1,17,1,9afd1cb37fbc81c8f3d9,all_wrong,0.0,3,3,0,5,1.3862943611198906,0.21428571428571427,0,
prefix,1,18,1,58d0961cf85a13acbb24,all_wrong,0.0,3,3,0,5,1.3862943611198906,0.21428571428571427,0,
prefix,1,19,1,fccb2867d126ccc3f76c,all_wrong,0.0,3,3,0,5,1.3862943611198906,0.21428571428571427,0,
prefix,1,20,1,77eaf86db56beb9cc52a,all_wrong,0.0,3,3,0,6,1.7328679513998633,0.07142857142857142,0,
prefix,1,21,1,16097a9b65351ea2f108,all_wrong,0.0,3,3,0,6,1.6674619334292948,0.10714285714285714,0,
prefix,1,22,1,83b86db2e855a54563c0,all_wrong,0.0,3,3,0,5,1.3862943611198906,0.21428571428571427,0,
prefix,1,23,1,b0a836d114a63c51f3e4,mixed,0.125,4,4,1,5,1.3862943611198906,0.21428571428571427,1,-0.0
prefix,1,24,1,ecc7e2a8af6bd82a7d27,all_wrong,0.0,4,4,0,5,1.3862943611198906,0.21428571428571427,0,
prefix,1,25,1,a850fa6c6828c7ded14c,all_wrong,0.0,4,4,0,5,1.3862943611198906,0.21428571428571427,0,
prefix,1,26,2,b4c334126e21ffe44d18,mixed,0.125,5,4,1,5,1.3862943611198906,0.21428571428571427,1,-0.0
prefix,1,27,2,7c2cce2380ac777225f6,mixed,0.125,6,4,1,5,1.4941751382893085,0.14285714285714285,1,-0.0
prefix,1,28,2,9892c1d68cd283371348,all_wrong,0.0,6,4,0,5,1.3862943611198906,0.21428571428571427,0,
prefix,1,29,2,037b7eb668db0dd99b57,all_wrong,0.0,6,4,0,6,1.7328679513998633,0.07142857142857142,0,
prefix,1,30,2,a72a59cf237e141977a2,all_wrong,0.0,6,4,0,5,1.3862943611198906,0.21428571428571427,0,
prefix,1,31,2,ed74be1f173685366128,all_wrong,0.0,6,4,0,6,1.7328679513998633,0.07142857142857142,0,
prefix,1,32,2,25f7e42df573b5f79d2f,all_wrong,0.0,6,4,0,5,1.3862943611198906,0.21428571428571427,0,
prefix,1,33,2,60bd24c8aab981664ee8,all_wrong,0.0,6,4,0,6,1.6674619334292948,0.10714285714285714,0,
prefix,1,34,2,24f259a8ad87bc3bee7b,all_wrong,0.0,6,4,0,5,1.3862943611198906,0.21428571428571427,0,
prefix,1,35,2,7ec1b6d67b420c846378,mixed,0.125,7,4,1,6,1.6674619334292948,0.10714285714285714,1,-0.0
prefix,1,36,2,40cc6b0d2ada49f0a241,all_wrong,0.0,7,4,0,5,1.3862943611198906,0.21428571428571427,0,
prefix,1,37,2,d68c968d706a8bfe92dc,all_wrong,0.0,7,4,0,5,1.3862943611198906,0.21428571428571427,0,
prefix,1,38,2,3e84221eab9a1a4b91a0,all_wrong,0.0,7,4,0,5,1.3862943611198906,0.21428571428571427,0,
prefix,1,39,2,ecc63954c643d1a88a69,all_wrong,0.0,7,4,0,5,1.3862943611198906,0.21428571428571427,0,
prefix,1,40,2,ec55a18c3af5c6989c36,all_wrong,0.0,7,4,0,5,1.3862943611198906,0.21428571428571427,0,
prefix,1,41,2,98a0bf2389fdbf5ecd98,mixed,0.125,8,5,1,5,1.3862943611198906,0.21428571428571427,1,-0.0
prefix,1,42,2,f665c1af2c96c415ae4f,all_wrong,0.0,8,5,0,5,1.4941751382893085,0.14285714285714285,0,
prefix,1,43,2,912342bd3661f2a0edef,all_wrong,0.0,8,5,0,6,1.6674619334292946,0.10714285714285714,0,
prefix,1,44,2,40696ae20d712c7ef99c,mixed,0.125,9,6,1,6,1.6674619334292948,0.10714285714285714,1,-0.0
prefix,1,45,2,663615844bbe432868b1,all_wrong,0.0,9,6,0,6,1.7328679513998633,0.07142857142857142,0,
prefix,1,46,2,d1dbf37dad1c6d585307,all_wrong,0.0,9,6,0,5,1.3862943611198906,0.21428571428571427,0,
prefix,1,47,2,e120fa84b3331cd1bdfe,all_wrong,0.0,9,6,0,5,1.3862943611198906,0.21428571428571427,0,
prefix,1,48,2,285cc2d99bc64773d128,all_wrong,0.0,9,6,0,8,2.0794415416798357,0.0,0,
prefix,1,49,2,c080b7705371fbd18af9,all_wrong,0.0,9,6,0,8,2.0794415416798357,0.0,0,
prefix,1,50,2,ed34fcfa3a095d03cb61,all_wrong,0.0,9,6,0,5,1.3862943611198906,0.21428571428571427,0,
prefix,1,51,3,3012f8218334b0882801,mixed,0.125,10,6,1,5,1.3862943611198906,0.21428571428571427,1,-0.0
prefix,1,52,3,474db377df5acbb5d0c3,all_wrong,0.0,10,6,0,5,1.3862943611198906,0.21428571428571427,0,
prefix,1,53,3,1024659a78eaf340da4e,all_wrong,0.0,10,6,0,5,1.3862943611198906,0.21428571428571427,0,
prefix,1,54,3,261af030ee95227ce2c8,all_wrong,0.0,10,6,0,5,1.3862943611198906,0.21428571428571427,0,
prefix,1,55,3,3c58229f4e9cbda91be5,all_wrong,0.0,10,6,0,6,1.6674619334292948,0.10714285714285714,0,
prefix,1,56,3,584024edc0865d1e66c1,all_wrong,0.0,10,6,0,5,1.3862943611198906,0.21428571428571427,0,
prefix,1,57,3,013b955ed2c9d6feeb28,all_wrong,0.0,10,6,0,6,1.7328679513998633,0.07142857142857142,0,
prefix,1,58,3,7114759266ada9575ded,all_wrong,0.0,10,6,0,5,1.3862943611198906,0.21428571428571427,0,
prefix,1,59,3,fd3d7a2c987035d5e8c1,all_wrong,0.0,10,6,0,6,1.6674619334292948,0.10714285714285714,0,
prefix,1,60,3,dc1a6d20f0fa146b62f2,all_wrong,0.0,10,6,0,7,1.9061547465398496,0.03571428571428571,0,
prefix,1,61,3,76b7e95f2c5d8f517843,all_wrong,0.0,10,6,0,6,1.6674619334292948,0.10714285714285714,0,
prefix,1,62,3,5b759cdfc67909c722c7,mixed,0.125,11,6,1,6,1.6674619334292948,0.10714285714285714,1,-0.0
prefix,1,63,3,5511a7e3832427045228,mixed,0.125,12,7,1,6,1.6674619334292948,0.10714285714285714,1,-0.0
prefix,1,64,3,670146be6d32a043bf49,mixed,0.125,13,7,1,5,1.3862943611198906,0.21428571428571427,1,-0.0
prefix,1,65,3,6aa54196eb4a8e4964c0,mixed,0.125,14,8,1,5,1.3862943611198906,0.21428571428571427,1,-0.0
prefix,1,66,3,4198150f0b2baf30e430,all_wrong,0.0,14,8,0,5,1.3862943611198906,0.21428571428571427,0,
prefix,1,67,3,b376ab06e82f60a7c613,all_wrong,0.0,14,8,0,5,1.3862943611198906,0.21428571428571427,0,
prefix,1,68,3,7741fff7c0d9471d9963,all_wrong,0.0,14,8,0,5,1.4941751382893085,0.14285714285714285,0,
prefix,1,69,3,f9e7b4b67374cd48b677,all_wrong,0.0,14,8,0,6,1.6674619334292948,0.10714285714285714,0,
prefix,1,70,3,33c7285a84f38344a733,all_wrong,0.0,14,8,0,5,1.3862943611198906,0.21428571428571427,0,
prefix,1,71,3,ebd9684ddbd2052363b4,mixed,0.125,15,8,1,6,1.7328679513998633,0.07142857142857142,1,-0.0
prefix,1,72,3,6273147a5dd10058351d,all_wrong,0.0,15,8,0,5,1.3862943611198906,0.21428571428571427,0,
prefix,1,73,3,e08246e900811f8d8911,all_wrong,0.0,15,8,0,5,1.3862943611198906,0.21428571428571427,0,
prefix,1,74,3,bcc13ad79509a1a2a0fd,mixed,0.125,16,8,1,5,1.4941751382893085,0.14285714285714285,1,-0.0
prefix,1,75,3,c99880e9145a7b0a8ef4,all_wrong,0.0,16,8,0,5,1.3862943611198906,0.21428571428571427,0,
prefix,1,76,4,6bcbfe751dedfec8fa6a,all_wrong,0.0,16,8,0,6,1.6674619334292948,0.10714285714285714,0,
prefix,1,77,4,ed65448eeda9dc2f1ad3,mixed,0.125,17,8,1,5,1.3862943611198906,0.21428571428571427,1,-0.0
prefix,1,78,4,dd60c963a673ec62bd53,all_wrong,0.0,17,8,0,5,1.3862943611198906,0.21428571428571427,0,
prefix,1,79,4,1c7002ecf3a5805fb8ea,all_wrong,0.0,17,8,0,5,1.3862943611198906,0.21428571428571427,0,
prefix,1,80,4,c3230c325dbe3b046c21,mixed,0.125,18,8,1,5,1.3862943611198906,0.21428571428571427,1,-0.0
prefix,1,81,4,e19815e575c67d65d6d6,all_wrong,0.0,18,8,0,6,1.7328679513998633,0.07142857142857142,0,
prefix,1,82,4,b8610bc345dfbc4c2b94,all_wrong,0.0,18,8,0,5,1.3862943611198906,0.21428571428571427,0,
prefix,1,83,4,528d3d894d60c2b26473,mixed,0.125,19,9,1,5,1.3862943611198906,0.21428571428571427,1,-0.0
prefix,1,84,4,6fe6428696d1bda6dcdb,all_wrong,0.0,19,9,0,5,1.3862943611198906,0.21428571428571427,0,
prefix,1,85,4,6fddb775dfc78fbffd3f,all_wrong,0.0,19,9,0,5,1.3862943611198906,0.21428571428571427,0,
prefix,1,86,4,d62b9ce05813dccdbae5,mixed,0.125,20,9,1,5,1.3862943611198906,0.21428571428571427,1,-0.0
prefix,1,87,4,4db70371d92b545bd09e,all_wrong,0.0,20,9,0,5,1.4941751382893085,0.14285714285714285,0,
prefix,1,88,4,ef175a0420dcffd4a635,all_wrong,0.0,20,9,0,5,1.3862943611198906,0.21428571428571427,0,
prefix,1,89,4,22196ceeee8485da3677,all_wrong,0.0,20,9,0,5,1.3862943611198906,0.21428571428571427,0,
prefix,1,90,4,70802cd8dfb912800eac,mixed,0.125,21,9,1,5,1.3862943611198906,0.21428571428571427,1,-0.0
prefix,1,91,4,e6d56dad889595b1db3b,all_wrong,0.0,21,9,0,5,1.3862943611198906,0.21428571428571427,0,
prefix,1,92,4,dc55e5d72251ed53732b,all_wrong,0.0,21,9,0,6,1.6674619334292948,0.10714285714285714,0,
prefix,1,93,4,fcb3ba347163d9983308,mixed,0.125,22,10,1,6,1.7328679513998633,0.07142857142857142,1,-0.0
prefix,1,94,4,1abb8f5eb5e604d3bb10,all_wrong,0.0,22,10,0,5,1.3862943611198906,0.21428571428571427,0,
prefix,1,95,4,7dd7d737d3b8c0981663,mixed,0.125,23,10,1,6,1.6674619334292948,0.10714285714285714,1,-0.0
prefix,1,96,4,4abba5ed5683e973a9b5,all_wrong,0.0,23,10,0,6,1.6674619334292946,0.10714285714285714,0,
prefix,1,97,4,596fd88d55ffccc82db1,mixed,0.375,24,10,3,5,1.4941751382893085,0.14285714285714285,1,-0.0
prefix,1,98,4,9247fc6a258fa2c52946,all_wrong,0.0,24,10,0,5,1.3862943611198906,0.21428571428571427,0,
prefix,1,99,4,d5bdbdb166afffeb25da,all_wrong,0.0,24,10,0,6,1.6674619334292948,0.10714285714285714,0,
prefix,1,100,4,8491a8968779a6ac5e3b,mixed,0.125,25,10,1,5,1.3862943611198906,0.21428571428571427,1,-0.0
prefix,1,101,5,ff3131068ead3bdc67f5,mixed,0.5,26,10,4,5,1.3862943611198906,0.21428571428571427,1,-0.0
prefix,1,102,5,0f3d59ce3c2ca503cb3a,mixed,0.125,27,10,1,5,1.3862943611198906,0.21428571428571427,1,-0.0
prefix,1,103,5,bd67c5f394cd058b6a30,mixed,0.125,28,10,1,5,1.3862943611198906,0.21428571428571427,1,-0.0
prefix,1,104,5,947d983c078d61eb73dc,all_wrong,0.0,28,10,0,6,1.7328679513998633,0.07142857142857142,0,
prefix,1,105,5,941d1659e299d32b5509,mixed,0.5,29,10,4,5,1.3862943611198906,0.21428571428571427,1,-0.0
prefix,1,106,5,8981c8a2bbb0f7338850,all_wrong,0.0,29,10,0,6,1.6674619334292948,0.10714285714285714,0,
prefix,1,107,5,34c2c231b3b0bb437382,all_wrong,0.0,29,10,0,6,1.6674619334292948,0.10714285714285714,0,
prefix,1,108,5,da8d740dbe335398ce88,mixed,0.5,30,10,4,5,1.3862943611198906,0.21428571428571427,1,-0.0
prefix,1,109,5,76f90bf6e885e69b0a89,all_wrong,0.0,30,10,0,6,1.6674619334292946,0.10714285714285714,0,
prefix,1,110,5,9db8536e4fd843db257f,mixed,0.125,31,11,1,7,1.9061547465398496,0.03571428571428571,1,-0.0
prefix,1,111,5,f528410ef35f647cdf70,all_wrong,0.0,31,11,0,5,1.3862943611198906,0.21428571428571427,0,
prefix,1,112,5,9886fb653aa0e0f98c6c,all_wrong,0.0,31,11,0,5,1.4941751382893085,0.14285714285714285,0,
prefix,1,113,5,d1e9cd7b0c49ad949db2,mixed,0.125,32,11,1,6,1.7328679513998633,0.07142857142857142,1,-0.0
prefix,1,114,5,fe0b9f9eb2341c473ef3,all_wrong,0.0,32,11,0,6,1.7328679513998633,0.07142857142857142,0,
prefix,1,115,5,873684023f572450072f,all_wrong,0.0,32,11,0,5,1.3862943611198906,0.21428571428571427,0,
prefix,1,116,5,947517d0d59a19a72ad7,mixed,0.125,33,12,1,5,1.4941751382893085,0.14285714285714285,1,-0.0
prefix,1,117,5,c0e8bc1fb6092159dd6f,all_wrong,0.0,33,12,0,5,1.3862943611198906,0.21428571428571427,0,
prefix,1,118,5,6ce79849a45a488c196d,all_wrong,0.0,33,12,0,5,1.3862943611198906,0.21428571428571427,0,
prefix,1,119,5,05b0a2384ae6a380c7d2,all_wrong,0.0,33,12,0,6,1.7328679513998633,0.07142857142857142,0,
prefix,1,120,5,48809c9ccc0ba30c59c9,all_wrong,0.0,33,12,0,5,1.3862943611198906,0.21428571428571427,0,
prefix,1,121,5,8d2e2c51a12026ae3f10,all_wrong,0.0,33,12,0,5,1.3862943611198906,0.21428571428571427,0,
prefix,1,122,5,05e55afea76e67ea6ccc,mixed,0.125,34,12,1,7,1.9061547465398496,0.03571428571428571,1,-0.0
prefix,1,123,5,650c00763900b7f4e071,all_wrong,0.0,34,12,0,5,1.3862943611198906,0.21428571428571427,0,
prefix,1,124,5,194b465fc259ddd42d3c,all_wrong,0.0,34,12,0,5,1.3862943611198906,0.21428571428571427,0,
prefix,1,125,5,78d4a79b4b77193c2a38,all_wrong,0.0,34,12,0,5,1.4941751382893085,0.14285714285714285,0,
prefix,1,126,6,64c3e013c7bba3ab8a30,all_wrong,0.0,34,12,0,5,1.3862943611198906,0.21428571428571427,0,
prefix,1,127,6,7bab8dea0d18f5ff37cb,all_wrong,0.0,34,12,0,6,1.7328679513998633,0.07142857142857142,0,
prefix,1,128,6,23376bee554fd8074c0c,all_wrong,0.0,34,12,0,5,1.3862943611198906,0.21428571428571427,0,
prefix,1,129,6,93823a7cc4df2d29e9d1,all_wrong,0.0,34,12,0,6,1.6674619334292948,0.10714285714285714,0,
prefix,1,130,6,9146fc6fb12cdebc55c7,mixed,0.125,35,12,1,5,1.3862943611198906,0.21428571428571427,1,-0.0
prefix,1,131,6,468a783e528f80469a12,mixed,0.125,36,12,1,5,1.3862943611198906,0.21428571428571427,1,-0.0
prefix,1,132,6,4d303008bd587932a929,all_wrong,0.0,36,12,0,6,1.7328679513998633,0.07142857142857142,0,
prefix,1,133,6,1f0d8a6c547ab1be9881,all_wrong,0.0,36,12,0,5,1.3862943611198906,0.21428571428571427,0,
prefix,1,134,6,2550c7a734bf9d1df18f,all_wrong,0.0,36,12,0,5,1.3862943611198906,0.21428571428571427,0,
prefix,1,135,6,dc89697610c74fca8a66,all_wrong,0.0,36,12,0,5,1.4941751382893085,0.14285714285714285,0,
prefix,1,136,6,61487b72c6261bf53073,all_wrong,0.0,36,12,0,6,1.6674619334292946,0.10714285714285714,0,
prefix,1,137,6,dbd98eaa0810481218b4,all_wrong,0.0,36,12,0,5,1.3862943611198906,0.21428571428571427,0,
prefix,1,138,6,b86ae3e6251fe7792e14,all_wrong,0.0,36,12,0,5,1.3862943611198906,0.21428571428571427,0,
prefix,1,139,6,cd0d39d8b07b3b99d88a,mixed,0.125,37,12,1,5,1.3862943611198906,0.21428571428571427,1,-0.0
prefix,1,140,6,7b388d98ae0d944f1925,all_wrong,0.0,37,12,0,5,1.3862943611198906,0.21428571428571427,0,
prefix,1,141,6,0942ca362c9bb4e92156,mixed,0.5,38,12,4,5,1.3862943611198906,0.21428571428571427,1,-0.0
prefix,1,142,6,5a8613d101df5db899bd,all_wrong,0.0,38,12,0,7,1.9061547465398496,0.03571428571428571,0,
prefix,1,143,6,9fbac876b450cde1cadf,all_wrong,0.0,38,12,0,5,1.3862943611198906,0.21428571428571427,0,
prefix,1,144,6,5abe24088e2cc62a64de,all_wrong,0.0,38,12,0,5,1.3862943611198906,0.21428571428571427,0,
prefix,1,145,6,8c6e2943c4bb9c2e5cda,mixed,0.125,39,12,1,5,1.3862943611198906,0.21428571428571427,1,-0.0
prefix,1,146,6,fe5aace7fc6d828a6d44,mixed,0.5,40,12,4,5,1.3862943611198906,0.21428571428571427,1,-0.0
prefix,1,147,6,18bb600571e811780aeb,all_wrong,0.0,40,12,0,5,1.3862943611198906,0.21428571428571427,0,
prefix,1,148,6,ce61e0eb7137279c8cfb,all_wrong,0.0,40,12,0,5,1.3862943611198906,0.21428571428571427,0,
prefix,1,149,6,9777165aa1a5c0f1b439,all_wrong,0.0,40,12,0,5,1.3862943611198906,0.21428571428571427,0,
prefix,1,150,6,46b190e25d53f7f5f817,all_wrong,0.0,40,12,0,6,1.6674619334292946,0.10714285714285714,0,
prefix,1,151,7,f4c34dd4d2db54587fe7,all_wrong,0.0,40,12,0,6,1.6674619334292946,0.10714285714285714,0,
prefix,1,152,7,391b5fce3e24abe2254b,all_wrong,0.0,40,12,0,5,1.3862943611198906,0.21428571428571427,0,
prefix,1,153,7,d4a1cfb3981ba5d515d3,mixed,0.125,41,13,1,5,1.3862943611198906,0.21428571428571427,1,-0.0
prefix,1,154,7,055c0b3e9c73b912946f,all_wrong,0.0,41,13,0,5,1.3862943611198906,0.21428571428571427,0,
prefix,1,155,7,9ccabee528f1681eb246,all_wrong,0.0,41,13,0,5,1.3862943611198906,0.21428571428571427,0,
prefix,1,156,7,c2b55f70979ccb528146,all_wrong,0.0,41,13,0,6,1.7328679513998633,0.07142857142857142,0,
prefix,1,157,7,a0a04fd3d53e65772151,all_wrong,0.0,41,13,0,6,1.6674619334292948,0.10714285714285714,0,
prefix,1,158,7,c9836a00dc3f36bdb5c2,mixed,0.125,42,13,1,6,1.6674619334292948,0.10714285714285714,1,-0.0
prefix,1,159,7,69321ce445a5539853b7,all_wrong,0.0,42,13,0,6,1.6674619334292948,0.10714285714285714,0,
prefix,1,160,7,b43b6f62a988f6f5b9e9,all_wrong,0.0,42,13,0,6,1.6674619334292946,0.10714285714285714,0,
prefix,1,161,7,069ee2efb67b497c0ac5,all_wrong,0.0,42,13,0,5,1.3862943611198906,0.21428571428571427,0,
prefix,1,162,7,9ce1e8b938112d4d4c6c,all_wrong,0.0,42,13,0,5,1.3862943611198906,0.21428571428571427,0,
prefix,1,163,7,6c001c7ad666d12885f6,mixed,0.125,43,14,1,6,1.6674619334292948,0.10714285714285714,1,-0.0
prefix,1,164,7,61d835a76e24f605aefc,all_wrong,0.0,43,14,0,5,1.3862943611198906,0.21428571428571427,0,
prefix,1,165,7,5b40b0801b39319f2601,all_wrong,0.0,43,14,0,5,1.3862943611198906,0.21428571428571427,0,
prefix,1,166,7,2e1f9ced3a1d3a3a401c,all_wrong,0.0,43,14,0,6,1.7328679513998633,0.07142857142857142,0,
prefix,1,167,7,95eaa1f805e4464e5465,all_wrong,0.0,43,14,0,5,1.3862943611198906,0.21428571428571427,0,
prefix,1,168,7,1deb18d5faa29ac53b03,all_wrong,0.0,43,14,0,5,1.3862943611198906,0.21428571428571427,0,
prefix,1,169,7,2de4e7cb2a37514cdc4c,all_wrong,0.0,43,14,0,7,1.9061547465398496,0.03571428571428571,0,
prefix,1,170,7,0e25805e3a68f642e9a7,all_wrong,0.0,43,14,0,5,1.3862943611198906,0.21428571428571427,0,
prefix,1,171,7,7e6941bc8b261c9bdf46,all_wrong,0.0,43,14,0,5,1.3862943611198906,0.21428571428571427,0,
prefix,1,172,7,5e9c3e0f43a4a996cf19,all_wrong,0.0,43,14,0,5,1.3862943611198906,0.21428571428571427,0,
prefix,1,173,7,9cf383eaf4a20437d07f,all_wrong,0.0,43,14,0,5,1.3862943611198906,0.21428571428571427,0,
prefix,1,174,7,caf85b1966da82476384,all_wrong,0.0,43,14,0,5,1.3862943611198906,0.21428571428571427,0,
prefix,1,175,7,5a5b6600675ad49af7fa,mixed,0.125,44,14,1,5,1.3862943611198906,0.21428571428571427,1,-0.0
prefix,1,176,8,a47c9f60d0050c531ce7,all_wrong,0.0,44,14,0,5,1.3862943611198906,0.21428571428571427,0,
prefix,1,177,8,ee744132b4161e706199,all_wrong,0.0,44,14,0,6,1.6674619334292948,0.10714285714285714,0,
prefix,1,178,8,207d3eac8222c945231b,all_wrong,0.0,44,14,0,5,1.3862943611198906,0.21428571428571427,0,
prefix,1,179,8,5cc33cd79e147f5aec38,all_wrong,0.0,44,14,0,5,1.3862943611198906,0.21428571428571427,0,
prefix,1,180,8,038dbf186d440784b844,all_wrong,0.0,44,14,0,5,1.3862943611198906,0.21428571428571427,0,
prefix,1,181,8,e47563a535a1054e5c4b,all_wrong,0.0,44,14,0,7,1.9061547465398496,0.03571428571428571,0,
prefix,1,182,8,32dd13b8aae87d07d840,all_wrong,0.0,44,14,0,6,1.7328679513998633,0.07142857142857142,0,
prefix,1,183,8,7fc41e235c90f7dddd90,all_wrong,0.0,44,14,0,5,1.3862943611198906,0.21428571428571427,0,
prefix,1,184,8,d3b38e847e624ed82167,all_wrong,0.0,44,14,0,5,1.3862943611198906,0.21428571428571427,0,
prefix,1,185,8,fb0836242205e30b2f28,all_wrong,0.0,44,14,0,7,1.9061547465398496,0.03571428571428571,0,
prefix,1,186,8,3744e937e15316d76660,mixed,0.125,45,14,1,5,1.3862943611198906,0.21428571428571427,1,-0.0
prefix,1,187,8,ad5efa65c4181f462e3b,all_wrong,0.0,45,14,0,5,1.3862943611198906,0.21428571428571427,0,
prefix,1,188,8,35e05333a0e8d104bb11,all_wrong,0.0,45,14,0,6,1.6674619334292948,0.10714285714285714,0,
prefix,1,189,8,550066f263874da2c6bf,mixed,0.125,46,14,1,5,1.3862943611198906,0.21428571428571427,1,-0.0
prefix,1,190,8,b84fc00a3abccc9d080e,all_wrong,0.0,46,14,0,5,1.3862943611198906,0.21428571428571427,0,
prefix,1,191,8,5a400e19635fe303647f,mixed,0.125,47,14,1,5,1.3862943611198906,0.21428571428571427,1,-0.0
prefix,1,192,8,d4457b06ca71659d6c1e,all_wrong,0.0,47,14,0,6,1.6674619334292948,0.10714285714285714,0,
prefix,1,193,8,9108757228d2c727c47b,all_wrong,0.0,47,14,0,5,1.3862943611198906,0.21428571428571427,0,
prefix,1,194,8,afaf06828302fc24642b,all_wrong,0.0,47,14,0,6,1.7328679513998633,0.07142857142857142,0,
prefix,1,195,8,83f13f48931968a08804,all_wrong,0.0,47,14,0,5,1.3862943611198906,0.21428571428571427,0,
prefix,1,196,8,c4008c5ff93d59fa8e6c,all_wrong,0.0,47,14,0,5,1.4941751382893085,0.14285714285714285,0,
prefix,1,197,8,5ba265e86479190dd2b6,mixed,0.125,48,15,1,6,1.6674619334292948,0.10714285714285714,1,-0.0
prefix,1,198,8,149913b1085c0e7efeb1,all_wrong,0.0,48,15,0,5,1.3862943611198906,0.21428571428571427,0,
prefix,1,199,8,4c8afad2b3c02b83f166,all_wrong,0.0,48,15,0,5,1.3862943611198906,0.21428571428571427,0,
prefix,1,200,8,d1b1f9d2e1ab7ad7df98,all_wrong,0.0,48,15,0,5,1.3862943611198906,0.21428571428571427,0,
prefix,1,201,9,358af1f24c822e0a9a47,all_wrong,0.0,48,15,0,5,1.4941751382893085,0.14285714285714285,0,
prefix,1,202,9,ea46abb7f2605d636b9a,all_wrong,0.0,48,15,0,5,1.3862943611198906,0.21428571428571427,0,
prefix,1,203,9,579ba8d011d16c0ec216,mixed,0.125,49,15,1,5,1.3862943611198906,0.21428571428571427,1,-0.0
prefix,1,204,9,8b3818b16bb5176cfe5f,mixed,0.125,50,15,1,6,1.7328679513998633,0.07142857142857142,1,-0.0
prefix,1,205,9,e718645a913043afcbd2,all_wrong,0.0,50,15,0,6,1.7328679513998633,0.07142857142857142,0,
prefix,1,206,9,e321529f82c331665331,all_wrong,0.0,50,15,0,5,1.3862943611198906,0.21428571428571427,0,
prefix,1,207,9,78390ec877cab9f426af,all_wrong,0.0,50,15,0,5,1.3862943611198906,0.21428571428571427,0,
prefix,1,208,9,c017c930fe710d063798,all_wrong,0.0,50,15,0,5,1.3862943611198906,0.21428571428571427,0,
prefix,1,209,9,182e0a9e3d838d9240fc,all_wrong,0.0,50,15,0,6,1.6674619334292948,0.10714285714285714,0,
prefix,1,210,9,b60a0986bcbb036f14f0,all_wrong,0.0,50,15,0,6,1.6674619334292946,0.10714285714285714,0,
prefix,1,211,9,cde00ae2d594f0d33c4e,all_wrong,0.0,50,15,0,5,1.3862943611198906,0.21428571428571427,0,
prefix,1,212,9,9be2574c5e100539a6c2,all_wrong,0.0,50,15,0,6,1.6674619334292948,0.10714285714285714,0,
prefix,1,213,9,cf78859f172bec896ab6,all_wrong,0.0,50,15,0,5,1.4941751382893085,0.14285714285714285,0,
prefix,1,214,9,d7e354ac002bf841af51,all_wrong,0.0,50,15,0,5,1.3862943611198906,0.21428571428571427,0,
prefix,1,215,9,d62a79efc58dbf180396,all_wrong,0.0,50,15,0,5,1.3862943611198906,0.21428571428571427,0,
prefix,1,216,9,619a76d4f212b9a50556,all_wrong,0.0,50,15,0,6,1.7328679513998633,0.07142857142857142,0,
prefix,1,217,9,dd34d92c2fafc4742f4f,mixed,0.125,51,15,1,5,1.3862943611198906,0.21428571428571427,1,-0.0
prefix,1,218,9,228b8c0191dbb35adac7,mixed,0.125,52,15,1,5,1.3862943611198906,0.21428571428571427,1,-0.0
prefix,1,219,9,fc0c597939083108ba53,all_wrong,0.0,52,15,0,5,1.3862943611198906,0.21428571428571427,0,
prefix,1,220,9,71fc27fcf69390db8f37,all_wrong,0.0,52,15,0,5,1.3862943611198906,0.21428571428571427,0,
prefix,1,221,9,aba74531ce294295a174,all_wrong,0.0,52,15,0,6,1.7328679513998633,0.07142857142857142,0,
prefix,1,222,9,beb301b7347d27085a3a,all_wrong,0.0,52,15,0,5,1.3862943611198906,0.21428571428571427,0,
prefix,1,223,9,6fa8a543c58113af3226,mixed,0.625,53,16,5,5,1.3862943611198906,0.21428571428571427,2,0.5004024235381879
prefix,1,224,9,5050a2de4777967cdaa5,all_wrong,0.0,53,16,0,6,1.7328679513998633,0.07142857142857142,0,
prefix,1,225,9,360fe126190238fbc60c,all_wrong,0.0,53,16,0,5,1.3862943611198906,0.21428571428571427,0,
prefix,1,226,10,398706ce258a22ea00c1,all_wrong,0.0,53,16,0,5,1.3862943611198906,0.21428571428571427,0,
prefix,1,227,10,d070b6ceaa6a58e86fe3,all_wrong,0.0,53,16,0,5,1.3862943611198906,0.21428571428571427,0,
prefix,1,228,10,58d1fb042853a49b5db8,mixed,0.125,54,16,1,5,1.3862943611198906,0.21428571428571427,1,-0.0
prefix,1,229,10,f9c18d1366459d8e6f9c,all_wrong,0.0,54,16,0,6,1.6674619334292948,0.10714285714285714,0,
prefix,1,230,10,397a90e0a1bf7902b244,mixed,0.125,55,16,1,5,1.4941751382893085,0.14285714285714285,1,-0.0
prefix,1,231,10,1d0b4334ef1efbf29f32,all_wrong,0.0,55,16,0,6,1.7328679513998633,0.07142857142857142,0,
prefix,1,232,10,33b7f3a8a9f93f412958,all_wrong,0.0,55,16,0,5,1.3862943611198906,0.21428571428571427,0,
prefix,1,233,10,653e44c6d4a828887f81,all_wrong,0.0,55,16,0,5,1.3862943611198906,0.21428571428571427,0,
prefix,1,234,10,a5b89b318429db6071b1,all_wrong,0.0,55,16,0,5,1.3862943611198906,0.21428571428571427,0,
prefix,1,235,10,367de3ae8658802f9c8c,all_wrong,0.0,55,16,0,6,1.6674619334292948,0.10714285714285714,0,
prefix,1,236,10,4372ce88837a0156dd93,all_wrong,0.0,55,16,0,5,1.3862943611198906,0.21428571428571427,0,
prefix,1,237,10,301fb492cd3e430be689,mixed,0.125,56,16,1,5,1.3862943611198906,0.21428571428571427,1,-0.0
prefix,1,238,10,7be4905a13bd49ce40fd,all_wrong,0.0,56,16,0,6,1.6674619334292948,0.10714285714285714,0,
prefix,1,239,10,0905739b30a79fcdc440,all_wrong,0.0,56,16,0,6,1.6674619334292948,0.10714285714285714,0,
prefix,1,240,10,8c4b5c8655da411970b5,all_wrong,0.0,56,16,0,5,1.3862943611198906,0.21428571428571427,0,
prefix,1,241,10,30c2ddd3fa0e7ff5a6c2,all_wrong,0.0,56,16,0,6,1.6674619334292946,0.10714285714285714,0,
prefix,1,242,10,183489cf47392b992c54,all_wrong,0.0,56,16,0,5,1.3862943611198906,0.21428571428571427,0,
prefix,1,243,10,b83f83e94d96454adde9,all_wrong,0.0,56,16,0,6,1.6674619334292948,0.10714285714285714,0,
prefix,1,244,10,b5d2c32057cae3eb1011,all_wrong,0.0,56,16,0,5,1.3862943611198906,0.21428571428571427,0,
prefix,1,245,10,9454812d67a4ee5ad62c,all_wrong,0.0,56,16,0,5,1.3862943611198906,0.21428571428571427,0,
prefix,1,246,10,d327013a22bee72e501d,mixed,0.125,57,17,1,5,1.3862943611198906,0.21428571428571427,1,-0.0
prefix,1,247,10,fe4f53654a6a9ba76771,all_wrong,0.0,57,17,0,5,1.3862943611198906,0.21428571428571427,0,
prefix,1,248,10,ea915def88a42f813ec3,mixed,0.125,58,17,1,5,1.3862943611198906,0.21428571428571427,1,-0.0
prefix,1,249,10,dd8d15a7e8b630fb37f6,all_wrong,0.0,58,17,0,6,1.7328679513998633,0.07142857142857142,0,
prefix,1,250,10,fc64186124c711940f1b,all_wrong,0.0,58,17,0,6,1.6674619334292948,0.10714285714285714,0,
prefix,1,251,11,1d97f3cc70f2b4486afe,mixed,0.125,59,17,1,5,1.3862943611198906,0.21428571428571427,1,-0.0
prefix,1,252,11,5ea3079d1dcaeed39ffd,all_wrong,0.0,59,17,0,5,1.3862943611198906,0.21428571428571427,0,
prefix,1,253,11,2843db09530044d3281e,all_wrong,0.0,59,17,0,5,1.3862943611198906,0.21428571428571427,0,
prefix,1,254,11,d53bd3a61dd80866979c,mixed,0.125,60,17,1,5,1.3862943611198906,0.21428571428571427,1,-0.0
prefix,1,255,11,84606d1a26eedbd6ab2c,all_wrong,0.0,60,17,0,5,1.3862943611198906,0.21428571428571427,0,
prefix,1,256,11,d70f207278c1da50a91d,all_wrong,0.0,60,17,0,6,1.6674619334292946,0.10714285714285714,0,
prefix,1,257,11,92fd0c50151a0922fc2f,all_wrong,0.0,60,17,0,5,1.3862943611198906,0.21428571428571427,0,
prefix,1,258,11,2882a43d15cf648ff4e2,mixed,0.125,61,17,1,5,1.3862943611198906,0.21428571428571427,1,-0.0
prefix,1,259,11,4bdfe539bd950fc440b2,all_wrong,0.0,61,17,0,5,1.3862943611198906,0.21428571428571427,0,
prefix,1,260,11,d3cacf744c94d4c0007a,all_wrong,0.0,61,17,0,5,1.3862943611198906,0.21428571428571427,0,
prefix,1,261,11,5f898caaf3158950c522,mixed,0.125,62,18,1,5,1.3862943611198906,0.21428571428571427,1,-0.0
prefix,1,262,11,68b2db0feec6b6533fd1,all_wrong,0.0,62,18,0,5,1.3862943611198906,0.21428571428571427,0,
prefix,1,263,11,cc37f2f0b601eda91157,mixed,0.125,63,18,1,5,1.3862943611198906,0.21428571428571427,1,-0.0
prefix,1,264,11,0e716b8b24f9fb8b814c,all_wrong,0.0,63,18,0,7,1.9061547465398496,0.03571428571428571,0,
prefix,1,265,11,61cd3de4e53b6581c34a,all_wrong,0.0,63,18,0,5,1.3862943611198906,0.21428571428571427,0,
prefix,1,266,11,dcb7f654b52c265f6399,all_wrong,0.0,63,18,0,6,1.6674619334292948,0.10714285714285714,0,
prefix,1,267,11,24f3264fa6b46787f7c0,all_wrong,0.0,63,18,0,5,1.3862943611198906,0.21428571428571427,0,
prefix,1,268,11,8619ab3977fa82c3365c,mixed,0.125,64,18,1,5,1.3862943611198906,0.21428571428571427,1,-0.0
prefix,1,269,11,d622ddeaa78127b22aea,all_wrong,0.0,64,18,0,6,1.6674619334292948,0.10714285714285714,0,
prefix,1,270,11,974e09bbf710f5e051de,all_wrong,0.0,64,18,0,5,1.3862943611198906,0.21428571428571427,0,
prefix,1,271,11,2840d37f0dac60a4a1ce,all_wrong,0.0,64,18,0,6,1.6674619334292948,0.10714285714285714,0,
prefix,1,272,11,94df7d49e341b77ad181,all_wrong,0.0,64,18,0,6,1.6674619334292948,0.10714285714285714,0,
prefix,1,273,11,32e917e13cc3234e32d5,all_wrong,0.0,64,18,0,5,1.3862943611198906,0.21428571428571427,0,
prefix,1,274,11,a1a86772d721d6592bd1,all_wrong,0.0,64,18,0,6,1.6674619334292948,0.10714285714285714,0,
prefix,1,275,11,a4ef3547e6e3c2e7b368,all_wrong,0.0,64,18,0,5,1.3862943611198906,0.21428571428571427,0,
prefix,1,276,12,779a5b55ede96a97d2d6,all_wrong,0.0,64,18,0,5,1.4941751382893085,0.14285714285714285,0,
prefix,1,277,12,f68c0897daddb3778961,all_wrong,0.0,64,18,0,5,1.3862943611198906,0.21428571428571427,0,
prefix,1,278,12,924daa12f0ae44e76348,all_wrong,0.0,64,18,0,6,1.7328679513998633,0.07142857142857142,0,
prefix,1,279,12,2770d6cfcf4dcac606d4,all_wrong,0.0,64,18,0,7,1.9061547465398496,0.03571428571428571,0,
prefix,1,280,12,75bfee3eb8296e5b16bc,mixed,0.5,65,19,4,5,1.3862943611198906,0.21428571428571427,1,-0.0
prefix,1,281,12,f05fca54cd7745038049,all_wrong,0.0,65,19,0,5,1.3862943611198906,0.21428571428571427,0,
prefix,1,282,12,163135bcb6e0c9d09eca,all_wrong,0.0,65,19,0,6,1.6674619334292948,0.10714285714285714,0,
prefix,1,283,12,9da700af9e5999330f42,all_wrong,0.0,65,19,0,5,1.3862943611198906,0.21428571428571427,0,
prefix,1,284,12,ea38191ee44477d0e4cd,all_wrong,0.0,65,19,0,5,1.3862943611198906,0.21428571428571427,0,
prefix,1,285,12,3158420ebfa03c7cbcca,all_wrong,0.0,65,19,0,6,1.7328679513998633,0.07142857142857142,0,
prefix,1,286,12,d58ce388208127d39178,all_wrong,0.0,65,19,0,6,1.7328679513998633,0.07142857142857142,0,
prefix,1,287,12,d75ccdaa52ed209bc7ac,all_wrong,0.0,65,19,0,5,1.3862943611198906,0.21428571428571427,0,
prefix,1,288,12,4d72aac57727daee53b2,mixed,0.5,66,19,4,5,1.3862943611198906,0.21428571428571427,1,-0.0
prefix,1,289,12,04d52291ef2f0a3b3538,all_wrong,0.0,66,19,0,5,1.3862943611198906,0.21428571428571427,0,
prefix,1,290,12,9b932aa1ea2e55c31603,all_wrong,0.0,66,19,0,6,1.6674619334292948,0.10714285714285714,0,
prefix,1,291,12,c9cf99f5dbaebd18bfc1,all_wrong,0.0,66,19,0,5,1.3862943611198906,0.21428571428571427,0,
prefix,1,292,12,d5e6bfe861c2ada78dbd,all_wrong,0.0,66,19,0,5,1.3862943611198906,0.21428571428571427,0,
prefix,1,293,12,33e8ed56f91bfe8a49b7,mixed,0.125,67,20,1,5,1.3862943611198906,0.21428571428571427,1,-0.0
prefix,1,294,12,c9dabec0ca23721e2bbb,all_wrong,0.0,67,20,0,5,1.3862943611198906,0.21428571428571427,0,
prefix,1,295,12,5e347354fb0fe52697d2,all_wrong,0.0,67,20,0,5,1.3862943611198906,0.21428571428571427,0,
prefix,1,296,12,4fa086ce6a27b99cb96b,all_wrong,0.0,67,20,0,5,1.3862943611198906,0.21428571428571427,0,
prefix,1,297,12,eee4e371545b86ca2718,mixed,0.125,68,20,1,5,1.3862943611198906,0.21428571428571427,1,-0.0
prefix,1,298,12,dd8ff1bc4630e090c78b,all_wrong,0.0,68,20,0,5,1.3862943611198906,0.21428571428571427,0,
prefix,1,299,12,89983fcf482cc8919399,all_wrong,0.0,68,20,0,5,1.3862943611198906,0.21428571428571427,0,
prefix,1,300,12,cc79b5e45d6e93abc859,all_wrong,0.0,68,20,0,5,1.3862943611198906,0.21428571428571427,0,
prefix,1,301,13,98a6cd5c1bfb6bfb652f,all_wrong,0.0,68,20,0,5,1.3862943611198906,0.21428571428571427,0,
prefix,1,302,13,d5ed92acce68ad44b4dc,mixed,0.125,69,20,1,5,1.3862943611198906,0.21428571428571427,1,-0.0
prefix,1,303,13,e128e11a24e1c7cdd054,all_wrong,0.0,69,20,0,6,1.6674619334292948,0.10714285714285714,0,
prefix,1,304,13,b42b2d483c63f47380da,mixed,0.125,70,20,1,5,1.4941751382893085,0.14285714285714285,1,-0.0
prefix,1,305,13,8939e8029df407a884e4,all_wrong,0.0,70,20,0,6,1.6674619334292948,0.10714285714285714,0,
prefix,1,306,13,eea39c944b491d9fb480,all_wrong,0.0,70,20,0,5,1.3862943611198906,0.21428571428571427,0,
prefix,1,307,13,0a0a28b12d4e7acc34d5,all_wrong,0.0,70,20,0,5,1.3862943611198906,0.21428571428571427,0,
prefix,1,308,13,79472df5fc930c5ec2fa,all_wrong,0.0,70,20,0,5,1.3862943611198906,0.21428571428571427,0,
prefix,1,309,13,48dc7cccfc8017b7087a,all_wrong,0.0,70,20,0,5,1.3862943611198906,0.21428571428571427,0,
prefix,1,310,13,8e5326e03845fb9b3d1b,all_wrong,0.0,70,20,0,5,1.3862943611198906,0.21428571428571427,0,
prefix,1,311,13,48bd4db1a37946e2f6c2,all_wrong,0.0,70,20,0,5,1.3862943611198906,0.21428571428571427,0,
prefix,1,312,13,7643416cd50bb89fe4af,all_wrong,0.0,70,20,0,6,1.7328679513998633,0.07142857142857142,0,
prefix,1,313,13,5d1d63d7924b3f6bfdbc,all_wrong,0.0,70,20,0,7,1.9061547465398496,0.03571428571428571,0,
prefix,1,314,13,6bed70f1ebcf19e13303,all_wrong,0.0,70,20,0,6,1.6674619334292948,0.10714285714285714,0,
prefix,1,315,13,16b8ee9ff32b422527a9,all_wrong,0.0,70,20,0,5,1.3862943611198906,0.21428571428571427,0,
prefix,1,316,13,aad30a0b758211c6d680,mixed,0.5,71,20,4,5,1.3862943611198906,0.21428571428571427,1,-0.0
prefix,1,317,13,2c5c86ee6d2b5fca5587,all_wrong,0.0,71,20,0,5,1.3862943611198906,0.21428571428571427,0,
prefix,1,318,13,4634f608da6cfa2135a2,all_wrong,0.0,71,20,0,5,1.3862943611198906,0.21428571428571427,0,
prefix,1,319,13,adc1c8d35b8240ccdd5f,mixed,0.125,72,20,1,5,1.3862943611198906,0.21428571428571427,1,-0.0
prefix,1,320,13,a3966fe8f84fc26709d4,all_wrong,0.0,72,20,0,6,1.6674619334292948,0.10714285714285714,0,
prefix,1,321,13,a43647fbd9268eef63a5,all_wrong,0.0,72,20,0,6,1.6674619334292948,0.10714285714285714,0,
prefix,1,322,13,b760ba544ca02814169b,all_wrong,0.0,72,20,0,5,1.3862943611198906,0.21428571428571427,0,
prefix,1,323,13,85012706683c7f826bda,mixed,0.125,73,21,1,6,1.7328679513998633,0.07142857142857142,1,-0.0
prefix,1,324,13,5f24a6c65b15a572079b,all_wrong,0.0,73,21,0,5,1.3862943611198906,0.21428571428571427,0,
prefix,1,325,13,4b111f9ab5b3cff565f5,all_wrong,0.0,73,21,0,5,1.3862943611198906,0.21428571428571427,0,
prefix,1,326,14,85acad5a006e86a7763e,all_wrong,0.0,73,21,0,5,1.3862943611198906,0.21428571428571427,0,
prefix,1,327,14,0a3236b2c24210fe162b,all_wrong,0.0,73,21,0,7,1.9061547465398496,0.03571428571428571,0,
prefix,1,328,14,69e5d0e17d8730056cd2,all_wrong,0.0,73,21,0,5,1.3862943611198906,0.21428571428571427,0,
prefix,1,329,14,541286be1891498dfa91,mixed,0.5,74,21,4,5,1.3862943611198906,0.21428571428571427,1,-0.0
prefix,1,330,14,a15ceea7b21f6628992e,all_wrong,0.0,74,21,0,5,1.3862943611198906,0.21428571428571427,0,
prefix,1,331,14,04b12eafe0129cd6c860,all_wrong,0.0,74,21,0,5,1.3862943611198906,0.21428571428571427,0,
prefix,1,332,14,a6ed873d402e49818288,mixed,0.5,75,21,4,5,1.3862943611198906,0.21428571428571427,1,-0.0
prefix,1,333,14,c42b09da658a2c2abd08,all_wrong,0.0,75,21,0,5,1.3862943611198906,0.21428571428571427,0,
prefix,1,334,14,b6a8579166d70c13cfad,all_wrong,0.0,75,21,0,6,1.6674619334292948,0.10714285714285714,0,
prefix,1,335,14,36269b265d045aeaea4c,all_wrong,0.0,75,21,0,5,1.3862943611198906,0.21428571428571427,0,
prefix,1,336,14,ffbd7a9ff21ee2899fa3,all_wrong,0.0,75,21,0,7,1.9061547465398496,0.03571428571428571,0,
prefix,1,337,14,b46dfceb2e3ce7e5081a,all_wrong,0.0,75,21,0,5,1.3862943611198906,0.21428571428571427,0,
prefix,1,338,14,02becb103cbba839f11e,mixed,0.5,76,21,4,5,1.3862943611198906,0.21428571428571427,1,-0.0
prefix,1,339,14,65b5d95e6307f35ceba7,all_wrong,0.0,76,21,0,5,1.3862943611198906,0.21428571428571427,0,
prefix,1,340,14,48ece94e8be480c937b0,all_wrong,0.0,76,21,0,5,1.3862943611198906,0.21428571428571427,0,
prefix,1,341,14,dabd8d4cda9028631bc7,mixed,0.125,77,21,1,5,1.3862943611198906,0.21428571428571427,1,-0.0
prefix,1,342,14,a17a23f9643d34ce7e0b,mixed,0.125,78,22,1,5,1.3862943611198906,0.21428571428571427,1,-0.0
prefix,1,343,14,8640f5fc8a5b7d6b5acf,all_wrong,0.0,78,22,0,6,1.7328679513998633,0.07142857142857142,0,
prefix,1,344,14,af3a6c5ce79eede7398a,all_wrong,0.0,78,22,0,6,1.6674619334292946,0.10714285714285714,0,
prefix,1,345,14,99f2784ccd66471ee7a9,mixed,0.125,79,22,1,5,1.3862943611198906,0.21428571428571427,1,-0.0
prefix,1,346,14,f2836343a94d4b0b6315,mixed,0.125,80,22,1,5,1.3862943611198906,0.21428571428571427,1,-0.0
prefix,1,347,14,83b4746f24a5a30c7a2b,all_wrong,0.0,80,22,0,5,1.3862943611198906,0.21428571428571427,0,
prefix,1,348,14,563582915ff00b2ccb66,all_wrong,0.0,80,22,0,6,1.7328679513998633,0.07142857142857142,0,
prefix,1,349,14,fda288cf8cf189bb087d,all_wrong,0.0,80,22,0,5,1.4941751382893085,0.14285714285714285,0,
prefix,1,350,14,a8a79546ec5131e98590,mixed,0.25,81,22,2,5,1.3862943611198906,0.21428571428571427,2,0.6931471805599453
prefix,1,351,15,d159562db4d9465071b9,mixed,0.125,82,22,1,7,1.9061547465398496,0.03571428571428571,1,-0.0
prefix,1,352,15,5da1012cfc592e79107d,all_wrong,0.0,82,22,0,5,1.3862943611198906,0.21428571428571427,0,
prefix,1,353,15,5ad436bd0beb00872f91,all_wrong,0.0,82,22,0,6,1.6674619334292948,0.10714285714285714,0,
prefix,1,354,15,90e782d0cb8984918279,mixed,0.125,83,22,1,5,1.3862943611198906,0.21428571428571427,1,-0.0
prefix,1,355,15,f90e7d0f485585acd008,all_wrong,0.0,83,22,0,5,1.3862943611198906,0.21428571428571427,0,
prefix,1,356,15,0f3cc219c9fbdadfcc63,mixed,0.125,84,22,1,6,1.6674619334292946,0.10714285714285714,1,-0.0
prefix,1,357,15,6543a11c0f682113c28e,all_wrong,0.0,84,22,0,6,1.6674619334292946,0.10714285714285714,0,
prefix,1,358,15,8b25e11f17b1a0a078ac,all_wrong,0.0,84,22,0,5,1.3862943611198906,0.21428571428571427,0,
prefix,1,359,15,fa18587cc5cc4882d08e,all_wrong,0.0,84,22,0,5,1.3862943611198906,0.21428571428571427,0,
prefix,1,360,15,c037c6c99e0c50476bc7,all_wrong,0.0,84,22,0,5,1.3862943611198906,0.21428571428571427,0,
prefix,1,361,15,2e9a107c5bca042ef454,all_wrong,0.0,84,22,0,5,1.3862943611198906,0.21428571428571427,0,
prefix,1,362,15,235389eab74f0cc4b907,all_wrong,0.0,84,22,0,5,1.3862943611198906,0.21428571428571427,0,
prefix,1,363,15,9cf19c91454458915931,all_wrong,0.0,84,22,0,5,1.3862943611198906,0.21428571428571427,0,
prefix,1,364,15,22ca5217057a2e3fee9f,mixed,0.5,85,22,4,5,1.3862943611198906,0.21428571428571427,1,-0.0
prefix,1,365,15,5236043dee03ea05cac7,mixed,0.5,86,23,4,5,1.3862943611198906,0.21428571428571427,1,-0.0
prefix,1,366,15,623822d905c26d0a09b1,all_wrong,0.0,86,23,0,5,1.3862943611198906,0.21428571428571427,0,
prefix,1,367,15,51bc92cafba961be3655,all_wrong,0.0,86,23,0,6,1.7328679513998633,0.07142857142857142,0,
prefix,1,368,15,8eb4d2c8db39d5bcb130,mixed,0.125,87,23,1,5,1.3862943611198906,0.21428571428571427,1,-0.0
prefix,1,369,15,6a794a14c7c04c9f7e9f,mixed,0.5,88,23,4,5,1.3862943611198906,0.21428571428571427,1,-0.0
prefix,1,370,15,2ca91847d926c4591d0e,all_wrong,0.0,88,23,0,5,1.3862943611198906,0.21428571428571427,0,
prefix,1,371,15,39d7cf50037b7dc23990,all_wrong,0.0,88,23,0,5,1.3862943611198906,0.21428571428571427,0,
prefix,1,372,15,cc6245ae6bdc5780ac9c,all_wrong,0.0,88,23,0,5,1.3862943611198906,0.21428571428571427,0,
prefix,1,373,15,e96f1068dbed01d688da,mixed,0.5,89,23,4,5,1.3862943611198906,0.21428571428571427,1,-0.0
prefix,1,374,15,e42f96f65b8d04be048d,mixed,0.125,90,23,1,5,1.3862943611198906,0.21428571428571427,1,-0.0
prefix,1,375,15,28e511774cb00f66f19c,all_wrong,0.0,90,23,0,5,1.3862943611198906,0.21428571428571427,0,
prefix,1,376,16,d686398c0a88de5e923e,all_wrong,0.0,90,23,0,5,1.3862943611198906,0.21428571428571427,0,
prefix,1,377,16,5445116f9e8690eb5e94,all_wrong,0.0,90,23,0,5,1.3862943611198906,0.21428571428571427,0,
prefix,1,378,16,de5d61e367acc325ae60,mixed,0.125,91,23,1,6,1.7328679513998633,0.07142857142857142,1,-0.0
prefix,1,379,16,419312754f7609d342d2,all_wrong,0.0,91,23,0,5,1.3862943611198906,0.21428571428571427,0,
prefix,1,380,16,442120c64618ad5bdab5,all_wrong,0.0,91,23,0,6,1.6674619334292948,0.10714285714285714,0,
prefix,1,381,16,4042f2db8a91dd0984c2,all_wrong,0.0,91,23,0,7,1.9061547465398496,0.03571428571428571,0,
prefix,1,382,16,1de9ba1ec82d7340df52,mixed,0.25,92,23,2,6,1.7328679513998633,0.07142857142857142,1,-0.0
prefix,1,383,16,a451b974a46913f398da,all_wrong,0.0,92,23,0,7,1.9061547465398496,0.03571428571428571,0,
prefix,1,384,16,89e9061a26e27ccc840e,all_wrong,0.0,92,23,0,5,1.3862943611198906,0.21428571428571427,0,
prefix,1,385,16,beb4015aa9900d44a3b9,all_wrong,0.0,92,23,0,5,1.3862943611198906,0.21428571428571427,0,
prefix,1,386,16,b558934559eb1b79e82d,all_wrong,0.0,92,23,0,5,1.3862943611198906,0.21428571428571427,0,
prefix,1,387,16,ea6982beffc89601e413,mixed,0.125,93,23,1,5,1.3862943611198906,0.21428571428571427,1,-0.0
prefix,1,388,16,9256520e60e28b9d7f9e,all_wrong,0.0,93,23,0,5,1.3862943611198906,0.21428571428571427,0,
prefix,1,389,16,6d237ed15b98208fd13c,all_wrong,0.0,93,23,0,8,2.0794415416798357,0.0,0,
prefix,1,390,16,f35a9074bda66d517f5c,all_wrong,0.0,93,23,0,5,1.3862943611198906,0.21428571428571427,0,
prefix,1,391,16,a14f577583802174dd94,all_wrong,0.0,93,23,0,5,1.3862943611198906,0.21428571428571427,0,
prefix,1,392,16,d496dddf61c214f09dfa,all_wrong,0.0,93,23,0,5,1.3862943611198906,0.21428571428571427,0,
prefix,1,393,16,f2052eafe6acc7fffb0c,mixed,0.125,94,23,1,5,1.3862943611198906,0.21428571428571427,1,-0.0
prefix,1,394,16,f34cf3baec0b4a508f79,all_wrong,0.0,94,23,0,5,1.3862943611198906,0.21428571428571427,0,
prefix,1,395,16,c0dcd03a8d53832e28ef,mixed,0.125,95,23,1,5,1.3862943611198906,0.21428571428571427,1,-0.0
prefix,1,396,16,b6ca03bd87aced98b7a1,all_wrong,0.0,95,23,0,6,1.6674619334292948,0.10714285714285714,0,
prefix,1,397,16,2f2439d82f644954cbce,all_wrong,0.0,95,23,0,5,1.3862943611198906,0.21428571428571427,0,
prefix,1,398,16,da3a15fd37ab2fd423f6,mixed,0.125,96,24,1,5,1.3862943611198906,0.21428571428571427,1,-0.0
prefix,1,399,16,265f9693706e37e57d6f,all_wrong,0.0,96,24,0,5,1.3862943611198906,0.21428571428571427,0,
prefix,1,400,16,73b6c48b33b4a16dd13f,all_wrong,0.0,96,24,0,6,1.6674619334292946,0.10714285714285714,0,
prefix,2,1,1,344e65a062c043b7d4f1,all_wrong,0.0,0,0,0,7,1.9061547465398496,0.03571428571428571,0,
prefix,2,2,1,ff8e32ab6bd1b8ccbd62,all_wrong,0.0,0,0,0,5,1.3862943611198906,0.21428571428571427,0,
prefix,2,3,1,acd00e67c207b241a9cb,all_wrong,0.0,0,0,0,5,1.3862943611198906,0.21428571428571427,0,
prefix,2,4,1,55e041f525a03550457f,mixed,0.125,1,1,1,5,1.3862943611198906,0.21428571428571427,1,-0.0
prefix,2,5,1,7823aeee84310d484a67,all_wrong,0.0,1,1,0,6,1.6674619334292948,0.10714285714285714,0,
prefix,2,6,1,2853ebfbf4ff1fef974a,all_wrong,0.0,1,1,0,5,1.3862943611198906,0.21428571428571427,0,
prefix,2,7,1,4eb9d2f867a1743e1f5a,all_wrong,0.0,1,1,0,5,1.3862943611198906,0.21428571428571427,0,
prefix,2,8,1,eb7b85e4ff7846becf1d,all_wrong,0.0,1,1,0,6,1.6674619334292948,0.10714285714285714,0,
prefix,2,9,1,9a4f281f7c0a352a29d6,all_wrong,0.0,1,1,0,5,1.3862943611198906,0.21428571428571427,0,
prefix,2,10,1,f1752a0aba86c25de9b1,all_wrong,0.0,1,1,0,5,1.3862943611198906,0.21428571428571427,0,
prefix,2,11,1,c0b94ee8f8bd2e7f22d3,all_wrong,0.0,1,1,0,5,1.3862943611198906,0.21428571428571427,0,
prefix,2,12,1,8fd5c706abca9e556c21,all_wrong,0.0,1,1,0,5,1.3862943611198906,0.21428571428571427,0,
prefix,2,13,1,295c1c6b0676ebeaafb8,all_wrong,0.0,1,1,0,6,1.6674619334292948,0.10714285714285714,0,
prefix,2,14,1,92618aede71d2a8a4da7,mixed,0.125,2,2,1,5,1.3862943611198906,0.21428571428571427,1,-0.0
prefix,2,15,1,04be5cc9a0a5f0df27d5,mixed,0.125,3,3,1,5,1.3862943611198906,0.21428571428571427,1,-0.0
prefix,2,16,1,6f371b0dc9c288435fa6,all_wrong,0.0,3,3,0,5,1.3862943611198906,0.21428571428571427,0,
prefix,2,17,1,9afd1cb37fbc81c8f3d9,all_wrong,0.0,3,3,0,5,1.3862943611198906,0.21428571428571427,0,
prefix,2,18,1,58d0961cf85a13acbb24,all_wrong,0.0,3,3,0,5,1.3862943611198906,0.21428571428571427,0,
prefix,2,19,1,fccb2867d126ccc3f76c,all_wrong,0.0,3,3,0,5,1.3862943611198906,0.21428571428571427,0,
prefix,2,20,1,77eaf86db56beb9cc52a,all_wrong,0.0,3,3,0,5,1.3862943611198906,0.21428571428571427,0,
prefix,2,21,1,16097a9b65351ea2f108,all_wrong,0.0,3,3,0,7,1.9061547465398496,0.03571428571428571,0,
prefix,2,22,1,83b86db2e855a54563c0,all_wrong,0.0,3,3,0,5,1.3862943611198906,0.21428571428571427,0,
prefix,2,23,1,b0a836d114a63c51f3e4,mixed,0.125,4,4,1,5,1.3862943611198906,0.21428571428571427,1,-0.0
prefix,2,24,1,ecc7e2a8af6bd82a7d27,all_wrong,0.0,4,4,0,5,1.3862943611198906,0.21428571428571427,0,
prefix,2,25,1,a850fa6c6828c7ded14c,all_wrong,0.0,4,4,0,5,1.3862943611198906,0.21428571428571427,0,
prefix,2,26,2,b4c334126e21ffe44d18,mixed,0.125,5,5,1,5,1.3862943611198906,0.21428571428571427,1,-0.0
prefix,2,27,2,7c2cce2380ac777225f6,mixed,0.125,6,5,1,5,1.4941751382893085,0.14285714285714285,1,-0.0
prefix,2,28,2,9892c1d68cd283371348,mixed,0.125,7,5,1,5,1.3862943611198906,0.21428571428571427,1,-0.0
prefix,2,29,2,037b7eb668db0dd99b57,all_wrong,0.0,7,5,0,5,1.3862943611198906,0.21428571428571427,0,
prefix,2,30,2,a72a59cf237e141977a2,all_wrong,0.0,7,5,0,5,1.3862943611198906,0.21428571428571427,0,
prefix,2,31,2,ed74be1f173685366128,mixed,0.125,8,6,1,7,1.9061547465398496,0.03571428571428571,1,-0.0
prefix,2,32,2,25f7e42df573b5f79d2f,all_wrong,0.0,8,6,0,5,1.3862943611198906,0.21428571428571427,0,
prefix,2,33,2,60bd24c8aab981664ee8,all_wrong,0.0,8,6,0,5,1.3862943611198906,0.21428571428571427,0,
prefix,2,34,2,24f259a8ad87bc3bee7b,all_wrong,0.0,8,6,0,5,1.4941751382893085,0.14285714285714285,0,
prefix,2,35,2,7ec1b6d67b420c846378,mixed,0.125,9,6,1,5,1.3862943611198906,0.21428571428571427,1,-0.0
prefix,2,36,2,40cc6b0d2ada49f0a241,all_wrong,0.0,9,6,0,5,1.3862943611198906,0.21428571428571427,0,
prefix,2,37,2,d68c968d706a8bfe92dc,all_wrong,0.0,9,6,0,5,1.3862943611198906,0.21428571428571427,0,
prefix,2,38,2,3e84221eab9a1a4b91a0,all_wrong,0.0,9,6,0,5,1.3862943611198906,0.21428571428571427,0,
prefix,2,39,2,ecc63954c643d1a88a69,all_wrong,0.0,9,6,0,5,1.3862943611198906,0.21428571428571427,0,
prefix,2,40,2,ec55a18c3af5c6989c36,all_wrong,0.0,9,6,0,5,1.3862943611198906,0.21428571428571427,0,
prefix,2,41,2,98a0bf2389fdbf5ecd98,all_wrong,0.0,9,6,0,5,1.3862943611198906,0.21428571428571427,0,
prefix,2,42,2,f665c1af2c96c415ae4f,all_wrong,0.0,9,6,0,5,1.3862943611198906,0.21428571428571427,0,
prefix,2,43,2,912342bd3661f2a0edef,all_wrong,0.0,9,6,0,5,1.3862943611198906,0.21428571428571427,0,
prefix,2,44,2,40696ae20d712c7ef99c,mixed,0.125,10,7,1,6,1.7328679513998633,0.07142857142857142,1,-0.0
prefix,2,45,2,663615844bbe432868b1,all_wrong,0.0,10,7,0,6,1.7328679513998633,0.07142857142857142,0,
prefix,2,46,2,d1dbf37dad1c6d585307,all_wrong,0.0,10,7,0,5,1.3862943611198906,0.21428571428571427,0,
prefix,2,47,2,e120fa84b3331cd1bdfe,all_wrong,0.0,10,7,0,5,1.3862943611198906,0.21428571428571427,0,
prefix,2,48,2,285cc2d99bc64773d128,all_wrong,0.0,10,7,0,6,1.6674619334292948,0.10714285714285714,0,
prefix,2,49,2,c080b7705371fbd18af9,all_wrong,0.0,10,7,0,6,1.6674619334292948,0.10714285714285714,0,
prefix,2,50,2,ed34fcfa3a095d03cb61,all_wrong,0.0,10,7,0,5,1.3862943611198906,0.21428571428571427,0,
prefix,2,51,3,3012f8218334b0882801,mixed,0.125,11,7,1,5,1.3862943611198906,0.21428571428571427,1,-0.0
prefix,2,52,3,474db377df5acbb5d0c3,all_wrong,0.0,11,7,0,5,1.3862943611198906,0.21428571428571427,0,
prefix,2,53,3,1024659a78eaf340da4e,all_wrong,0.0,11,7,0,5,1.3862943611198906,0.21428571428571427,0,
prefix,2,54,3,261af030ee95227ce2c8,all_wrong,0.0,11,7,0,5,1.3862943611198906,0.21428571428571427,0,
prefix,2,55,3,3c58229f4e9cbda91be5,mixed,0.125,12,7,1,6,1.6674619334292948,0.10714285714285714,1,-0.0
prefix,2,56,3,584024edc0865d1e66c1,all_wrong,0.0,12,7,0,5,1.3862943611198906,0.21428571428571427,0,
prefix,2,57,3,013b955ed2c9d6feeb28,all_wrong,0.0,12,7,0,5,1.3862943611198906,0.21428571428571427,0,
prefix,2,58,3,7114759266ada9575ded,all_wrong,0.0,12,7,0,5,1.3862943611198906,0.21428571428571427,0,
prefix,2,59,3,fd3d7a2c987035d5e8c1,mixed,0.125,13,8,1,5,1.3862943611198906,0.21428571428571427,1,-0.0
prefix,2,60,3,dc1a6d20f0fa146b62f2,all_wrong,0.0,13,8,0,5,1.3862943611198906,0.21428571428571427,0,
prefix,2,61,3,76b7e95f2c5d8f517843,all_wrong,0.0,13,8,0,5,1.3862943611198906,0.21428571428571427,0,
prefix,2,62,3,5b759cdfc67909c722c7,mixed,0.125,14,8,1,5,1.3862943611198906,0.21428571428571427,1,-0.0
prefix,2,63,3,5511a7e3832427045228,all_wrong,0.0,14,8,0,6,1.7328679513998633,0.07142857142857142,0,
prefix,2,64,3,670146be6d32a043bf49,mixed,0.125,15,8,1,5,1.3862943611198906,0.21428571428571427,1,-0.0
prefix,2,65,3,6aa54196eb4a8e4964c0,all_wrong,0.0,15,8,0,5,1.3862943611198906,0.21428571428571427,0,
prefix,2,66,3,4198150f0b2baf30e430,all_wrong,0.0,15,8,0,5,1.3862943611198906,0.21428571428571427,0,
prefix,2,67,3,b376ab06e82f60a7c613,all_wrong,0.0,15,8,0,5,1.3862943611198906,0.21428571428571427,0,
prefix,2,68,3,7741fff7c0d9471d9963,all_wrong,0.0,15,8,0,5,1.3862943611198906,0.21428571428571427,0,
prefix,2,69,3,f9e7b4b67374cd48b677,all_wrong,0.0,15,8,0,6,1.6674619334292948,0.10714285714285714,0,
prefix,2,70,3,33c7285a84f38344a733,all_wrong,0.0,15,8,0,5,1.3862943611198906,0.21428571428571427,0,
prefix,2,71,3,ebd9684ddbd2052363b4,mixed,0.125,16,8,1,5,1.3862943611198906,0.21428571428571427,1,-0.0
prefix,2,72,3,6273147a5dd10058351d,all_wrong,0.0,16,8,0,5,1.3862943611198906,0.21428571428571427,0,
prefix,2,73,3,e08246e900811f8d8911,all_wrong,0.0,16,8,0,6,1.6674619334292948,0.10714285714285714,0,
prefix,2,74,3,bcc13ad79509a1a2a0fd,mixed,0.125,17,8,1,5,1.4941751382893085,0.14285714285714285,1,-0.0
prefix,2,75,3,c99880e9145a7b0a8ef4,all_wrong,0.0,17,8,0,5,1.3862943611198906,0.21428571428571427,0,
prefix,2,76,4,6bcbfe751dedfec8fa6a,all_wrong,0.0,17,8,0,5,1.3862943611198906,0.21428571428571427,0,
prefix,2,77,4,ed65448eeda9dc2f1ad3,mixed,0.125,18,8,1,5,1.3862943611198906,0.21428571428571427,1,-0.0
prefix,2,78,4,dd60c963a673ec62bd53,all_wrong,0.0,18,8,0,5,1.3862943611198906,0.21428571428571427,0,
prefix,2,79,4,1c7002ecf3a5805fb8ea,all_wrong,0.0,18,8,0,5,1.3862943611198906,0.21428571428571427,0,
prefix,2,80,4,c3230c325dbe3b046c21,mixed,0.125,19,8,1,5,1.3862943611198906,0.21428571428571427,1,-0.0
prefix,2,81,4,e19815e575c67d65d6d6,all_wrong,0.0,19,8,0,6,1.7328679513998633,0.07142857142857142,0,
prefix,2,82,4,b8610bc345dfbc4c2b94,all_wrong,0.0,19,8,0,6,1.6674619334292948,0.10714285714285714,0,
prefix,2,83,4,528d3d894d60c2b26473,mixed,0.125,20,9,1,5,1.3862943611198906,0.21428571428571427,1,-0.0
prefix,2,84,4,6fe6428696d1bda6dcdb,all_wrong,0.0,20,9,0,5,1.3862943611198906,0.21428571428571427,0,
prefix,2,85,4,6fddb775dfc78fbffd3f,all_wrong,0.0,20,9,0,6,1.6674619334292948,0.10714285714285714,0,
prefix,2,86,4,d62b9ce05813dccdbae5,mixed,0.125,21,9,1,5,1.3862943611198906,0.21428571428571427,1,-0.0
prefix,2,87,4,4db70371d92b545bd09e,all_wrong,0.0,21,9,0,6,1.7328679513998633,0.07142857142857142,0,
prefix,2,88,4,ef175a0420dcffd4a635,all_wrong,0.0,21,9,0,6,1.6674619334292948,0.10714285714285714,0,
prefix,2,89,4,22196ceeee8485da3677,all_wrong,0.0,21,9,0,5,1.3862943611198906,0.21428571428571427,0,
prefix,2,90,4,70802cd8dfb912800eac,mixed,0.125,22,9,1,5,1.3862943611198906,0.21428571428571427,1,-0.0
prefix,2,91,4,e6d56dad889595b1db3b,all_wrong,0.0,22,9,0,6,1.7328679513998633,0.07142857142857142,0,
prefix,2,92,4,dc55e5d72251ed53732b,all_wrong,0.0,22,9,0,5,1.3862943611198906,0.21428571428571427,0,
prefix,2,93,4,fcb3ba347163d9983308,all_wrong,0.0,22,9,0,7,1.9061547465398496,0.03571428571428571,0,
prefix,2,94,4,1abb8f5eb5e604d3bb10,all_wrong,0.0,22,9,0,5,1.3862943611198906,0.21428571428571427,0,
prefix,2,95,4,7dd7d737d3b8c0981663,all_wrong,0.0,22,9,0,5,1.3862943611198906,0.21428571428571427,0,
prefix,2,96,4,4abba5ed5683e973a9b5,all_wrong,0.0,22,9,0,5,1.3862943611198906,0.21428571428571427,0,
prefix,2,97,4,596fd88d55ffccc82db1,mixed,0.375,23,9,3,5,1.4941751382893085,0.14285714285714285,1,-0.0
prefix,2,98,4,9247fc6a258fa2c52946,all_wrong,0.0,23,9,0,5,1.3862943611198906,0.21428571428571427,0,
prefix,2,99,4,d5bdbdb166afffeb25da,all_wrong,0.0,23,9,0,7,1.9061547465398496,0.03571428571428571,0,
prefix,2,100,4,8491a8968779a6ac5e3b,mixed,0.125,24,9,1,5,1.3862943611198906,0.21428571428571427,1,-0.0
prefix,2,101,5,ff3131068ead3bdc67f5,mixed,0.5,25,9,4,5,1.3862943611198906,0.21428571428571427,1,-0.0
prefix,2,102,5,0f3d59ce3c2ca503cb3a,mixed,0.125,26,9,1,5,1.3862943611198906,0.21428571428571427,1,-0.0
prefix,2,103,5,bd67c5f394cd058b6a30,all_wrong,0.0,26,9,0,5,1.3862943611198906,0.21428571428571427,0,
prefix,2,104,5,947d983c078d61eb73dc,all_wrong,0.0,26,9,0,5,1.3862943611198906,0.21428571428571427,0,
prefix,2,105,5,941d1659e299d32b5509,mixed,0.5,27,9,4,5,1.3862943611198906,0.21428571428571427,1,-0.0
prefix,2,106,5,8981c8a2bbb0f7338850,all_wrong,0.0,27,9,0,5,1.4941751382893085,0.14285714285714285,0,
prefix,2,107,5,34c2c231b3b0bb437382,mixed,0.125,28,10,1,5,1.3862943611198906,0.21428571428571427,1,-0.0
prefix,2,108,5,da8d740dbe335398ce88,mixed,0.5,29,10,4,5,1.3862943611198906,0.21428571428571427,1,-0.0
prefix,2,109,5,76f90bf6e885e69b0a89,all_wrong,0.0,29,10,0,6,1.6674619334292946,0.10714285714285714,0,
prefix,2,110,5,9db8536e4fd843db257f,mixed,0.125,30,11,1,7,1.9061547465398496,0.03571428571428571,1,-0.0
prefix,2,111,5,f528410ef35f647cdf70,all_wrong,0.0,30,11,0,5,1.3862943611198906,0.21428571428571427,0,
prefix,2,112,5,9886fb653aa0e0f98c6c,all_wrong,0.0,30,11,0,5,1.3862943611198906,0.21428571428571427,0,
prefix,2,113,5,d1e9cd7b0c49ad949db2,all_wrong,0.0,30,11,0,6,1.7328679513998633,0.07142857142857142,0,
prefix,2,114,5,fe0b9f9eb2341c473ef3,all_wrong,0.0,30,11,0,6,1.6674619334292948,0.10714285714285714,0,
prefix,2,115,5,873684023f572450072f,all_wrong,0.0,30,11,0,6,1.6674619334292948,0.10714285714285714,0,
prefix,2,116,5,947517d0d59a19a72ad7,mixed,0.125,31,12,1,5,1.3862943611198906,0.21428571428571427,1,-0.0
prefix,2,117,5,c0e8bc1fb6092159dd6f,all_wrong,0.0,31,12,0,6,1.6674619334292948,0.10714285714285714,0,
prefix,2,118,5,6ce79849a45a488c196d,all_wrong,0.0,31,12,0,5,1.3862943611198906,0.21428571428571427,0,
prefix,2,119,5,05b0a2384ae6a380c7d2,all_wrong,0.0,31,12,0,5,1.3862943611198906,0.21428571428571427,0,
prefix,2,120,5,48809c9ccc0ba30c59c9,all_wrong,0.0,31,12,0,6,1.6674619334292946,0.10714285714285714,0,
prefix,2,121,5,8d2e2c51a12026ae3f10,all_wrong,0.0,31,12,0,5,1.3862943611198906,0.21428571428571427,0,
prefix,2,122,5,05e55afea76e67ea6ccc,mixed,0.125,32,12,1,5,1.3862943611198906,0.21428571428571427,1,-0.0
prefix,2,123,5,650c00763900b7f4e071,all_wrong,0.0,32,12,0,5,1.3862943611198906,0.21428571428571427,0,
prefix,2,124,5,194b465fc259ddd42d3c,all_wrong,0.0,32,12,0,5,1.3862943611198906,0.21428571428571427,0,
prefix,2,125,5,78d4a79b4b77193c2a38,all_wrong,0.0,32,12,0,6,1.6674619334292946,0.10714285714285714,0,
prefix,2,126,6,64c3e013c7bba3ab8a30,all_wrong,0.0,32,12,0,5,1.3862943611198906,0.21428571428571427,0,
prefix,2,127,6,7bab8dea0d18f5ff37cb,all_wrong,0.0,32,12,0,5,1.3862943611198906,0.21428571428571427,0,
prefix,2,128,6,23376bee554fd8074c0c,all_wrong,0.0,32,12,0,5,1.3862943611198906,0.21428571428571427,0,
prefix,2,129,6,93823a7cc4df2d29e9d1,all_wrong,0.0,32,12,0,6,1.6674619334292946,0.10714285714285714,0,
prefix,2,130,6,9146fc6fb12cdebc55c7,mixed,0.125,33,12,1,5,1.3862943611198906,0.21428571428571427,1,-0.0
prefix,2,131,6,468a783e528f80469a12,mixed,0.125,34,12,1,5,1.3862943611198906,0.21428571428571427,1,-0.0
prefix,2,132,6,4d303008bd587932a929,all_wrong,0.0,34,12,0,6,1.6674619334292948,0.10714285714285714,0,
prefix,2,133,6,1f0d8a6c547ab1be9881,all_wrong,0.0,34,12,0,5,1.3862943611198906,0.21428571428571427,0,
prefix,2,134,6,2550c7a734bf9d1df18f,all_wrong,0.0,34,12,0,5,1.3862943611198906,0.21428571428571427,0,
prefix,2,135,6,dc89697610c74fca8a66,all_wrong,0.0,34,12,0,5,1.3862943611198906,0.21428571428571427,0,
prefix,2,136,6,61487b72c6261bf53073,mixed,0.125,35,13,1,5,1.3862943611198906,0.21428571428571427,1,-0.0
prefix,2,137,6,dbd98eaa0810481218b4,all_wrong,0.0,35,13,0,5,1.3862943611198906,0.21428571428571427,0,
prefix,2,138,6,b86ae3e6251fe7792e14,all_wrong,0.0,35,13,0,5,1.3862943611198906,0.21428571428571427,0,
prefix,2,139,6,cd0d39d8b07b3b99d88a,all_wrong,0.0,35,13,0,6,1.6674619334292948,0.10714285714285714,0,
prefix,2,140,6,7b388d98ae0d944f1925,all_wrong,0.0,35,13,0,5,1.3862943611198906,0.21428571428571427,0,
prefix,2,141,6,0942ca362c9bb4e92156,mixed,0.5,36,13,4,5,1.3862943611198906,0.21428571428571427,1,-0.0
prefix,2,142,6,5a8613d101df5db899bd,all_wrong,0.0,36,13,0,8,2.0794415416798357,0.0,0,
prefix,2,143,6,9fbac876b450cde1cadf,all_wrong,0.0,36,13,0,5,1.3862943611198906,0.21428571428571427,0,
prefix,2,144,6,5abe24088e2cc62a64de,all_wrong,0.0,36,13,0,5,1.3862943611198906,0.21428571428571427,0,
prefix,2,145,6,8c6e2943c4bb9c2e5cda,all_wrong,0.0,36,13,0,5,1.3862943611198906,0.21428571428571427,0,
prefix,2,146,6,fe5aace7fc6d828a6d44,mixed,0.375,37,13,3,6,1.6674619334292948,0.10714285714285714,1,-0.0
prefix,2,147,6,18bb600571e811780aeb,all_wrong,0.0,37,13,0,6,1.7328679513998633,0.07142857142857142,0,
prefix,2,148,6,ce61e0eb7137279c8cfb,all_wrong,0.0,37,13,0,7,1.9061547465398496,0.03571428571428571,0,
prefix,2,149,6,9777165aa1a5c0f1b439,all_wrong,0.0,37,13,0,5,1.3862943611198906,0.21428571428571427,0,
prefix,2,150,6,46b190e25d53f7f5f817,all_wrong,0.0,37,13,0,5,1.3862943611198906,0.21428571428571427,0,
prefix,2,151,7,f4c34dd4d2db54587fe7,all_wrong,0.0,37,13,0,5,1.3862943611198906,0.21428571428571427,0,
prefix,2,152,7,391b5fce3e24abe2254b,all_wrong,0.0,37,13,0,5,1.3862943611198906,0.21428571428571427,0,
prefix,2,153,7,d4a1cfb3981ba5d515d3,mixed,0.125,38,14,1,6,1.6674619334292948,0.10714285714285714,1,-0.0
prefix,2,154,7,055c0b3e9c73b912946f,all_wrong,0.0,38,14,0,5,1.3862943611198906,0.21428571428571427,0,
prefix,2,155,7,9ccabee528f1681eb246,all_wrong,0.0,38,14,0,5,1.3862943611198906,0.21428571428571427,0,
prefix,2,156,7,c2b55f70979ccb528146,all_wrong,0.0,38,14,0,6,1.6674619334292948,0.10714285714285714,0,
prefix,2,157,7,a0a04fd3d53e65772151,all_wrong,0.0,38,14,0,6,1.6674619334292946,0.10714285714285714,0,
prefix,2,158,7,c9836a00dc3f36bdb5c2,mixed,0.125,39,14,1,5,1.3862943611198906,0.21428571428571427,1,-0.0
prefix,2,159,7,69321ce445a5539853b7,all_wrong,0.0,39,14,0,6,1.6674619334292946,0.10714285714285714,0,
prefix,2,160,7,b43b6f62a988f6f5b9e9,all_wrong,0.0,39,14,0,6,1.6674619334292948,0.10714285714285714,0,
prefix,2,161,7,069ee2efb67b497c0ac5,all_wrong,0.0,39,14,0,5,1.3862943611198906,0.21428571428571427,0,
prefix,2,162,7,9ce1e8b938112d4d4c6c,all_wrong,0.0,39,14,0,5,1.3862943611198906,0.21428571428571427,0,
prefix,2,163,7,6c001c7ad666d12885f6,all_wrong,0.0,39,14,0,5,1.3862943611198906,0.21428571428571427,0,
prefix,2,164,7,61d835a76e24f605aefc,all_wrong,0.0,39,14,0,6,1.6674619334292946,0.10714285714285714,0,
prefix,2,165,7,5b40b0801b39319f2601,all_wrong,0.0,39,14,0,5,1.3862943611198906,0.21428571428571427,0,
prefix,2,166,7,2e1f9ced3a1d3a3a401c,all_wrong,0.0,39,14,0,6,1.6674619334292948,0.10714285714285714,0,
prefix,2,167,7,95eaa1f805e4464e5465,all_wrong,0.0,39,14,0,5,1.3862943611198906,0.21428571428571427,0,
prefix,2,168,7,1deb18d5faa29ac53b03,all_wrong,0.0,39,14,0,6,1.6674619334292948,0.10714285714285714,0,
prefix,2,169,7,2de4e7cb2a37514cdc4c,all_wrong,0.0,39,14,0,5,1.3862943611198906,0.21428571428571427,0,
prefix,2,170,7,0e25805e3a68f642e9a7,all_wrong,0.0,39,14,0,6,1.7328679513998633,0.07142857142857142,0,
prefix,2,171,7,7e6941bc8b261c9bdf46,all_wrong,0.0,39,14,0,6,1.6674619334292948,0.10714285714285714,0,
prefix,2,172,7,5e9c3e0f43a4a996cf19,all_wrong,0.0,39,14,0,5,1.3862943611198906,0.21428571428571427,0,
prefix,2,173,7,9cf383eaf4a20437d07f,all_wrong,0.0,39,14,0,6,1.6674619334292948,0.10714285714285714,0,
prefix,2,174,7,caf85b1966da82476384,all_wrong,0.0,39,14,0,5,1.3862943611198906,0.21428571428571427,0,
prefix,2,175,7,5a5b6600675ad49af7fa,mixed,0.125,40,14,1,5,1.3862943611198906,0.21428571428571427,1,-0.0
prefix,2,176,8,a47c9f60d0050c531ce7,all_wrong,0.0,40,14,0,5,1.3862943611198906,0.21428571428571427,0,
prefix,2,177,8,ee744132b4161e706199,mixed,0.25,41,14,2,6,1.7328679513998633,0.07142857142857142,1,-0.0
prefix,2,178,8,207d3eac8222c945231b,all_wrong,0.0,41,14,0,5,1.3862943611198906,0.21428571428571427,0,
prefix,2,179,8,5cc33cd79e147f5aec38,all_wrong,0.0,41,14,0,5,1.3862943611198906,0.21428571428571427,0,
prefix,2,180,8,038dbf186d440784b844,all_wrong,0.0,41,14,0,6,1.6674619334292946,0.10714285714285714,0,
prefix,2,181,8,e47563a535a1054e5c4b,all_wrong,0.0,41,14,0,6,1.6674619334292948,0.10714285714285714,0,
prefix,2,182,8,32dd13b8aae87d07d840,all_wrong,0.0,41,14,0,7,1.9061547465398496,0.03571428571428571,0,
prefix,2,183,8,7fc41e235c90f7dddd90,all_wrong,0.0,41,14,0,5,1.3862943611198906,0.21428571428571427,0,
prefix,2,184,8,d3b38e847e624ed82167,all_wrong,0.0,41,14,0,5,1.3862943611198906,0.21428571428571427,0,
prefix,2,185,8,fb0836242205e30b2f28,all_wrong,0.0,41,14,0,6,1.7328679513998633,0.07142857142857142,0,
prefix,2,186,8,3744e937e15316d76660,mixed,0.125,42,14,1,5,1.3862943611198906,0.21428571428571427,1,-0.0
prefix,2,187,8,ad5efa65c4181f462e3b,all_wrong,0.0,42,14,0,6,1.7328679513998633,0.07142857142857142,0,
prefix,2,188,8,35e05333a0e8d104bb11,all_wrong,0.0,42,14,0,6,1.6674619334292946,0.10714285714285714,0,
prefix,2,189,8,550066f263874da2c6bf,mixed,0.125,43,14,1,5,1.3862943611198906,0.21428571428571427,1,-0.0
prefix,2,190,8,b84fc00a3abccc9d080e,all_wrong,0.0,43,14,0,5,1.3862943611198906,0.21428571428571427,0,
prefix,2,191,8,5a400e19635fe303647f,mixed,0.125,44,14,1,5,1.3862943611198906,0.21428571428571427,1,-0.0
prefix,2,192,8,d4457b06ca71659d6c1e,all_wrong,0.0,44,14,0,6,1.6674619334292946,0.10714285714285714,0,
prefix,2,193,8,9108757228d2c727c47b,all_wrong,0.0,44,14,0,6,1.6674619334292948,0.10714285714285714,0,
prefix,2,194,8,afaf06828302fc24642b,all_wrong,0.0,44,14,0,5,1.3862943611198906,0.21428571428571427,0,
prefix,2,195,8,83f13f48931968a08804,all_wrong,0.0,44,14,0,5,1.3862943611198906,0.21428571428571427,0,
prefix,2,196,8,c4008c5ff93d59fa8e6c,all_wrong,0.0,44,14,0,6,1.6674619334292948,0.10714285714285714,0,
prefix,2,197,8,5ba265e86479190dd2b6,mixed,0.25,45,15,2,7,1.9061547465398496,0.03571428571428571,1,-0.0
prefix,2,198,8,149913b1085c0e7efeb1,all_wrong,0.0,45,15,0,5,1.3862943611198906,0.21428571428571427,0,
prefix,2,199,8,4c8afad2b3c02b83f166,all_wrong,0.0,45,15,0,5,1.3862943611198906,0.21428571428571427,0,
prefix,2,200,8,d1b1f9d2e1ab7ad7df98,all_wrong,0.0,45,15,0,5,1.3862943611198906,0.21428571428571427,0,
prefix,2,201,9,358af1f24c822e0a9a47,all_wrong,0.0,45,15,0,6,1.7328679513998633,0.07142857142857142,0,
prefix,2,202,9,ea46abb7f2605d636b9a,all_wrong,0.0,45,15,0,5,1.4941751382893085,0.14285714285714285,0,
prefix,2,203,9,579ba8d011d16c0ec216,mixed,0.125,46,15,1,5,1.3862943611198906,0.21428571428571427,1,-0.0
prefix,2,204,9,8b3818b16bb5176cfe5f,mixed,0.125,47,15,1,6,1.6674619334292948,0.10714285714285714,1,-0.0
prefix,2,205,9,e718645a913043afcbd2,all_wrong,0.0,47,15,0,7,1.9061547465398496,0.03571428571428571,0,
prefix,2,206,9,e321529f82c331665331,all_wrong,0.0,47,15,0,5,1.3862943611198906,0.21428571428571427,0,
prefix,2,207,9,78390ec877cab9f426af,all_wrong,0.0,47,15,0,6,1.7328679513998633,0.07142857142857142,0,
prefix,2,208,9,c017c930fe710d063798,all_wrong,0.0,47,15,0,5,1.3862943611198906,0.21428571428571427,0,
prefix,2,209,9,182e0a9e3d838d9240fc,all_wrong,0.0,47,15,0,5,1.3862943611198906,0.21428571428571427,0,
prefix,2,210,9,b60a0986bcbb036f14f0,all_wrong,0.0,47,15,0,5,1.3862943611198906,0.21428571428571427,0,
prefix,2,211,9,cde00ae2d594f0d33c4e,all_wrong,0.0,47,15,0,5,1.3862943611198906,0.21428571428571427,0,
prefix,2,212,9,9be2574c5e100539a6c2,all_wrong,0.0,47,15,0,7,1.9061547465398496,0.03571428571428571,0,
prefix,2,213,9,cf78859f172bec896ab6,all_wrong,0.0,47,15,0,5,1.4941751382893085,0.14285714285714285,0,
prefix,2,214,9,d7e354ac002bf841af51,all_wrong,0.0,47,15,0,5,1.3862943611198906,0.21428571428571427,0,
prefix,2,215,9,d62a79efc58dbf180396,all_wrong,0.0,47,15,0,5,1.3862943611198906,0.21428571428571427,0,
prefix,2,216,9,619a76d4f212b9a50556,all_wrong,0.0,47,15,0,5,1.3862943611198906,0.21428571428571427,0,
prefix,2,217,9,dd34d92c2fafc4742f4f,mixed,0.125,48,15,1,5,1.3862943611198906,0.21428571428571427,1,-0.0
prefix,2,218,9,228b8c0191dbb35adac7,mixed,0.125,49,16,1,5,1.3862943611198906,0.21428571428571427,1,-0.0
prefix,2,219,9,fc0c597939083108ba53,all_wrong,0.0,49,16,0,5,1.3862943611198906,0.21428571428571427,0,
prefix,2,220,9,71fc27fcf69390db8f37,mixed,0.125,50,16,1,6,1.6674619334292948,0.10714285714285714,1,-0.0
prefix,2,221,9,aba74531ce294295a174,all_wrong,0.0,50,16,0,7,1.9061547465398496,0.03571428571428571,0,
prefix,2,222,9,beb301b7347d27085a3a,all_wrong,0.0,50,16,0,5,1.3862943611198906,0.21428571428571427,0,
prefix,2,223,9,6fa8a543c58113af3226,mixed,0.625,51,17,5,5,1.3862943611198906,0.21428571428571427,2,0.5004024235381879
prefix,2,224,9,5050a2de4777967cdaa5,all_wrong,0.0,51,17,0,6,1.6674619334292948,0.10714285714285714,0,
prefix,2,225,9,360fe126190238fbc60c,all_wrong,0.0,51,17,0,5,1.3862943611198906,0.21428571428571427,0,
prefix,2,226,10,398706ce258a22ea00c1,all_wrong,0.0,51,17,0,5,1.3862943611198906,0.21428571428571427,0,
prefix,2,227,10,d070b6ceaa6a58e86fe3,all_wrong,0.0,51,17,0,5,1.3862943611198906,0.21428571428571427,0,
prefix,2,228,10,58d1fb042853a49b5db8,mixed,0.25,52,17,2,5,1.4941751382893085,0.14285714285714285,1,-0.0
prefix,2,229,10,f9c18d1366459d8e6f9c,all_wrong,0.0,52,17,0,6,1.6674619334292948,0.10714285714285714,0,
prefix,2,230,10,397a90e0a1bf7902b244,mixed,0.125,53,17,1,5,1.3862943611198906,0.21428571428571427,1,-0.0
prefix,2,231,10,1d0b4334ef1efbf29f32,all_wrong,0.0,53,17,0,6,1.6674619334292946,0.10714285714285714,0,
prefix,2,232,10,33b7f3a8a9f93f412958,all_wrong,0.0,53,17,0,5,1.3862943611198906,0.21428571428571427,0,
prefix,2,233,10,653e44c6d4a828887f81,all_wrong,0.0,53,17,0,5,1.3862943611198906,0.21428571428571427,0,
prefix,2,234,10,a5b89b318429db6071b1,all_wrong,0.0,53,17,0,6,1.6674619334292946,0.10714285714285714,0,
prefix,2,235,10,367de3ae8658802f9c8c,all_wrong,0.0,53,17,0,5,1.3862943611198906,0.21428571428571427,0,
prefix,2,236,10,4372ce88837a0156dd93,all_wrong,0.0,53,17,0,6,1.6674619334292948,0.10714285714285714,0,
prefix,2,237,10,301fb492cd3e430be689,mixed,0.125,54,18,1,5,1.3862943611198906,0.21428571428571427,1,-0.0
prefix,2,238,10,7be4905a13bd49ce40fd,all_wrong,0.0,54,18,0,5,1.3862943611198906,0.21428571428571427,0,
prefix,2,239,10,0905739b30a79fcdc440,all_wrong,0.0,54,18,0,6,1.6674619334292946,0.10714285714285714,0,
prefix,2,240,10,8c4b5c8655da411970b5,all_wrong,0.0,54,18,0,5,1.3862943611198906,0.21428571428571427,0,
prefix,2,241,10,30c2ddd3fa0e7ff5a6c2,all_wrong,0.0,54,18,0,5,1.3862943611198906,0.21428571428571427,0,
prefix,2,242,10,183489cf47392b992c54,all_wrong,0.0,54,18,0,5,1.3862943611198906,0.21428571428571427,0,
prefix,2,243,10,b83f83e94d96454adde9,all_wrong,0.0,54,18,0,6,1.6674619334292948,0.10714285714285714,0,
prefix,2,244,10,b5d2c32057cae3eb1011,all_wrong,0.0,54,18,0,5,1.3862943611198906,0.21428571428571427,0,
prefix,2,245,10,9454812d67a4ee5ad62c,all_wrong,0.0,54,18,0,5,1.3862943611198906,0.21428571428571427,0,
prefix,2,246,10,d327013a22bee72e501d,mixed,0.125,55,19,1,6,1.6674619334292946,0.10714285714285714,1,-0.0
prefix,2,247,10,fe4f53654a6a9ba76771,all_wrong,0.0,55,19,0,5,1.3862943611198906,0.21428571428571427,0,
prefix,2,248,10,ea915def88a42f813ec3,mixed,0.125,56,19,1,5,1.3862943611198906,0.21428571428571427,1,-0.0
prefix,2,249,10,dd8d15a7e8b630fb37f6,all_wrong,0.0,56,19,0,7,1.9061547465398496,0.03571428571428571,0,
prefix,2,250,10,fc64186124c711940f1b,all_wrong,0.0,56,19,0,8,2.0794415416798357,0.0,0,
prefix,2,251,11,1d97f3cc70f2b4486afe,mixed,0.125,57,19,1,5,1.3862943611198906,0.21428571428571427,1,-0.0
prefix,2,252,11,5ea3079d1dcaeed39ffd,all_wrong,0.0,57,19,0,5,1.3862943611198906,0.21428571428571427,0,
prefix,2,253,11,2843db09530044d3281e,all_wrong,0.0,57,19,0,6,1.6674619334292946,0.10714285714285714,0,
prefix,2,254,11,d53bd3a61dd80866979c,mixed,0.125,58,19,1,5,1.3862943611198906,0.21428571428571427,1,-0.0
prefix,2,255,11,84606d1a26eedbd6ab2c,mixed,0.125,59,19,1,5,1.3862943611198906,0.21428571428571427,1,-0.0
prefix,2,256,11,d70f207278c1da50a91d,all_wrong,0.0,59,19,0,6,1.7328679513998633,0.07142857142857142,0,
prefix,2,257,11,92fd0c50151a0922fc2f,all_wrong,0.0,59,19,0,5,1.3862943611198906,0.21428571428571427,0,
prefix,2,258,11,2882a43d15cf648ff4e2,mixed,0.125,60,19,1,5,1.3862943611198906,0.21428571428571427,1,-0.0
prefix,2,259,11,4bdfe539bd950fc440b2,all_wrong,0.0,60,19,0,6,1.6674619334292948,0.10714285714285714,0,
prefix,2,260,11,d3cacf744c94d4c0007a,all_wrong,0.0,60,19,0,5,1.3862943611198906,0.21428571428571427,0,
prefix,2,261,11,5f898caaf3158950c522,mixed,0.125,61,20,1,5,1.3862943611198906,0.21428571428571427,1,-0.0
prefix,2,262,11,68b2db0feec6b6533fd1,mixed,0.125,62,21,1,5,1.3862943611198906,0.21428571428571427,1,-0.0
prefix,2,263,11,cc37f2f0b601eda91157,mixed,0.125,63,21,1,5,1.3862943611198906,0.21428571428571427,1,-0.0
prefix,2,264,11,0e716b8b24f9fb8b814c,all_wrong,0.0,63,21,0,8,2.0794415416798357,0.0,0,
prefix,2,265,11,61cd3de4e53b6581c34a,all_wrong,0.0,63,21,0,5,1.3862943611198906,0.21428571428571427,0,
prefix,2,266,11,dcb7f654b52c265f6399,all_wrong,0.0,63,21,0,5,1.3862943611198906,0.21428571428571427,0,
prefix,2,267,11,24f3264fa6b46787f7c0,all_wrong,0.0,63,21,0,8,2.0794415416798357,0.0,0,
prefix,2,268,11,8619ab3977fa82c3365c,mixed,0.125,64,21,1,5,1.3862943611198906,0.21428571428571427,1,-0.0
prefix,2,269,11,d622ddeaa78127b22aea,all_wrong,0.0,64,21,0,5,1.3862943611198906,0.21428571428571427,0,
prefix,2,270,11,974e09bbf710f5e051de,all_wrong,0.0,64,21,0,6,1.6674619334292948,0.10714285714285714,0,
prefix,2,271,11,2840d37f0dac60a4a1ce,all_wrong,0.0,64,21,0,5,1.3862943611198906,0.21428571428571427,0,
prefix,2,272,11,94df7d49e341b77ad181,all_wrong,0.0,64,21,0,6,1.7328679513998633,0.07142857142857142,0,
prefix,2,273,11,32e917e13cc3234e32d5,all_wrong,0.0,64,21,0,5,1.3862943611198906,0.21428571428571427,0,
prefix,2,274,11,a1a86772d721d6592bd1,all_wrong,0.0,64,21,0,6,1.6674619334292946,0.10714285714285714,0,
prefix,2,275,11,a4ef3547e6e3c2e7b368,all_wrong,0.0,64,21,0,5,1.3862943611198906,0.21428571428571427,0,
prefix,2,276,12,779a5b55ede96a97d2d6,all_wrong,0.0,64,21,0,6,1.6674619334292948,0.10714285714285714,0,
prefix,2,277,12,f68c0897daddb3778961,mixed,0.125,65,21,1,5,1.3862943611198906,0.21428571428571427,1,-0.0
prefix,2,278,12,924daa12f0ae44e76348,all_wrong,0.0,65,21,0,5,1.3862943611198906,0.21428571428571427,0,
prefix,2,279,12,2770d6cfcf4dcac606d4,all_wrong,0.0,65,21,0,7,1.9061547465398496,0.03571428571428571,0,
prefix,2,280,12,75bfee3eb8296e5b16bc,mixed,0.125,66,22,1,7,1.9061547465398496,0.03571428571428571,1,-0.0
prefix,2,281,12,f05fca54cd7745038049,all_wrong,0.0,66,22,0,5,1.3862943611198906,0.21428571428571427,0,
prefix,2,282,12,163135bcb6e0c9d09eca,all_wrong,0.0,66,22,0,5,1.3862943611198906,0.21428571428571427,0,
prefix,2,283,12,9da700af9e5999330f42,all_wrong,0.0,66,22,0,6,1.6674619334292948,0.10714285714285714,0,
prefix,2,284,12,ea38191ee44477d0e4cd,all_wrong,0.0,66,22,0,6,1.6674619334292946,0.10714285714285714,0,
prefix,2,285,12,3158420ebfa03c7cbcca,all_wrong,0.0,66,22,0,8,2.0794415416798357,0.0,0,
prefix,2,286,12,d58ce388208127d39178,all_wrong,0.0,66,22,0,6,1.7328679513998633,0.07142857142857142,0,
prefix,2,287,12,d75ccdaa52ed209bc7ac,all_wrong,0.0,66,22,0,5,1.3862943611198906,0.21428571428571427,0,
prefix,2,288,12,4d72aac57727daee53b2,mixed,0.5,67,22,4,5,1.3862943611198906,0.21428571428571427,1,-0.0
prefix,2,289,12,04d52291ef2f0a3b3538,all_wrong,0.0,67,22,0,6,1.7328679513998633,0.07142857142857142,0,
prefix,2,290,12,9b932aa1ea2e55c31603,all_wrong,0.0,67,22,0,5,1.3862943611198906,0.21428571428571427,0,
prefix,2,291,12,c9cf99f5dbaebd18bfc1,all_wrong,0.0,67,22,0,5,1.3862943611198906,0.21428571428571427,0,
prefix,2,292,12,d5e6bfe861c2ada78dbd,all_wrong,0.0,67,22,0,5,1.3862943611198906,0.21428571428571427,0,
prefix,2,293,12,33e8ed56f91bfe8a49b7,all_wrong,0.0,67,22,0,6,1.7328679513998633,0.07142857142857142,0,
prefix,2,294,12,c9dabec0ca23721e2bbb,all_wrong,0.0,67,22,0,6,1.6674619334292948,0.10714285714285714,0,
prefix,2,295,12,5e347354fb0fe52697d2,all_wrong,0.0,67,22,0,5,1.3862943611198906,0.21428571428571427,0,
prefix,2,296,12,4fa086ce6a27b99cb96b,mixed,0.125,68,22,1,5,1.3862943611198906,0.21428571428571427,1,-0.0
prefix,2,297,12,eee4e371545b86ca2718,mixed,0.125,69,22,1,5,1.3862943611198906,0.21428571428571427,1,-0.0
prefix,2,298,12,dd8ff1bc4630e090c78b,all_wrong,0.0,69,22,0,5,1.3862943611198906,0.21428571428571427,0,
prefix,2,299,12,89983fcf482cc8919399,all_wrong,0.0,69,22,0,5,1.3862943611198906,0.21428571428571427,0,
prefix,2,300,12,cc79b5e45d6e93abc859,all_wrong,0.0,69,22,0,5,1.3862943611198906,0.21428571428571427,0,
prefix,2,301,13,98a6cd5c1bfb6bfb652f,all_wrong,0.0,69,22,0,5,1.3862943611198906,0.21428571428571427,0,
prefix,2,302,13,d5ed92acce68ad44b4dc,mixed,0.125,70,22,1,5,1.3862943611198906,0.21428571428571427,1,-0.0
prefix,2,303,13,e128e11a24e1c7cdd054,all_wrong,0.0,70,22,0,5,1.3862943611198906,0.21428571428571427,0,
prefix,2,304,13,b42b2d483c63f47380da,mixed,0.125,71,22,1,5,1.4941751382893085,0.14285714285714285,1,-0.0
prefix,2,305,13,8939e8029df407a884e4,all_wrong,0.0,71,22,0,5,1.3862943611198906,0.21428571428571427,0,
prefix,2,306,13,eea39c944b491d9fb480,all_wrong,0.0,71,22,0,5,1.3862943611198906,0.21428571428571427,0,
prefix,2,307,13,0a0a28b12d4e7acc34d5,all_wrong,0.0,71,22,0,5,1.3862943611198906,0.21428571428571427,0,
prefix,2,308,13,79472df5fc930c5ec2fa,all_wrong,0.0,71,22,0,5,1.3862943611198906,0.21428571428571427,0,
prefix,2,309,13,48dc7cccfc8017b7087a,all_wrong,0.0,71,22,0,5,1.4941751382893085,0.14285714285714285,0,
prefix,2,310,13,8e5326e03845fb9b3d1b,all_wrong,0.0,71,22,0,5,1.3862943611198906,0.21428571428571427,0,
prefix,2,311,13,48bd4db1a37946e2f6c2,all_wrong,0.0,71,22,0,5,1.3862943611198906,0.21428571428571427,0,
prefix,2,312,13,7643416cd50bb89fe4af,all_wrong,0.0,71,22,0,5,1.3862943611198906,0.21428571428571427,0,
prefix,2,313,13,5d1d63d7924b3f6bfdbc,all_wrong,0.0,71,22,0,7,1.9061547465398496,0.03571428571428571,0,
prefix,2,314,13,6bed70f1ebcf19e13303,mixed,0.125,72,22,1,5,1.3862943611198906,0.21428571428571427,1,-0.0
prefix,2,315,13,16b8ee9ff32b422527a9,all_wrong,0.0,72,22,0,5,1.3862943611198906,0.21428571428571427,0,
prefix,2,316,13,aad30a0b758211c6d680,mixed,0.5,73,22,4,5,1.3862943611198906,0.21428571428571427,1,-0.0
prefix,2,317,13,2c5c86ee6d2b5fca5587,all_wrong,0.0,73,22,0,5,1.3862943611198906,0.21428571428571427,0,
prefix,2,318,13,4634f608da6cfa2135a2,all_wrong,0.0,73,22,0,5,1.3862943611198906,0.21428571428571427,0,
prefix,2,319,13,adc1c8d35b8240ccdd5f,mixed,0.125,74,23,1,5,1.3862943611198906,0.21428571428571427,1,-0.0
prefix,2,320,13,a3966fe8f84fc26709d4,all_wrong,0.0,74,23,0,5,1.3862943611198906,0.21428571428571427,0,
prefix,2,321,13,a43647fbd9268eef63a5,all_wrong,0.0,74,23,0,6,1.6674619334292948,0.10714285714285714,0,
prefix,2,322,13,b760ba544ca02814169b,all_wrong,0.0,74,23,0,5,1.3862943611198906,0.21428571428571427,0,
prefix,2,323,13,85012706683c7f826bda,all_wrong,0.0,74,23,0,6,1.7328679513998633,0.07142857142857142,0,
prefix,2,324,13,5f24a6c65b15a572079b,mixed,0.125,75,23,1,7,1.9061547465398496,0.03571428571428571,1,-0.0
prefix,2,325,13,4b111f9ab5b3cff565f5,all_wrong,0.0,75,23,0,5,1.3862943611198906,0.21428571428571427,0,
prefix,2,326,14,85acad5a006e86a7763e,all_wrong,0.0,75,23,0,5,1.3862943611198906,0.21428571428571427,0,
prefix,2,327,14,0a3236b2c24210fe162b,all_wrong,0.0,75,23,0,6,1.6674619334292948,0.10714285714285714,0,
prefix,2,328,14,69e5d0e17d8730056cd2,all_wrong,0.0,75,23,0,6,1.6674619334292948,0.10714285714285714,0,
prefix,2,329,14,541286be1891498dfa91,mixed,0.5,76,23,4,5,1.3862943611198906,0.21428571428571427,1,-0.0
prefix,2,330,14,a15ceea7b21f6628992e,all_wrong,0.0,76,23,0,5,1.3862943611198906,0.21428571428571427,0,
prefix,2,331,14,04b12eafe0129cd6c860,all_wrong,0.0,76,23,0,6,1.6674619334292948,0.10714285714285714,0,
prefix,2,332,14,a6ed873d402e49818288,mixed,0.375,77,23,3,6,1.6674619334292948,0.10714285714285714,1,-0.0
prefix,2,333,14,c42b09da658a2c2abd08,all_wrong,0.0,77,23,0,6,1.6674619334292946,0.10714285714285714,0,
prefix,2,334,14,b6a8579166d70c13cfad,all_wrong,0.0,77,23,0,7,1.9061547465398496,0.03571428571428571,0,
prefix,2,335,14,36269b265d045aeaea4c,all_wrong,0.0,77,23,0,6,1.6674619334292948,0.10714285714285714,0,
prefix,2,336,14,ffbd7a9ff21ee2899fa3,all_wrong,0.0,77,23,0,6,1.7328679513998633,0.07142857142857142,0,
prefix,2,337,14,b46dfceb2e3ce7e5081a,all_wrong,0.0,77,23,0,5,1.3862943611198906,0.21428571428571427,0,
prefix,2,338,14,02becb103cbba839f11e,mixed,0.5,78,23,4,5,1.3862943611198906,0.21428571428571427,1,-0.0
prefix,2,339,14,65b5d95e6307f35ceba7,mixed,0.125,79,23,1,5,1.3862943611198906,0.21428571428571427,1,-0.0
prefix,2,340,14,48ece94e8be480c937b0,all_wrong,0.0,79,23,0,5,1.3862943611198906,0.21428571428571427,0,
prefix,2,341,14,dabd8d4cda9028631bc7,mixed,0.125,80,23,1,5,1.3862943611198906,0.21428571428571427,1,-0.0
prefix,2,342,14,a17a23f9643d34ce7e0b,mixed,0.125,81,23,1,6,1.6674619334292948,0.10714285714285714,1,-0.0
prefix,2,343,14,8640f5fc8a5b7d6b5acf,all_wrong,0.0,81,23,0,7,1.9061547465398496,0.03571428571428571,0,
prefix,2,344,14,af3a6c5ce79eede7398a,all_wrong,0.0,81,23,0,6,1.6674619334292946,0.10714285714285714,0,
prefix,2,345,14,99f2784ccd66471ee7a9,mixed,0.125,82,23,1,6,1.6674619334292948,0.10714285714285714,1,-0.0
prefix,2,346,14,f2836343a94d4b0b6315,mixed,0.125,83,23,1,5,1.3862943611198906,0.21428571428571427,1,-0.0
prefix,2,347,14,83b4746f24a5a30c7a2b,all_wrong,0.0,83,23,0,5,1.3862943611198906,0.21428571428571427,0,
prefix,2,348,14,563582915ff00b2ccb66,all_wrong,0.0,83,23,0,6,1.6674619334292946,0.10714285714285714,0,
prefix,2,349,14,fda288cf8cf189bb087d,all_wrong,0.0,83,23,0,5,1.3862943611198906,0.21428571428571427,0,
prefix,2,350,14,a8a79546ec5131e98590,mixed,0.25,84,23,2,5,1.3862943611198906,0.21428571428571427,2,0.6931471805599453
prefix,2,351,15,d159562db4d9465071b9,all_wrong,0.0,84,23,0,6,1.6674619334292948,0.10714285714285714,0,
prefix,2,352,15,5da1012cfc592e79107d,all_wrong,0.0,84,23,0,7,1.9061547465398496,0.03571428571428571,0,
prefix,2,353,15,5ad436bd0beb00872f91,all_wrong,0.0,84,23,0,5,1.3862943611198906,0.21428571428571427,0,
prefix,2,354,15,90e782d0cb8984918279,mixed,0.125,85,23,1,5,1.4941751382893085,0.14285714285714285,1,-0.0
prefix,2,355,15,f90e7d0f485585acd008,all_wrong,0.0,85,23,0,6,1.6674619334292946,0.10714285714285714,0,
prefix,2,356,15,0f3cc219c9fbdadfcc63,mixed,0.125,86,23,1,5,1.3862943611198906,0.21428571428571427,1,-0.0
prefix,2,357,15,6543a11c0f682113c28e,all_wrong,0.0,86,23,0,6,1.7328679513998633,0.07142857142857142,0,
prefix,2,358,15,8b25e11f17b1a0a078ac,all_wrong,0.0,86,23,0,5,1.3862943611198906,0.21428571428571427,0,
prefix,2,359,15,fa18587cc5cc4882d08e,all_wrong,0.0,86,23,0,6,1.7328679513998633,0.07142857142857142,0,
prefix,2,360,15,c037c6c99e0c50476bc7,all_wrong,0.0,86,23,0,5,1.3862943611198906,0.21428571428571427,0,
prefix,2,361,15,2e9a107c5bca042ef454,all_wrong,0.0,86,23,0,5,1.3862943611198906,0.21428571428571427,0,
prefix,2,362,15,235389eab74f0cc4b907,all_wrong,0.0,86,23,0,5,1.4941751382893085,0.14285714285714285,0,
prefix,2,363,15,9cf19c91454458915931,all_wrong,0.0,86,23,0,5,1.3862943611198906,0.21428571428571427,0,
prefix,2,364,15,22ca5217057a2e3fee9f,mixed,0.5,87,23,4,5,1.3862943611198906,0.21428571428571427,1,-0.0
prefix,2,365,15,5236043dee03ea05cac7,mixed,0.125,88,23,1,7,1.9061547465398496,0.03571428571428571,1,-0.0
prefix,2,366,15,623822d905c26d0a09b1,all_wrong,0.0,88,23,0,5,1.4941751382893085,0.14285714285714285,0,
prefix,2,367,15,51bc92cafba961be3655,all_wrong,0.0,88,23,0,5,1.3862943611198906,0.21428571428571427,0,
prefix,2,368,15,8eb4d2c8db39d5bcb130,mixed,0.125,89,23,1,5,1.3862943611198906,0.21428571428571427,1,-0.0
prefix,2,369,15,6a794a14c7c04c9f7e9f,mixed,0.5,90,23,4,5,1.3862943611198906,0.21428571428571427,1,-0.0
prefix,2,370,15,2ca91847d926c4591d0e,all_wrong,0.0,90,23,0,5,1.3862943611198906,0.21428571428571427,0,
prefix,2,371,15,39d7cf50037b7dc23990,mixed,0.25,91,23,2,6,1.7328679513998633,0.07142857142857142,1,-0.0
prefix,2,372,15,cc6245ae6bdc5780ac9c,all_wrong,0.0,91,23,0,5,1.3862943611198906,0.21428571428571427,0,
prefix,2,373,15,e96f1068dbed01d688da,mixed,0.5,92,23,4,5,1.3862943611198906,0.21428571428571427,1,-0.0
prefix,2,374,15,e42f96f65b8d04be048d,mixed,0.125,93,23,1,5,1.3862943611198906,0.21428571428571427,1,-0.0
prefix,2,375,15,28e511774cb00f66f19c,all_wrong,0.0,93,23,0,6,1.6674619334292948,0.10714285714285714,0,
prefix,2,376,16,d686398c0a88de5e923e,all_wrong,0.0,93,23,0,5,1.3862943611198906,0.21428571428571427,0,
prefix,2,377,16,5445116f9e8690eb5e94,mixed,0.125,94,23,1,5,1.3862943611198906,0.21428571428571427,1,-0.0
prefix,2,378,16,de5d61e367acc325ae60,mixed,0.125,95,23,1,5,1.3862943611198906,0.21428571428571427,1,-0.0
prefix,2,379,16,419312754f7609d342d2,all_wrong,0.0,95,23,0,5,1.3862943611198906,0.21428571428571427,0,
prefix,2,380,16,442120c64618ad5bdab5,all_wrong,0.0,95,23,0,5,1.3862943611198906,0.21428571428571427,0,
prefix,2,381,16,4042f2db8a91dd0984c2,all_wrong,0.0,95,23,0,6,1.6674619334292948,0.10714285714285714,0,
prefix,2,382,16,1de9ba1ec82d7340df52,mixed,0.5,96,23,4,5,1.3862943611198906,0.21428571428571427,1,-0.0
prefix,2,383,16,a451b974a46913f398da,all_wrong,0.0,96,23,0,5,1.3862943611198906,0.21428571428571427,0,
prefix,2,384,16,89e9061a26e27ccc840e,all_wrong,0.0,96,23,0,5,1.3862943611198906,0.21428571428571427,0,
prefix,2,385,16,beb4015aa9900d44a3b9,all_wrong,0.0,96,23,0,5,1.4941751382893085,0.14285714285714285,0,
prefix,2,386,16,b558934559eb1b79e82d,all_wrong,0.0,96,23,0,5,1.3862943611198906,0.21428571428571427,0,
prefix,2,387,16,ea6982beffc89601e413,mixed,0.125,97,23,1,5,1.3862943611198906,0.21428571428571427,1,-0.0
prefix,2,388,16,9256520e60e28b9d7f9e,all_wrong,0.0,97,23,0,5,1.3862943611198906,0.21428571428571427,0,
prefix,2,389,16,6d237ed15b98208fd13c,all_wrong,0.0,97,23,0,5,1.3862943611198906,0.21428571428571427,0,
prefix,2,390,16,f35a9074bda66d517f5c,all_wrong,0.0,97,23,0,5,1.3862943611198906,0.21428571428571427,0,
prefix,2,391,16,a14f577583802174dd94,all_wrong,0.0,97,23,0,5,1.3862943611198906,0.21428571428571427,0,
prefix,2,392,16,d496dddf61c214f09dfa,all_wrong,0.0,97,23,0,5,1.3862943611198906,0.21428571428571427,0,
prefix,2,393,16,f2052eafe6acc7fffb0c,mixed,0.125,98,23,1,5,1.3862943611198906,0.21428571428571427,1,-0.0
prefix,2,394,16,f34cf3baec0b4a508f79,all_wrong,0.0,98,23,0,5,1.3862943611198906,0.21428571428571427,0,
prefix,2,395,16,c0dcd03a8d53832e28ef,mixed,0.125,99,23,1,5,1.3862943611198906,0.21428571428571427,1,-0.0
prefix,2,396,16,b6ca03bd87aced98b7a1,all_wrong,0.0,99,23,0,5,1.3862943611198906,0.21428571428571427,0,
prefix,2,397,16,2f2439d82f644954cbce,all_wrong,0.0,99,23,0,5,1.3862943611198906,0.21428571428571427,0,
prefix,2,398,16,da3a15fd37ab2fd423f6,mixed,0.125,100,24,1,5,1.3862943611198906,0.21428571428571427,1,-0.0
prefix,2,399,16,265f9693706e37e57d6f,all_wrong,0.0,100,24,0,5,1.3862943611198906,0.21428571428571427,0,
prefix,2,400,16,73b6c48b33b4a16dd13f,all_wrong,0.0,100,24,0,6,1.6674619334292948,0.10714285714285714,0,
